{
  "type": "FeatureCollection",
  "features": [
    {
      "type": "Feature",
      "geometry": {
        "type": "MultiPolygon",
        "coordinates": [
          [
            [
              [
                14.679038213,
                61.106862027
              ],
              [
                14.678906169,
                61.106751079
              ],
              [
                14.673918053,
                61.102559188
              ],
              [
                14.661446382,
                61.099893505
              ],
              [
                14.658251812,
                61.095387253
              ],
              [
                14.658010385,
                61.095046644
              ],
              [
                14.646124959,
                61.096523198
              ],
              [
                14.646055073,
                61.096531876
              ],
              [
                14.637432577,
                61.097602323
              ],
              [
                14.637402635,
                61.097606039
              ],
              [
                14.632279482,
                61.09824176
              ],
              [
                14.632323582,
                61.098402424
              ],
              [
                14.632322479,
                61.098497437
              ],
              [
                14.632321239,
                61.098604327
              ],
              [
                14.632295463,
                61.09871115
              ],
              [
                14.632293257,
                61.098901176
              ],
              [
                14.632316552,
                61.099008132
              ],
              [
                14.632413454,
                61.099115289
              ],
              [
                14.632412352,
                61.099210302
              ],
              [
                14.632435785,
                61.099305382
              ],
              [
                14.632434682,
                61.099400394
              ],
              [
                14.632433166,
                61.099531037
              ],
              [
                14.6324566,
                61.099626117
              ],
              [
                14.632455359,
                61.099733007
              ],
              [
                14.632429446,
                61.099851707
              ],
              [
                14.632379271,
                61.099946586
              ],
              [
                14.632353219,
                61.100077162
              ],
              [
                14.632327579,
                61.100172108
              ],
              [
                14.632326476,
                61.100267121
              ],
              [
                14.632276301,
                61.100362001
              ],
              [
                14.632201725,
                61.100444937
              ],
              [
                14.632150997,
                61.100587322
              ],
              [
                14.632125358,
                61.100682269
              ],
              [
                14.632124116,
                61.100789159
              ],
              [
                14.632123013,
                61.100884171
              ],
              [
                14.63214617,
                61.101003004
              ],
              [
                14.632292565,
                61.101074665
              ],
              [
                14.632463637,
                61.101134515
              ],
              [
                14.632585359,
                61.101217985
              ],
              [
                14.632756293,
                61.101289711
              ],
              [
                14.632927365,
                61.101349561
              ],
              [
                14.632999877,
                61.101444773
              ],
              [
                14.632925301,
                61.10152771
              ],
              [
                14.632801787,
                61.101598637
              ],
              [
                14.632776149,
                61.101693583
              ],
              [
                14.632627959,
                61.10177632
              ],
              [
                14.632504306,
                61.101859122
              ],
              [
                14.632429727,
                61.101942059
              ],
              [
                14.632306211,
                61.102012985
              ],
              [
                14.632158295,
                61.102071968
              ],
              [
                14.632010102,
                61.102154703
              ],
              [
                14.631886446,
                61.102237505
              ],
              [
                14.631762927,
                61.102308431
              ],
              [
                14.631590747,
                61.102343593
              ],
              [
                14.631418564,
                61.102378755
              ],
              [
                14.631246383,
                61.102413916
              ],
              [
                14.631122862,
                61.102484841
              ],
              [
                14.630999341,
                61.102555767
              ],
              [
                14.630875819,
                61.102626691
              ],
              [
                14.630752297,
                61.102697616
              ],
              [
                14.630580113,
                61.102732776
              ],
              [
                14.630407791,
                61.102779813
              ],
              [
                14.630235605,
                61.102814974
              ],
              [
                14.629989804,
                61.102849932
              ],
              [
                14.629817341,
                61.102908845
              ],
              [
                14.629620893,
                61.102920185
              ],
              [
                14.629448707,
                61.102955343
              ],
              [
                14.629252258,
                61.102966682
              ],
              [
                14.629080072,
                61.103001841
              ],
              [
                14.628907885,
                61.103036999
              ],
              [
                14.628686758,
                61.103060146
              ],
              [
                14.628514431,
                61.103107181
              ],
              [
                14.6283665,
                61.10316616
              ],
              [
                14.62829191,
                61.103249093
              ],
              [
                14.628315333,
                61.103344173
              ],
              [
                14.628387975,
                61.103427513
              ],
              [
                14.628411399,
                61.103522592
              ],
              [
                14.628557797,
                61.103594257
              ],
              [
                14.628729013,
                61.103642235
              ],
              [
                14.628900092,
                61.103702089
              ],
              [
                14.629046631,
                61.103761877
              ],
              [
                14.629217988,
                61.103797978
              ],
              [
                14.629413886,
                61.103834145
              ],
              [
                14.629585243,
                61.103870246
              ],
              [
                14.629756323,
                61.1039301
              ],
              [
                14.629927684,
                61.1039662
              ],
              [
                14.6301728,
                61.103990625
              ],
              [
                14.630368837,
                61.104014914
              ],
              [
                14.630638493,
                61.104039406
              ],
              [
                14.630809855,
                61.104075504
              ],
              [
                14.630981215,
                61.104111603
              ],
              [
                14.631078405,
                61.104195007
              ],
              [
                14.631101838,
                61.104290087
              ],
              [
                14.631051652,
                61.104384966
              ],
              [
                14.631000773,
                61.104539228
              ],
              [
                14.630852842,
                61.10459821
              ],
              [
                14.63068051,
                61.104645247
              ],
              [
                14.630483775,
                61.10468034
              ],
              [
                14.630287179,
                61.104703557
              ],
              [
                14.630090581,
                61.104726773
              ],
              [
                14.629918247,
                61.10477381
              ],
              [
                14.629745911,
                61.104820845
              ],
              [
                14.629573715,
                61.104856005
              ],
              [
                14.62945018,
                61.104926929
              ],
              [
                14.629326646,
                61.104997852
              ],
              [
                14.629325534,
                61.105092865
              ],
              [
                14.629348962,
                61.105187945
              ],
              [
                14.629396932,
                61.105283093
              ],
              [
                14.62939582,
                61.105378106
              ],
              [
                14.629443789,
                61.105473253
              ],
              [
                14.629540979,
                61.105556658
              ],
              [
                14.629588948,
                61.105651805
              ],
              [
                14.629612379,
                61.105746885
              ],
              [
                14.62961099,
                61.105865651
              ],
              [
                14.62963428,
                61.105972608
              ],
              [
                14.629756013,
                61.106056081
              ],
              [
                14.629853204,
                61.106139486
              ],
              [
                14.630049117,
                61.106175652
              ],
              [
                14.63022021,
                61.106235505
              ],
              [
                14.630366766,
                61.106295291
              ],
              [
                14.63056254,
                61.106343334
              ],
              [
                14.630733774,
                61.10639131
              ],
              [
                14.630880331,
                61.106451095
              ],
              [
                14.631026886,
                61.10651088
              ],
              [
                14.631198122,
                61.106558855
              ],
              [
                14.631344678,
                61.10661864
              ],
              [
                14.631491236,
                61.106678424
              ],
              [
                14.631662613,
                61.106714522
              ],
              [
                14.631881828,
                61.106857642
              ],
              [
                14.632053069,
                61.106905616
              ],
              [
                14.632199353,
                61.106989154
              ],
              [
                14.632272013,
                61.10707249
              ],
              [
                14.63227091,
                61.107167502
              ],
              [
                14.632245263,
                61.107262449
              ],
              [
                14.63224416,
                61.107357462
              ],
              [
                14.632218377,
                61.107464284
              ],
              [
                14.632168052,
                61.107571041
              ],
              [
                14.632117863,
                61.10766592
              ],
              [
                14.632067675,
                61.107760799
              ],
              [
                14.631993081,
                61.107843735
              ],
              [
                14.631918489,
                61.107926671
              ],
              [
                14.631770544,
                61.107985654
              ],
              [
                14.631622599,
                61.108044636
              ],
              [
                14.631548003,
                61.108127571
              ],
              [
                14.631473407,
                61.108210506
              ],
              [
                14.631349864,
                61.108281432
              ],
              [
                14.631226321,
                61.108352357
              ],
              [
                14.631102502,
                61.108447035
              ],
              [
                14.630954413,
                61.108517892
              ],
              [
                14.630855274,
                61.108600761
              ],
              [
                14.630756132,
                61.108683629
              ],
              [
                14.630681533,
                61.108766565
              ],
              [
                14.630557709,
                61.108861242
              ],
              [
                14.630580727,
                61.108991952
              ],
              [
                14.630506129,
                61.109074887
              ],
              [
                14.630455932,
                61.109169766
              ],
              [
                14.630528455,
                61.10926498
              ],
              [
                14.630650341,
                61.109336575
              ],
              [
                14.630772228,
                61.109408169
              ],
              [
                14.630893976,
                61.10949164
              ],
              [
                14.631065366,
                61.109527739
              ],
              [
                14.631261163,
                61.109575782
              ],
              [
                14.631457235,
                61.10960007
              ],
              [
                14.631653586,
                61.109600605
              ],
              [
                14.63187448,
                61.109601206
              ],
              [
                14.632070829,
                61.10960174
              ],
              [
                14.632267318,
                61.109590398
              ],
              [
                14.632439675,
                61.109543358
              ],
              [
                14.632636301,
                61.109520139
              ],
              [
                14.632832924,
                61.109496919
              ],
              [
                14.633029274,
                61.109497452
              ],
              [
                14.633225623,
                61.109497984
              ],
              [
                14.633471059,
                61.10949865
              ],
              [
                14.63366686,
                61.109546688
              ],
              [
                14.633911885,
                61.109582983
              ],
              [
                14.634083279,
                61.109619077
              ],
              [
                14.634278807,
                61.109690868
              ],
              [
                14.634450064,
                61.109738839
              ],
              [
                14.634695366,
                61.109751379
              ],
              [
                14.634867583,
                61.109716214
              ],
              [
                14.635113432,
                61.109681246
              ],
              [
                14.635309783,
                61.109681776
              ],
              [
                14.635506133,
                61.109682305
              ],
              [
                14.635702211,
                61.109706588
              ],
              [
                14.635898424,
                61.109718993
              ],
              [
                14.636119046,
                61.10974334
              ],
              [
                14.636388891,
                61.109755943
              ],
              [
                14.63658538,
                61.109744594
              ],
              [
                14.636782002,
                61.109721369
              ],
              [
                14.636978626,
                61.109698142
              ],
              [
                14.637150976,
                61.109651098
              ],
              [
                14.637347463,
                61.109639747
              ],
              [
                14.637519677,
                61.109604578
              ],
              [
                14.637716164,
                61.109593228
              ],
              [
                14.637912377,
                61.10960563
              ],
              [
                14.638108049,
                61.109665539
              ],
              [
                14.638279312,
                61.109713505
              ],
              [
                14.638425897,
                61.109773282
              ],
              [
                14.638597299,
                61.109809371
              ],
              [
                14.638743749,
                61.109881024
              ],
              [
                14.638840977,
                61.109964423
              ],
              [
                14.638962748,
                61.110047887
              ],
              [
                14.639134151,
                61.110083976
              ],
              [
                14.639233275,
                61.110001101
              ],
              [
                14.639405489,
                61.109965929
              ],
              [
                14.639602112,
                61.109942699
              ],
              [
                14.639798599,
                61.109931346
              ],
              [
                14.640019765,
                61.109908181
              ],
              [
                14.640216251,
                61.109896827
              ],
              [
                14.640412874,
                61.109873596
              ],
              [
                14.640609494,
                61.109850365
              ],
              [
                14.640806116,
                61.109827133
              ],
              [
                14.641002737,
                61.109803901
              ],
              [
                14.641199357,
                61.109780669
              ],
              [
                14.641395709,
                61.10978119
              ],
              [
                14.641592328,
                61.109757957
              ],
              [
                14.641788949,
                61.109734724
              ],
              [
                14.641985433,
                61.109723368
              ],
              [
                14.642157644,
                61.109688192
              ],
              [
                14.642232213,
                61.109605251
              ],
              [
                14.64238028,
                61.109534381
              ],
              [
                14.642430442,
                61.109439497
              ],
              [
                14.64250501,
                61.109356556
              ],
              [
                14.642555171,
                61.109261672
              ],
              [
                14.642654416,
                61.109166919
              ],
              [
                14.642680033,
                61.109071971
              ],
              [
                14.642730325,
                61.108965211
              ],
              [
                14.642731397,
                61.108870198
              ],
              [
                14.642781688,
                61.108763438
              ],
              [
                14.642831847,
                61.108668554
              ],
              [
                14.642832919,
                61.108573542
              ],
              [
                14.642883075,
                61.108478658
              ],
              [
                14.642933234,
                61.108383775
              ],
              [
                14.642934305,
                61.108288762
              ],
              [
                14.642959919,
                61.108193814
              ],
              [
                14.643083435,
                61.108122878
              ],
              [
                14.643157999,
                61.108039936
              ],
              [
                14.643208155,
                61.107945053
              ],
              [
                14.643233768,
                61.107850104
              ],
              [
                14.643234838,
                61.107755092
              ],
              [
                14.643186959,
                61.107648072
              ],
              [
                14.643114268,
                61.107564741
              ],
              [
                14.643041578,
                61.107481411
              ],
              [
                14.642944348,
                61.107398015
              ],
              [
                14.642871659,
                61.107314684
              ],
              [
                14.642774428,
                61.107231289
              ],
              [
                14.642701742,
                61.107147958
              ],
              [
                14.642579836,
                61.107076374
              ],
              [
                14.642433256,
                61.107016602
              ],
              [
                14.642483412,
                61.106921718
              ],
              [
                14.642679744,
                61.106922237
              ],
              [
                14.642876079,
                61.106922756
              ],
              [
                14.643072279,
                61.10693515
              ],
              [
                14.643366511,
                61.106959681
              ],
              [
                14.64356271,
                61.106972075
              ],
              [
                14.643758778,
                61.106996346
              ],
              [
                14.643930169,
                61.107032428
              ],
              [
                14.644076752,
                61.107092199
              ],
              [
                14.644248145,
                61.107128281
              ],
              [
                14.644320836,
                61.107211611
              ],
              [
                14.644467423,
                61.107271382
              ],
              [
                14.644614008,
                61.107331152
              ],
              [
                14.644785135,
                61.107390986
              ],
              [
                14.644981206,
                61.107415255
              ],
              [
                14.645225429,
                61.107522789
              ],
              [
                14.645347342,
                61.10759437
              ],
              [
                14.645543546,
                61.107606762
              ],
              [
                14.64574015,
                61.107583523
              ],
              [
                14.645912344,
                61.107548343
              ],
              [
                14.64606026,
                61.107489345
              ],
              [
                14.646232585,
                61.107442288
              ],
              [
                14.646404779,
                61.107407108
              ],
              [
                14.646601379,
                61.107383867
              ],
              [
                14.646797452,
                61.107408134
              ],
              [
                14.646993787,
                61.107408647
              ],
              [
                14.647189992,
                61.107421036
              ],
              [
                14.647386065,
                61.107445301
              ],
              [
                14.647606811,
                61.107457754
              ],
              [
                14.647802884,
                61.107482018
              ],
              [
                14.647999088,
                61.107494406
              ],
              [
                14.648104739,
                61.107501076
              ],
              [
                14.648195295,
                61.107506793
              ],
              [
                14.648391499,
                61.10751918
              ],
              [
                14.648734299,
                61.107591334
              ],
              [
                14.648930243,
                61.107627473
              ],
              [
                14.649126054,
                61.107675489
              ],
              [
                14.649321998,
                61.107711629
              ],
              [
                14.649493268,
                61.10775958
              ],
              [
                14.649811794,
                61.107807914
              ],
              [
                14.649983196,
                61.107843989
              ],
              [
                14.650228096,
                61.107892129
              ],
              [
                14.650448585,
                61.107928331
              ],
              [
                14.650619858,
                61.107976282
              ],
              [
                14.650791131,
                61.108024232
              ],
              [
                14.651036295,
                61.108048619
              ],
              [
                14.651182896,
                61.108108382
              ],
              [
                14.651378846,
                61.108144518
              ],
              [
                14.65167192,
                61.10827592
              ],
              [
                14.651843329,
                61.108311992
              ],
              [
                14.652014475,
                61.108371817
              ],
              [
                14.652234448,
                61.108455523
              ],
              [
                14.652381053,
                61.108515284
              ],
              [
                14.652552332,
                61.108563232
              ],
              [
                14.652821654,
                61.108623308
              ],
              [
                14.652993066,
                61.10865938
              ],
              [
                14.652640715,
                61.108777716
              ],
              [
                14.65213159,
                61.108879497
              ],
              [
                14.651803371,
                61.108922267
              ],
              [
                14.6515485,
                61.10900091
              ],
              [
                14.651203281,
                61.109099144
              ],
              [
                14.650784319,
                61.109197189
              ],
              [
                14.65049702,
                61.109244026
              ],
              [
                14.649947745,
                61.109270361
              ],
              [
                14.649463972,
                61.109300827
              ],
              [
                14.649095306,
                61.109295905
              ],
              [
                14.648423917,
                61.109250547
              ],
              [
                14.64810384,
                61.109297295
              ],
              [
                14.647913978,
                61.10942368
              ],
              [
                14.647757196,
                61.109522396
              ],
              [
                14.647575833,
                61.109621048
              ],
              [
                14.647369756,
                61.109731531
              ],
              [
                14.647196539,
                61.109834169
              ],
              [
                14.647015438,
                61.109909031
              ],
              [
                14.646752354,
                61.109987643
              ],
              [
                14.646300946,
                61.110053868
              ],
              [
                14.645956541,
                61.110076757
              ],
              [
                14.645554691,
                61.110107424
              ],
              [
                14.645242796,
                61.110154186
              ],
              [
                14.644939092,
                61.110200969
              ],
              [
                14.644479215,
                61.110290956
              ],
              [
                14.644183747,
                61.110333794
              ],
              [
                14.643765638,
                61.110352518
              ],
              [
                14.643511807,
                61.110335989
              ],
              [
                14.643258068,
                61.11031153
              ],
              [
                14.642947014,
                61.110282954
              ],
              [
                14.642758736,
                61.110266597
              ],
              [
                14.642529711,
                61.110230307
              ],
              [
                14.642161573,
                61.110177788
              ],
              [
                14.641870271,
                61.110149688
              ],
              [
                14.641931242,
                61.110174549
              ],
              [
                14.642053024,
                61.11025801
              ],
              [
                14.64222443,
                61.110294095
              ],
              [
                14.642370891,
                61.110365744
              ],
              [
                14.642443586,
                61.110449075
              ],
              [
                14.642565504,
                61.110520659
              ],
              [
                14.642711966,
                61.110592308
              ],
              [
                14.642858563,
                61.11065208
              ],
              [
                14.642955805,
                61.110735476
              ],
              [
                14.642807733,
                61.110806346
              ],
              [
                14.642488785,
                61.110793627
              ],
              [
                14.642267885,
                61.110793042
              ],
              [
                14.642071661,
                61.110780646
              ],
              [
                14.642415715,
                61.110892158
              ],
              [
                14.64266131,
                61.110912632
              ],
              [
                14.642898578,
                61.110944979
              ],
              [
                14.64325898,
                61.110957826
              ],
              [
                14.643480396,
                61.110942549
              ],
              [
                14.643661021,
                61.110911306
              ],
              [
                14.643964688,
                61.11086849
              ],
              [
                14.644301399,
                61.110801971
              ],
              [
                14.644613571,
                61.110731423
              ],
              [
                14.645114334,
                61.110649473
              ],
              [
                14.645344163,
                61.110614391
              ],
              [
                14.645672495,
                61.110563706
              ],
              [
                14.645902058,
                61.110552413
              ],
              [
                14.646213824,
                61.110517544
              ],
              [
                14.646443387,
                61.110506249
              ],
              [
                14.646541979,
                61.110482718
              ],
              [
                14.64681242,
                61.110479459
              ],
              [
                14.647164846,
                61.110472448
              ],
              [
                14.647287754,
                61.110472769
              ],
              [
                14.647484584,
                61.110457423
              ],
              [
                14.647624321,
                61.110418137
              ],
              [
                14.647772427,
                61.110363013
              ],
              [
                14.647961856,
                61.110276277
              ],
              [
                14.648159433,
                61.110193526
              ],
              [
                14.648421591,
                61.110198173
              ],
              [
                14.648692117,
                61.110186981
              ],
              [
                14.648839871,
                61.110163575
              ],
              [
                14.649086651,
                61.110076986
              ],
              [
                14.649177396,
                61.110021711
              ],
              [
                14.649268758,
                61.109910929
              ],
              [
                14.649425932,
                61.109776527
              ],
              [
                14.649517071,
                61.109685569
              ],
              [
                14.649640546,
                61.109634343
              ],
              [
                14.649845784,
                61.10959919
              ],
              [
                14.650116348,
                61.10958403
              ],
              [
                14.650272203,
                61.109568573
              ],
              [
                14.650411845,
                61.109537215
              ],
              [
                14.650576068,
                61.10950592
              ],
              [
                14.650772934,
                61.109486603
              ],
              [
                14.650953368,
                61.109471209
              ],
              [
                14.651101333,
                61.109427975
              ],
              [
                14.651273662,
                61.10940463
              ],
              [
                14.651421146,
                61.109405011
              ],
              [
                14.651609425,
                61.109421356
              ],
              [
                14.651764623,
                61.10946537
              ],
              [
                14.651870923,
                61.109485469
              ],
              [
                14.651928061,
                61.109505441
              ],
              [
                14.651993261,
                61.109537329
              ],
              [
                14.651976228,
                61.1096188
              ],
              [
                14.651877138,
                61.109701685
              ],
              [
                14.651679874,
                61.109784315
              ],
              [
                14.651556108,
                61.109879013
              ],
              [
                14.651407535,
                61.109997399
              ],
              [
                14.651259617,
                61.110056403
              ],
              [
                14.651136111,
                61.110127346
              ],
              [
                14.651110521,
                61.110222295
              ],
              [
                14.650987014,
                61.110293238
              ],
              [
                14.650839093,
                61.110352241
              ],
              [
                14.650691041,
                61.110423122
              ],
              [
                14.650542989,
                61.110494001
              ],
              [
                14.650419217,
                61.110588696
              ],
              [
                14.650344665,
                61.110671643
              ],
              [
                14.65031894,
                61.110778468
              ],
              [
                14.650293346,
                61.110873418
              ],
              [
                14.650243206,
                61.110968305
              ],
              [
                14.650143979,
                61.111063063
              ],
              [
                14.650020466,
                61.111134005
              ],
              [
                14.649896822,
                61.111216825
              ],
              [
                14.649723823,
                61.111323269
              ],
              [
                14.649624724,
                61.111406151
              ],
              [
                14.649550168,
                61.111489097
              ],
              [
                14.649450935,
                61.111583856
              ],
              [
                14.649327419,
                61.111654797
              ],
              [
                14.649277276,
                61.111749682
              ],
              [
                14.649227132,
                61.111844568
              ],
              [
                14.64912803,
                61.11192745
              ],
              [
                14.649004512,
                61.111998391
              ],
              [
                14.64885658,
                61.112057392
              ],
              [
                14.648684363,
                61.112092576
              ],
              [
                14.648487735,
                61.112115818
              ],
              [
                14.6483398,
                61.112174819
              ],
              [
                14.648191865,
                61.112233819
              ],
              [
                14.648068344,
                61.112304759
              ],
              [
                14.647969238,
                61.112387641
              ],
              [
                14.647845451,
                61.112482334
              ],
              [
                14.647770888,
                61.112565279
              ],
              [
                14.647671778,
                61.112648159
              ],
              [
                14.647597215,
                61.112731103
              ],
              [
                14.647546932,
                61.112837865
              ],
              [
                14.647471839,
                61.112968316
              ],
              [
                14.647445971,
                61.113087018
              ],
              [
                14.647444516,
                61.113217661
              ],
              [
                14.64741891,
                61.11331261
              ],
              [
                14.647367304,
                61.113538137
              ],
              [
                14.647341699,
                61.113633087
              ],
              [
                14.647316094,
                61.113728036
              ],
              [
                14.647388808,
                61.113811364
              ],
              [
                14.647412297,
                61.113906441
              ],
              [
                14.647411239,
                61.114001454
              ],
              [
                14.647385634,
                61.114096403
              ],
              [
                14.647360028,
                61.114191352
              ],
              [
                14.647236498,
                61.114262291
              ],
              [
                14.647112966,
                61.114333231
              ],
              [
                14.646916586,
                61.114332718
              ],
              [
                14.646868552,
                61.114237578
              ],
              [
                14.646672041,
                61.114248941
              ],
              [
                14.64659747,
                61.114331885
              ],
              [
                14.646449258,
                61.114414637
              ],
              [
                14.646301177,
                61.114485511
              ],
              [
                14.646226604,
                61.114568455
              ],
              [
                14.646152031,
                61.114651399
              ],
              [
                14.646028365,
                61.114734214
              ],
              [
                14.645929244,
                61.114817093
              ],
              [
                14.645781293,
                61.11487609
              ],
              [
                14.64563334,
                61.114935087
              ],
              [
                14.645485388,
                61.114994084
              ],
              [
                14.645337435,
                61.115053081
              ],
              [
                14.645140786,
                61.11507632
              ],
              [
                14.64491972,
                61.115087617
              ],
              [
                14.644698654,
                61.115098913
              ],
              [
                14.644502271,
                61.115098397
              ],
              [
                14.644306019,
                61.115086004
              ],
              [
                14.644109634,
                61.115085488
              ],
              [
                14.643937398,
                61.115120665
              ],
              [
                14.64383827,
                61.115203543
              ],
              [
                14.643837201,
                61.115298555
              ],
              [
                14.643787036,
                61.115393439
              ],
              [
                14.643761286,
                61.115500263
              ],
              [
                14.643686704,
                61.115583206
              ],
              [
                14.643587574,
                61.115666084
              ],
              [
                14.643439481,
                61.115736955
              ],
              [
                14.643267107,
                61.115784008
              ],
              [
                14.642972525,
                61.115783231
              ],
              [
                14.642776135,
                61.115782713
              ],
              [
                14.642604698,
                61.115746629
              ],
              [
                14.642530113,
                61.115829571
              ],
              [
                14.642529041,
                61.115924583
              ],
              [
                14.642527968,
                61.116019596
              ],
              [
                14.642526895,
                61.11611461
              ],
              [
                14.642525822,
                61.116209622
              ],
              [
                14.642524749,
                61.116304635
              ],
              [
                14.642523676,
                61.116399648
              ],
              [
                14.642522603,
                61.116494661
              ],
              [
                14.642570628,
                61.116589803
              ],
              [
                14.642618655,
                61.116684946
              ],
              [
                14.642617582,
                61.116779958
              ],
              [
                14.642665608,
                61.116875101
              ],
              [
                14.642664535,
                61.116970114
              ],
              [
                14.642663463,
                61.117065127
              ],
              [
                14.64266239,
                61.11716014
              ],
              [
                14.642661317,
                61.117255153
              ],
              [
                14.642513349,
                61.117314147
              ],
              [
                14.642389795,
                61.117385082
              ],
              [
                14.642266241,
                61.117456016
              ],
              [
                14.642142686,
                61.117526951
              ],
              [
                14.641970166,
                61.11758588
              ],
              [
                14.64184661,
                61.117656815
              ],
              [
                14.641698369,
                61.117739561
              ],
              [
                14.641477283,
                61.117750852
              ],
              [
                14.641503044,
                61.117644027
              ],
              [
                14.641577636,
                61.117561086
              ],
              [
                14.641578711,
                61.117466074
              ],
              [
                14.641628886,
                61.117371191
              ],
              [
                14.641629962,
                61.117276178
              ],
              [
                14.641631037,
                61.117181165
              ],
              [
                14.641681213,
                61.117086282
              ],
              [
                14.641755936,
                61.116991465
              ],
              [
                14.641757011,
                61.116896452
              ],
              [
                14.641758086,
                61.116801439
              ],
              [
                14.641759162,
                61.116706426
              ],
              [
                14.641735688,
                61.116611349
              ],
              [
                14.641687666,
                61.116516205
              ],
              [
                14.641664191,
                61.116421128
              ],
              [
                14.641665266,
                61.116326115
              ],
              [
                14.641666611,
                61.116207348
              ],
              [
                14.641643138,
                61.116112271
              ],
              [
                14.641595116,
                61.116017128
              ],
              [
                14.641596192,
                61.115922114
              ],
              [
                14.641572719,
                61.115827037
              ],
              [
                14.641500014,
                61.115743706
              ],
              [
                14.641476542,
                61.115648627
              ],
              [
                14.641477618,
                61.115553614
              ],
              [
                14.641478694,
                61.115458602
              ],
              [
                14.64147977,
                61.115363588
              ],
              [
                14.641505394,
                61.115268641
              ],
              [
                14.641531018,
                61.115173693
              ],
              [
                14.641532093,
                61.115078681
              ],
              [
                14.641508622,
                61.114983602
              ],
              [
                14.641509698,
                61.11488859
              ],
              [
                14.641510773,
                61.114793577
              ],
              [
                14.641560944,
                61.114698694
              ],
              [
                14.641586569,
                61.114603746
              ],
              [
                14.641661286,
                61.114508928
              ],
              [
                14.641686909,
                61.11441398
              ],
              [
                14.641712533,
                61.114319032
              ],
              [
                14.641738155,
                61.114224085
              ],
              [
                14.641714683,
                61.114129007
              ],
              [
                14.64169121,
                61.114033929
              ],
              [
                14.641692285,
                61.113938916
              ],
              [
                14.641619586,
                61.113855585
              ],
              [
                14.641522339,
                61.113772188
              ],
              [
                14.641425226,
                61.113676915
              ],
              [
                14.64137721,
                61.113581771
              ],
              [
                14.641230736,
                61.113510121
              ],
              [
                14.64110881,
                61.113438536
              ],
              [
                14.640962203,
                61.113378762
              ],
              [
                14.64079078,
                61.113342677
              ],
              [
                14.640644174,
                61.113282902
              ],
              [
                14.640473023,
                61.113223062
              ],
              [
                14.6403016,
                61.113186975
              ],
              [
                14.640179812,
                61.113103513
              ],
              [
                14.640082573,
                61.113020115
              ],
              [
                14.640059105,
                61.112925037
              ],
              [
                14.640060185,
                61.112830024
              ],
              [
                14.640061266,
                61.112735011
              ],
              [
                14.64013585,
                61.11265207
              ],
              [
                14.640234979,
                61.112569196
              ],
              [
                14.640334108,
                61.112486321
              ],
              [
                14.640506469,
                61.112439271
              ],
              [
                14.640654418,
                61.112380279
              ],
              [
                14.640777957,
                61.112309346
              ],
              [
                14.640901494,
                61.112238412
              ],
              [
                14.641049442,
                61.11217942
              ],
              [
                14.6412717,
                61.11206124
              ],
              [
                14.641321867,
                61.111966357
              ],
              [
                14.641322943,
                61.111871345
              ],
              [
                14.641299474,
                61.111776266
              ],
              [
                14.641276006,
                61.111681188
              ],
              [
                14.641326306,
                61.111574429
              ],
              [
                14.641327517,
                61.111467539
              ],
              [
                14.641353138,
                61.111372591
              ],
              [
                14.641354484,
                61.111253826
              ],
              [
                14.641380106,
                61.111158877
              ],
              [
                14.641405727,
                61.111063929
              ],
              [
                14.641407072,
                61.110945164
              ],
              [
                14.641758351,
                61.110720144
              ],
              [
                14.641630933,
                61.110684463
              ],
              [
                14.641435113,
                61.110636436
              ],
              [
                14.641239159,
                61.110600286
              ],
              [
                14.641068021,
                61.110540447
              ],
              [
                14.641044554,
                61.110445368
              ],
              [
                14.640873283,
                61.110397406
              ],
              [
                14.640677062,
                61.110385008
              ],
              [
                14.640504848,
                61.110420181
              ],
              [
                14.640308492,
                61.110419659
              ],
              [
                14.640136277,
                61.110454832
              ],
              [
                14.639939515,
                61.110489939
              ],
              [
                14.639743026,
                61.110501292
              ],
              [
                14.639546399,
                61.110524523
              ],
              [
                14.639350044,
                61.110523999
              ],
              [
                14.639153687,
                61.110523476
              ],
              [
                14.638957331,
                61.110522952
              ],
              [
                14.638760976,
                61.110522427
              ],
              [
                14.63856462,
                61.110521903
              ],
              [
                14.638343043,
                61.110580695
              ],
              [
                14.638146686,
                61.11058017
              ],
              [
                14.637950331,
                61.110579644
              ],
              [
                14.637729565,
                61.110567176
              ],
              [
                14.637508936,
                61.110542831
              ],
              [
                14.637312718,
                61.110530428
              ],
              [
                14.637116633,
                61.110506148
              ],
              [
                14.636920413,
                61.110493744
              ],
              [
                14.636724331,
                61.110469464
              ],
              [
                14.636528111,
                61.11045706
              ],
              [
                14.636307213,
                61.110456466
              ],
              [
                14.636110857,
                61.110455937
              ],
              [
                14.635914503,
                61.110455409
              ],
              [
                14.63571801,
                61.110466757
              ],
              [
                14.635521654,
                61.110466228
              ],
              [
                14.635325436,
                61.110453822
              ],
              [
                14.635154037,
                61.110417728
              ],
              [
                14.634982635,
                61.110381635
              ],
              [
                14.634811374,
                61.110333665
              ],
              [
                14.634615018,
                61.110333134
              ],
              [
                14.634418665,
                61.110332604
              ],
              [
                14.634246442,
                61.110367768
              ],
              [
                14.634074083,
                61.11041481
              ],
              [
                14.633901724,
                61.110461852
              ],
              [
                14.633753634,
                61.110532713
              ],
              [
                14.633654494,
                61.110615583
              ],
              [
                14.633482268,
                61.110650747
              ],
              [
                14.633261369,
                61.110650149
              ],
              [
                14.633065287,
                61.110625863
              ],
              [
                14.63260995,
                61.110913854
              ],
              [
                14.632177754,
                61.111141315
              ],
              [
                14.631917128,
                61.111390027
              ],
              [
                14.631742406,
                61.111638974
              ],
              [
                14.631782704,
                61.11186772
              ],
              [
                14.631865956,
                61.112096583
              ],
              [
                14.632077113,
                61.112408934
              ],
              [
                14.632117653,
                61.112616895
              ],
              [
                14.632285133,
                61.112991483
              ],
              [
                14.632538776,
                61.113345519
              ],
              [
                14.632876892,
                61.113824494
              ],
              [
                14.632876916,
                61.114170629
              ],
              [
                14.632949595,
                61.114253965
              ],
              [
                14.63297304,
                61.114349045
              ],
              [
                14.633094951,
                61.114420637
              ],
              [
                14.633142945,
                61.114515783
              ],
              [
                14.633215487,
                61.114610996
              ],
              [
                14.633263481,
                61.114706142
              ],
              [
                14.633336025,
                61.114801354
              ],
              [
                14.633334924,
                61.114896367
              ],
              [
                14.633358371,
                61.114991446
              ],
              [
                14.633357134,
                61.115098336
              ],
              [
                14.633356033,
                61.115193348
              ],
              [
                14.633305835,
                61.115288228
              ],
              [
                14.633255639,
                61.115383108
              ],
              [
                14.633156482,
                61.115465978
              ],
              [
                14.633130834,
                61.115560924
              ],
              [
                14.633055951,
                61.115667613
              ],
              [
                14.632981341,
                61.11575055
              ],
              [
                14.632931143,
                61.115845429
              ],
              [
                14.632880943,
                61.115940309
              ],
              [
                14.632855292,
                61.116035255
              ],
              [
                14.632805094,
                61.116130135
              ],
              [
                14.63265711,
                61.116189118
              ],
              [
                14.632509128,
                61.116248101
              ],
              [
                14.632409969,
                61.11633097
              ],
              [
                14.632286396,
                61.116401896
              ],
              [
                14.632211782,
                61.116484831
              ],
              [
                14.632088209,
                61.116555758
              ],
              [
                14.632038007,
                61.116650636
              ],
              [
                14.632012352,
                61.116745583
              ],
              [
                14.632011247,
                61.116840595
              ],
              [
                14.632010143,
                61.116935608
              ],
              [
                14.632082688,
                61.117030821
              ],
              [
                14.63217992,
                61.117114225
              ],
              [
                14.632227915,
                61.11720937
              ],
              [
                14.632300599,
                61.117292707
              ],
              [
                14.632397694,
                61.117387987
              ],
              [
                14.63244569,
                61.117483133
              ],
              [
                14.632444587,
                61.117578145
              ],
              [
                14.632394246,
                61.117684902
              ],
              [
                14.632122677,
                61.11781481
              ],
              [
                14.631799658,
                61.118146486
              ],
              [
                14.631847653,
                61.118241632
              ],
              [
                14.63189565,
                61.118336779
              ],
              [
                14.632017574,
                61.118408373
              ],
              [
                14.632114809,
                61.118491776
              ],
              [
                14.632236734,
                61.118563369
              ],
              [
                14.63235866,
                61.118634962
              ],
              [
                14.632505275,
                61.118694745
              ],
              [
                14.632577963,
                61.118778082
              ],
              [
                14.632749129,
                61.118837932
              ],
              [
                14.632846369,
                61.118921334
              ],
              [
                14.632943609,
                61.119004736
              ],
              [
                14.633065538,
                61.11907633
              ],
              [
                14.633138227,
                61.119159665
              ],
              [
                14.633259194,
                61.119314393
              ],
              [
                14.633282646,
                61.119409473
              ],
              [
                14.633281545,
                61.119504486
              ],
              [
                14.633255891,
                61.119599432
              ],
              [
                14.633230239,
                61.119694379
              ],
              [
                14.633155622,
                61.119777315
              ],
              [
                14.633129968,
                61.119872261
              ],
              [
                14.63315342,
                61.11996734
              ],
              [
                14.633152181,
                61.12007423
              ],
              [
                14.633126526,
                61.120169175
              ],
              [
                14.633125425,
                61.120264188
              ],
              [
                14.633124324,
                61.120359201
              ],
              [
                14.633123222,
                61.120454214
              ],
              [
                14.633097569,
                61.12054916
              ],
              [
                14.63309633,
                61.120656049
              ],
              [
                14.633095229,
                61.120751062
              ],
              [
                14.633094127,
                61.120846074
              ],
              [
                14.633166822,
                61.120929411
              ],
              [
                14.633214825,
                61.121024556
              ],
              [
                14.633262831,
                61.121119702
              ],
              [
                14.633310835,
                61.121214848
              ],
              [
                14.633358839,
                61.121309994
              ],
              [
                14.633406845,
                61.121405139
              ],
              [
                14.63345485,
                61.121500285
              ],
              [
                14.633478302,
                61.121595365
              ],
              [
                14.633501756,
                61.121690444
              ],
              [
                14.633525071,
                61.1217974
              ],
              [
                14.63357294,
                61.121904422
              ],
              [
                14.633620947,
                61.121999568
              ],
              [
                14.633619847,
                61.122094581
              ],
              [
                14.633618748,
                61.122189593
              ],
              [
                14.633642201,
                61.122284672
              ],
              [
                14.633714898,
                61.122368008
              ],
              [
                14.633762907,
                61.122463154
              ],
              [
                14.633786361,
                61.122558232
              ],
              [
                14.633883615,
                61.122641635
              ],
              [
                14.633980868,
                61.122725037
              ],
              [
                14.634053569,
                61.122808372
              ],
              [
                14.63412627,
                61.122891708
              ],
              [
                14.634248217,
                61.122963299
              ],
              [
                14.634296227,
                61.123058444
              ],
              [
                14.63436893,
                61.12314178
              ],
              [
                14.634515569,
                61.123201561
              ],
              [
                14.634637518,
                61.123273152
              ],
              [
                14.63475933,
                61.123356619
              ],
              [
                14.634831896,
                61.123451831
              ],
              [
                14.634953847,
                61.123523422
              ],
              [
                14.635075113,
                61.123654395
              ],
              [
                14.635147819,
                61.12373773
              ],
              [
                14.635220524,
                61.123821065
              ],
              [
                14.63526854,
                61.12391621
              ],
              [
                14.635341108,
                61.124011422
              ],
              [
                14.635389124,
                61.124106566
              ],
              [
                14.635437002,
                61.124213588
              ],
              [
                14.635485017,
                61.124308733
              ],
              [
                14.635582281,
                61.124392134
              ],
              [
                14.635679545,
                61.124475534
              ],
              [
                14.635752118,
                61.124570746
              ],
              [
                14.63582469,
                61.124665956
              ],
              [
                14.635872709,
                61.124761101
              ],
              [
                14.635969426,
                61.124892008
              ],
              [
                14.635992752,
                61.124998964
              ],
              [
                14.636016217,
                61.125094042
              ],
              [
                14.636015124,
                61.125189055
              ],
              [
                14.636038586,
                61.125284133
              ],
              [
                14.636086605,
                61.125379279
              ],
              [
                14.636183737,
                61.125474555
              ],
              [
                14.63625645,
                61.12555789
              ],
              [
                14.636378412,
                61.125629479
              ],
              [
                14.63652493,
                61.125701134
              ],
              [
                14.636622201,
                61.125784535
              ],
              [
                14.636744163,
                61.125856124
              ],
              [
                14.636914559,
                61.125987228
              ],
              [
                14.637036524,
                61.126058817
              ],
              [
                14.637084002,
                61.126201467
              ],
              [
                14.63718114,
                61.126296744
              ],
              [
                14.637204607,
                61.126391822
              ],
              [
                14.637252632,
                61.126486967
              ],
              [
                14.637398204,
                61.126641757
              ],
              [
                14.637544185,
                61.126760917
              ],
              [
                14.637592074,
                61.126867939
              ],
              [
                14.637664794,
                61.126951272
              ],
              [
                14.637737513,
                61.127034606
              ],
              [
                14.637785541,
                61.127129749
              ],
              [
                14.637784454,
                61.127224762
              ],
              [
                14.637807923,
                61.12731984
              ],
              [
                14.637831257,
                61.127426795
              ],
              [
                14.637830169,
                61.127521809
              ],
              [
                14.637853639,
                61.127616886
              ],
              [
                14.637877111,
                61.127711965
              ],
              [
                14.637851464,
                61.127806912
              ],
              [
                14.637850377,
                61.127901925
              ],
              [
                14.637996639,
                61.127997331
              ],
              [
                14.638093919,
                61.128080731
              ],
              [
                14.638215895,
                61.128152319
              ],
              [
                14.638386853,
                61.128235914
              ],
              [
                14.638434883,
                61.128331058
              ],
              [
                14.638507608,
                61.128414391
              ],
              [
                14.638580197,
                61.128509601
              ],
              [
                14.63862823,
                61.128604744
              ],
              [
                14.638774089,
                61.12873578
              ],
              [
                14.638822121,
                61.128830924
              ],
              [
                14.639041388,
                61.128985909
              ],
              [
                14.639163369,
                61.129057497
              ],
              [
                14.639310045,
                61.129117273
              ],
              [
                14.639456722,
                61.129177049
              ],
              [
                14.639603399,
                61.129236824
              ],
              [
                14.639774637,
                61.129296664
              ],
              [
                14.639921315,
                61.129356439
              ],
              [
                14.640092417,
                61.129428157
              ],
              [
                14.640288216,
                61.129488062
              ],
              [
                14.640434896,
                61.129547837
              ],
              [
                14.640556882,
                61.129619423
              ],
              [
                14.640703428,
                61.129691073
              ],
              [
                14.640849975,
                61.129762724
              ],
              [
                14.640873456,
                61.129857802
              ],
              [
                14.640921498,
                61.129952945
              ],
              [
                14.640895723,
                61.130059769
              ],
              [
                14.640845526,
                61.130154651
              ],
              [
                14.640721649,
                61.130249338
              ],
              [
                14.640524632,
                61.130296322
              ],
              [
                14.640327883,
                61.130319553
              ],
              [
                14.640082014,
                61.130342653
              ],
              [
                14.639885266,
                61.130365884
              ],
              [
                14.639688516,
                61.130389113
              ],
              [
                14.639492036,
                61.13038859
              ],
              [
                14.639295422,
                61.130399943
              ],
              [
                14.639098943,
                61.130399419
              ],
              [
                14.638902329,
                61.130410772
              ],
              [
                14.638729866,
                61.130457819
              ],
              [
                14.638728781,
                61.130552832
              ],
              [
                14.638727696,
                61.130647844
              ],
              [
                14.638824988,
                61.130731243
              ],
              [
                14.638946975,
                61.13080283
              ],
              [
                14.639068963,
                61.130874417
              ],
              [
                14.639338178,
                61.130958274
              ],
              [
                14.639484728,
                61.131029926
              ],
              [
                14.63963128,
                61.131101578
              ],
              [
                14.639802526,
                61.131161418
              ],
              [
                14.639973773,
                61.131221259
              ],
              [
                14.640120462,
                61.131281034
              ],
              [
                14.64026715,
                61.131340809
              ],
              [
                14.640463094,
                61.131388837
              ],
              [
                14.640609784,
                61.131448611
              ],
              [
                14.640682522,
                61.131531943
              ],
              [
                14.640829212,
                61.131591718
              ],
              [
                14.640975903,
                61.131651492
              ],
              [
                14.641122594,
                61.131711266
              ],
              [
                14.641293849,
                61.131771104
              ],
              [
                14.641612602,
                61.131819456
              ],
              [
                14.641759295,
                61.131879229
              ],
              [
                14.642003562,
                61.131998645
              ],
              [
                14.642150258,
                61.132058418
              ],
              [
                14.642272259,
                61.132130002
              ],
              [
                14.642394258,
                61.132201587
              ],
              [
                14.642491429,
                61.132296859
              ],
              [
                14.642588736,
                61.132380255
              ],
              [
                14.642661482,
                61.132463585
              ],
              [
                14.642709531,
                61.132558727
              ],
              [
                14.642782144,
                61.132653935
              ],
              [
                14.642830194,
                61.132749077
              ],
              [
                14.642878244,
                61.13284422
              ],
              [
                14.642926296,
                61.132939362
              ],
              [
                14.643023336,
                61.13304651
              ],
              [
                14.64314494,
                61.133153723
              ],
              [
                14.643266947,
                61.133225307
              ],
              [
                14.643364258,
                61.133308702
              ],
              [
                14.643486132,
                61.133392162
              ],
              [
                14.643583445,
                61.133475556
              ],
              [
                14.643680758,
                61.133558952
              ],
              [
                14.64377807,
                61.133642346
              ],
              [
                14.643899813,
                61.133737682
              ],
              [
                14.64402169,
                61.133821141
              ],
              [
                14.64419256,
                61.133916606
              ],
              [
                14.644338867,
                61.134012006
              ],
              [
                14.644510005,
                61.134083717
              ],
              [
                14.644656714,
                61.134143487
              ],
              [
                14.644754032,
                61.134226881
              ],
              [
                14.644826788,
                61.134310211
              ],
              [
                14.644948803,
                61.134381793
              ],
              [
                14.645095381,
                61.134453439
              ],
              [
                14.645217397,
                61.13452502
              ],
              [
                14.645339414,
                61.134596602
              ],
              [
                14.645461431,
                61.134668184
              ],
              [
                14.645608145,
                61.134727953
              ],
              [
                14.645738731,
                61.134935233
              ],
              [
                14.645882655,
                61.13524441
              ],
              [
                14.646027644,
                61.135458574
              ],
              [
                14.646124837,
                61.135553844
              ],
              [
                14.646123774,
                61.135648856
              ],
              [
                14.646122711,
                61.135743869
              ],
              [
                14.646096951,
                61.135850694
              ],
              [
                14.646095623,
                61.13596946
              ],
              [
                14.64611117,
                61.136032357
              ],
              [
                14.646119124,
                61.136064537
              ],
              [
                14.646118061,
                61.13615955
              ],
              [
                14.646091769,
                61.13631388
              ],
              [
                14.646139569,
                61.136432775
              ],
              [
                14.646335024,
                61.136528302
              ],
              [
                14.646456918,
                61.136611758
              ],
              [
                14.646603643,
                61.136671526
              ],
              [
                14.646700972,
                61.136754918
              ],
              [
                14.646773739,
                61.136838247
              ],
              [
                14.646797242,
                61.136933324
              ],
              [
                14.646820746,
                61.137028401
              ],
              [
                14.646868816,
                61.137123541
              ],
              [
                14.64689232,
                61.137218618
              ],
              [
                14.647014351,
                61.137290198
              ],
              [
                14.64716108,
                61.137349965
              ],
              [
                14.647455466,
                61.137386364
              ],
              [
                14.64765146,
                61.137434381
              ],
              [
                14.647822888,
                61.137482336
              ],
              [
                14.647994319,
                61.137530289
              ],
              [
                14.648190181,
                61.137590183
              ],
              [
                14.648312216,
                61.137661762
              ],
              [
                14.648434252,
                61.137733341
              ],
              [
                14.648556156,
                61.137816796
              ],
              [
                14.648727589,
                61.137864748
              ],
              [
                14.648948679,
                61.137865322
              ],
              [
                14.649121036,
                61.137830139
              ],
              [
                14.649317823,
                61.137806895
              ],
              [
                14.649490179,
                61.137771711
              ],
              [
                14.649613795,
                61.13770077
              ],
              [
                14.649688413,
                61.137617824
              ],
              [
                14.649714031,
                61.137522875
              ],
              [
                14.649739648,
                61.137427926
              ],
              [
                14.6497407,
                61.137332914
              ],
              [
                14.649742015,
                61.137214148
              ],
              [
                14.649816632,
                61.137131202
              ],
              [
                14.649915813,
                61.13704832
              ],
              [
                14.650039427,
                61.136977379
              ],
              [
                14.650211776,
                61.136942193
              ],
              [
                14.650384124,
                61.136907008
              ],
              [
                14.650458869,
                61.136812186
              ],
              [
                14.65041079,
                61.136717047
              ],
              [
                14.650288754,
                61.136645469
              ],
              [
                14.65016685,
                61.136562016
              ],
              [
                14.650044815,
                61.136490439
              ],
              [
                14.650045866,
                61.136395426
              ],
              [
                14.650096965,
                61.136217404
              ],
              [
                14.65012258,
                61.136122455
              ],
              [
                14.650197456,
                61.136015756
              ],
              [
                14.650492358,
                61.136004642
              ],
              [
                14.650688742,
                61.136017025
              ],
              [
                14.650885255,
                61.136017533
              ],
              [
                14.651081639,
                61.136029916
              ],
              [
                14.651302456,
                61.13605424
              ],
              [
                14.651669613,
                61.136173954
              ],
              [
                14.651914994,
                61.136198339
              ],
              [
                14.652111379,
                61.136210721
              ],
              [
                14.652307896,
                61.136211226
              ],
              [
                14.65250428,
                61.136223608
              ],
              [
                14.65289718,
                61.136236494
              ],
              [
                14.653118,
                61.136260813
              ],
              [
                14.653534946,
                61.136321266
              ],
              [
                14.653780201,
                61.136357525
              ],
              [
                14.654001022,
                61.136381843
              ],
              [
                14.654197148,
                61.136417976
              ],
              [
                14.654393407,
                61.136442231
              ],
              [
                14.654662709,
                61.136526056
              ],
              [
                14.654809449,
                61.136585816
              ],
              [
                14.655273203,
                61.136860167
              ],
              [
                14.655345861,
                61.136955367
              ],
              [
                14.655443216,
                61.137038754
              ],
              [
                14.655565265,
                61.137110326
              ],
              [
                14.655761658,
                61.137122703
              ],
              [
                14.655982743,
                61.137123265
              ],
              [
                14.656130781,
                61.137064257
              ],
              [
                14.656254639,
                61.136969556
              ],
              [
                14.656353801,
                61.136886669
              ],
              [
                14.6564774,
                61.136815722
              ],
              [
                14.656674049,
                61.136804344
              ],
              [
                14.656870567,
                61.136804843
              ],
              [
                14.657091652,
                61.136805403
              ],
              [
                14.657337301,
                61.136806025
              ],
              [
                14.657952066,
                61.136748196
              ],
              [
                14.65829636,
                61.136713435
              ],
              [
                14.658493134,
                61.136690178
              ],
              [
                14.658861735,
                61.136679231
              ],
              [
                14.659131947,
                61.136679912
              ],
              [
                14.659353031,
                61.136680469
              ],
              [
                14.659549421,
                61.13669284
              ],
              [
                14.659794686,
                61.136729087
              ],
              [
                14.659966003,
                61.136788902
              ],
              [
                14.660137574,
                61.136824964
              ],
              [
                14.660333329,
                61.136896717
              ],
              [
                14.660504901,
                61.136932779
              ],
              [
                14.660602269,
                61.137016161
              ],
              [
                14.66072433,
                61.137087729
              ],
              [
                14.660797133,
                61.13717105
              ],
              [
                14.660796114,
                61.137266063
              ],
              [
                14.660794968,
                61.137372952
              ],
              [
                14.660744818,
                61.137467841
              ],
              [
                14.660670229,
                61.137550793
              ],
              [
                14.660571077,
                61.137633683
              ],
              [
                14.660471794,
                61.137728449
              ],
              [
                14.660397076,
                61.137823277
              ],
              [
                14.660395674,
                61.137953919
              ],
              [
                14.660419091,
                61.13806087
              ],
              [
                14.660442639,
                61.138155945
              ],
              [
                14.660564576,
                61.138239389
              ],
              [
                14.660661947,
                61.138322771
              ],
              [
                14.660832001,
                61.138501351
              ],
              [
                14.660830982,
                61.138596365
              ],
              [
                14.660829708,
                61.13871513
              ],
              [
                14.660706112,
                61.138786082
              ],
              [
                14.660558076,
                61.138845095
              ],
              [
                14.660361415,
                61.138856479
              ],
              [
                14.660114729,
                61.138950875
              ],
              [
                14.660113708,
                61.139045887
              ],
              [
                14.660309477,
                61.13911764
              ],
              [
                14.660456239,
                61.139177393
              ],
              [
                14.660677213,
                61.139189824
              ],
              [
                14.660873746,
                61.139190317
              ],
              [
                14.661045077,
                61.13925013
              ],
              [
                14.661290618,
                61.139262623
              ],
              [
                14.661585167,
                61.139287113
              ],
              [
                14.661707239,
                61.13935868
              ],
              [
                14.661927959,
                61.139394863
              ],
              [
                14.662099548,
                61.139430921
              ],
              [
                14.662271896,
                61.139395721
              ],
              [
                14.662371305,
                61.139289077
              ],
              [
                14.662347753,
                61.139194003
              ],
              [
                14.66222568,
                61.139122437
              ],
              [
                14.662177561,
                61.139027302
              ],
              [
                14.662178576,
                61.138932289
              ],
              [
                14.662302677,
                61.138813829
              ],
              [
                14.662524409,
                61.138754998
              ],
              [
                14.662696753,
                61.138719797
              ],
              [
                14.662893412,
                61.13870841
              ],
              [
                14.663139076,
                61.138709021
              ],
              [
                14.663310535,
                61.138756956
              ],
              [
                14.663457301,
                61.138816706
              ],
              [
                14.663505424,
                61.138911841
              ],
              [
                14.663577733,
                61.139042667
              ],
              [
                14.663724503,
                61.139102416
              ],
              [
                14.663920784,
                61.139126657
              ],
              [
                14.664117571,
                61.139103392
              ],
              [
                14.664216719,
                61.139020499
              ],
              [
                14.664242295,
                61.138925548
              ],
              [
                14.66426787,
                61.138830596
              ],
              [
                14.664268879,
                61.138735583
              ],
              [
                14.664294705,
                61.138616878
              ],
              [
                14.66432028,
                61.138521926
              ],
              [
                14.66432154,
                61.13840316
              ],
              [
                14.664396122,
                61.138320207
              ],
              [
                14.664495269,
                61.138237315
              ],
              [
                14.664569847,
                61.138154361
              ],
              [
                14.664717872,
                61.138095343
              ],
              [
                14.664914904,
                61.138048324
              ],
              [
                14.665087367,
                61.138001243
              ],
              [
                14.665284272,
                61.137966099
              ],
              [
                14.665505363,
                61.137966646
              ],
              [
                14.665701891,
                61.137967132
              ],
              [
                14.665898293,
                61.137979493
              ],
              [
                14.666143699,
                61.138003854
              ],
              [
                14.666585259,
                61.138064327
              ],
              [
                14.66678166,
                61.138076687
              ],
              [
                14.666977688,
                61.138124678
              ],
              [
                14.667075077,
                61.138208055
              ],
              [
                14.667246539,
                61.138255985
              ],
              [
                14.667442944,
                61.138268345
              ],
              [
                14.667639222,
                61.138292581
              ],
              [
                14.667884384,
                61.13834069
              ],
              [
                14.668080664,
                61.138364926
              ],
              [
                14.668277068,
                61.138377284
              ],
              [
                14.668349895,
                61.138460601
              ],
              [
                14.668275324,
                61.138543557
              ],
              [
                14.668053855,
                61.138578644
              ],
              [
                14.667857199,
                61.138590038
              ],
              [
                14.667635852,
                61.138613249
              ],
              [
                14.667439322,
                61.138612766
              ],
              [
                14.6672181,
                61.138624099
              ],
              [
                14.667070077,
                61.13868312
              ],
              [
                14.667068702,
                61.138813762
              ],
              [
                14.667116834,
                61.138908896
              ],
              [
                14.667189659,
                61.138992213
              ],
              [
                14.667237792,
                61.139087347
              ],
              [
                14.667212226,
                61.139182299
              ],
              [
                14.667088517,
                61.139265133
              ],
              [
                14.667038384,
                61.139360025
              ],
              [
                14.667086517,
                61.139455159
              ],
              [
                14.667208602,
                61.139526721
              ],
              [
                14.667405013,
                61.139539081
              ],
              [
                14.667724011,
                61.139575494
              ],
              [
                14.667920424,
                61.139587854
              ],
              [
                14.668141526,
                61.139588397
              ],
              [
                14.668362381,
                61.139612692
              ],
              [
                14.668583113,
                61.139648863
              ],
              [
                14.668754584,
                61.13969679
              ],
              [
                14.668826919,
                61.139827613
              ],
              [
                14.668630255,
                61.139839009
              ],
              [
                14.668384458,
                61.139850284
              ],
              [
                14.668113968,
                61.139873374
              ],
              [
                14.667745084,
                61.1399081
              ],
              [
                14.667474469,
                61.139943066
              ],
              [
                14.667253112,
                61.139966276
              ],
              [
                14.667056199,
                61.140001422
              ],
              [
                14.666859534,
                61.140012815
              ],
              [
                14.66666287,
                61.140024208
              ],
              [
                14.66646633,
                61.140023724
              ],
              [
                14.666245097,
                61.140035055
              ],
              [
                14.666048433,
                61.140046446
              ],
              [
                14.66587596,
                61.140093528
              ],
              [
                14.665801378,
                61.140176482
              ],
              [
                14.665849509,
                61.140271617
              ],
              [
                14.666045925,
                61.140283978
              ],
              [
                14.666634798,
                61.140356692
              ],
              [
                14.666831213,
                61.140369052
              ],
              [
                14.667002811,
                61.140405106
              ],
              [
                14.667149469,
                61.140476728
              ],
              [
                14.667394771,
                61.140512962
              ],
              [
                14.667615507,
                61.140549134
              ],
              [
                14.667516361,
                61.14063203
              ],
              [
                14.667392772,
                61.140702987
              ],
              [
                14.667269184,
                61.140773945
              ],
              [
                14.667243615,
                61.140868897
              ],
              [
                14.667341013,
                61.140952275
              ],
              [
                14.667684843,
                61.140964996
              ],
              [
                14.667881013,
                61.141001109
              ],
              [
                14.668077435,
                61.141013468
              ],
              [
                14.668274229,
                61.140990196
              ],
              [
                14.668495343,
                61.140990738
              ],
              [
                14.668790409,
                61.140967707
              ],
              [
                14.66898708,
                61.140956311
              ],
              [
                14.669380791,
                61.140897889
              ],
              [
                14.669577709,
                61.140862739
              ],
              [
                14.669799317,
                61.140815772
              ],
              [
                14.669996358,
                61.140768746
              ],
              [
                14.670266606,
                61.140769405
              ],
              [
                14.670463151,
                61.140769883
              ],
              [
                14.670684261,
                61.140770422
              ],
              [
                14.670880559,
                61.140794653
              ],
              [
                14.671052041,
                61.140842577
              ],
              [
                14.671149449,
                61.140925952
              ],
              [
                14.671370069,
                61.140973996
              ],
              [
                14.67149217,
                61.141045554
              ],
              [
                14.671663407,
                61.14111723
              ],
              [
                14.671835015,
                61.141153278
              ],
              [
                14.672031562,
                61.141153754
              ],
              [
                14.672228109,
                61.14115423
              ],
              [
                14.672424655,
                61.141154706
              ],
              [
                14.672621202,
                61.141155182
              ],
              [
                14.672940221,
                61.141191583
              ],
              [
                14.673087017,
                61.141251323
              ],
              [
                14.673258629,
                61.141287368
              ],
              [
                14.673405426,
                61.141347107
              ],
              [
                14.673551978,
                61.141430599
              ],
              [
                14.673624704,
                61.14152579
              ],
              [
                14.673476678,
                61.141584817
              ],
              [
                14.673279884,
                61.141608096
              ],
              [
                14.673083334,
                61.141607621
              ],
              [
                14.67288654,
                61.1416309
              ],
              [
                14.672714189,
                61.141666113
              ],
              [
                14.6726395,
                61.141760948
              ],
              [
                14.672687654,
                61.141856079
              ],
              [
                14.672809638,
                61.141939513
              ],
              [
                14.672921916,
                61.141973814
              ],
              [
                14.673005576,
                61.141999371
              ],
              [
                14.673349296,
                61.142023955
              ],
              [
                14.673545726,
                61.142036305
              ],
              [
                14.673742279,
                61.142036779
              ],
              [
                14.673963398,
                61.142037312
              ],
              [
                14.674159951,
                61.142037786
              ],
              [
                14.674356502,
                61.142038259
              ],
              [
                14.674553055,
                61.142038732
              ],
              [
                14.674749607,
                61.142039204
              ],
              [
                14.674970972,
                61.142015983
              ],
              [
                14.675191972,
                61.14202839
              ],
              [
                14.675314085,
                61.142099944
              ],
              [
                14.67555941,
                61.142136164
              ],
              [
                14.67575511,
                61.142219771
              ],
              [
                14.675877225,
                61.142291324
              ],
              [
                14.676122431,
                61.142339419
              ],
              [
                14.676293809,
                61.142399214
              ],
              [
                14.676415926,
                61.142470767
              ],
              [
                14.676636685,
                61.142506926
              ],
              [
                14.676832877,
                61.142543024
              ],
              [
                14.677053759,
                61.142567306
              ],
              [
                14.677324023,
                61.142567951
              ],
              [
                14.677618855,
                61.142568653
              ],
              [
                14.677839981,
                61.14256918
              ],
              [
                14.678085675,
                61.142569765
              ],
              [
                14.67828223,
                61.142570232
              ],
              [
                14.678479028,
                61.142546945
              ],
              [
                14.678602599,
                61.142475978
              ],
              [
                14.678628134,
                61.142381024
              ],
              [
                14.67855527,
                61.142297712
              ],
              [
                14.67838389,
                61.14223792
              ],
              [
                14.67821239,
                61.142190005
              ],
              [
                14.678213357,
                61.142094992
              ],
              [
                14.678312477,
                61.14201209
              ],
              [
                14.678509151,
                61.14200068
              ],
              [
                14.678705824,
                61.14198927
              ],
              [
                14.678927064,
                61.141977918
              ],
              [
                14.679123858,
                61.141954632
              ],
              [
                14.679296202,
                61.141919409
              ],
              [
                14.679517684,
                61.141884303
              ],
              [
                14.679616802,
                61.1418014
              ],
              [
                14.679642453,
                61.141694568
              ],
              [
                14.679618968,
                61.141587621
              ],
              [
                14.679447467,
                61.141539707
              ],
              [
                14.679339878,
                61.14146316
              ],
              [
                14.679167415,
                61.141510258
              ],
              [
                14.678994953,
                61.141557357
              ],
              [
                14.678773834,
                61.141556832
              ],
              [
                14.678577407,
                61.141544489
              ],
              [
                14.678381098,
                61.141520269
              ],
              [
                14.678431203,
                61.141425373
              ],
              [
                14.678481305,
                61.141330477
              ],
              [
                14.678506839,
                61.141235522
              ],
              [
                14.678507805,
                61.141140509
              ],
              [
                14.678508771,
                61.141045496
              ],
              [
                14.678411464,
                61.14095025
              ],
              [
                14.67823985,
                61.140914212
              ],
              [
                14.678093046,
                61.140854478
              ],
              [
                14.677946242,
                61.140794744
              ],
              [
                14.677873505,
                61.140699555
              ],
              [
                14.67777608,
                61.140616185
              ],
              [
                14.677604589,
                61.140568269
              ],
              [
                14.677408166,
                61.140555924
              ],
              [
                14.677261366,
                61.14049619
              ],
              [
                14.677089755,
                61.140460149
              ],
              [
                14.676918267,
                61.140412233
              ],
              [
                14.676746655,
                61.140376192
              ],
              [
                14.676550479,
                61.140340093
              ],
              [
                14.676329734,
                61.140303935
              ],
              [
                14.676108868,
                61.140279653
              ],
              [
                14.675863556,
                61.140243434
              ],
              [
                14.675667016,
                61.140242963
              ],
              [
                14.675421462,
                61.140230498
              ],
              [
                14.675175785,
                61.140229908
              ],
              [
                14.674979122,
                61.140241313
              ],
              [
                14.674757892,
                61.140252658
              ],
              [
                14.674512216,
                61.140252067
              ],
              [
                14.674315674,
                61.140251595
              ],
              [
                14.673996786,
                61.140203319
              ],
              [
                14.673973196,
                61.140108247
              ],
              [
                14.673851093,
                61.140036692
              ],
              [
                14.673679979,
                61.139953141
              ],
              [
                14.673533188,
                61.139893402
              ],
              [
                14.673361586,
                61.139857358
              ],
              [
                14.673189981,
                61.139821312
              ],
              [
                14.672993444,
                61.139820837
              ],
              [
                14.672796905,
                61.139820362
              ],
              [
                14.672551232,
                61.139819768
              ],
              [
                14.672256425,
                61.139819055
              ],
              [
                14.672059886,
                61.139818578
              ],
              [
                14.67181446,
                61.13979423
              ],
              [
                14.671642983,
                61.139746306
              ],
              [
                14.671496196,
                61.139686565
              ],
              [
                14.671497183,
                61.139591553
              ],
              [
                14.671620882,
                61.139508714
              ],
              [
                14.671793344,
                61.139461625
              ],
              [
                14.671916918,
                61.139390663
              ],
              [
                14.671991851,
                61.139272076
              ],
              [
                14.671992837,
                61.139177063
              ],
              [
                14.671993822,
                61.13908205
              ],
              [
                14.671970241,
                61.138986978
              ],
              [
                14.671971227,
                61.138891965
              ],
              [
                14.671972212,
                61.138796953
              ],
              [
                14.671997764,
                61.138701999
              ],
              [
                14.672096892,
                61.138619101
              ],
              [
                14.672269225,
                61.138583888
              ],
              [
                14.67251538,
                61.138536976
              ],
              [
                14.672982138,
                61.138538105
              ],
              [
                14.673203235,
                61.138538639
              ],
              [
                14.673399644,
                61.13855099
              ],
              [
                14.673595806,
                61.138587094
              ],
              [
                14.673815801,
                61.138694517
              ],
              [
                14.673888521,
                61.138789707
              ],
              [
                14.673961362,
                61.138873021
              ],
              [
                14.673862238,
                61.13895592
              ],
              [
                14.673763116,
                61.139038819
              ],
              [
                14.673713001,
                61.139133714
              ],
              [
                14.673712021,
                61.139228727
              ],
              [
                14.673760176,
                61.139323858
              ],
              [
                14.673783762,
                61.139418931
              ],
              [
                14.673881051,
                61.13951418
              ],
              [
                14.674027841,
                61.139573918
              ],
              [
                14.674273023,
                61.139622016
              ],
              [
                14.674494248,
                61.139610672
              ],
              [
                14.674690908,
                61.139599268
              ],
              [
                14.674887568,
                61.139587863
              ],
              [
                14.675084347,
                61.139564582
              ],
              [
                14.675281129,
                61.139541301
              ],
              [
                14.675502475,
                61.139518078
              ],
              [
                14.675699012,
                61.139518549
              ],
              [
                14.675895548,
                61.13951902
              ],
              [
                14.676091963,
                61.139531367
              ],
              [
                14.676288258,
                61.139555591
              ],
              [
                14.676484672,
                61.139567937
              ],
              [
                14.676705776,
                61.139568466
              ],
              [
                14.676926395,
                61.1396165
              ],
              [
                14.677098001,
                61.13965254
              ],
              [
                14.677269607,
                61.139688581
              ],
              [
                14.677465782,
                61.139724678
              ],
              [
                14.677637389,
                61.139760718
              ],
              [
                14.677759378,
                61.139844147
              ],
              [
                14.677807425,
                61.139951154
              ],
              [
                14.677904846,
                61.140034524
              ],
              [
                14.677977703,
                61.140117836
              ],
              [
                14.678050316,
                61.140224901
              ],
              [
                14.678172429,
                61.140296453
              ],
              [
                14.678368488,
                61.140344427
              ],
              [
                14.6785401,
                61.140380464
              ],
              [
                14.678711713,
                61.140416503
              ],
              [
                14.678908013,
                61.140440722
              ],
              [
                14.679104436,
                61.140453065
              ],
              [
                14.679276048,
                61.140489103
              ],
              [
                14.679422853,
                61.140548835
              ],
              [
                14.67942189,
                61.140643848
              ],
              [
                14.679420927,
                61.140738861
              ],
              [
                14.679419963,
                61.140833873
              ],
              [
                14.679443568,
                61.140928945
              ],
              [
                14.679491743,
                61.141024075
              ],
              [
                14.679564484,
                61.141119262
              ],
              [
                14.679735741,
                61.141190928
              ],
              [
                14.679931806,
                61.1412389
              ],
              [
                14.680212458,
                61.141208963
              ],
              [
                14.680408886,
                61.141221305
              ],
              [
                14.680555696,
                61.141281036
              ],
              [
                14.680727195,
                61.141328948
              ],
              [
                14.680873888,
                61.141400556
              ],
              [
                14.681070435,
                61.141401019
              ],
              [
                14.681365257,
                61.141401714
              ],
              [
                14.681610943,
                61.141402292
              ],
              [
                14.681807611,
                61.141390877
              ],
              [
                14.681882152,
                61.141307914
              ],
              [
                14.682030162,
                61.141248878
              ],
              [
                14.682227305,
                61.141189956
              ],
              [
                14.682375192,
                61.141142795
              ],
              [
                14.682596665,
                61.141107685
              ],
              [
                14.682793331,
                61.141096269
              ],
              [
                14.682941336,
                61.141037232
              ],
              [
                14.683138238,
                61.141002062
              ],
              [
                14.683261793,
                61.14093109
              ],
              [
                14.683385347,
                61.140860118
              ],
              [
                14.683435436,
                61.140765219
              ],
              [
                14.683655953,
                61.14082512
              ],
              [
                14.683778081,
                61.140896666
              ],
              [
                14.68390021,
                61.140968213
              ],
              [
                14.683973084,
                61.141051522
              ],
              [
                14.684070527,
                61.141134887
              ],
              [
                14.684143401,
                61.141218195
              ],
              [
                14.684142452,
                61.141313209
              ],
              [
                14.684141266,
                61.141431975
              ],
              [
                14.684140317,
                61.141526987
              ],
              [
                14.684139368,
                61.141622001
              ],
              [
                14.684162868,
                61.141728948
              ],
              [
                14.684284882,
                61.14181237
              ],
              [
                14.684308504,
                61.141907441
              ],
              [
                14.684307082,
                61.14204996
              ],
              [
                14.684379839,
                61.142145144
              ],
              [
                14.684477168,
                61.142240387
              ],
              [
                14.684599304,
                61.142311933
              ],
              [
                14.684721321,
                61.142395356
              ],
              [
                14.684842984,
                61.142514407
              ],
              [
                14.684940315,
                61.142609649
              ],
              [
                14.685037291,
                61.142740521
              ],
              [
                14.685060916,
                61.142835591
              ],
              [
                14.685084539,
                61.142930661
              ],
              [
                14.685083592,
                61.143025674
              ],
              [
                14.685082646,
                61.143120687
              ],
              [
                14.685008108,
                61.143203652
              ],
              [
                14.684811431,
                61.143215071
              ],
              [
                14.684614989,
                61.143202736
              ],
              [
                14.684246677,
                61.143178123
              ],
              [
                14.684050356,
                61.143153912
              ],
              [
                14.683977476,
                61.143070604
              ],
              [
                14.683830651,
                61.143010876
              ],
              [
                14.683683826,
                61.142951149
              ],
              [
                14.683512194,
                61.142915116
              ],
              [
                14.683315875,
                61.142890904
              ],
              [
                14.683095342,
                61.142831003
              ],
              [
                14.682874453,
                61.142806731
              ],
              [
                14.682677897,
                61.14280627
              ],
              [
                14.682481339,
                61.142805809
              ],
              [
                14.682284783,
                61.142805348
              ],
              [
                14.682088225,
                61.142804887
              ],
              [
                14.681839661,
                61.143089348
              ],
              [
                14.681765116,
                61.143172311
              ],
              [
                14.681837988,
                61.143255621
              ],
              [
                14.68210778,
                61.143303762
              ],
              [
                14.682229914,
                61.143375311
              ],
              [
                14.682253412,
                61.143482257
              ],
              [
                14.682350856,
                61.143565625
              ],
              [
                14.682349901,
                61.143660637
              ],
              [
                14.682373517,
                61.143755708
              ],
              [
                14.682495653,
                61.143827256
              ],
              [
                14.68266729,
                61.143863289
              ],
              [
                14.682888186,
                61.143887561
              ],
              [
                14.683158104,
                61.143923823
              ],
              [
                14.683329383,
                61.143995486
              ],
              [
                14.68350102,
                61.144031518
              ],
              [
                14.683647851,
                61.144091245
              ],
              [
                14.683695685,
                61.144222003
              ],
              [
                14.683964538,
                61.144365154
              ],
              [
                14.684111132,
                61.144448634
              ],
              [
                14.684109946,
                61.1445674
              ],
              [
                14.6842074,
                61.144650766
              ],
              [
                14.684304736,
                61.144746008
              ],
              [
                14.684377381,
                61.14485307
              ],
              [
                14.684425577,
                61.144948197
              ],
              [
                14.684473652,
                61.145055201
              ],
              [
                14.684521846,
                61.145150328
              ],
              [
                14.684545234,
                61.145269152
              ],
              [
                14.68464269,
                61.145352518
              ],
              [
                14.6848141,
                61.145412301
              ],
              [
                14.685009726,
                61.145507771
              ],
              [
                14.685181375,
                61.145543802
              ],
              [
                14.685254261,
                61.145627109
              ],
              [
                14.685302342,
                61.145734113
              ],
              [
                14.685325968,
                61.145829183
              ],
              [
                14.685398265,
                61.145971874
              ],
              [
                14.685495727,
                61.146055238
              ],
              [
                14.685715932,
                61.146150765
              ],
              [
                14.685837849,
                61.146246063
              ],
              [
                14.685910621,
                61.146341247
              ],
              [
                14.685983514,
                61.146424554
              ],
              [
                14.686130359,
                61.146484279
              ],
              [
                14.686326704,
                61.146508488
              ],
              [
                14.686548092,
                61.146485247
              ],
              [
                14.686744789,
                61.146473826
              ],
              [
                14.686868475,
                61.146390974
              ],
              [
                14.68691856,
                61.146296075
              ],
              [
                14.686968646,
                61.146201175
              ],
              [
                14.686969705,
                61.146094286
              ],
              [
                14.686970645,
                61.145999273
              ],
              [
                14.686971586,
                61.145904261
              ],
              [
                14.686824742,
                61.145844537
              ],
              [
                14.68665309,
                61.145808508
              ],
              [
                14.686456869,
                61.145772423
              ],
              [
                14.686236074,
                61.145736281
              ],
              [
                14.686064779,
                61.145664623
              ],
              [
                14.685991888,
                61.145581315
              ],
              [
                14.685870091,
                61.145474141
              ],
              [
                14.685797675,
                61.145343326
              ],
              [
                14.685798737,
                61.145236437
              ],
              [
                14.685824253,
                61.145141481
              ],
              [
                14.685850476,
                61.144975265
              ],
              [
                14.685876463,
                61.144832803
              ],
              [
                14.685951003,
                61.144749838
              ],
              [
                14.686197304,
                61.144691025
              ],
              [
                14.686394343,
                61.144643974
              ],
              [
                14.68654118,
                61.144703699
              ],
              [
                14.6866879,
                61.1447753
              ],
              [
                14.686834388,
                61.144870654
              ],
              [
                14.686858018,
                61.144965724
              ],
              [
                14.687079043,
                61.144978111
              ],
              [
                14.687275612,
                61.144978566
              ],
              [
                14.687471949,
                61.145002774
              ],
              [
                14.687717428,
                61.145027094
              ],
              [
                14.687963142,
                61.14502766
              ],
              [
                14.688232841,
                61.145087666
              ],
              [
                14.688453983,
                61.145088176
              ],
              [
                14.688674775,
                61.145124315
              ],
              [
                14.688821619,
                61.145184037
              ],
              [
                14.688993153,
                61.145231939
              ],
              [
                14.689139998,
                61.14529166
              ],
              [
                14.689237468,
                61.145375022
              ],
              [
                14.689162935,
                61.145457989
              ],
              [
                14.689112625,
                61.145576642
              ],
              [
                14.689087117,
                61.145671599
              ],
              [
                14.689012585,
                61.145754566
              ],
              [
                14.688937933,
                61.14584941
              ],
              [
                14.688887855,
                61.145944309
              ],
              [
                14.68888692,
                61.146039323
              ],
              [
                14.688959818,
                61.146122628
              ],
              [
                14.689007912,
                61.146229631
              ],
              [
                14.689006978,
                61.146324643
              ],
              [
                14.688956897,
                61.146419543
              ],
              [
                14.688759968,
                61.146454721
              ],
              [
                14.688611948,
                61.146513765
              ],
              [
                14.68858644,
                61.146608722
              ],
              [
                14.688659338,
                61.146692027
              ],
              [
                14.688732239,
                61.146775334
              ],
              [
                14.688755876,
                61.146870402
              ],
              [
                14.688952107,
                61.146906485
              ],
              [
                14.689293209,
                61.14720419
              ],
              [
                14.689513667,
                61.147275957
              ],
              [
                14.689635833,
                61.147347499
              ],
              [
                14.689831486,
                61.147442962
              ],
              [
                14.689977762,
                61.147562066
              ],
              [
                14.690148611,
                61.147681226
              ],
              [
                14.690172136,
                61.147788172
              ],
              [
                14.690220352,
                61.147883297
              ],
              [
                14.690342522,
                61.147954838
              ],
              [
                14.690489384,
                61.148014558
              ],
              [
                14.690685508,
                61.148062514
              ],
              [
                14.690881518,
                61.148122346
              ],
              [
                14.691053186,
                61.148158369
              ],
              [
                14.691175359,
                61.148229909
              ],
              [
                14.691346795,
                61.148289684
              ],
              [
                14.691518466,
                61.148325707
              ],
              [
                14.691665215,
                61.148397302
              ],
              [
                14.691738125,
                61.148480606
              ],
              [
                14.691663593,
                61.148563575
              ],
              [
                14.691613517,
                61.148658475
              ],
              [
                14.69151441,
                61.148741387
              ],
              [
                14.691488909,
                61.148836345
              ],
              [
                14.6914386,
                61.148954999
              ],
              [
                14.691683302,
                61.149062448
              ],
              [
                14.691756216,
                61.149145752
              ],
              [
                14.691878394,
                61.149217292
              ],
              [
                14.692049838,
                61.149277066
              ],
              [
                14.692221397,
                61.149324964
              ],
              [
                14.692467145,
                61.149325523
              ],
              [
                14.692712892,
                61.149326081
              ],
              [
                14.693008019,
                61.149302997
              ],
              [
                14.693180389,
                61.149267757
              ],
              [
                14.693254918,
                61.149184788
              ],
              [
                14.69325584,
                61.149089775
              ],
              [
                14.693256762,
                61.148994762
              ],
              [
                14.693233455,
                61.148864063
              ],
              [
                14.693234493,
                61.148757174
              ],
              [
                14.693235415,
                61.148662161
              ],
              [
                14.693310405,
                61.148531685
              ],
              [
                14.693409508,
                61.148448772
              ],
              [
                14.69360633,
                61.148425463
              ],
              [
                14.693802923,
                61.148425908
              ],
              [
                14.693999399,
                61.148438229
              ],
              [
                14.694195763,
                61.148462427
              ],
              [
                14.69426868,
                61.14854573
              ],
              [
                14.69414512,
                61.148616712
              ],
              [
                14.693972526,
                61.148675706
              ],
              [
                14.693971607,
                61.14877072
              ],
              [
                14.694019835,
                61.148865843
              ],
              [
                14.694068065,
                61.148960967
              ],
              [
                14.694067146,
                61.149055981
              ],
              [
                14.694066226,
                61.149150993
              ],
              [
                14.694015927,
                61.149269648
              ],
              [
                14.693965858,
                61.14936455
              ],
              [
                14.693964938,
                61.149459563
              ],
              [
                14.693865604,
                61.14956623
              ],
              [
                14.69379096,
                61.149661076
              ],
              [
                14.693789464,
                61.149815472
              ],
              [
                14.693788084,
                61.149957991
              ],
              [
                14.693786933,
                61.150076758
              ],
              [
                14.693810588,
                61.150171826
              ],
              [
                14.693932775,
                61.150243364
              ],
              [
                14.694079423,
                61.150326833
              ],
              [
                14.694201611,
                61.15039837
              ],
              [
                14.69429911,
                61.150481729
              ],
              [
                14.694249038,
                61.150576631
              ],
              [
                14.69410078,
                61.150659434
              ],
              [
                14.694026249,
                61.150742404
              ],
              [
                14.693927141,
                61.150825317
              ],
              [
                14.693926221,
                61.150920331
              ],
              [
                14.693949876,
                61.151015399
              ],
              [
                14.693998108,
                61.151110523
              ],
              [
                14.694071032,
                61.151193826
              ],
              [
                14.694193109,
                61.15127724
              ],
              [
                14.69438972,
                61.151277684
              ],
              [
                14.694611019,
                61.151266306
              ],
              [
                14.694832321,
                61.151254928
              ],
              [
                14.695029046,
                61.151243495
              ],
              [
                14.695225998,
                61.151208308
              ],
              [
                14.695422609,
                61.15120875
              ],
              [
                14.695594984,
                61.151173508
              ],
              [
                14.69576736,
                61.151138265
              ],
              [
                14.695964198,
                61.151114953
              ],
              [
                14.696161034,
                61.151091642
              ],
              [
                14.696333525,
                61.151044521
              ],
              [
                14.696505899,
                61.151009277
              ],
              [
                14.696702622,
                61.150997841
              ],
              [
                14.696899229,
                61.150998282
              ],
              [
                14.697095724,
                61.151010598
              ],
              [
                14.697267301,
                61.15105849
              ],
              [
                14.697389499,
                61.151130024
              ],
              [
                14.69760989,
                61.151213654
              ],
              [
                14.697805817,
                61.151285354
              ],
              [
                14.697928017,
                61.151356888
              ],
              [
                14.698099712,
                61.151392901
              ],
              [
                14.698271293,
                61.151440791
              ],
              [
                14.698492027,
                61.151488791
              ],
              [
                14.698589541,
                61.151572145
              ],
              [
                14.698514904,
                61.151666995
              ],
              [
                14.698391342,
                61.15173798
              ],
              [
                14.698218966,
                61.151773227
              ],
              [
                14.698022352,
                61.151772789
              ],
              [
                14.697800935,
                61.151796048
              ],
              [
                14.69767737,
                61.151867033
              ],
              [
                14.697602618,
                61.151973758
              ],
              [
                14.697528092,
                61.152056729
              ],
              [
                14.697478029,
                61.152151633
              ],
              [
                14.697329431,
                61.152270069
              ],
              [
                14.6971814,
                61.152329123
              ],
              [
                14.697009018,
                61.152364367
              ],
              [
                14.696909912,
                61.152447284
              ],
              [
                14.696884424,
                61.152542241
              ],
              [
                14.696981595,
                61.152661227
              ],
              [
                14.697177759,
                61.152709174
              ],
              [
                14.697299962,
                61.152780708
              ],
              [
                14.697176394,
                61.152851693
              ],
              [
                14.697028358,
                61.152910746
              ],
              [
                14.696684274,
                61.152909975
              ],
              [
                14.695799255,
                61.152931743
              ],
              [
                14.695773764,
                61.153026701
              ],
              [
                14.695772735,
                61.153133591
              ],
              [
                14.695771592,
                61.153252357
              ],
              [
                14.695795255,
                61.153347424
              ],
              [
                14.695818918,
                61.153442493
              ],
              [
                14.695867159,
                61.153537616
              ],
              [
                14.695915402,
                61.153632739
              ],
              [
                14.695938837,
                61.153751561
              ],
              [
                14.696011771,
                61.153834862
              ],
              [
                14.696183249,
                61.153894632
              ],
              [
                14.69635484,
                61.153942524
              ],
              [
                14.69652723,
                61.15390728
              ],
              [
                14.696723971,
                61.153895844
              ],
              [
                14.696920484,
                61.153908161
              ],
              [
                14.697117109,
                61.153908601
              ],
              [
                14.697313509,
                61.153932795
              ],
              [
                14.69746041,
                61.153992507
              ],
              [
                14.69763189,
                61.154052275
              ],
              [
                14.697827837,
                61.154123973
              ],
              [
                14.697900777,
                61.154207274
              ],
              [
                14.697899868,
                61.154302287
              ],
              [
                14.697849804,
                61.15439719
              ],
              [
                14.697848895,
                61.154492203
              ],
              [
                14.697897144,
                61.154587325
              ],
              [
                14.697920816,
                61.154682393
              ],
              [
                14.697944487,
                61.15477746
              ],
              [
                14.697968158,
                61.154872529
              ],
              [
                14.698040759,
                61.154991459
              ],
              [
                14.698089011,
                61.155086581
              ],
              [
                14.698235919,
                61.155146293
              ],
              [
                14.698308637,
                61.155253347
              ],
              [
                14.698455546,
                61.155313059
              ],
              [
                14.698651841,
                61.155349127
              ],
              [
                14.698675401,
                61.15545607
              ],
              [
                14.698699076,
                61.155551138
              ],
              [
                14.69869817,
                61.155646152
              ],
              [
                14.698721164,
                61.155812478
              ],
              [
                14.698769418,
                61.155907601
              ],
              [
                14.698768512,
                61.156002613
              ],
              [
                14.698767607,
                61.156097626
              ],
              [
                14.699085677,
                61.156252732
              ],
              [
                14.699650004,
                61.156360878
              ],
              [
                14.699771551,
                61.156503669
              ],
              [
                14.69984439,
                61.156598846
              ],
              [
                14.699843488,
                61.156693858
              ],
              [
                14.699866715,
                61.156836433
              ],
              [
                14.699865812,
                61.156931445
              ],
              [
                14.699864797,
                61.157038335
              ],
              [
                14.699912943,
                61.157145333
              ],
              [
                14.700084446,
                61.157205098
              ],
              [
                14.700649243,
                61.157265732
              ],
              [
                14.700845779,
                61.157278043
              ],
              [
                14.700992702,
                61.157337752
              ],
              [
                14.700967222,
                61.15743271
              ],
              [
                14.700843643,
                61.157503699
              ],
              [
                14.700695481,
                61.157574633
              ],
              [
                14.700498381,
                61.157621704
              ],
              [
                14.700276587,
                61.157680598
              ],
              [
                14.700104068,
                61.157727722
              ],
              [
                14.699956017,
                61.157786779
              ],
              [
                14.699930195,
                61.157917367
              ],
              [
                14.699929068,
                61.158036133
              ],
              [
                14.700001909,
                61.158131309
              ],
              [
                14.700074866,
                61.158214609
              ],
              [
                14.700221567,
                61.158298072
              ],
              [
                14.700368494,
                61.158357782
              ],
              [
                14.700736995,
                61.15838235
              ],
              [
                14.700883924,
                61.158442059
              ],
              [
                14.701055546,
                61.158489946
              ],
              [
                14.701128507,
                61.158573245
              ],
              [
                14.701151853,
                61.158703941
              ],
              [
                14.70120012,
                61.158799063
              ],
              [
                14.701223803,
                61.15889413
              ],
              [
                14.701247374,
                61.159001074
              ],
              [
                14.701270833,
                61.159119894
              ],
              [
                14.701294517,
                61.159214961
              ],
              [
                14.701318203,
                61.159310028
              ],
              [
                14.701341887,
                61.159405096
              ],
              [
                14.701463903,
                61.159500379
              ],
              [
                14.701487475,
                61.159607323
              ],
              [
                14.701510936,
                61.159726143
              ],
              [
                14.701559204,
                61.159821264
              ],
              [
                14.701533724,
                61.159916223
              ],
              [
                14.701532602,
                61.160034989
              ],
              [
                14.701531592,
                61.160141879
              ],
              [
                14.702475149,
                61.159415281
              ],
              [
                14.702710238,
                61.158904024
              ],
              [
                14.70303638,
                61.158504221
              ],
              [
                14.703545267,
                61.158260575
              ],
              [
                14.704098114,
                61.158239533
              ],
              [
                14.704511138,
                61.158396193
              ],
              [
                14.705181203,
                61.158603368
              ],
              [
                14.705111112,
                61.158546347
              ],
              [
                14.705062836,
                61.158451228
              ],
              [
                14.70501456,
                61.158356107
              ],
              [
                14.705015447,
                61.158261095
              ],
              [
                14.704967169,
                61.158165975
              ],
              [
                14.704894202,
                61.158082678
              ],
              [
                14.704895089,
                61.157987665
              ],
              [
                14.704871394,
                61.157892599
              ],
              [
                14.704823119,
                61.157797478
              ],
              [
                14.704774844,
                61.157702359
              ],
              [
                14.70472679,
                61.157583485
              ],
              [
                14.704604551,
                61.157511958
              ],
              [
                14.704507003,
                61.157428606
              ],
              [
                14.704360073,
                61.157368901
              ],
              [
                14.704237834,
                61.157297373
              ],
              [
                14.704091016,
                61.157225791
              ],
              [
                14.703919507,
                61.157166032
              ],
              [
                14.703797271,
                61.157094504
              ],
              [
                14.703675146,
                61.157011099
              ],
              [
                14.703405539,
                61.15692737
              ],
              [
                14.703160624,
                61.156831819
              ],
              [
                14.702988894,
                61.156795811
              ],
              [
                14.702866663,
                61.156724282
              ],
              [
                14.702769234,
                61.156629053
              ],
              [
                14.702696274,
                61.156545755
              ],
              [
                14.70264812,
                61.156438757
              ],
              [
                14.702600299,
                61.15629613
              ],
              [
                14.702404554,
                61.156200685
              ],
              [
                14.702234058,
                61.156034035
              ],
              [
                14.702037868,
                61.155986095
              ],
              [
                14.70174347,
                61.155926063
              ],
              [
                14.701596774,
                61.155842602
              ],
              [
                14.701524157,
                61.155723673
              ],
              [
                14.701475896,
                61.155628551
              ],
              [
                14.701403054,
                61.155533376
              ],
              [
                14.701354793,
                61.155438255
              ],
              [
                14.701208774,
                61.155283534
              ],
              [
                14.701136048,
                61.155176481
              ],
              [
                14.701063432,
                61.155057552
              ],
              [
                14.700966351,
                61.154926692
              ],
              [
                14.700943009,
                61.154795995
              ],
              [
                14.700943908,
                61.154700982
              ],
              [
                14.700944807,
                61.15460597
              ],
              [
                14.700896549,
                61.154510848
              ],
              [
                14.700823823,
                61.154403795
              ],
              [
                14.700824948,
                61.154285029
              ],
              [
                14.700825847,
                61.154190017
              ],
              [
                14.700826746,
                61.154095003
              ],
              [
                14.700828545,
                61.153904978
              ],
              [
                14.700830119,
                61.153738705
              ],
              [
                14.70080644,
                61.153643638
              ],
              [
                14.700758184,
                61.153548516
              ],
              [
                14.700709927,
                61.153453395
              ],
              [
                14.700686249,
                61.153358327
              ],
              [
                14.700637994,
                61.153263206
              ],
              [
                14.700638894,
                61.153168193
              ],
              [
                14.700640018,
                61.153049427
              ],
              [
                14.700640918,
                61.152954414
              ],
              [
                14.700666395,
                61.152859455
              ],
              [
                14.700765493,
                61.152776537
              ],
              [
                14.700790969,
                61.152681578
              ],
              [
                14.700866049,
                61.152539222
              ],
              [
                14.700965144,
                61.152456303
              ],
              [
                14.7011621,
                61.152421107
              ],
              [
                14.701408208,
                61.152386019
              ],
              [
                14.701555109,
                61.152445727
              ],
              [
                14.701628055,
                61.152529027
              ],
              [
                14.70177496,
                61.152588735
              ],
              [
                14.701872483,
                61.152672087
              ],
              [
                14.702019389,
                61.152731795
              ],
              [
                14.702215672,
                61.152767858
              ],
              [
                14.702387266,
                61.152815742
              ],
              [
                14.702534173,
                61.152875449
              ],
              [
                14.702680632,
                61.152982663
              ],
              [
                14.702778161,
                61.153066015
              ],
              [
                14.702924957,
                61.153137599
              ],
              [
                14.703047177,
                61.153209128
              ],
              [
                14.703144705,
                61.15329248
              ],
              [
                14.703217548,
                61.153387655
              ],
              [
                14.703265811,
                61.153482775
              ],
              [
                14.703338765,
                61.153566074
              ],
              [
                14.70341172,
                61.153649371
              ],
              [
                14.703484673,
                61.153732669
              ],
              [
                14.703606896,
                61.153804198
              ],
              [
                14.703655163,
                61.153899318
              ],
              [
                14.703752695,
                61.15398267
              ],
              [
                14.70385023,
                61.154066022
              ],
              [
                14.703947766,
                61.154149373
              ],
              [
                14.70404519,
                61.154244601
              ],
              [
                14.704167194,
                61.154339882
              ],
              [
                14.704240151,
                61.154423179
              ],
              [
                14.704337689,
                61.154506531
              ],
              [
                14.704410646,
                61.154589828
              ],
              [
                14.704532652,
                61.154685109
              ],
              [
                14.704654881,
                61.154756637
              ],
              [
                14.704801358,
                61.154863849
              ],
              [
                14.704948167,
                61.15493543
              ],
              [
                14.705070398,
                61.155006957
              ],
              [
                14.705167383,
                61.15514969
              ],
              [
                14.705166386,
                61.15525658
              ],
              [
                14.7051655,
                61.155351592
              ],
              [
                14.705189195,
                61.155446659
              ],
              [
                14.705188198,
                61.155553549
              ],
              [
                14.705211891,
                61.155648615
              ],
              [
                14.705235584,
                61.155743682
              ],
              [
                14.705259277,
                61.155838748
              ],
              [
                14.705282749,
                61.155957567
              ],
              [
                14.705380294,
                61.156040918
              ],
              [
                14.705526778,
                61.156148128
              ],
              [
                14.705599744,
                61.156231425
              ],
              [
                14.705672601,
                61.156326598
              ],
              [
                14.705720876,
                61.156421718
              ],
              [
                14.705793733,
                61.156516891
              ],
              [
                14.705842008,
                61.156612011
              ],
              [
                14.705938894,
                61.15676662
              ],
              [
                14.70598717,
                61.15686174
              ],
              [
                14.706010756,
                61.156968683
              ],
              [
                14.706059035,
                61.157063803
              ],
              [
                14.706132003,
                61.1571471
              ],
              [
                14.706204863,
                61.157242272
              ],
              [
                14.706277612,
                61.157349322
              ],
              [
                14.706399634,
                61.157444601
              ],
              [
                14.706447915,
                61.157539721
              ],
              [
                14.706471613,
                61.157634787
              ],
              [
                14.706519672,
                61.157753659
              ],
              [
                14.70654337,
                61.157848726
              ],
              [
                14.706591652,
                61.157943846
              ],
              [
                14.706615351,
                61.158038911
              ],
              [
                14.706712796,
                61.158134138
              ],
              [
                14.706834823,
                61.158229416
              ],
              [
                14.70695707,
                61.158300942
              ],
              [
                14.70710401,
                61.158360644
              ],
              [
                14.707103129,
                61.158455657
              ],
              [
                14.70712683,
                61.158550723
              ],
              [
                14.707150532,
                61.158645789
              ],
              [
                14.707174235,
                61.158740856
              ],
              [
                14.707196946,
                61.158942811
              ],
              [
                14.707196065,
                61.159037824
              ],
              [
                14.707170383,
                61.159156537
              ],
              [
                14.707167631,
                61.159453452
              ],
              [
                14.707142167,
                61.159548412
              ],
              [
                14.707141176,
                61.159655301
              ],
              [
                14.70716444,
                61.159797874
              ],
              [
                14.707187592,
                61.159952322
              ],
              [
                14.707235877,
                61.160047442
              ],
              [
                14.707284052,
                61.160154438
              ],
              [
                14.707331899,
                61.160297063
              ],
              [
                14.707355602,
                61.160392129
              ],
              [
                14.707403559,
                61.160522878
              ],
              [
                14.707427154,
                61.160629821
              ],
              [
                14.707475221,
                61.160748693
              ],
              [
                14.707498375,
                61.160903142
              ],
              [
                14.707521969,
                61.161010084
              ],
              [
                14.70752098,
                61.161116974
              ],
              [
                14.70751977,
                61.161247617
              ],
              [
                14.708162336,
                61.161986527
              ],
              [
                14.708343284,
                61.162342934
              ],
              [
                14.708661185,
                61.162833141
              ],
              [
                14.708979097,
                61.163323347
              ],
              [
                14.709203462,
                61.163969107
              ],
              [
                14.709520369,
                61.164570565
              ],
              [
                14.709559682,
                61.165304933
              ],
              [
                14.709444737,
                61.16577726
              ],
              [
                14.709344953,
                61.166187281
              ],
              [
                14.709480785,
                61.16612225
              ],
              [
                14.70961662,
                61.166057219
              ],
              [
                14.70977715,
                61.165980364
              ],
              [
                14.709954068,
                61.165936406
              ],
              [
                14.710120123,
                61.165895148
              ],
              [
                14.710393258,
                61.165827283
              ],
              [
                14.710579716,
                61.165799575
              ],
              [
                14.710766174,
                61.165771866
              ],
              [
                14.710959641,
                61.165743116
              ],
              [
                14.711181147,
                61.165710198
              ],
              [
                14.711370077,
                61.165702668
              ],
              [
                14.711571743,
                61.165694631
              ],
              [
                14.711771288,
                61.165686677
              ],
              [
                14.711968709,
                61.165678808
              ],
              [
                14.712164007,
                61.165671024
              ],
              [
                14.712490627,
                61.165675038
              ],
              [
                14.712711805,
                61.165687384
              ],
              [
                14.712935683,
                61.16569988
              ],
              [
                14.713129889,
                61.16571072
              ],
              [
                14.713326794,
                61.16572171
              ],
              [
                14.713523698,
                61.165732701
              ],
              [
                14.713860863,
                61.165751518
              ],
              [
                14.71406585,
                61.165788015
              ],
              [
                14.714400929,
                61.165847673
              ],
              [
                14.714543712,
                61.16590785
              ],
              [
                14.714690283,
                61.165969622
              ],
              [
                14.714833066,
                61.166029798
              ],
              [
                14.71497585,
                61.166089975
              ],
              [
                14.715124315,
                61.166152545
              ],
              [
                14.715307246,
                61.16622964
              ],
              [
                14.715404612,
                61.166311075
              ],
              [
                14.715500083,
                61.16643805
              ],
              [
                14.715532444,
                61.166534417
              ],
              [
                14.715568041,
                61.16664042
              ],
              [
                14.7156004,
                61.166736787
              ],
              [
                14.715645705,
                61.1668717
              ],
              [
                14.71560532,
                61.166960836
              ],
              [
                14.715561999,
                61.167056455
              ],
              [
                14.715518676,
                61.167152074
              ],
              [
                14.715475355,
                61.167247693
              ],
              [
                14.71543093,
                61.167345742
              ],
              [
                14.715383568,
                61.167450275
              ],
              [
                14.715342448,
                61.167541032
              ],
              [
                14.715269385,
                61.167702288
              ],
              [
                14.715186449,
                61.167791373
              ],
              [
                14.715070744,
                61.167915652
              ],
              [
                14.714912711,
                61.167971919
              ],
              [
                14.714757971,
                61.168027014
              ],
              [
                14.714583669,
                61.168089072
              ],
              [
                14.714429316,
                61.168144028
              ],
              [
                14.714279027,
                61.168197536
              ],
              [
                14.714120605,
                61.16825394
              ],
              [
                14.713962181,
                61.168310343
              ],
              [
                14.713776063,
                61.168376607
              ],
              [
                14.713621705,
                61.168431563
              ],
              [
                14.713467348,
                61.168486518
              ],
              [
                14.713308922,
                61.168542921
              ],
              [
                14.713134614,
                61.168604977
              ],
              [
                14.712923745,
                61.168617336
              ],
              [
                14.71272831,
                61.168588155
              ],
              [
                14.712483038,
                61.168551531
              ],
              [
                14.712316806,
                61.168509643
              ],
              [
                14.712101826,
                61.168455472
              ],
              [
                14.711877475,
                61.168398939
              ],
              [
                14.711660876,
                61.16832866
              ],
              [
                14.711625542,
                61.16820528
              ],
              [
                14.711503246,
                61.168133759
              ],
              [
                14.711356361,
                61.168062185
              ],
              [
                14.711110576,
                61.168049783
              ],
              [
                14.710944498,
                61.168001903
              ],
              [
                14.710748673,
                61.167945448
              ],
              [
                14.710571026,
                61.167894233
              ],
              [
                14.710518479,
                61.167784916
              ],
              [
                14.710473907,
                61.167692189
              ],
              [
                14.710428053,
                61.167596796
              ],
              [
                14.71035386,
                61.167442448
              ],
              [
                14.710125599,
                61.167431932
              ],
              [
                14.70990177,
                61.167421621
              ],
              [
                14.709702318,
                61.167412432
              ],
              [
                14.709519042,
                61.167310015
              ],
              [
                14.709467351,
                61.167583071
              ],
              [
                14.709733466,
                61.168058716
              ],
              [
                14.709999805,
                61.168510606
              ],
              [
                14.710561232,
                61.168963126
              ],
              [
                14.711146289,
                61.169522586
              ],
              [
                14.711977383,
                61.17007069
              ],
              [
                14.712760727,
                61.17046429
              ],
              [
                14.714526786,
                61.170966851
              ],
              [
                14.719675637,
                61.172711623
              ],
              [
                14.721416291,
                61.173332809
              ],
              [
                14.721590329,
                61.173119384
              ],
              [
                14.721543447,
                61.172857997
              ],
              [
                14.721422367,
                61.172643966
              ],
              [
                14.721400287,
                61.172358877
              ],
              [
                14.721328396,
                61.172144947
              ],
              [
                14.721329759,
                61.17199055
              ],
              [
                14.721652599,
                61.17163491
              ],
              [
                14.721947497,
                61.17165927
              ],
              [
                14.721847977,
                61.17178971
              ],
              [
                14.721649354,
                61.172003084
              ],
              [
                14.721844003,
                61.172241021
              ],
              [
                14.721841911,
                61.172478553
              ],
              [
                14.721913703,
                61.17270436
              ],
              [
                14.722082927,
                61.173037258
              ],
              [
                14.722055826,
                61.173322246
              ],
              [
                14.721733285,
                61.173642258
              ],
              [
                14.72231894,
                61.174166039
              ],
              [
                14.723733346,
                61.175546642
              ],
              [
                14.724654106,
                61.176136224
              ],
              [
                14.725363972,
                61.176529599
              ],
              [
                14.725977223,
                61.17672087
              ],
              [
                14.72639587,
                61.176662333
              ],
              [
                14.726863196,
                61.176663276
              ],
              [
                14.727427265,
                61.176854441
              ],
              [
                14.727990317,
                61.17716437
              ],
              [
                14.728576447,
                61.177652495
              ],
              [
                14.729113808,
                61.178093012
              ],
              [
                14.729157604,
                61.178722571
              ],
              [
                14.729226202,
                61.179328425
              ],
              [
                14.729738595,
                61.179816396
              ],
              [
                14.730177918,
                61.180221084
              ],
              [
                14.731751318,
                61.1807237
              ],
              [
                14.733083346,
                61.181228128
              ],
              [
                14.733897855,
                61.181480629
              ],
              [
                14.734626198,
                61.181799944
              ],
              [
                14.734937133,
                61.181774464
              ],
              [
                14.736190745,
                61.181895679
              ],
              [
                14.737369477,
                61.182147383
              ],
              [
                14.738597529,
                61.182387294
              ],
              [
                14.73908954,
                61.182388243
              ],
              [
                14.739851277,
                61.182496599
              ],
              [
                14.740662219,
                61.182605044
              ],
              [
                14.741471613,
                61.182903512
              ],
              [
                14.742158402,
                61.183154233
              ],
              [
                14.742426882,
                61.183416034
              ],
              [
                14.742770238,
                61.183547331
              ],
              [
                14.743187882,
                61.183619384
              ],
              [
                14.744343865,
                61.1836572
              ],
              [
                14.745647842,
                61.183647779
              ],
              [
                14.747125934,
                61.183401134
              ],
              [
                14.747766138,
                61.183331067
              ],
              [
                14.748381171,
                61.18333221
              ],
              [
                14.749192353,
                61.183416852
              ],
              [
                14.749929548,
                61.183525106
              ],
              [
                14.750568154,
                61.183656928
              ],
              [
                14.751033898,
                61.183871568
              ],
              [
                14.75174604,
                61.184039149
              ],
              [
                14.75339186,
                61.184362829
              ],
              [
                14.754128906,
                61.184494813
              ],
              [
                14.754472322,
                61.18462608
              ],
              [
                14.754841357,
                61.184626749
              ],
              [
                14.755309996,
                61.184473198
              ],
              [
                14.755754215,
                61.184295849
              ],
              [
                14.755999777,
                61.184355674
              ],
              [
                14.756392403,
                61.184487026
              ],
              [
                14.75661245,
                61.184665572
              ],
              [
                14.757055017,
                61.184701998
              ],
              [
                14.757449111,
                61.18464332
              ],
              [
                14.75791765,
                61.184501637
              ],
              [
                14.758556672,
                61.184585915
              ],
              [
                14.759048083,
                61.184669927
              ],
              [
                14.759490563,
                61.18471822
              ],
              [
                14.759466685,
                61.184623164
              ],
              [
                14.759713161,
                61.184564218
              ],
              [
                14.76039941,
                61.184909859
              ],
              [
                14.761162448,
                61.1848637
              ],
              [
                14.761752193,
                61.184959753
              ],
              [
                14.76224335,
                61.185079383
              ],
              [
                14.762734065,
                61.185258395
              ],
              [
                14.763176024,
                61.185377937
              ],
              [
                14.763593651,
                61.185461803
              ],
              [
                14.763938005,
                61.18547428
              ],
              [
                14.764356432,
                61.185451256
              ],
              [
                14.764823978,
                61.185440192
              ],
              [
                14.765389848,
                61.185441173
              ],
              [
                14.766201921,
                61.185418823
              ],
              [
                14.766375636,
                61.185217218
              ],
              [
                14.766745907,
                61.185051581
              ],
              [
                14.7665019,
                61.184777995
              ],
              [
                14.767439508,
                61.184411428
              ],
              [
                14.768032839,
                61.184020512
              ],
              [
                14.768059534,
                61.183735515
              ],
              [
                14.767618541,
                61.183485347
              ],
              [
                14.76754666,
                61.183223935
              ],
              [
                14.76789396,
                61.182832596
              ],
              [
                14.768560188,
                61.182560571
              ],
              [
                14.770150587,
                61.181798078
              ],
              [
                14.769725957,
                61.181736723
              ],
              [
                14.769535531,
                61.181513868
              ],
              [
                14.769293757,
                61.18130947
              ],
              [
                14.768231363,
                61.181270568
              ],
              [
                14.767143225,
                61.181250157
              ],
              [
                14.766719165,
                61.181459596
              ],
              [
                14.766038072,
                61.181798399
              ],
              [
                14.765178679,
                61.18200708
              ],
              [
                14.764127775,
                61.182141244
              ],
              [
                14.76316672,
                61.182244651
              ],
              [
                14.762780707,
                61.182497414
              ],
              [
                14.762357578,
                61.182577031
              ],
              [
                14.76201351,
                61.182360076
              ],
              [
                14.76122188,
                61.182068158
              ],
              [
                14.760582499,
                61.181961945
              ],
              [
                14.759814996,
                61.181867865
              ],
              [
                14.759366781,
                61.181879432
              ],
              [
                14.758750986,
                61.182039054
              ],
              [
                14.757750842,
                61.182228892
              ],
              [
                14.757608482,
                61.182426443
              ],
              [
                14.757568079,
                61.182685989
              ],
              [
                14.757156503,
                61.182926327
              ],
              [
                14.756682141,
                61.183005834
              ],
              [
                14.756478565,
                61.18283857
              ],
              [
                14.756570718,
                61.182511121
              ],
              [
                14.756828792,
                61.182251966
              ],
              [
                14.756972629,
                61.181862795
              ],
              [
                14.756807613,
                61.181677057
              ],
              [
                14.756385865,
                61.181577396
              ],
              [
                14.755822231,
                61.18161347
              ],
              [
                14.755500903,
                61.181773607
              ],
              [
                14.755268526,
                61.182020443
              ],
              [
                14.754995095,
                61.182607183
              ],
              [
                14.754891272,
                61.182786256
              ],
              [
                14.753764103,
                61.182839845
              ],
              [
                14.753431829,
                61.182758882
              ],
              [
                14.75310014,
                61.182603743
              ],
              [
                14.753011868,
                61.182430502
              ],
              [
                14.752936303,
                61.182269647
              ],
              [
                14.75247644,
                61.182132817
              ],
              [
                14.752182637,
                61.18204574
              ],
              [
                14.752260913,
                61.181860441
              ],
              [
                14.752505583,
                61.181681627
              ],
              [
                14.753045744,
                61.181373542
              ],
              [
                14.753201895,
                61.181052393
              ],
              [
                14.753561202,
                61.180947964
              ],
              [
                14.75412473,
                61.180924262
              ],
              [
                14.754803436,
                61.180906948
              ],
              [
                14.755226082,
                61.180889168
              ],
              [
                14.755661911,
                61.18082196
              ],
              [
                14.756265276,
                61.180612879
              ],
              [
                14.757060961,
                61.180367052
              ],
              [
                14.757358133,
                61.180015244
              ],
              [
                14.757385497,
                61.179786581
              ],
              [
                14.757129967,
                61.179718128
              ],
              [
                14.756732754,
                61.179760685
              ],
              [
                14.756388134,
                61.179624074
              ],
              [
                14.756185298,
                61.17936409
              ],
              [
                14.756365486,
                61.179240786
              ],
              [
                14.756724714,
                61.179142529
              ],
              [
                14.756905518,
                61.178938867
              ],
              [
                14.756766455,
                61.178709906
              ],
              [
                14.75638382,
                61.178523775
              ],
              [
                14.755821628,
                61.17838059
              ],
              [
                14.755209239,
                61.178107503
              ],
              [
                14.754622414,
                61.17784064
              ],
              [
                14.754214778,
                61.177580281
              ],
              [
                14.753909078,
                61.177381921
              ],
              [
                14.753846661,
                61.177177821
              ],
              [
                14.754064817,
                61.177110221
              ],
              [
                14.754448477,
                61.17716037
              ],
              [
                14.754715868,
                61.177346296
              ],
              [
                14.755009875,
                61.177402461
              ],
              [
                14.755228748,
                61.17724214
              ],
              [
                14.755523616,
                61.17718704
              ],
              [
                14.756034483,
                61.177342496
              ],
              [
                14.756429665,
                61.177559557
              ],
              [
                14.756966622,
                61.177653243
              ],
              [
                14.757556356,
                61.177543034
              ],
              [
                14.757772895,
                61.177685595
              ],
              [
                14.75823144,
                61.177989303
              ],
              [
                14.758704353,
                61.178089049
              ],
              [
                14.759369016,
                61.178226223
              ],
              [
                14.759842596,
                61.178239425
              ],
              [
                14.760305484,
                61.177974445
              ],
              [
                14.760574513,
                61.177950195
              ],
              [
                14.761109946,
                61.178247849
              ],
              [
                14.761377807,
                61.178378131
              ],
              [
                14.761349726,
                61.178705696
              ],
              [
                14.761243851,
                61.179162933
              ],
              [
                14.761267351,
                61.179441138
              ],
              [
                14.761458409,
                61.179571284
              ],
              [
                14.761689973,
                61.179423339
              ],
              [
                14.76206185,
                61.179343634
              ],
              [
                14.762293364,
                61.179201868
              ],
              [
                14.762294946,
                61.178991702
              ],
              [
                14.762219576,
                61.178799946
              ],
              [
                14.762412493,
                61.178682839
              ],
              [
                14.762783105,
                61.178770028
              ],
              [
                14.762986734,
                61.178931101
              ],
              [
                14.763190459,
                61.179079811
              ],
              [
                14.763086647,
                61.179265072
              ],
              [
                14.763381057,
                61.179271768
              ],
              [
                14.763958551,
                61.179087334
              ],
              [
                14.764382088,
                61.178945898
              ],
              [
                14.764894088,
                61.178959151
              ],
              [
                14.76566172,
                61.179028477
              ],
              [
                14.766250398,
                61.179060401
              ],
              [
                14.766505895,
                61.179135019
              ],
              [
                14.766915663,
                61.179123361
              ],
              [
                14.767313126,
                61.179043686
              ],
              [
                14.767582613,
                61.178957609
              ],
              [
                14.767877246,
                61.178933389
              ],
              [
                14.76820997,
                61.178952503
              ],
              [
                14.768570563,
                61.178662593
              ],
              [
                14.768865464,
                61.178601283
              ],
              [
                14.769082378,
                61.178700555
              ],
              [
                14.769082606,
                61.17840459
              ],
              [
                14.769083214,
                61.178321453
              ],
              [
                14.769083909,
                61.17822644
              ],
              [
                14.769084604,
                61.178131427
              ],
              [
                14.769060789,
                61.178024496
              ],
              [
                14.769061831,
                61.177881976
              ],
              [
                14.769013854,
                61.177715619
              ],
              [
                14.769014636,
                61.177608729
              ],
              [
                14.76899082,
                61.177501798
              ],
              [
                14.768942496,
                61.177382948
              ],
              [
                14.768918595,
                61.177287892
              ],
              [
                14.76887027,
                61.177169042
              ],
              [
                14.768797525,
                61.177026397
              ],
              [
                14.768724865,
                61.176871874
              ],
              [
                14.768528705,
                61.176788402
              ],
              [
                14.768259367,
                61.176621666
              ],
              [
                14.768038263,
                61.176585658
              ],
              [
                14.767817509,
                61.176502141
              ],
              [
                14.767326551,
                61.176370654
              ],
              [
                14.76710545,
                61.176334644
              ],
              [
                14.766761372,
                61.176298421
              ],
              [
                14.76646666,
                61.17623853
              ],
              [
                14.766270422,
                61.176166931
              ],
              [
                14.766098692,
                61.17610725
              ],
              [
                14.765828578,
                61.176047399
              ],
              [
                14.765607571,
                61.17599951
              ],
              [
                14.764968969,
                61.175879635
              ],
              [
                14.764772646,
                61.17581991
              ],
              [
                14.7646502,
                61.175748437
              ],
              [
                14.76450307,
                61.175688797
              ],
              [
                14.764356385,
                61.175569774
              ],
              [
                14.764332499,
                61.175474719
              ],
              [
                14.764333296,
                61.175367829
              ],
              [
                14.7643586,
                61.175272859
              ],
              [
                14.764359309,
                61.175177845
              ],
              [
                14.764409207,
                61.175082918
              ],
              [
                14.764459107,
                61.174987991
              ],
              [
                14.764509004,
                61.174893063
              ],
              [
                14.764485118,
                61.174798007
              ],
              [
                14.764412751,
                61.174607853
              ],
              [
                14.764364715,
                61.17445337
              ],
              [
                14.764144252,
                61.174334219
              ],
              [
                14.763923879,
                61.17420319
              ],
              [
                14.763850719,
                61.174119925
              ],
              [
                14.763852317,
                61.173906145
              ],
              [
                14.763902215,
                61.173811219
              ],
              [
                14.764026072,
                61.173692666
              ],
              [
                14.764322881,
                61.173467524
              ],
              [
                14.764520251,
                61.17338473
              ],
              [
                14.764717089,
                61.173373196
              ],
              [
                14.765037158,
                61.173326244
              ],
              [
                14.765406679,
                61.173243747
              ],
              [
                14.765603868,
                61.173184705
              ],
              [
                14.765825648,
                61.173125704
              ],
              [
                14.766096527,
                61.173078665
              ],
              [
                14.766638284,
                61.172984585
              ],
              [
                14.767130761,
                61.172902296
              ],
              [
                14.767352275,
                61.172878923
              ],
              [
                14.767894111,
                61.172772961
              ],
              [
                14.768115885,
                61.172713957
              ],
              [
                14.768534837,
                61.172595906
              ],
              [
                14.768855329,
                61.172489562
              ],
              [
                14.769003321,
                61.172430431
              ],
              [
                14.769126979,
                61.172335628
              ],
              [
                14.769176861,
                61.172240698
              ],
              [
                14.769202147,
                61.172145727
              ],
              [
                14.769178423,
                61.172026919
              ],
              [
                14.769130278,
                61.171884315
              ],
              [
                14.769008532,
                61.171717832
              ],
              [
                14.768861761,
                61.171610691
              ],
              [
                14.768789027,
                61.171468045
              ],
              [
                14.768691878,
                61.171301604
              ],
              [
                14.76854502,
                61.171206338
              ],
              [
                14.768397905,
                61.171146703
              ],
              [
                14.767293286,
                61.170871643
              ],
              [
                14.767023479,
                61.170776164
              ],
              [
                14.766876366,
                61.170716527
              ],
              [
                14.766656097,
                61.170573627
              ],
              [
                14.766484834,
                61.170454563
              ],
              [
                14.766362404,
                61.170383092
              ],
              [
                14.766215736,
                61.17026407
              ],
              [
                14.766192024,
                61.170145261
              ],
              [
                14.766094275,
                61.170061955
              ],
              [
                14.766070388,
                61.169966899
              ],
              [
                14.76607162,
                61.169800627
              ],
              [
                14.766072411,
                61.169693737
              ],
              [
                14.766097705,
                61.169598766
              ],
              [
                14.766099112,
                61.169408739
              ],
              [
                14.766124934,
                61.169242509
              ],
              [
                14.766125637,
                61.169147496
              ],
              [
                14.76615102,
                61.169040648
              ],
              [
                14.766151811,
                61.168933758
              ],
              [
                14.766152515,
                61.168838745
              ],
              [
                14.766227075,
                61.168731983
              ],
              [
                14.766375405,
                61.168625347
              ],
              [
                14.766622094,
                61.168518882
              ],
              [
                14.766819251,
                61.168459838
              ],
              [
                14.767016143,
                61.168436423
              ],
              [
                14.767311222,
                61.16843693
              ],
              [
                14.767508026,
                61.168425391
              ],
              [
                14.767778513,
                61.168425855
              ],
              [
                14.767999646,
                61.168449988
              ],
              [
                14.768319053,
                61.168486165
              ],
              [
                14.768540185,
                61.168510297
              ],
              [
                14.768761146,
                61.168558182
              ],
              [
                14.768957518,
                61.168606024
              ],
              [
                14.76920307,
                61.168653951
              ],
              [
                14.769399355,
                61.168713669
              ],
              [
                14.769620405,
                61.168749675
              ],
              [
                14.769866045,
                61.168785724
              ],
              [
                14.770086922,
                61.168845483
              ],
              [
                14.770307715,
                61.168917118
              ],
              [
                14.770577516,
                61.16901259
              ],
              [
                14.770724625,
                61.169072223
              ],
              [
                14.770945335,
                61.169155734
              ],
              [
                14.771092446,
                61.169215367
              ],
              [
                14.771264064,
                61.169286918
              ],
              [
                14.771435337,
                61.169405975
              ],
              [
                14.771704974,
                61.169525198
              ],
              [
                14.7720477,
                61.169739557
              ],
              [
                14.772243654,
                61.169846778
              ],
              [
                14.772464288,
                61.169942164
              ],
              [
                14.772807365,
                61.170109014
              ],
              [
                14.773028259,
                61.170168769
              ],
              [
                14.773200055,
                61.170216564
              ],
              [
                14.773396358,
                61.170276277
              ],
              [
                14.773592406,
                61.170371619
              ],
              [
                14.773837468,
                61.170490797
              ],
              [
                14.774180898,
                61.170610137
              ],
              [
                14.774450641,
                61.170717478
              ],
              [
                14.774720554,
                61.170801065
              ],
              [
                14.774867596,
                61.170872571
              ],
              [
                14.775039229,
                61.170944116
              ],
              [
                14.775333486,
                61.171063373
              ],
              [
                14.77548053,
                61.171134877
              ],
              [
                14.775602983,
                61.171206341
              ],
              [
                14.775749607,
                61.171337228
              ],
              [
                14.775994263,
                61.171515785
              ],
              [
                14.776116635,
                61.171599125
              ],
              [
                14.776288191,
                61.171682546
              ],
              [
                14.776459077,
                61.171860981
              ],
              [
                14.776630636,
                61.171944401
              ],
              [
                14.776826873,
                61.172015985
              ],
              [
                14.777170078,
                61.172170949
              ],
              [
                14.777366318,
                61.172242532
              ],
              [
                14.777513455,
                61.172302158
              ],
              [
                14.777635917,
                61.17237362
              ],
              [
                14.778249071,
                61.172612161
              ],
              [
                14.77864131,
                61.172790955
              ],
              [
                14.778788453,
                61.172850579
              ],
              [
                14.778935596,
                61.172910203
              ],
              [
                14.779131761,
                61.172993661
              ],
              [
                14.779499666,
                61.173136781
              ],
              [
                14.779916678,
                61.173291858
              ],
              [
                14.780113011,
                61.173351561
              ],
              [
                14.780456497,
                61.173470886
              ],
              [
                14.780603646,
                61.173530509
              ],
              [
                14.78072612,
                61.173601968
              ],
              [
                14.780946888,
                61.173685462
              ],
              [
                14.78111855,
                61.173757
              ],
              [
                14.781290297,
                61.173816662
              ],
              [
                14.781486801,
                61.17385261
              ],
              [
                14.781707901,
                61.173888597
              ],
              [
                14.782076238,
                61.173972327
              ],
              [
                14.782223393,
                61.174031948
              ],
              [
                14.782370548,
                61.174091568
              ],
              [
                14.782664617,
                61.174246438
              ],
              [
                14.782787098,
                61.174317896
              ],
              [
                14.782909415,
                61.174413106
              ],
              [
                14.783056575,
                61.174472726
              ],
              [
                14.783203571,
                61.174556099
              ],
              [
                14.783325892,
                61.174651309
              ],
              [
                14.783619073,
                61.174936821
              ],
              [
                14.783716884,
                61.175020114
              ],
              [
                14.783888316,
                61.175127279
              ],
              [
                14.784035236,
                61.175222527
              ],
              [
                14.784133048,
                61.175305821
              ],
              [
                14.784353593,
                61.17542494
              ],
              [
                14.784573979,
                61.175567812
              ],
              [
                14.78479493,
                61.175627548
              ],
              [
                14.784966695,
                61.175687204
              ],
              [
                14.785138539,
                61.175734983
              ],
              [
                14.785432796,
                61.175866095
              ],
              [
                14.78555529,
                61.17593755
              ],
              [
                14.785727219,
                61.175973452
              ],
              [
                14.785874148,
                61.176068699
              ],
              [
                14.78607043,
                61.17614027
              ],
              [
                14.786242199,
                61.176199925
              ],
              [
                14.786364616,
                61.176283255
              ],
              [
                14.78651179,
                61.176342871
              ],
              [
                14.78668364,
                61.176390649
              ],
              [
                14.787002747,
                61.176486166
              ],
              [
                14.787149923,
                61.176545781
              ],
              [
                14.787247347,
                61.176688455
              ],
              [
                14.787369209,
                61.176854922
              ],
              [
                14.787516307,
                61.176926413
              ],
              [
                14.78763849,
                61.177045373
              ],
              [
                14.787810026,
                61.177140655
              ],
              [
                14.787981404,
                61.177259691
              ],
              [
                14.788177381,
                61.177378766
              ],
              [
                14.788299808,
                61.177462094
              ],
              [
                14.788422155,
                61.1775573
              ],
              [
                14.788568862,
                61.177688174
              ],
              [
                14.788740245,
                61.177807209
              ],
              [
                14.788887273,
                61.177890575
              ],
              [
                14.788985105,
                61.177973866
              ],
              [
                14.78925504,
                61.1780693
              ],
              [
                14.789377551,
                61.178140752
              ],
              [
                14.789500062,
                61.178212203
              ],
              [
                14.789597898,
                61.178295492
              ],
              [
                14.789867838,
                61.178390926
              ],
              [
                14.790039706,
                61.178438698
              ],
              [
                14.790137542,
                61.178521988
              ],
              [
                14.790309332,
                61.178581638
              ],
              [
                14.790554837,
                61.178653278
              ],
              [
                14.790775979,
                61.17868925
              ],
              [
                14.790923174,
                61.178748861
              ],
              [
                14.791094886,
                61.178820388
              ],
              [
                14.791216933,
                61.178963097
              ],
              [
                14.791339452,
                61.179034546
              ],
              [
                14.791412696,
                61.179117796
              ],
              [
                14.791362088,
                61.1793315
              ],
              [
                14.791312107,
                61.179450191
              ],
              [
                14.791262046,
                61.179580758
              ],
              [
                14.791186759,
                61.179806301
              ],
              [
                14.79116114,
                61.179960659
              ],
              [
                14.791111077,
                61.180091226
              ],
              [
                14.791085614,
                61.180221831
              ],
              [
                14.7910596,
                61.180435574
              ],
              [
                14.791058893,
                61.180542464
              ],
              [
                14.791058264,
                61.180637476
              ],
              [
                14.791032879,
                61.180756205
              ],
              [
                14.790883472,
                61.18102914
              ],
              [
                14.790808809,
                61.18115967
              ],
              [
                14.790758979,
                61.181254606
              ],
              [
                14.790659636,
                61.181396974
              ],
              [
                14.790412376,
                61.18158662
              ],
              [
                14.790288824,
                61.181669566
              ],
              [
                14.790214312,
                61.181776342
              ],
              [
                14.790139802,
                61.181883117
              ],
              [
                14.79011449,
                61.181989969
              ],
              [
                14.790040137,
                61.182072991
              ],
              [
                14.789940787,
                61.182215358
              ],
              [
                14.789767319,
                61.182405117
              ],
              [
                14.789643761,
                61.182488063
              ],
              [
                14.789396328,
                61.18270146
              ],
              [
                14.789272848,
                61.182772529
              ],
              [
                14.789049931,
                61.18299784
              ],
              [
                14.788851773,
                61.183199437
              ],
              [
                14.788703687,
                61.183270466
              ],
              [
                14.78848164,
                61.183365133
              ],
              [
                14.788209909,
                61.183530984
              ],
              [
                14.788061899,
                61.183590136
              ],
              [
                14.787766042,
                61.183684687
              ],
              [
                14.787346535,
                61.183874058
              ],
              [
                14.787124718,
                61.183933093
              ],
              [
                14.786927744,
                61.183956536
              ],
              [
                14.786755048,
                61.184027525
              ],
              [
                14.785967063,
                61.184133174
              ],
              [
                14.785745564,
                61.1841447
              ],
              [
                14.785548749,
                61.184144389
              ],
              [
                14.78535177,
                61.184167831
              ],
              [
                14.785105669,
                61.184179317
              ],
              [
                14.784662509,
                61.18422612
              ],
              [
                14.784391725,
                61.184249443
              ],
              [
                14.784194826,
                61.184261006
              ],
              [
                14.783973325,
                61.18427253
              ],
              [
                14.783776428,
                61.184284093
              ],
              [
                14.783481039,
                61.184307374
              ],
              [
                14.783284141,
                61.184318936
              ],
              [
                14.78276717,
                61.184365615
              ],
              [
                14.782299564,
                61.184388618
              ],
              [
                14.782028776,
                61.184411936
              ],
              [
                14.781512048,
                61.18442298
              ],
              [
                14.781290545,
                61.1844345
              ],
              [
                14.781019839,
                61.184445939
              ],
              [
                14.780798336,
                61.184457457
              ],
              [
                14.780502944,
                61.184480733
              ],
              [
                14.780256756,
                61.184504087
              ],
              [
                14.780035252,
                61.184515604
              ],
              [
                14.779789149,
                61.184527082
              ],
              [
                14.779592246,
                61.184538638
              ],
              [
                14.779346057,
                61.18456199
              ],
              [
                14.778829326,
                61.184573024
              ],
              [
                14.778632506,
                61.184572703
              ],
              [
                14.778287908,
                61.184595893
              ],
              [
                14.777771092,
                61.1846188
              ],
              [
                14.777451093,
                61.184642028
              ],
              [
                14.777180383,
                61.18465346
              ],
              [
                14.776811263,
                61.184664729
              ],
              [
                14.776491433,
                61.184664201
              ],
              [
                14.776220807,
                61.184663755
              ],
              [
                14.776023818,
                61.184687182
              ],
              [
                14.775802059,
                61.184734323
              ],
              [
                14.775629589,
                61.184769668
              ],
              [
                14.775457119,
                61.184805012
              ],
              [
                14.775259706,
                61.184887822
              ],
              [
                14.774914677,
                61.184970387
              ],
              [
                14.774742205,
                61.185005731
              ],
              [
                14.774618598,
                61.185088662
              ],
              [
                14.77434661,
                61.185278237
              ],
              [
                14.774223086,
                61.185349292
              ],
              [
                14.774099561,
                61.185420347
              ],
              [
                14.774000554,
                61.185503319
              ],
              [
                14.77385166,
                61.185681223
              ],
              [
                14.773653811,
                61.185823413
              ],
              [
                14.773530028,
                61.185930097
              ],
              [
                14.773480055,
                61.186036904
              ],
              [
                14.773405564,
                61.186131794
              ],
              [
                14.773330729,
                61.18627419
              ],
              [
                14.773354565,
                61.186381121
              ],
              [
                14.773353712,
                61.186499887
              ],
              [
                14.773352944,
                61.186606777
              ],
              [
                14.773352091,
                61.186725543
              ],
              [
                14.773351324,
                61.186832432
              ],
              [
                14.773350642,
                61.186927445
              ],
              [
                14.773543471,
                61.187485976
              ],
              [
                14.773532864,
                61.187688663
              ],
              [
                14.774303835,
                61.187819794
              ],
              [
                14.776367445,
                61.188274533
              ],
              [
                14.777718388,
                61.188609306
              ],
              [
                14.778332691,
                61.18872908
              ],
              [
                14.779218159,
                61.188778033
              ],
              [
                14.781111885,
                61.18891175
              ],
              [
                14.782561251,
                61.18925851
              ],
              [
                14.784724876,
                61.189511378
              ],
              [
                14.786272975,
                61.189822625
              ],
              [
                14.787132997,
                61.190002129
              ],
              [
                14.787625368,
                61.189967272
              ],
              [
                14.788044319,
                61.189872914
              ],
              [
                14.78885657,
                61.189838553
              ],
              [
                14.789842015,
                61.189661933
              ],
              [
                14.790752448,
                61.189663343
              ],
              [
                14.791637648,
                61.189759721
              ],
              [
                14.791931045,
                61.190045214
              ],
              [
                14.792102039,
                61.190235504
              ],
              [
                14.79247075,
                61.190295453
              ],
              [
                14.79290886,
                61.190302628
              ],
              [
                14.79293409,
                61.190207653
              ],
              [
                14.793082119,
                61.190148496
              ],
              [
                14.793279285,
                61.190101289
              ],
              [
                14.793476215,
                61.190089713
              ],
              [
                14.793697675,
                61.190090051
              ],
              [
                14.793894607,
                61.190078473
              ],
              [
                14.794091459,
                61.190078772
              ],
              [
                14.794337525,
                61.190079146
              ],
              [
                14.794534457,
                61.190067568
              ],
              [
                14.794731463,
                61.190044114
              ],
              [
                14.794928394,
                61.190032535
              ],
              [
                14.7951254,
                61.190009079
              ],
              [
                14.795322408,
                61.189985624
              ],
              [
                14.795494961,
                61.189938377
              ],
              [
                14.795667514,
                61.18989113
              ],
              [
                14.795864597,
                61.189855798
              ],
              [
                14.796037072,
                61.189820427
              ],
              [
                14.796234078,
                61.18979697
              ],
              [
                14.796406552,
                61.189761599
              ],
              [
                14.796603557,
                61.189738142
              ],
              [
                14.796800636,
                61.189702807
              ],
              [
                14.796997641,
                61.189679349
              ],
              [
                14.797194643,
                61.18965589
              ],
              [
                14.797391571,
                61.189644308
              ],
              [
                14.797588572,
                61.189620849
              ],
              [
                14.797785576,
                61.18959739
              ],
              [
                14.797982579,
                61.18957393
              ],
              [
                14.798179504,
                61.189562347
              ],
              [
                14.798376355,
                61.18956264
              ],
              [
                14.798573204,
                61.189562933
              ],
              [
                14.798770054,
                61.189563226
              ],
              [
                14.799040723,
                61.189563627
              ],
              [
                14.79926218,
                61.189563956
              ],
              [
                14.799459104,
                61.189552371
              ],
              [
                14.79965603,
                61.189540786
              ],
              [
                14.79985303,
                61.189517323
              ],
              [
                14.800050031,
                61.189493861
              ],
              [
                14.800271487,
                61.189494187
              ],
              [
                14.800468335,
                61.189494477
              ],
              [
                14.800665036,
                61.18951852
              ],
              [
                14.80086181,
                61.189530686
              ],
              [
                14.80103383,
                61.189566569
              ],
              [
                14.801205774,
                61.189614329
              ],
              [
                14.801353037,
                61.189673929
              ],
              [
                14.801475621,
                61.189745369
              ],
              [
                14.801647492,
                61.189805004
              ],
              [
                14.801819514,
                61.189840886
              ],
              [
                14.801991535,
                61.189876768
              ],
              [
                14.80208944,
                61.189960048
              ],
              [
                14.802212027,
                61.190031487
              ],
              [
                14.802383975,
                61.190079245
              ],
              [
                14.802826154,
                61.190198657
              ],
              [
                14.802998178,
                61.190234538
              ],
              [
                14.803096013,
                61.190329694
              ],
              [
                14.803144633,
                61.190424779
              ],
              [
                14.803291904,
                61.190484376
              ],
              [
                14.803340527,
                61.190579461
              ],
              [
                14.803487799,
                61.190639058
              ],
              [
                14.803610392,
                61.190710496
              ],
              [
                14.8036098,
                61.19080551
              ],
              [
                14.803584602,
                61.190900487
              ],
              [
                14.803584011,
                61.1909955
              ],
              [
                14.803583419,
                61.191090514
              ],
              [
                14.803509079,
                61.191173543
              ],
              [
                14.803459273,
                61.191268485
              ],
              [
                14.803434072,
                61.191363462
              ],
              [
                14.80343348,
                61.191458475
              ],
              [
                14.803482105,
                61.191553559
              ],
              [
                14.803481513,
                61.191648573
              ],
              [
                14.803505529,
                61.191743621
              ],
              [
                14.803554153,
                61.191838706
              ],
              [
                14.803651994,
                61.191933861
              ],
              [
                14.803823957,
                61.191981618
              ],
              [
                14.804020747,
                61.191993779
              ],
              [
                14.804207708,
                61.19202788
              ],
              [
                14.804373464,
                61.191971098
              ],
              [
                14.804652818,
                61.191917635
              ],
              [
                14.804878006,
                61.191900005
              ],
              [
                14.805045584,
                61.191873313
              ],
              [
                14.805308334,
                61.19179738
              ],
              [
                14.805403698,
                61.191716718
              ],
              [
                14.805817585,
                61.191564692
              ],
              [
                14.80662439,
                61.191341404
              ],
              [
                14.80711245,
                61.19122539
              ],
              [
                14.807598455,
                61.191140793
              ],
              [
                14.80813829,
                61.191074226
              ],
              [
                14.808568242,
                61.191029945
              ],
              [
                14.80894034,
                61.191017004
              ],
              [
                14.809022815,
                61.190908263
              ],
              [
                14.809146354,
                61.190825299
              ],
              [
                14.809269821,
                61.190754212
              ],
              [
                14.809393359,
                61.190671249
              ],
              [
                14.809443148,
                61.190576305
              ],
              [
                14.809394507,
                61.190481223
              ],
              [
                14.809222474,
                61.19044535
              ],
              [
                14.80902569,
                61.190433197
              ],
              [
                14.808952373,
                61.190349955
              ],
              [
                14.809100373,
                61.19029078
              ],
              [
                14.809272836,
                61.190255393
              ],
              [
                14.809371694,
                61.190184272
              ],
              [
                14.809544227,
                61.190137008
              ],
              [
                14.80971669,
                61.19010162
              ],
              [
                14.809864688,
                61.190042444
              ],
              [
                14.810012685,
                61.189983267
              ],
              [
                14.810185287,
                61.189924127
              ],
              [
                14.810357891,
                61.189864984
              ],
              [
                14.810481351,
                61.189793896
              ],
              [
                14.810604811,
                61.189722808
              ],
              [
                14.81077734,
                61.189675542
              ],
              [
                14.810949869,
                61.189628277
              ],
              [
                14.811122398,
                61.18958101
              ],
              [
                14.811294855,
                61.18954562
              ],
              [
                14.811418312,
                61.189474532
              ],
              [
                14.811566303,
                61.189415354
              ],
              [
                14.81168983,
                61.189332389
              ],
              [
                14.811911427,
                61.189308942
              ],
              [
                14.812083881,
                61.189273552
              ],
              [
                14.81228073,
                61.189273825
              ],
              [
                14.812477577,
                61.189274098
              ],
              [
                14.812649539,
                61.189321843
              ],
              [
                14.812846246,
                61.189345868
              ],
              [
                14.813141309,
                61.189381906
              ],
              [
                14.813313341,
                61.189417772
              ],
              [
                14.813510189,
                61.189418044
              ],
              [
                14.813731645,
                61.189418348
              ],
              [
                14.813928495,
                61.189418619
              ],
              [
                14.814125343,
                61.189418889
              ],
              [
                14.814322193,
                61.189419159
              ],
              [
                14.814518972,
                61.189431305
              ],
              [
                14.814765033,
                61.189431642
              ],
              [
                14.814986489,
                61.189431944
              ],
              [
                14.815232482,
                61.189444158
              ],
              [
                14.815429332,
                61.189444426
              ],
              [
                14.815675323,
                61.189456637
              ],
              [
                14.815896779,
                61.189456938
              ],
              [
                14.816142841,
                61.189457273
              ],
              [
                14.816388903,
                61.189457606
              ],
              [
                14.816585753,
                61.189457873
              ],
              [
                14.816831746,
                61.189470082
              ],
              [
                14.817077806,
                61.189470415
              ],
              [
                14.817299194,
                61.18948259
              ],
              [
                14.817569862,
                61.189482955
              ],
              [
                14.817766575,
                61.189506974
              ],
              [
                14.817963356,
                61.189519115
              ],
              [
                14.818184812,
                61.189519412
              ],
              [
                14.818406201,
                61.189531586
              ],
              [
                14.818602982,
                61.189543726
              ],
              [
                14.818898053,
                61.189579751
              ],
              [
                14.819094835,
                61.189591891
              ],
              [
                14.819291618,
                61.18960403
              ],
              [
                14.819562151,
                61.189628144
              ],
              [
                14.819783541,
                61.189640316
              ],
              [
                14.820054143,
                61.189652552
              ],
              [
                14.820275465,
                61.189676599
              ],
              [
                14.82047218,
                61.189700614
              ],
              [
                14.820693503,
                61.18972466
              ],
              [
                14.820890218,
                61.189748673
              ],
              [
                14.821086936,
                61.189772687
              ],
              [
                14.821381876,
                61.18983246
              ],
              [
                14.821553922,
                61.189868317
              ],
              [
                14.821775312,
                61.189880486
              ],
              [
                14.821971964,
                61.189916374
              ],
              [
                14.82219329,
                61.189940419
              ],
              [
                14.822562121,
                61.189988408
              ],
              [
                14.82275884,
                61.19001242
              ],
              [
                14.822980167,
                61.190036463
              ],
              [
                14.823176952,
                61.190048596
              ],
              [
                14.823447493,
                61.190072703
              ],
              [
                14.823644214,
                61.190096712
              ],
              [
                14.823865542,
                61.190120753
              ],
              [
                14.824062329,
                61.190132887
              ],
              [
                14.824259117,
                61.190145018
              ],
              [
                14.82445597,
                61.190145274
              ],
              [
                14.824652957,
                61.190121775
              ],
              [
                14.824825401,
                61.190086368
              ],
              [
                14.824997912,
                61.190039084
              ],
              [
                14.825170356,
                61.190003676
              ],
              [
                14.825367341,
                61.189980177
              ],
              [
                14.825564193,
                61.189980431
              ],
              [
                14.825760981,
                61.18999256
              ],
              [
                14.825932965,
                61.190040289
              ],
              [
                14.826080212,
                61.190111738
              ],
              [
                14.826178181,
                61.190195001
              ],
              [
                14.826423922,
                61.1902547
              ],
              [
                14.826595713,
                61.190338057
              ],
              [
                14.826767701,
                61.190385784
              ],
              [
                14.826939754,
                61.190421634
              ],
              [
                14.827161087,
                61.19044567
              ],
              [
                14.827357812,
                61.190469674
              ],
              [
                14.827554604,
                61.190481802
              ],
              [
                14.827751329,
                61.190505806
              ],
              [
                14.827948121,
                61.190517933
              ],
              [
                14.828120176,
                61.190553781
              ],
              [
                14.828267495,
                61.190613351
              ],
              [
                14.828439552,
                61.1906492
              ],
              [
                14.828611543,
                61.190696925
              ],
              [
                14.828783471,
                61.190756526
              ],
              [
                14.828955465,
                61.190804249
              ],
              [
                14.829152129,
                61.190840128
              ],
              [
                14.829324124,
                61.190887852
              ],
              [
                14.829496118,
                61.190935576
              ],
              [
                14.829643442,
                61.190995144
              ],
              [
                14.829815501,
                61.191030991
              ],
              [
                14.829987498,
                61.191078714
              ],
              [
                14.830134759,
                61.191150159
              ],
              [
                14.8303065,
                61.191245388
              ],
              [
                14.830453828,
                61.191304956
              ],
              [
                14.830601155,
                61.191364523
              ],
              [
                14.83084685,
                61.191436092
              ],
              [
                14.831018913,
                61.191471936
              ],
              [
                14.831215649,
                61.191495935
              ],
              [
                14.831387713,
                61.191531779
              ],
              [
                14.831633538,
                61.191579592
              ],
              [
                14.831805539,
                61.191627313
              ],
              [
                14.831977477,
                61.19168691
              ],
              [
                14.832149545,
                61.191722753
              ],
              [
                14.832272332,
                61.191770412
              ],
              [
                14.832468943,
                61.191818162
              ],
              [
                14.832641012,
                61.191854005
              ],
              [
                14.832837498,
                61.191925508
              ],
              [
                14.833009568,
                61.19196135
              ],
              [
                14.833206432,
                61.191961593
              ],
              [
                14.833550821,
                61.19198577
              ],
              [
                14.833747561,
                61.192009765
              ],
              [
                14.833944427,
                61.192010007
              ],
              [
                14.834140581,
                61.192024028
              ],
              [
                14.834222241,
                61.192032004
              ],
              [
                14.834337971,
                61.192046118
              ],
              [
                14.834534776,
                61.192058236
              ],
              [
                14.834731641,
                61.192058476
              ],
              [
                14.834928507,
                61.192058716
              ],
              [
                14.835125372,
                61.192058956
              ],
              [
                14.835322239,
                61.192059195
              ],
              [
                14.83551898,
                61.192083188
              ],
              [
                14.835715847,
                61.192083426
              ],
              [
                14.835937322,
                61.192083695
              ],
              [
                14.836134187,
                61.192083933
              ],
              [
                14.836355662,
                61.192084201
              ],
              [
                14.836552527,
                61.192084438
              ],
              [
                14.836749394,
                61.192084676
              ],
              [
                14.836946259,
                61.192084913
              ],
              [
                14.837143187,
                61.192073273
              ],
              [
                14.837340054,
                61.19207351
              ],
              [
                14.837536919,
                61.192073746
              ],
              [
                14.837733786,
                61.192073982
              ],
              [
                14.837930712,
                61.192062341
              ],
              [
                14.83812764,
                61.192050699
              ],
              [
                14.838324627,
                61.192027181
              ],
              [
                14.838521554,
                61.192015539
              ],
              [
                14.838792365,
                61.191992109
              ],
              [
                14.838989353,
                61.191968589
              ],
              [
                14.839186217,
                61.191968823
              ],
              [
                14.839432299,
                61.191969115
              ],
              [
                14.839629166,
                61.191969348
              ],
              [
                14.839850638,
                61.19196961
              ],
              [
                14.840047504,
                61.191969842
              ],
              [
                14.840293466,
                61.191993886
              ],
              [
                14.84051488,
                61.192006024
              ],
              [
                14.840711685,
                61.192018132
              ],
              [
                14.840908432,
                61.192042116
              ],
              [
                14.841105177,
                61.192066101
              ],
              [
                14.841326353,
                61.192125744
              ],
              [
                14.841547709,
                61.192149756
              ],
              [
                14.841744515,
                61.192161863
              ],
              [
                14.841941323,
                61.192173969
              ],
              [
                14.842211896,
                61.192198038
              ],
              [
                14.842507077,
                61.192222135
              ],
              [
                14.842851417,
                61.192258165
              ],
              [
                14.843048166,
                61.192282147
              ],
              [
                14.843269465,
                61.192318033
              ],
              [
                14.843466157,
                61.19235389
              ],
              [
                14.843662965,
                61.192365995
              ],
              [
                14.843884383,
                61.192378127
              ],
              [
                14.844056466,
                61.192413955
              ],
              [
                14.844302199,
                61.192485498
              ],
              [
                14.844474227,
                61.192533202
              ],
              [
                14.844695644,
                61.192545333
              ],
              [
                14.844867731,
                61.192581161
              ],
              [
                14.845064483,
                61.192605139
              ],
              [
                14.845261236,
                61.192629118
              ],
              [
                14.845458047,
                61.192641219
              ],
              [
                14.845654917,
                61.192641443
              ],
              [
                14.845851844,
                61.192629791
              ],
              [
                14.84604883,
                61.192606261
              ],
              [
                14.846221322,
                61.192558951
              ],
              [
                14.846197177,
                61.192463909
              ],
              [
                14.846148424,
                61.19236884
              ],
              [
                14.846075003,
                61.192285619
              ],
              [
                14.845977148,
                61.192166741
              ],
              [
                14.845977612,
                61.192071728
              ],
              [
                14.845978076,
                61.191976714
              ],
              [
                14.846101464,
                61.191905594
              ],
              [
                14.846249402,
                61.191846378
              ],
              [
                14.846446268,
                61.191846602
              ],
              [
                14.846741564,
                61.191846936
              ],
              [
                14.84693843,
                61.191847159
              ],
              [
                14.847135293,
                61.191847381
              ],
              [
                14.847282656,
                61.191906931
              ],
              [
                14.847355962,
                61.192013904
              ],
              [
                14.847552255,
                61.192132892
              ],
              [
                14.847650288,
                61.19221614
              ],
              [
                14.847822259,
                61.192275716
              ],
              [
                14.848019126,
                61.192275937
              ],
              [
                14.84821588,
                61.192299911
              ],
              [
                14.848535675,
                61.192324023
              ],
              [
                14.848732486,
                61.192336119
              ],
              [
                14.848904404,
                61.192407572
              ],
              [
                14.849051772,
                61.192467119
              ],
              [
                14.8491252,
                61.192550338
              ],
              [
                14.849198629,
                61.192633557
              ],
              [
                14.849345941,
                61.192704982
              ],
              [
                14.849542697,
                61.192728953
              ],
              [
                14.849739455,
                61.192752926
              ],
              [
                14.849936268,
                61.19276502
              ],
              [
                14.850133139,
                61.192765238
              ],
              [
                14.85033001,
                61.192765456
              ],
              [
                14.850527105,
                61.192718166
              ],
              [
                14.850724144,
                61.192682754
              ],
              [
                14.850896629,
                61.192635437
              ],
              [
                14.851093724,
                61.192588146
              ],
              [
                14.851290816,
                61.192540856
              ],
              [
                14.851487798,
                61.192517319
              ],
              [
                14.851684722,
                61.192505658
              ],
              [
                14.851881703,
                61.192482119
              ],
              [
                14.85205413,
                61.192446678
              ],
              [
                14.852202114,
                61.192375579
              ],
              [
                14.85232549,
                61.192304453
              ],
              [
                14.852448866,
                61.192233327
              ],
              [
                14.852645789,
                61.192221665
              ],
              [
                14.852818324,
                61.192162469
              ],
              [
                14.853040021,
                61.192115202
              ],
              [
                14.853212445,
                61.19207976
              ],
              [
                14.853409367,
                61.192068095
              ],
              [
                14.853606342,
                61.192044555
              ],
              [
                14.853803264,
                61.192032891
              ],
              [
                14.854000239,
                61.192009351
              ],
              [
                14.854172662,
                61.191973906
              ],
              [
                14.854345193,
                61.191914708
              ],
              [
                14.854419402,
                61.191831651
              ],
              [
                14.854444448,
                61.191736663
              ],
              [
                14.854444941,
                61.191629773
              ],
              [
                14.854494594,
                61.191534813
              ],
              [
                14.854519639,
                61.191439826
              ],
              [
                14.854618454,
                61.191356795
              ],
              [
                14.854741821,
                61.191285667
              ],
              [
                14.854889794,
                61.191214565
              ],
              [
                14.855062212,
                61.191179119
              ],
              [
                14.855259181,
                61.191155577
              ],
              [
                14.855456151,
                61.191132033
              ],
              [
                14.855677617,
                61.191132269
              ],
              [
                14.85587437,
                61.191156233
              ],
              [
                14.856071123,
                61.191180195
              ],
              [
                14.856316981,
                61.191227963
              ],
              [
                14.856513789,
                61.191240048
              ],
              [
                14.85673515,
                61.191264036
              ],
              [
                14.856931956,
                61.191276121
              ],
              [
                14.857079333,
                61.19133566
              ],
              [
                14.857275981,
                61.191383374
              ],
              [
                14.857472682,
                61.191419211
              ],
              [
                14.857669544,
                61.191419418
              ],
              [
                14.85786646,
                61.191407749
              ],
              [
                14.858063321,
                61.191407955
              ],
              [
                14.858284792,
                61.191408187
              ],
              [
                14.858481653,
                61.191408393
              ],
              [
                14.858678462,
                61.191420475
              ],
              [
                14.858850504,
                61.191468161
              ],
              [
                14.8590226,
                61.19150397
              ],
              [
                14.859219409,
                61.191516051
              ],
              [
                14.859416114,
                61.191551886
              ],
              [
                14.859612923,
                61.191563966
              ],
              [
                14.859809734,
                61.191576047
              ],
              [
                14.860031048,
                61.191611906
              ],
              [
                14.860227805,
                61.191635862
              ],
              [
                14.860399852,
                61.191683547
              ],
              [
                14.860694989,
                61.191719481
              ],
              [
                14.860768446,
                61.191802694
              ],
              [
                14.860817244,
                61.191897758
              ],
              [
                14.860841276,
                61.192028426
              ],
              [
                14.860890073,
                61.19212349
              ],
              [
                14.860938819,
                61.192230431
              ],
              [
                14.861061548,
                61.192301817
              ],
              [
                14.861258467,
                61.192290142
              ],
              [
                14.861455439,
                61.19226659
              ],
              [
                14.86165241,
                61.192243038
              ],
              [
                14.861898598,
                61.192219536
              ],
              [
                14.8621939,
                61.192219837
              ],
              [
                14.862390715,
                61.192231913
              ],
              [
                14.862612191,
                61.192232138
              ],
              [
                14.862809005,
                61.192244214
              ],
              [
                14.862907078,
                61.192327451
              ],
              [
                14.862955884,
                61.192422513
              ],
              [
                14.863029244,
                61.192529478
              ],
              [
                14.863078051,
                61.192624541
              ],
              [
                14.863126855,
                61.192719605
              ],
              [
                14.86324959,
                61.192790989
              ],
              [
                14.863446306,
                61.192826818
              ],
              [
                14.86364287,
                61.192898276
              ],
              [
                14.863814876,
                61.192957832
              ],
              [
                14.863962224,
                61.193029241
              ],
              [
                14.864158584,
                61.193148205
              ],
              [
                14.864355253,
                61.193195909
              ],
              [
                14.864552075,
                61.193207983
              ],
              [
                14.864748847,
                61.193231932
              ],
              [
                14.864920958,
                61.193267734
              ],
              [
                14.865142289,
                61.193303585
              ],
              [
                14.865339112,
                61.193315658
              ],
              [
                14.865560596,
                61.193315878
              ],
              [
                14.86575747,
                61.193316073
              ],
              [
                14.865978952,
                61.193316292
              ],
              [
                14.866200487,
                61.193304634
              ],
              [
                14.86642197,
                61.193304852
              ],
              [
                14.866692672,
                61.193305119
              ],
              [
                14.866889597,
                61.193293436
              ],
              [
                14.86708652,
                61.193281753
              ],
              [
                14.86740659,
                61.193246436
              ],
              [
                14.867603513,
                61.193234752
              ],
              [
                14.867800437,
                61.193223068
              ],
              [
                14.86794834,
                61.193163828
              ],
              [
                14.868071734,
                61.193080812
              ],
              [
                14.868145957,
                61.19298587
              ],
              [
                14.868097137,
                61.192890809
              ],
              [
                14.867999048,
                61.192807576
              ],
              [
                14.867826936,
                61.192771778
              ],
              [
                14.867679532,
                61.192712251
              ],
              [
                14.867532129,
                61.192652723
              ],
              [
                14.867360016,
                61.192616924
              ],
              [
                14.867187906,
                61.192581126
              ],
              [
                14.867015794,
                61.192545327
              ],
              [
                14.866868393,
                61.192485798
              ],
              [
                14.866770311,
                61.192402565
              ],
              [
                14.866499867,
                61.192342915
              ],
              [
                14.866327759,
                61.192307115
              ],
              [
                14.866081775,
                61.192283119
              ],
              [
                14.865835842,
                61.192247245
              ],
              [
                14.865663785,
                61.192199567
              ],
              [
                14.865491679,
                61.192163767
              ],
              [
                14.865270508,
                61.192092287
              ],
              [
                14.865098452,
                61.192044609
              ],
              [
                14.864926499,
                61.191973177
              ],
              [
                14.86470528,
                61.191913573
              ],
              [
                14.86450867,
                61.191853993
              ],
              [
                14.86431206,
                61.191794412
              ],
              [
                14.864189326,
                61.191723029
              ],
              [
                14.864115861,
                61.191639818
              ],
              [
                14.864140878,
                61.19154483
              ],
              [
                14.864264224,
                61.191473693
              ],
              [
                14.864461136,
                61.191462013
              ],
              [
                14.864658,
                61.19146221
              ],
              [
                14.864854863,
                61.191462406
              ],
              [
                14.865051775,
                61.191450726
              ],
              [
                14.865248588,
                61.191462798
              ],
              [
                14.865445398,
                61.191474871
              ],
              [
                14.865642363,
                61.191451313
              ],
              [
                14.865839275,
                61.191439631
              ],
              [
                14.866011682,
                61.191404171
              ],
              [
                14.86615958,
                61.191344935
              ],
              [
                14.866307478,
                61.191285697
              ],
              [
                14.866455425,
                61.191214582
              ],
              [
                14.866554207,
                61.191131543
              ],
              [
                14.866652989,
                61.191048503
              ],
              [
                14.866727162,
                61.190965438
              ],
              [
                14.866825943,
                61.190882399
              ],
              [
                14.866998344,
                61.190846938
              ],
              [
                14.86721981,
                61.190847155
              ],
              [
                14.867391861,
                61.19089483
              ],
              [
                14.867563915,
                61.190942506
              ],
              [
                14.867735917,
                61.191002058
              ],
              [
                14.867833999,
                61.19108529
              ],
              [
                14.867882816,
                61.191180352
              ],
              [
                14.868005506,
                61.191263608
              ],
              [
                14.868054325,
                61.19135867
              ],
              [
                14.868201674,
                61.191430074
              ],
              [
                14.868373779,
                61.191465871
              ],
              [
                14.868570593,
                61.191477939
              ],
              [
                14.868767356,
                61.191501883
              ],
              [
                14.868988827,
                61.191502097
              ],
              [
                14.869185689,
                61.191502287
              ],
              [
                14.869382405,
                61.191538108
              ],
              [
                14.869652993,
                61.191562121
              ],
              [
                14.869874416,
                61.191574211
              ],
              [
                14.870095789,
                61.191598177
              ],
              [
                14.870292554,
                61.191622119
              ],
              [
                14.870489321,
                61.19164606
              ],
              [
                14.870686135,
                61.191658126
              ],
              [
                14.870882951,
                61.19167019
              ],
              [
                14.871079717,
                61.19169413
              ],
              [
                14.871276485,
                61.191718072
              ],
              [
                14.871473251,
                61.191742011
              ],
              [
                14.871620563,
                61.191825288
              ],
              [
                14.871718608,
                61.191920395
              ],
              [
                14.871767342,
                61.192039208
              ],
              [
                14.871816172,
                61.192134268
              ],
              [
                14.871889661,
                61.192217475
              ],
              [
                14.871913883,
                61.192312511
              ],
              [
                14.871855898,
                61.192420443
              ],
              [
                14.871937961,
                61.192443178
              ],
              [
                14.872159198,
                61.19250277
              ],
              [
                14.872306561,
                61.192574169
              ],
              [
                14.87240466,
                61.1926574
              ],
              [
                14.87247815,
                61.192740605
              ],
              [
                14.87267459,
                61.192847681
              ],
              [
                14.872723424,
                61.19294274
              ],
              [
                14.872796868,
                61.193037823
              ],
              [
                14.87289497,
                61.193121052
              ],
              [
                14.872943805,
                61.193216112
              ],
              [
                14.872869642,
                61.193299179
              ],
              [
                14.872672769,
                61.193298994
              ],
              [
                14.872451381,
                61.193275033
              ],
              [
                14.872254604,
                61.193251094
              ],
              [
                14.872082531,
                61.193203425
              ],
              [
                14.871885755,
                61.193179485
              ],
              [
                14.871688929,
                61.193167422
              ],
              [
                14.871492106,
                61.193155359
              ],
              [
                14.871319986,
                61.193119565
              ],
              [
                14.871123211,
                61.193095625
              ],
              [
                14.870926337,
                61.193095438
              ],
              [
                14.870729466,
                61.19309525
              ],
              [
                14.870581568,
                61.193154493
              ],
              [
                14.870384596,
                61.193178057
              ],
              [
                14.870359597,
                61.193273048
              ],
              [
                14.870359207,
                61.19336806
              ],
              [
                14.870358817,
                61.193463074
              ],
              [
                14.870260037,
                61.193546116
              ],
              [
                14.870283962,
                61.193712414
              ],
              [
                14.870308181,
                61.19380745
              ],
              [
                14.870455353,
                61.193926358
              ],
              [
                14.870454963,
                61.194021372
              ],
              [
                14.870528401,
                61.194116456
              ],
              [
                14.870552621,
                61.194211493
              ],
              [
                14.870641576,
                61.194363132
              ],
              [
                14.870755441,
                61.19437895
              ],
              [
                14.870900916,
                61.194435342
              ],
              [
                14.871075589,
                61.194477698
              ],
              [
                14.871250263,
                61.194520053
              ],
              [
                14.871337285,
                61.194618579
              ],
              [
                14.871307742,
                61.194716994
              ],
              [
                14.871249058,
                61.194815381
              ],
              [
                14.871219515,
                61.194913796
              ],
              [
                14.871189971,
                61.195012211
              ],
              [
                14.871102202,
                61.195096507
              ],
              [
                14.870985349,
                61.195166712
              ],
              [
                14.870897521,
                61.195265071
              ],
              [
                14.870867976,
                61.195363486
              ],
              [
                14.870750833,
                61.195504007
              ],
              [
                14.870633977,
                61.195574212
              ],
              [
                14.870546205,
                61.195658507
              ],
              [
                14.870458433,
                61.195742804
              ],
              [
                14.870370543,
                61.195855225
              ],
              [
                14.870340997,
                61.19595364
              ],
              [
                14.87031145,
                61.196052055
              ],
              [
                14.870281902,
                61.196150469
              ],
              [
                14.870223213,
                61.196248855
              ],
              [
                14.870135436,
                61.196333151
              ],
              [
                14.87001852,
                61.196417419
              ],
              [
                14.869988913,
                61.196529896
              ],
              [
                14.869988333,
                61.196670528
              ],
              [
                14.869987928,
                61.19676897
              ],
              [
                14.870016666,
                61.196867442
              ],
              [
                14.870045402,
                61.196965912
              ],
              [
                14.870044997,
                61.197064354
              ],
              [
                14.870044591,
                61.197162796
              ],
              [
                14.869985899,
                61.197261183
              ],
              [
                14.869868861,
                61.197373577
              ],
              [
                14.86972291,
                61.197429689
              ],
              [
                14.869722503,
                61.197528132
              ],
              [
                14.869722097,
                61.197626574
              ],
              [
                14.869692372,
                61.197767179
              ],
              [
                14.869691965,
                61.197865621
              ],
              [
                14.869662416,
                61.197964035
              ],
              [
                14.869603661,
                61.198076485
              ],
              [
                14.869544967,
                61.198174871
              ],
              [
                14.869515415,
                61.198273285
              ],
              [
                14.869544036,
                61.198399882
              ],
              [
                14.869660208,
                61.198498437
              ],
              [
                14.869747293,
                61.198582901
              ],
              [
                14.869834379,
                61.198667363
              ],
              [
                14.869950553,
                61.198765918
              ],
              [
                14.870125075,
                61.198850465
              ],
              [
                14.870270569,
                61.198906858
              ],
              [
                14.870416064,
                61.19896325
              ],
              [
                14.870561502,
                61.199033705
              ],
              [
                14.870706996,
                61.199090097
              ],
              [
                14.870764884,
                61.199188594
              ],
              [
                14.870939525,
                61.199245014
              ],
              [
                14.871143428,
                61.199273335
              ],
              [
                14.871347331,
                61.199301655
              ],
              [
                14.871522033,
                61.19934401
              ],
              [
                14.871696733,
                61.199386366
              ],
              [
                14.871900696,
                61.199400622
              ],
              [
                14.872046651,
                61.199344507
              ],
              [
                14.872279872,
                61.199330664
              ],
              [
                14.872483947,
                61.199316793
              ],
              [
                14.872658991,
                61.199274768
              ],
              [
                14.872834033,
                61.199232742
              ],
              [
                14.873096682,
                61.199148609
              ],
              [
                14.873271722,
                61.199106583
              ],
              [
                14.873446764,
                61.199064557
              ],
              [
                14.873650724,
                61.19907881
              ],
              [
                14.873854628,
                61.199107127
              ],
              [
                14.87400013,
                61.199163515
              ],
              [
                14.874203979,
                61.199205894
              ],
              [
                14.874407996,
                61.199206083
              ],
              [
                14.874612013,
                61.199206272
              ],
              [
                14.874816031,
                61.199206461
              ],
              [
                14.874961981,
                61.199150343
              ],
              [
                14.875078841,
                61.199080134
              ],
              [
                14.87516661,
                61.198995836
              ],
              [
                14.875196145,
                61.19889742
              ],
              [
                14.875313003,
                61.198827211
              ],
              [
                14.875371681,
                61.198728823
              ],
              [
                14.875401216,
                61.198630407
              ],
              [
                14.875518128,
                61.198546134
              ],
              [
                14.875693162,
                61.198504106
              ],
              [
                14.875839163,
                61.198433923
              ],
              [
                14.875956018,
                61.198363714
              ],
              [
                14.876014695,
                61.198265325
              ],
              [
                14.876015082,
                61.198166882
              ],
              [
                14.875986324,
                61.198068413
              ],
              [
                14.875986711,
                61.197969971
              ],
              [
                14.875987153,
                61.197857465
              ],
              [
                14.876133371,
                61.19773103
              ],
              [
                14.876279421,
                61.197646783
              ],
              [
                14.876541717,
                61.197647023
              ],
              [
                14.876745724,
                61.197647208
              ],
              [
                14.877008075,
                61.197633383
              ],
              [
                14.877183102,
                61.197591352
              ],
              [
                14.87732904,
                61.197535232
              ],
              [
                14.877533211,
                61.197493227
              ],
              [
                14.877799916,
                61.197405177
              ],
              [
                14.877923254,
                61.197334028
              ],
              [
                14.878144766,
                61.197334227
              ],
              [
                14.87834171,
                61.197322528
              ],
              [
                14.878563177,
                61.197334603
              ],
              [
                14.878759986,
                61.197358533
              ],
              [
                14.879006019,
                61.197382506
              ],
              [
                14.879227393,
                61.197418334
              ],
              [
                14.879424248,
                61.197430386
              ],
              [
                14.879621056,
                61.197454314
              ],
              [
                14.879867046,
                61.197490163
              ],
              [
                14.880039154,
                61.197537822
              ],
              [
                14.880235918,
                61.197573626
              ],
              [
                14.880432775,
                61.197585676
              ],
              [
                14.880654289,
                61.197585872
              ],
              [
                14.880851189,
                61.197586045
              ],
              [
                14.881023655,
                61.19753869
              ],
              [
                14.881171556,
                61.197479437
              ],
              [
                14.881294887,
                61.197408284
              ],
              [
                14.881492098,
                61.19732532
              ],
              [
                14.881639995,
                61.197266065
              ],
              [
                14.881836939,
                61.197254361
              ],
              [
                14.882033881,
                61.197242656
              ],
              [
                14.88223078,
                61.197242827
              ],
              [
                14.882624268,
                61.197326305
              ],
              [
                14.882796378,
                61.197373961
              ],
              [
                14.882943834,
                61.197433472
              ],
              [
                14.883140645,
                61.197457395
              ],
              [
                14.883337502,
                61.197469441
              ],
              [
                14.883534445,
                61.197457734
              ],
              [
                14.883731346,
                61.197457903
              ],
              [
                14.883952813,
                61.19746997
              ],
              [
                14.884174283,
                61.197482037
              ],
              [
                14.884444977,
                61.197494144
              ],
              [
                14.884641834,
                61.197506188
              ],
              [
                14.884863261,
                61.19753013
              ],
              [
                14.885035375,
                61.197577783
              ],
              [
                14.88520749,
                61.197625436
              ],
              [
                14.885379564,
                61.197684965
              ],
              [
                14.885551636,
                61.197744494
              ],
              [
                14.885625045,
                61.197863323
              ],
              [
                14.885747722,
                61.197970318
              ],
              [
                14.885870484,
                61.198053558
              ],
              [
                14.886042561,
                61.198113086
              ],
              [
                14.886214723,
                61.19814886
              ],
              [
                14.886411586,
                61.198160903
              ],
              [
                14.886608532,
                61.19814919
              ],
              [
                14.88680548,
                61.198137479
              ],
              [
                14.886977941,
                61.198090116
              ],
              [
                14.88717493,
                61.198066527
              ],
              [
                14.887371918,
                61.198042937
              ],
              [
                14.887568907,
                61.198019347
              ],
              [
                14.887765894,
                61.197995757
              ],
              [
                14.887962841,
                61.197984044
              ],
              [
                14.888135257,
                61.197948556
              ],
              [
                14.888332203,
                61.197936842
              ],
              [
                14.888529105,
                61.197937004
              ],
              [
                14.888726009,
                61.197937166
              ],
              [
                14.888922911,
                61.197937327
              ],
              [
                14.889119773,
                61.197949365
              ],
              [
                14.889316635,
                61.197961402
              ],
              [
                14.889513538,
                61.197961563
              ],
              [
                14.889710442,
                61.197961723
              ],
              [
                14.889981183,
                61.197961944
              ],
              [
                14.890178086,
                61.197962103
              ],
              [
                14.890350501,
                61.197926613
              ],
              [
                14.890522996,
                61.197867369
              ],
              [
                14.890621736,
                61.197784311
              ],
              [
                14.890696026,
                61.197653728
              ],
              [
                14.890843909,
                61.197594463
              ],
              [
                14.891016402,
                61.197535219
              ],
              [
                14.891139711,
                61.197464058
              ],
              [
                14.891213834,
                61.197380981
              ],
              [
                14.891337142,
                61.197309819
              ],
              [
                14.89123898,
                61.197226603
              ],
              [
                14.89126396,
                61.197119733
              ],
              [
                14.891313511,
                61.197024759
              ],
              [
                14.891314166,
                61.196834732
              ],
              [
                14.891289882,
                61.196739699
              ],
              [
                14.891265598,
                61.196644666
              ],
              [
                14.891192048,
                61.19656147
              ],
              [
                14.8911185,
                61.196478274
              ],
              [
                14.891069604,
                61.196383221
              ],
              [
                14.890971444,
                61.196300005
              ],
              [
                14.89087341,
                61.196181159
              ],
              [
                14.890824514,
                61.196086106
              ],
              [
                14.890775621,
                61.195991053
              ],
              [
                14.890800561,
                61.19589606
              ],
              [
                14.890874683,
                61.195812982
              ],
              [
                14.890948844,
                61.195718028
              ],
              [
                14.891072146,
                61.195646867
              ],
              [
                14.891195488,
                61.195563829
              ],
              [
                14.891294219,
                61.195480771
              ],
              [
                14.891368339,
                61.195397694
              ],
              [
                14.891442457,
                61.195314616
              ],
              [
                14.891565837,
                61.195219702
              ],
              [
                14.891664566,
                61.195136643
              ],
              [
                14.891837085,
                61.195065521
              ],
              [
                14.891985074,
                61.194970626
              ],
              [
                14.89210837,
                61.194899464
              ],
              [
                14.892280807,
                61.194852094
              ],
              [
                14.892379572,
                61.194757158
              ],
              [
                14.892478297,
                61.1946741
              ],
              [
                14.892601632,
                61.194591061
              ],
              [
                14.892749576,
                61.194508041
              ],
              [
                14.892872869,
                61.194436878
              ],
              [
                14.893020731,
                61.194377611
              ],
              [
                14.893193204,
                61.194318364
              ],
              [
                14.893316535,
                61.194235324
              ],
              [
                14.893390645,
                61.194152245
              ],
              [
                14.893464756,
                61.194069167
              ],
              [
                14.893539027,
                61.193938581
              ],
              [
                14.893588607,
                61.19383173
              ],
              [
                14.893687446,
                61.19371304
              ],
              [
                14.893810774,
                61.19363
              ],
              [
                14.89395863,
                61.193570732
              ],
              [
                14.894106566,
                61.193487711
              ],
              [
                14.89427895,
                61.193452215
              ],
              [
                14.894451416,
                61.193392966
              ],
              [
                14.89457474,
                61.193309925
              ],
              [
                14.894698025,
                61.193238761
              ],
              [
                14.894845878,
                61.193179492
              ],
              [
                14.894993651,
                61.193143977
              ],
              [
                14.894969596,
                61.192977684
              ],
              [
                14.89499452,
                61.19288269
              ],
              [
                14.895044133,
                61.192763961
              ],
              [
                14.895093667,
                61.192668985
              ],
              [
                14.895290694,
                61.19262163
              ],
              [
                14.895438582,
                61.192550485
              ],
              [
                14.895586433,
                61.192491215
              ],
              [
                14.895709711,
                61.19242005
              ],
              [
                14.895832989,
                61.192348884
              ],
              [
                14.896030326,
                61.192206516
              ],
              [
                14.896104426,
                61.192123435
              ],
              [
                14.896203131,
                61.192040374
              ],
              [
                14.896326407,
                61.191969208
              ],
              [
                14.896449682,
                61.191898042
              ],
              [
                14.896622057,
                61.191862543
              ],
              [
                14.896819038,
                61.191827064
              ],
              [
                14.89696688,
                61.191767793
              ],
              [
                14.897139254,
                61.191732293
              ],
              [
                14.897336272,
                61.191684936
              ],
              [
                14.897508684,
                61.191637559
              ],
              [
                14.897705546,
                61.191637708
              ],
              [
                14.897902373,
                61.191649734
              ],
              [
                14.898099197,
                61.191661758
              ],
              [
                14.898369847,
                61.191673838
              ],
              [
                14.898591243,
                61.191697757
              ],
              [
                14.898812639,
                61.191721677
              ],
              [
                14.899009465,
                61.1917337
              ],
              [
                14.899206254,
                61.1917576
              ],
              [
                14.89940312,
                61.191757746
              ],
              [
                14.899600059,
                61.191734139
              ],
              [
                14.899772428,
                61.191698636
              ],
              [
                14.899846516,
                61.191615554
              ],
              [
                14.899945212,
                61.191532491
              ],
              [
                14.900117655,
                61.191473234
              ],
              [
                14.900216349,
                61.191390169
              ],
              [
                14.900339613,
                61.191319
              ],
              [
                14.900536699,
                61.191247885
              ],
              [
                14.900586215,
                61.191152908
              ],
              [
                14.900561907,
                61.191057876
              ],
              [
                14.900562206,
                61.190962862
              ],
              [
                14.900636289,
                61.190879779
              ],
              [
                14.900685804,
                61.190784802
              ],
              [
                14.900735317,
                61.190689825
              ],
              [
                14.900883258,
                61.190594919
              ],
              [
                14.901006518,
                61.190523749
              ],
              [
                14.901080638,
                61.19042879
              ],
              [
                14.901130298,
                61.190286305
              ],
              [
                14.901327339,
                61.190227065
              ],
              [
                14.901475166,
                61.190167789
              ],
              [
                14.901573853,
                61.190084724
              ],
              [
                14.901697218,
                61.189977922
              ],
              [
                14.901771297,
                61.189894839
              ],
              [
                14.901771593,
                61.189799826
              ],
              [
                14.901771889,
                61.189704812
              ],
              [
                14.901845968,
                61.189621729
              ],
              [
                14.902042965,
                61.189574365
              ],
              [
                14.902215321,
                61.189538859
              ],
              [
                14.902387675,
                61.189503354
              ],
              [
                14.902560029,
                61.189467847
              ],
              [
                14.90275688,
                61.189467989
              ],
              [
                14.903076761,
                61.189468218
              ],
              [
                14.903347321,
                61.189504042
              ],
              [
                14.903544136,
                61.189516058
              ],
              [
                14.903740987,
                61.189516198
              ],
              [
                14.903937909,
                61.189492584
              ],
              [
                14.904085727,
                61.189433306
              ],
              [
                14.904233545,
                61.189374027
              ],
              [
                14.904405897,
                61.189338518
              ],
              [
                14.904578284,
                61.189291133
              ],
              [
                14.904726099,
                61.189231853
              ],
              [
                14.904800169,
                61.189148769
              ],
              [
                14.904948056,
                61.189065736
              ],
              [
                14.9050713,
                61.188994561
              ],
              [
                14.905243683,
                61.188947176
              ],
              [
                14.905440638,
                61.188911683
              ],
              [
                14.905637555,
                61.188888067
              ],
              [
                14.905859114,
                61.18885259
              ],
              [
                14.906055997,
                61.188840851
              ],
              [
                14.906228343,
                61.188805339
              ],
              [
                14.906400688,
                61.188769829
              ],
              [
                14.906573141,
                61.188698688
              ],
              [
                14.90672095,
                61.188639406
              ],
              [
                14.906844188,
                61.18856823
              ],
              [
                14.907016567,
                61.188520842
              ],
              [
                14.907164375,
                61.18846156
              ],
              [
                14.907385894,
                61.188437957
              ],
              [
                14.907582809,
                61.188414339
              ],
              [
                14.907779756,
                61.188378842
              ],
              [
                14.907976842,
                61.18829584
              ],
              [
                14.908173857,
                61.18823659
              ],
              [
                14.90832173,
                61.188153553
              ],
              [
                14.908395788,
                61.188070466
              ],
              [
                14.908519055,
                61.187987412
              ],
              [
                14.908691394,
                61.187951898
              ],
              [
                14.908888304,
                61.187928277
              ],
              [
                14.909060642,
                61.187892763
              ],
              [
                14.909183872,
                61.187821585
              ],
              [
                14.909233356,
                61.187726605
              ],
              [
                14.909282839,
                61.187631624
              ],
              [
                14.909233971,
                61.187512824
              ],
              [
                14.90938177,
                61.187453539
              ],
              [
                14.909578675,
                61.187429918
              ],
              [
                14.909775581,
                61.187406295
              ],
              [
                14.909972418,
                61.187406426
              ],
              [
                14.910267641,
                61.187418499
              ],
              [
                14.910193353,
                61.187584724
              ],
              [
                14.910242258,
                61.187691647
              ],
              [
                14.910340442,
                61.187774848
              ],
              [
                14.910463265,
                61.187846191
              ],
              [
                14.910610727,
                61.187905672
              ],
              [
                14.910856643,
                61.18795334
              ],
              [
                14.911053485,
                61.187953469
              ],
              [
                14.911176711,
                61.18788229
              ],
              [
                14.911324508,
                61.187823003
              ],
              [
                14.911496843,
                61.187787486
              ],
              [
                14.911669178,
                61.187751968
              ],
              [
                14.911841512,
                61.187716451
              ],
              [
                14.911964735,
                61.18764527
              ],
              [
                14.912087958,
                61.18757409
              ],
              [
                14.912137432,
                61.187479109
              ],
              [
                14.912137696,
                61.187384095
              ],
              [
                14.912162567,
                61.187289097
              ],
              [
                14.912187435,
                61.187194099
              ],
              [
                14.912163096,
                61.187099069
              ],
              [
                14.912187964,
                61.187004072
              ],
              [
                14.912237436,
                61.18690909
              ],
              [
                14.912262337,
                61.186802216
              ],
              [
                14.912311811,
                61.186707234
              ],
              [
                14.912312075,
                61.186612221
              ],
              [
                14.912460094,
                61.186469795
              ],
              [
                14.912263295,
                61.186457792
              ],
              [
                14.91204186,
                61.186457648
              ],
              [
                14.911845061,
                61.186445644
              ],
              [
                14.911574485,
                61.186421713
              ],
              [
                14.911377686,
                61.186409708
              ],
              [
                14.911180889,
                61.186397703
              ],
              [
                14.91098409,
                61.186385697
              ],
              [
                14.910787327,
                61.186361813
              ],
              [
                14.910516719,
                61.186349758
              ],
              [
                14.910344659,
                61.186290261
              ],
              [
                14.910221843,
                61.186218919
              ],
              [
                14.910197476,
                61.186135767
              ],
              [
                14.910000647,
                61.186135636
              ],
              [
                14.909803885,
                61.186111751
              ],
              [
                14.909607122,
                61.186087867
              ],
              [
                14.909435068,
                61.186028368
              ],
              [
                14.909262946,
                61.185992623
              ],
              [
                14.909090822,
                61.185956877
              ],
              [
                14.908894063,
                61.185932992
              ],
              [
                14.908721976,
                61.185885369
              ],
              [
                14.908549854,
                61.185849623
              ],
              [
                14.908377527,
                61.185885137
              ],
              [
                14.908278871,
                61.185968207
              ],
              [
                14.908106439,
                61.18603935
              ],
              [
                14.907885006,
                61.1860392
              ],
              [
                14.90736833,
                61.186038847
              ],
              [
                14.9071715,
                61.186038713
              ],
              [
                14.906974637,
                61.186050454
              ],
              [
                14.906950489,
                61.185896041
              ],
              [
                14.906827682,
                61.185824696
              ],
              [
                14.906704875,
                61.185753351
              ],
              [
                14.906606707,
                61.185670146
              ],
              [
                14.90650854,
                61.185586941
              ],
              [
                14.906434977,
                61.185503754
              ],
              [
                14.906361414,
                61.185420565
              ],
              [
                14.90631249,
                61.185325518
              ],
              [
                14.906312772,
                61.185230504
              ],
              [
                14.906362259,
                61.185135525
              ],
              [
                14.906411781,
                61.185028668
              ],
              [
                14.906412204,
                61.184886148
              ],
              [
                14.906437054,
                61.184803028
              ],
              [
                14.90663391,
                61.184791287
              ],
              [
                14.906805987,
                61.184838913
              ],
              [
                14.906879516,
                61.184933977
              ],
              [
                14.906977682,
                61.185017182
              ],
              [
                14.907100487,
                61.185088526
              ],
              [
                14.907272497,
                61.185159904
              ],
              [
                14.907469426,
                61.185124408
              ],
              [
                14.907690955,
                61.18508893
              ],
              [
                14.90786328,
                61.185053417
              ],
              [
                14.908060136,
                61.185041674
              ],
              [
                14.90825696,
                61.185041807
              ],
              [
                14.908379767,
                61.185113151
              ],
              [
                14.908527212,
                61.185172634
              ],
              [
                14.908625384,
                61.185255838
              ],
              [
                14.908698951,
                61.185339024
              ],
              [
                14.908723281,
                61.185434054
              ],
              [
                14.908870728,
                61.185493537
              ],
              [
                14.909116761,
                61.185493702
              ],
              [
                14.909338188,
                61.185493851
              ],
              [
                14.909485638,
                61.185553333
              ],
              [
                14.909583812,
                61.185636536
              ],
              [
                14.909731262,
                61.185696018
              ],
              [
                14.909928089,
                61.185696149
              ],
              [
                14.910469194,
                61.185755891
              ],
              [
                14.910666022,
                61.185756021
              ],
              [
                14.910862815,
                61.185768027
              ],
              [
                14.911084213,
                61.18578005
              ],
              [
                14.911280974,
                61.185803932
              ],
              [
                14.911477867,
                61.185780307
              ],
              [
                14.911674795,
                61.185744805
              ],
              [
                14.911847118,
                61.185709288
              ],
              [
                14.911994903,
                61.18565
              ],
              [
                14.912142688,
                61.185590713
              ],
              [
                14.912290474,
                61.185531425
              ],
              [
                14.912413686,
                61.185460244
              ],
              [
                14.912561471,
                61.185400956
              ],
              [
                14.912758427,
                61.185353576
              ],
              [
                14.912930748,
                61.185318057
              ],
              [
                14.913103099,
                61.185270661
              ],
              [
                14.91325088,
                61.185211372
              ],
              [
                14.913472438,
                61.185164006
              ],
              [
                14.913743102,
                61.185152302
              ],
              [
                14.91393999,
                61.185128674
              ],
              [
                14.914161481,
                61.185105061
              ],
              [
                14.914333831,
                61.185057663
              ],
              [
                14.914457039,
                61.184986481
              ],
              [
                14.914629418,
                61.184927206
              ],
              [
                14.914801733,
                61.184891685
              ],
              [
                14.91499862,
                61.184868054
              ],
              [
                14.915170998,
                61.184808779
              ],
              [
                14.915318773,
                61.184749488
              ],
              [
                14.915466547,
                61.184690196
              ],
              [
                14.915638893,
                61.184642797
              ],
              [
                14.915737526,
                61.184559721
              ],
              [
                14.915860728,
                61.184488538
              ],
              [
                14.915934756,
                61.184405447
              ],
              [
                14.916057988,
                61.184322385
              ],
              [
                14.91623033,
                61.184274986
              ],
              [
                14.91635353,
                61.184203801
              ],
              [
                14.916525841,
                61.184168278
              ],
              [
                14.916673673,
                61.184085231
              ],
              [
                14.916846012,
                61.184037831
              ],
              [
                14.917042861,
                61.184026074
              ],
              [
                14.917239707,
                61.184014318
              ],
              [
                14.917436587,
                61.183990685
              ],
              [
                14.917633402,
                61.183990805
              ],
              [
                14.917830219,
                61.183990924
              ],
              [
                14.918027036,
                61.183991043
              ],
              [
                14.918223728,
                61.184038669
              ],
              [
                14.918371187,
                61.184098142
              ],
              [
                14.918543311,
                61.184133875
              ],
              [
                14.918764606,
                61.184181515
              ],
              [
                14.918936731,
                61.184217249
              ],
              [
                14.919133487,
                61.18424112
              ],
              [
                14.919330245,
                61.18426499
              ],
              [
                14.919527032,
                61.184276985
              ],
              [
                14.919723851,
                61.184277101
              ],
              [
                14.919920608,
                61.184300971
              ],
              [
                14.920117427,
                61.184301087
              ],
              [
                14.920363449,
                61.184301232
              ],
              [
                14.920560267,
                61.184301348
              ],
              [
                14.920757086,
                61.184301463
              ],
              [
                14.920953905,
                61.184301578
              ],
              [
                14.921150722,
                61.184301693
              ],
              [
                14.921347482,
                61.18432556
              ],
              [
                14.921519608,
                61.18436129
              ],
              [
                14.921691736,
                61.18439702
              ],
              [
                14.921814571,
                61.184468352
              ],
              [
                14.922084963,
                61.184563521
              ],
              [
                14.922257035,
                61.184623003
              ],
              [
                14.922453854,
                61.184623116
              ],
              [
                14.922650646,
                61.184635105
              ],
              [
                14.922847465,
                61.184635217
              ],
              [
                14.923068889,
                61.184635343
              ],
              [
                14.923265739,
                61.184623579
              ],
              [
                14.923437869,
                61.184659306
              ],
              [
                14.923560595,
                61.184778143
              ],
              [
                14.923609569,
                61.184873184
              ],
              [
                14.923609311,
                61.184980075
              ],
              [
                14.923707493,
                61.185075143
              ],
              [
                14.923904259,
                61.185099008
              ],
              [
                14.924076336,
                61.185158488
              ],
              [
                14.92424847,
                61.185194214
              ],
              [
                14.924395948,
                61.18525368
              ],
              [
                14.924568055,
                61.185301283
              ],
              [
                14.924740105,
                61.185372639
              ],
              [
                14.924813717,
                61.185455818
              ],
              [
                14.924862697,
                61.185550858
              ],
              [
                14.925059326,
                61.185634105
              ],
              [
                14.925231465,
                61.185669829
              ],
              [
                14.925378944,
                61.185729294
              ],
              [
                14.92557566,
                61.18577691
              ],
              [
                14.92572314,
                61.185836374
              ],
              [
                14.925919997,
                61.185824606
              ],
              [
                14.926116851,
                61.185812836
              ],
              [
                14.926313708,
                61.185801066
              ],
              [
                14.926510562,
                61.185789297
              ],
              [
                14.926732076,
                61.185753786
              ],
              [
                14.926904382,
                61.18571825
              ],
              [
                14.927002988,
                61.185635166
              ],
              [
                14.927003208,
                61.185540152
              ],
              [
                14.927052633,
                61.185445164
              ],
              [
                14.92710206,
                61.185350178
              ],
              [
                14.927200692,
                61.185255217
              ],
              [
                14.927397542,
                61.185243446
              ],
              [
                14.927594367,
                61.185243551
              ],
              [
                14.927791163,
                61.185255533
              ],
              [
                14.927987961,
                61.185267515
              ],
              [
                14.928209252,
                61.185327016
              ],
              [
                14.928357168,
                61.185196449
              ],
              [
                14.92833278,
                61.185101423
              ],
              [
                14.928185325,
                61.185030085
              ],
              [
                14.9279639,
                61.185029967
              ],
              [
                14.927816417,
                61.184970505
              ],
              [
                14.927693594,
                61.184887302
              ],
              [
                14.927595402,
                61.184792236
              ],
              [
                14.927472553,
                61.18472091
              ],
              [
                14.927325074,
                61.184661448
              ],
              [
                14.927153019,
                61.184590095
              ],
              [
                14.926956255,
                61.184566235
              ],
              [
                14.926759435,
                61.184566129
              ],
              [
                14.926538012,
                61.184566009
              ],
              [
                14.926341137,
                61.184589656
              ],
              [
                14.926168808,
                61.184637068
              ],
              [
                14.925971933,
                61.184660715
              ],
              [
                14.925725907,
                61.18466058
              ],
              [
                14.92562772,
                61.184565512
              ],
              [
                14.925554138,
                61.184470459
              ],
              [
                14.925480526,
                61.18438728
              ],
              [
                14.925357683,
                61.184315953
              ],
              [
                14.92518558,
                61.18426835
              ],
              [
                14.925038108,
                61.184208885
              ],
              [
                14.924841346,
                61.184185023
              ],
              [
                14.924644528,
                61.184184914
              ],
              [
                14.924447711,
                61.184184804
              ],
              [
                14.924250893,
                61.184184694
              ],
              [
                14.924054105,
                61.184172708
              ],
              [
                14.923881974,
                61.18413698
              ],
              [
                14.92380837,
                61.184053802
              ],
              [
                14.923759396,
                61.18395876
              ],
              [
                14.92368579,
                61.183875582
              ],
              [
                14.923612184,
                61.183792404
              ],
              [
                14.923489348,
                61.183721074
              ],
              [
                14.92329265,
                61.183673456
              ],
              [
                14.923120523,
                61.183637728
              ],
              [
                14.922923739,
                61.18362574
              ],
              [
                14.922726895,
                61.183637504
              ],
              [
                14.922530053,
                61.183649268
              ],
              [
                14.922357753,
                61.1836848
              ],
              [
                14.922234569,
                61.18375599
              ],
              [
                14.922111383,
                61.183827179
              ],
              [
                14.921939081,
                61.18386271
              ],
              [
                14.921742237,
                61.183874473
              ],
              [
                14.921520878,
                61.183850592
              ],
              [
                14.921447308,
                61.183755535
              ],
              [
                14.921447544,
                61.183660521
              ],
              [
                14.921447781,
                61.183565508
              ],
              [
                14.921448017,
                61.183470494
              ],
              [
                14.921153006,
                61.183387186
              ],
              [
                14.920956343,
                61.183327687
              ],
              [
                14.920784221,
                61.183291956
              ],
              [
                14.920587499,
                61.183256212
              ],
              [
                14.920390747,
                61.183232343
              ],
              [
                14.920169393,
                61.183208459
              ],
              [
                14.919972673,
                61.183172713
              ],
              [
                14.919825216,
                61.183113242
              ],
              [
                14.919702391,
                61.183041908
              ],
              [
                14.919628798,
                61.182958728
              ],
              [
                14.919727414,
                61.182875649
              ],
              [
                14.919924313,
                61.182840135
              ],
              [
                14.920145754,
                61.18282839
              ],
              [
                14.920342624,
                61.182804752
              ],
              [
                14.920539461,
                61.182792991
              ],
              [
                14.920736301,
                61.182781229
              ],
              [
                14.920933108,
                61.182781344
              ],
              [
                14.921129918,
                61.182781459
              ],
              [
                14.921302036,
                61.18281719
              ],
              [
                14.921498728,
                61.182864811
              ],
              [
                14.92171999,
                61.182924322
              ],
              [
                14.921892082,
                61.182971928
              ],
              [
                14.922088832,
                61.182995796
              ],
              [
                14.922260925,
                61.183043401
              ],
              [
                14.922531364,
                61.183114817
              ],
              [
                14.922801892,
                61.183150601
              ],
              [
                14.922974014,
                61.183186329
              ],
              [
                14.923146109,
                61.183233934
              ],
              [
                14.923342891,
                61.183245922
              ],
              [
                14.923539732,
                61.183234157
              ],
              [
                14.923687484,
                61.183174857
              ],
              [
                14.923859779,
                61.183139323
              ],
              [
                14.92408122,
                61.183127571
              ],
              [
                14.924327262,
                61.183115832
              ],
              [
                14.924548703,
                61.183104078
              ],
              [
                14.924720771,
                61.183163557
              ],
              [
                14.924794378,
                61.183246736
              ],
              [
                14.924892556,
                61.183341804
              ],
              [
                14.925015394,
                61.183413132
              ],
              [
                14.925187466,
                61.183472611
              ],
              [
                14.925334935,
                61.183532076
              ],
              [
                14.925531691,
                61.183555938
              ],
              [
                14.925728506,
                61.183556046
              ],
              [
                14.92592532,
                61.183556154
              ],
              [
                14.926122133,
                61.183556261
              ],
              [
                14.926294261,
                61.183591985
              ],
              [
                14.926515594,
                61.183627736
              ],
              [
                14.926687667,
                61.183687213
              ],
              [
                14.926859799,
                61.183722935
              ],
              [
                14.927056557,
                61.183746795
              ],
              [
                14.927277892,
                61.183782544
              ],
              [
                14.927474626,
                61.18381828
              ],
              [
                14.927671441,
                61.183818385
              ],
              [
                14.927868284,
                61.183806614
              ],
              [
                14.928065125,
                61.183794842
              ],
              [
                14.928286542,
                61.183794959
              ],
              [
                14.928360537,
                61.183711861
              ],
              [
                14.928508309,
                61.183640679
              ],
              [
                14.928754381,
                61.183617055
              ],
              [
                14.92895122,
                61.183605282
              ],
              [
                14.929148035,
                61.183605385
              ],
              [
                14.929344848,
                61.183605488
              ],
              [
                14.929541663,
                61.18360559
              ],
              [
                14.929738476,
                61.183605693
              ],
              [
                14.929935317,
                61.183593917
              ],
              [
                14.930156785,
                61.183570278
              ],
              [
                14.93035365,
                61.183546627
              ],
              [
                14.930525968,
                61.183499208
              ],
              [
                14.930747486,
                61.183451814
              ],
              [
                14.930944351,
                61.183428162
              ],
              [
                14.931288826,
                61.183404583
              ],
              [
                14.931510265,
                61.183392819
              ],
              [
                14.931658004,
                61.18333351
              ],
              [
                14.931854867,
                61.183309856
              ],
              [
                14.932125585,
                61.183262484
              ],
              [
                14.932322423,
                61.183250706
              ],
              [
                14.932519234,
                61.183250805
              ],
              [
                14.932716097,
                61.183227148
              ],
              [
                14.932912958,
                61.183203493
              ],
              [
                14.933134422,
                61.183179849
              ],
              [
                14.933331234,
                61.183179946
              ],
              [
                14.933528019,
                61.18319192
              ],
              [
                14.93370033,
                61.183144497
              ],
              [
                14.933872663,
                61.183085198
              ],
              [
                14.933995819,
                61.183013997
              ],
              [
                14.934168126,
                61.182966574
              ],
              [
                14.93434041,
                61.182931027
              ],
              [
                14.934488141,
                61.182871716
              ],
              [
                14.934586716,
                61.182788626
              ],
              [
                14.934709894,
                61.182705549
              ],
              [
                14.93480847,
                61.182622458
              ],
              [
                14.934931646,
                61.182539381
              ],
              [
                14.935030221,
                61.182456291
              ],
              [
                14.935153396,
                61.182373213
              ],
              [
                14.935276546,
                61.182302011
              ],
              [
                14.935399696,
                61.18223081
              ],
              [
                14.935547445,
                61.18215962
              ],
              [
                14.935719721,
                61.182124071
              ],
              [
                14.935916575,
                61.182100412
              ],
              [
                14.936113402,
                61.182088628
              ],
              [
                14.936321244,
                61.182085345
              ],
              [
                14.93630261,
                61.181975048
              ],
              [
                14.936215592,
                61.181786476
              ],
              [
                14.936240147,
                61.181597957
              ],
              [
                14.936391077,
                61.181445408
              ],
              [
                14.936618218,
                61.18130636
              ],
              [
                14.936753196,
                61.181265146
              ],
              [
                14.936730345,
                61.181126902
              ],
              [
                14.936828911,
                61.181043812
              ],
              [
                14.936902877,
                61.180960708
              ],
              [
                14.93692769,
                61.18085383
              ],
              [
                14.936927879,
                61.180758816
              ],
              [
                14.936928069,
                61.180663803
              ],
              [
                14.937002032,
                61.180580699
              ],
              [
                14.937100596,
                61.180497608
              ],
              [
                14.93717456,
                61.180414506
              ],
              [
                14.937297722,
                61.180331425
              ],
              [
                14.937494491,
                61.180343393
              ],
              [
                14.937715837,
                61.180367249
              ],
              [
                14.937887961,
                61.180402957
              ],
              [
                14.938084709,
                61.180426801
              ],
              [
                14.938355231,
                61.180462555
              ],
              [
                14.938552026,
                61.180462644
              ],
              [
                14.938773419,
                61.180462744
              ],
              [
                14.938970191,
                61.18047471
              ],
              [
                14.939166984,
                61.180474799
              ],
              [
                14.939292759,
                61.18049004
              ],
              [
                14.939448528,
                61.180415218
              ],
              [
                14.939547084,
                61.180332126
              ],
              [
                14.939719346,
                61.180296572
              ],
              [
                14.939916184,
                61.180272906
              ],
              [
                14.940113045,
                61.180237363
              ],
              [
                14.940260752,
                61.180178044
              ],
              [
                14.94045759,
                61.180154378
              ],
              [
                14.940654448,
                61.180118834
              ],
              [
                14.94082671,
                61.180083279
              ],
              [
                14.941023545,
                61.180059611
              ],
              [
                14.94122036,
                61.18004782
              ],
              [
                14.941417172,
                61.180036029
              ],
              [
                14.941638629,
                61.180000494
              ],
              [
                14.94183542,
                61.180000579
              ],
              [
                14.942032212,
                61.180000663
              ],
              [
                14.942204339,
                61.180036367
              ],
              [
                14.9424167,
                61.180016165
              ],
              [
                14.942548852,
                61.1799444
              ],
              [
                14.942410487,
                61.179872873
              ],
              [
                14.942410667,
                61.17977443
              ],
              [
                14.942410846,
                61.179675987
              ],
              [
                14.942556586,
                61.179619796
              ],
              [
                14.942731426,
                61.17957768
              ],
              [
                14.942877165,
                61.179521489
              ],
              [
                14.942993801,
                61.179451221
              ],
              [
                14.943139537,
                61.179395029
              ],
              [
                14.943285274,
                61.179338837
              ],
              [
                14.943288187,
                61.179205454
              ],
              [
                14.94338673,
                61.179122358
              ],
              [
                14.943534426,
                61.179063036
              ],
              [
                14.94368212,
                61.179003714
              ],
              [
                14.943756064,
                61.178920608
              ],
              [
                14.943903757,
                61.178861285
              ],
              [
                14.944100604,
                61.178825736
              ],
              [
                14.944297389,
                61.178825817
              ],
              [
                14.944494151,
                61.178837774
              ],
              [
                14.944596733,
                61.178917482
              ],
              [
                14.944771568,
                61.178875363
              ],
              [
                14.9449464,
                61.178833244
              ],
              [
                14.945150335,
                61.178805201
              ],
              [
                14.945296066,
                61.178749006
              ],
              [
                14.945383591,
                61.178664662
              ],
              [
                14.945500219,
                61.178594393
              ],
              [
                14.945587743,
                61.178510048
              ],
              [
                14.945704369,
                61.178439779
              ],
              [
                14.945850097,
                61.178383584
              ],
              [
                14.945966747,
                61.17829925
              ],
              [
                14.946112474,
                61.178243055
              ],
              [
                14.946199995,
                61.17815871
              ],
              [
                14.94640837,
                61.178154937
              ],
              [
                14.946375207,
                61.177975371
              ],
              [
                14.946418322,
                61.177768901
              ],
              [
                14.946554401,
                61.177562469
              ],
              [
                14.946612146,
                61.177499648
              ],
              [
                14.946749805,
                61.177431884
              ],
              [
                14.946661326,
                61.1773303
              ],
              [
                14.94663689,
                61.177235277
              ],
              [
                14.946686245,
                61.177140283
              ],
              [
                14.946858521,
                61.177080967
              ],
              [
                14.946981624,
                61.177009755
              ],
              [
                14.947055552,
                61.176926646
              ],
              [
                14.947129502,
                61.176831661
              ],
              [
                14.947301756,
                61.176784221
              ],
              [
                14.947474031,
                61.176724904
              ],
              [
                14.947621746,
                61.176641825
              ],
              [
                14.9476465,
                61.17654682
              ],
              [
                14.947671253,
                61.176451816
              ],
              [
                14.947671411,
                61.176356802
              ],
              [
                14.947745337,
                61.176273694
              ],
              [
                14.947917568,
                61.176238129
              ],
              [
                14.948244786,
                61.176256874
              ],
              [
                14.948622603,
                61.17601462
              ],
              [
                14.948738049,
                61.175906932
              ],
              [
                14.948779257,
                61.175718417
              ],
              [
                14.948733375,
                61.175350315
              ],
              [
                14.948774466,
                61.17523362
              ],
              [
                14.94885088,
                61.175116939
              ],
              [
                14.948983004,
                61.175040679
              ],
              [
                14.949433134,
                61.174906183
              ],
              [
                14.949602431,
                61.174834424
              ],
              [
                14.949755073,
                61.174713283
              ],
              [
                14.949870653,
                61.174515817
              ],
              [
                14.94991651,
                61.174469997
              ],
              [
                14.94984682,
                61.174334895
              ],
              [
                14.949876099,
                61.174236463
              ],
              [
                14.949934499,
                61.174138042
              ],
              [
                14.950051099,
                61.174067768
              ],
              [
                14.950138601,
                61.173983421
              ],
              [
                14.9502552,
                61.173913147
              ],
              [
                14.950342743,
                61.173800673
              ],
              [
                14.950430241,
                61.173716325
              ],
              [
                14.950546861,
                61.173631988
              ],
              [
                14.950721657,
                61.173589862
              ],
              [
                14.950954697,
                61.173547757
              ],
              [
                14.951071293,
                61.173477482
              ],
              [
                14.951187953,
                61.173365018
              ],
              [
                14.951246349,
                61.173266596
              ],
              [
                14.951333865,
                61.173168184
              ],
              [
                14.95142138,
                61.173069773
              ],
              [
                14.951492305,
                61.172981225
              ],
              [
                14.951292222,
                61.172997035
              ],
              [
                14.951070899,
                61.172985079
              ],
              [
                14.950923431,
                61.172925642
              ],
              [
                14.950874391,
                61.17283061
              ],
              [
                14.950874538,
                61.172735596
              ],
              [
                14.950899299,
                61.172628714
              ],
              [
                14.950899447,
                61.172533701
              ],
              [
                14.950997947,
                61.1724506
              ],
              [
                14.951047282,
                61.172355603
              ],
              [
                14.951121188,
                61.172272493
              ],
              [
                14.951195096,
                61.172189382
              ],
              [
                14.951269002,
                61.172106271
              ],
              [
                14.951342909,
                61.172023161
              ],
              [
                14.951416816,
                61.17194005
              ],
              [
                14.951515313,
                61.171856948
              ],
              [
                14.951564645,
                61.171761952
              ],
              [
                14.95156479,
                61.171666938
              ],
              [
                14.951736991,
                61.171631369
              ],
              [
                14.951933732,
                61.171631439
              ],
              [
                14.952064119,
                61.171705862
              ],
              [
                14.952122509,
                61.171607439
              ],
              [
                14.952209996,
                61.171523091
              ],
              [
                14.952297483,
                61.171438741
              ],
              [
                14.952414068,
                61.171368467
              ],
              [
                14.952588851,
                61.171326337
              ],
              [
                14.952705435,
                61.171256062
              ],
              [
                14.952822017,
                61.171185786
              ],
              [
                14.952967699,
                61.171129584
              ],
              [
                14.953113381,
                61.171073381
              ],
              [
                14.953288159,
                61.171031252
              ],
              [
                14.953492078,
                61.170975068
              ],
              [
                14.953666857,
                61.170932939
              ],
              [
                14.953841634,
                61.170890808
              ],
              [
                14.953987313,
                61.170834605
              ],
              [
                14.954074793,
                61.170750254
              ],
              [
                14.954191392,
                61.170665914
              ],
              [
                14.95433713,
                61.170567521
              ],
              [
                14.954395509,
                61.170469097
              ],
              [
                14.95445389,
                61.170370673
              ],
              [
                14.954512269,
                61.17027225
              ],
              [
                14.954628845,
                61.170201972
              ],
              [
                14.95474542,
                61.170131695
              ],
              [
                14.954832896,
                61.170047344
              ],
              [
                14.954920394,
                61.16994893
              ],
              [
                14.955036968,
                61.169878652
              ],
              [
                14.955153541,
                61.169808375
              ],
              [
                14.955270112,
                61.169738097
              ],
              [
                14.955444902,
                61.169681901
              ],
              [
                14.955561473,
                61.169611623
              ],
              [
                14.955707143,
                61.169555417
              ],
              [
                14.955823712,
                61.169485139
              ],
              [
                14.956027657,
                61.169400826
              ],
              [
                14.956122987,
                61.169300631
              ],
              [
                14.884215471,
                61.175406949
              ],
              [
                14.883188217,
                61.175493889
              ],
              [
                14.859087238,
                61.177531256
              ],
              [
                14.859133783,
                61.177620178
              ],
              [
                14.859182554,
                61.177715243
              ],
              [
                14.859108391,
                61.177798303
              ],
              [
                14.858936053,
                61.177833754
              ],
              [
                14.858739274,
                61.177833549
              ],
              [
                14.858690506,
                61.177738484
              ],
              [
                14.858715528,
                61.177643496
              ],
              [
                14.85878404,
                61.177556858
              ],
              [
                14.85484726,
                61.17788921
              ],
              [
                14.844945712,
                61.174754119
              ],
              [
                14.845142753,
                61.175179416
              ],
              [
                14.84522466,
                61.175584617
              ],
              [
                14.844720901,
                61.175665062
              ],
              [
                14.844300236,
                61.175907644
              ],
              [
                14.843710972,
                61.176312074
              ],
              [
                14.843122096,
                61.176635479
              ],
              [
                14.842535026,
                61.176594287
              ],
              [
                14.842368447,
                61.176351029
              ],
              [
                14.842117977,
                61.176107672
              ],
              [
                14.842035703,
                61.17578349
              ],
              [
                14.842036919,
                61.175540426
              ],
              [
                14.841870552,
                61.175256657
              ],
              [
                14.841284935,
                61.174931885
              ],
              [
                14.84069749,
                61.174971706
              ],
              [
                14.840193115,
                61.175173666
              ],
              [
                14.839687501,
                61.175618687
              ],
              [
                14.839181872,
                61.176063707
              ],
              [
                14.838175346,
                61.176021997
              ],
              [
                14.837926781,
                61.175414037
              ],
              [
                14.83801192,
                61.175171075
              ],
              [
                14.838013375,
                61.174887501
              ],
              [
                14.837930939,
                61.174603826
              ],
              [
                14.837932394,
                61.174320252
              ],
              [
                14.837598918,
                61.173914744
              ],
              [
                14.837685512,
                61.173388208
              ],
              [
                14.838022309,
                61.173145546
              ],
              [
                14.838487715,
                61.172708621
              ],
              [
                14.835159023,
                61.171654071
              ],
              [
                14.8349366,
                61.171690098
              ],
              [
                14.834813265,
                61.171761209
              ],
              [
                14.83464087,
                61.171808505
              ],
              [
                14.834443694,
                61.171891402
              ],
              [
                14.834271297,
                61.171938699
              ],
              [
                14.834074431,
                61.171962211
              ],
              [
                14.83385291,
                61.171997569
              ],
              [
                14.833656045,
                61.172021081
              ],
              [
                14.833459241,
                61.172032716
              ],
              [
                14.833262501,
                61.172032474
              ],
              [
                14.833041292,
                61.172008448
              ],
              [
                14.832943361,
                61.17192519
              ],
              [
                14.83284543,
                61.171841932
              ],
              [
                14.832845933,
                61.171746918
              ],
              [
                14.832846436,
                61.171651905
              ],
              [
                14.832846687,
                61.171604398
              ],
              [
                14.832846939,
                61.171556891
              ],
              [
                14.832847442,
                61.171461878
              ],
              [
                14.832823353,
                61.171366833
              ],
              [
                14.832774672,
                61.17127176
              ],
              [
                14.83267687,
                61.171164748
              ],
              [
                14.832480261,
                61.171140751
              ],
              [
                14.832283651,
                61.171116754
              ],
              [
                14.832062323,
                61.17111648
              ],
              [
                14.831889927,
                61.171163773
              ],
              [
                14.831766588,
                61.17123488
              ],
              [
                14.831643248,
                61.171305988
              ],
              [
                14.831470597,
                61.171400787
              ],
              [
                14.831347193,
                61.171483771
              ],
              [
                14.831223851,
                61.171554878
              ],
              [
                14.83107598,
                61.171614077
              ],
              [
                14.830903578,
                61.171661369
              ],
              [
                14.830731114,
                61.171720538
              ],
              [
                14.830558777,
                61.171755953
              ],
              [
                14.830337317,
                61.171779429
              ],
              [
                14.830164977,
                61.171814843
              ],
              [
                14.829968175,
                61.171826473
              ],
              [
                14.829746842,
                61.171826195
              ],
              [
                14.829550103,
                61.171825947
              ],
              [
                14.829353298,
                61.171837576
              ],
              [
                14.829156431,
                61.171861081
              ],
              [
                14.829009196,
                61.171801511
              ],
              [
                14.82900971,
                61.171706498
              ],
              [
                14.829034819,
                61.171611516
              ],
              [
                14.829084517,
                61.171516565
              ],
              [
                14.829134214,
                61.171421613
              ],
              [
                14.829183914,
                61.171326662
              ],
              [
                14.829233611,
                61.17123171
              ],
              [
                14.829307837,
                61.171148666
              ],
              [
                14.82930835,
                61.171053652
              ],
              [
                14.829333455,
                61.17095867
              ],
              [
                14.829333969,
                61.170863656
              ],
              [
                14.829359073,
                61.170768674
              ],
              [
                14.829359587,
                61.17067366
              ],
              [
                14.8293601,
                61.170578647
              ],
              [
                14.829385204,
                61.170483665
              ],
              [
                14.829434901,
                61.170388713
              ],
              [
                14.829435414,
                61.170293699
              ],
              [
                14.829435928,
                61.170198686
              ],
              [
                14.829461031,
                61.170103703
              ],
              [
                14.829486135,
                61.17000872
              ],
              [
                14.829563279,
                61.169880963
              ],
              [
                14.82955597,
                61.169878646
              ],
              [
                14.807613832,
                61.16292174
              ],
              [
                14.807446106,
                61.16297187
              ],
              [
                14.807249276,
                61.162995344
              ],
              [
                14.807052446,
                61.163018817
              ],
              [
                14.80688013,
                61.163054202
              ],
              [
                14.806732253,
                61.163113375
              ],
              [
                14.806559863,
                61.163160635
              ],
              [
                14.806387544,
                61.16319602
              ],
              [
                14.80619064,
                61.163231369
              ],
              [
                14.80601832,
                61.163266752
              ],
              [
                14.805870441,
                61.163325924
              ],
              [
                14.805796174,
                61.163408955
              ],
              [
                14.805623633,
                61.163479969
              ],
              [
                14.805426508,
                61.163550946
              ],
              [
                14.805303065,
                61.163633906
              ],
              [
                14.805253306,
                61.163728849
              ],
              [
                14.80515445,
                61.163811844
              ],
              [
                14.805055592,
                61.163894839
              ],
              [
                14.804932221,
                61.163965923
              ],
              [
                14.804784336,
                61.164025093
              ],
              [
                14.804611937,
                61.164072352
              ],
              [
                14.804340972,
                61.164155098
              ],
              [
                14.804193085,
                61.164214269
              ],
              [
                14.804045198,
                61.164273439
              ],
              [
                14.803897237,
                61.164344485
              ],
              [
                14.803773861,
                61.164415567
              ],
              [
                14.803650485,
                61.164486649
              ],
              [
                14.803502522,
                61.164557695
              ],
              [
                14.803330117,
                61.164604952
              ],
              [
                14.80315764,
                61.164664085
              ],
              [
                14.802960797,
                61.164687552
              ],
              [
                14.802763954,
                61.164711019
              ],
              [
                14.802616062,
                61.164770188
              ],
              [
                14.802443581,
                61.16482932
              ],
              [
                14.80227125,
                61.164864699
              ],
              [
                14.80207433,
                61.164900042
              ],
              [
                14.801950875,
                61.164982998
              ],
              [
                14.801852005,
                61.165065991
              ],
              [
                14.801802233,
                61.165160933
              ],
              [
                14.801727951,
                61.165243961
              ],
              [
                14.801678104,
                61.16535078
              ],
              [
                14.801603821,
                61.165433808
              ],
              [
                14.801504948,
                61.165516801
              ],
              [
                14.801381563,
                61.165587881
              ],
              [
                14.801258177,
                61.165658961
              ],
              [
                14.80125728,
                61.16580148
              ],
              [
                14.801256682,
                61.165896494
              ],
              [
                14.801256085,
                61.165991508
              ],
              [
                14.801255487,
                61.166086521
              ],
              [
                14.801279477,
                61.166181571
              ],
              [
                14.801278879,
                61.166276584
              ],
              [
                14.801253619,
                61.166383438
              ],
              [
                14.801203845,
                61.166478379
              ],
              [
                14.801178659,
                61.166573357
              ],
              [
                14.801128884,
                61.166668298
              ],
              [
                14.801054521,
                61.166763203
              ],
              [
                14.800955194,
                61.166917456
              ],
              [
                14.800905417,
                61.167012396
              ],
              [
                14.800830828,
                61.167142931
              ],
              [
                14.80070736,
                61.167225888
              ],
              [
                14.800583891,
                61.167308843
              ],
              [
                14.800509598,
                61.167391871
              ],
              [
                14.800386203,
                61.16746295
              ],
              [
                14.80021378,
                61.167510203
              ],
              [
                14.800041356,
                61.167557456
              ],
              [
                14.799917658,
                61.167676041
              ],
              [
                14.799818699,
                61.167770909
              ],
              [
                14.799695,
                61.167889493
              ],
              [
                14.799447824,
                61.168091034
              ],
              [
                14.79929991,
                61.168150198
              ],
              [
                14.799250126,
                61.168245138
              ],
              [
                14.799053259,
                61.1682686
              ],
              [
                14.799029274,
                61.16817355
              ],
              [
                14.799029878,
                61.168078537
              ],
              [
                14.799079661,
                61.167983596
              ],
              [
                14.799104854,
                61.167888619
              ],
              [
                14.799252767,
                61.167829454
              ],
              [
                14.799327064,
                61.167746427
              ],
              [
                14.799376845,
                61.167651487
              ],
              [
                14.799180284,
                61.167627442
              ],
              [
                14.798983494,
                61.167639026
              ],
              [
                14.79888461,
                61.167722018
              ],
              [
                14.798859414,
                61.167816994
              ],
              [
                14.798736014,
                61.167888071
              ],
              [
                14.798588023,
                61.167959113
              ],
              [
                14.798415595,
                61.168006363
              ],
              [
                14.798218878,
                61.16800607
              ],
              [
                14.798022164,
                61.168005776
              ],
              [
                14.797825447,
                61.168005483
              ],
              [
                14.797727622,
                61.1679222
              ],
              [
                14.797703717,
                61.167815273
              ],
              [
                14.79777817,
                61.167708493
              ],
              [
                14.797827956,
                61.167613553
              ],
              [
                14.797853229,
                61.167506699
              ],
              [
                14.797853837,
                61.167411686
              ],
              [
                14.797903623,
                61.167316746
              ],
              [
                14.797879719,
                61.167209819
              ],
              [
                14.797683083,
                61.167197649
              ],
              [
                14.797510658,
                61.167244898
              ],
              [
                14.797313794,
                61.167268357
              ],
              [
                14.797117007,
                61.16727994
              ],
              [
                14.79704385,
                61.167184815
              ],
              [
                14.797044461,
                61.167089803
              ],
              [
                14.797094248,
                61.166994862
              ],
              [
                14.797168548,
                61.166911837
              ],
              [
                14.797316842,
                61.166793291
              ],
              [
                14.797513703,
                61.166769831
              ],
              [
                14.797710486,
                61.166758249
              ],
              [
                14.797931934,
                61.166734826
              ],
              [
                14.798055332,
                61.166663749
              ],
              [
                14.79817873,
                61.166592672
              ],
              [
                14.798277614,
                61.166509682
              ],
              [
                14.798327397,
                61.166414742
              ],
              [
                14.798328003,
                61.166319729
              ],
              [
                14.79832861,
                61.166224715
              ],
              [
                14.798525467,
                61.166201255
              ],
              [
                14.798722397,
                61.166165917
              ],
              [
                14.798894741,
                61.166130543
              ],
              [
                14.798993621,
                61.166047552
              ],
              [
                14.799043478,
                61.165940735
              ],
              [
                14.799117769,
                61.165857707
              ],
              [
                14.799265673,
                61.165798543
              ],
              [
                14.799438089,
                61.165751292
              ],
              [
                14.79956148,
                61.165680214
              ],
              [
                14.799733819,
                61.165644838
              ],
              [
                14.799906157,
                61.165609462
              ],
              [
                14.800078497,
                61.165574087
              ],
              [
                14.800226398,
                61.165514921
              ],
              [
                14.80049746,
                61.165420306
              ],
              [
                14.800620847,
                61.165349227
              ],
              [
                14.800768746,
                61.165290061
              ],
              [
                14.800867619,
                61.165207069
              ],
              [
                14.800941906,
                61.16512404
              ],
              [
                14.80106544,
                61.165029208
              ],
              [
                14.801139724,
                61.16494618
              ],
              [
                14.801312283,
                61.164875172
              ],
              [
                14.801435664,
                61.164804092
              ],
              [
                14.801534534,
                61.1647211
              ],
              [
                14.801657916,
                61.16465002
              ],
              [
                14.80180581,
                61.164590852
              ],
              [
                14.80192919,
                61.164519772
              ],
              [
                14.802003472,
                61.164436743
              ],
              [
                14.80205324,
                61.164341802
              ],
              [
                14.802078422,
                61.164246824
              ],
              [
                14.802103605,
                61.164151847
              ],
              [
                14.802153372,
                61.164056905
              ],
              [
                14.802153967,
                61.163961892
              ],
              [
                14.802154636,
                61.163855001
              ],
              [
                14.802130646,
                61.163759952
              ],
              [
                14.802057482,
                61.163664831
              ],
              [
                14.802008906,
                61.163569745
              ],
              [
                14.802009501,
                61.163474732
              ],
              [
                14.802034682,
                61.163379754
              ],
              [
                14.802084448,
                61.163284813
              ],
              [
                14.802085043,
                61.163189799
              ],
              [
                14.802036468,
                61.163094713
              ],
              [
                14.801864667,
                61.163046955
              ],
              [
                14.801643545,
                61.163022877
              ],
              [
                14.801471671,
                61.162986996
              ],
              [
                14.801394203,
                61.162888
              ],
              [
                14.801003735,
                61.162918848
              ],
              [
                14.8005371,
                61.162945095
              ],
              [
                14.800446122,
                61.162931494
              ],
              [
                14.800146688,
                61.162966964
              ],
              [
                14.79986561,
                61.16303837
              ],
              [
                14.799897292,
                61.163127199
              ],
              [
                14.799773912,
                61.163198278
              ],
              [
                14.799601586,
                61.163233653
              ],
              [
                14.799453695,
                61.163292818
              ],
              [
                14.799330314,
                61.163363896
              ],
              [
                14.799231442,
                61.163446887
              ],
              [
                14.799107908,
                61.163541718
              ],
              [
                14.799033622,
                61.163624745
              ],
              [
                14.798910239,
                61.163695823
              ],
              [
                14.798811364,
                61.163778814
              ],
              [
                14.798663242,
                61.163873608
              ],
              [
                14.798564367,
                61.163956599
              ],
              [
                14.798490001,
                61.164051502
              ],
              [
                14.798391127,
                61.164134492
              ],
              [
                14.79829225,
                61.164217483
              ],
              [
                14.798217958,
                61.16430051
              ],
              [
                14.798143669,
                61.164383536
              ],
              [
                14.797995616,
                61.164466454
              ],
              [
                14.797872074,
                61.164561283
              ],
              [
                14.797724174,
                61.164620446
              ],
              [
                14.797600783,
                61.164691522
              ],
              [
                14.797404013,
                61.164703106
              ],
              [
                14.797182654,
                61.164714651
              ],
              [
                14.797084917,
                61.16461949
              ],
              [
                14.79706094,
                61.16452444
              ],
              [
                14.797012378,
                61.164429352
              ],
              [
                14.797012989,
                61.164334339
              ],
              [
                14.797013599,
                61.164239325
              ],
              [
                14.797038796,
                61.164144349
              ],
              [
                14.797063992,
                61.164049372
              ],
              [
                14.79701543,
                61.163954286
              ],
              [
                14.796892957,
                61.163882841
              ],
              [
                14.796745822,
                61.163823236
              ],
              [
                14.79669726,
                61.163728149
              ],
              [
                14.796697871,
                61.163633135
              ],
              [
                14.796698482,
                61.163538122
              ],
              [
                14.796699094,
                61.163443108
              ],
              [
                14.796699705,
                61.163348095
              ],
              [
                14.796626484,
                61.163264847
              ],
              [
                14.796553261,
                61.1631816
              ],
              [
                14.796529288,
                61.163086549
              ],
              [
                14.796480727,
                61.162991462
              ],
              [
                14.796481339,
                61.162896448
              ],
              [
                14.796457366,
                61.162801398
              ],
              [
                14.796408961,
                61.162682558
              ],
              [
                14.796335817,
                61.162587433
              ],
              [
                14.79628726,
                61.162492346
              ],
              [
                14.79616533,
                61.162337763
              ],
              [
                14.796116774,
                61.162242676
              ],
              [
                14.795994386,
                61.162159354
              ],
              [
                14.795994999,
                61.162064341
              ],
              [
                14.795995613,
                61.161969327
              ],
              [
                14.795996226,
                61.161874314
              ],
              [
                14.7958491,
                61.161814708
              ],
              [
                14.795652501,
                61.161802535
              ],
              [
                14.795455823,
                61.161802238
              ],
              [
                14.795258993,
                61.161825694
              ],
              [
                14.795062238,
                61.161837273
              ],
              [
                14.794865562,
                61.161836975
              ],
              [
                14.794644454,
                61.161812887
              ],
              [
                14.794497333,
                61.161753279
              ],
              [
                14.794325471,
                61.161717388
              ],
              [
                14.794153612,
                61.161681496
              ],
              [
                14.794080402,
                61.161598247
              ],
              [
                14.794007267,
                61.161503122
              ],
              [
                14.793934133,
                61.161407996
              ],
              [
                14.793836339,
                61.161324709
              ],
              [
                14.793836959,
                61.161229696
              ],
              [
                14.793837579,
                61.161134683
              ],
              [
                14.793838199,
                61.161039669
              ],
              [
                14.793863325,
                61.16095657
              ],
              [
                14.793937618,
                61.160873545
              ],
              [
                14.793987406,
                61.160778606
              ],
              [
                14.794037193,
                61.160683667
              ],
              [
                14.794062395,
                61.160588692
              ],
              [
                14.794161349,
                61.160493827
              ],
              [
                14.794260225,
                61.16041084
              ],
              [
                14.794334516,
                61.160327816
              ],
              [
                14.794359719,
                61.160232839
              ],
              [
                14.794360338,
                61.160137826
              ],
              [
                14.794385539,
                61.16004285
              ],
              [
                14.794435323,
                61.159947911
              ],
              [
                14.794485108,
                61.159852972
              ],
              [
                14.794534891,
                61.159758033
              ],
              [
                14.794560169,
                61.159651181
              ],
              [
                14.794585369,
                61.159556204
              ],
              [
                14.794635153,
                61.159461266
              ],
              [
                14.794660353,
                61.159366289
              ],
              [
                14.794710135,
                61.15927135
              ],
              [
                14.794735337,
                61.159176374
              ],
              [
                14.794785118,
                61.159081435
              ],
              [
                14.794834899,
                61.158986496
              ],
              [
                14.794988757,
                61.15891587
              ],
              [
                14.792636548,
                61.158169284
              ],
              [
                14.790695437,
                61.157553121
              ],
              [
                14.785330737,
                61.155849949
              ],
              [
                14.784305671,
                61.155524468
              ],
              [
                14.779120475,
                61.153877834
              ],
              [
                14.763776228,
                61.149002875
              ],
              [
                14.744135791,
                61.142758255
              ],
              [
                14.744130274,
                61.142756499
              ],
              [
                14.742343607,
                61.14218817
              ],
              [
                14.742302009,
                61.142174938
              ],
              [
                14.713119143,
                61.132885762
              ],
              [
                14.713118711,
                61.132885625
              ],
              [
                14.710416859,
                61.132025006
              ],
              [
                14.710368145,
                61.132009488
              ],
              [
                14.677425504,
                61.121508156
              ],
              [
                14.677414792,
                61.12150474
              ],
              [
                14.677355914,
                61.121594306
              ],
              [
                14.677281406,
                61.121677267
              ],
              [
                14.677255884,
                61.121772221
              ],
              [
                14.677230362,
                61.121867176
              ],
              [
                14.677155853,
                61.121950137
              ],
              [
                14.677130331,
                61.122045092
              ],
              [
                14.677055821,
                61.122128052
              ],
              [
                14.676932326,
                61.122199018
              ],
              [
                14.67680883,
                61.122269985
              ],
              [
                14.676660902,
                61.122329016
              ],
              [
                14.676512973,
                61.122388047
              ],
              [
                14.676340733,
                61.122423266
              ],
              [
                14.676095073,
                61.122434555
              ],
              [
                14.675873967,
                61.122445902
              ],
              [
                14.675677536,
                61.122445431
              ],
              [
                14.67548135,
                61.122421207
              ],
              [
                14.675309837,
                61.122385165
              ],
              [
                14.675163125,
                61.122325428
              ],
              [
                14.675090318,
                61.122242115
              ],
              [
                14.67501751,
                61.122158801
              ],
              [
                14.674944704,
                61.122075487
              ],
              [
                14.674896572,
                61.121980357
              ],
              [
                14.674872995,
                61.121885284
              ],
              [
                14.674898524,
                61.12179033
              ],
              [
                14.674924053,
                61.121695376
              ],
              [
                14.674998689,
                61.12160054
              ],
              [
                14.675024217,
                61.121505586
              ],
              [
                14.675049745,
                61.121410631
              ],
              [
                14.675050843,
                61.121303742
              ],
              [
                14.675051818,
                61.121208729
              ],
              [
                14.675003689,
                61.121113597
              ],
              [
                14.675004665,
                61.121018585
              ],
              [
                14.675054745,
                61.120923689
              ],
              [
                14.675202793,
                61.120852783
              ],
              [
                14.675350839,
                61.120781877
              ],
              [
                14.675547745,
                61.120734842
              ],
              [
                14.675744166,
                61.120735313
              ],
              [
                14.675915425,
                61.120795108
              ],
              [
                14.676086927,
                61.12083115
              ],
              [
                14.676283227,
                61.120843496
              ],
              [
                14.676448259,
                61.120856976
              ],
              [
                14.676537929,
                61.120557676
              ],
              [
                14.67669162,
                61.120044672
              ],
              [
                14.680317531,
                61.107936917
              ],
              [
                14.679038213,
                61.106862027
              ]
            ],
            [
              [
                14.763776228,
                61.149002875
              ],
              [
                14.76270226,
                61.149376095
              ],
              [
                14.762030454,
                61.14953696
              ],
              [
                14.761358337,
                61.149738332
              ],
              [
                14.760518866,
                61.149898893
              ],
              [
                14.760016226,
                61.149857492
              ],
              [
                14.759850423,
                61.149614131
              ],
              [
                14.760020531,
                61.149290345
              ],
              [
                14.760859986,
                61.149129786
              ],
              [
                14.761783562,
                61.14892886
              ],
              [
                14.762537962,
                61.148930185
              ],
              [
                14.763776228,
                61.149002875
              ]
            ],
            [
              [
                14.679038213,
                61.106862027
              ],
              [
                14.678989446,
                61.106896481
              ],
              [
                14.678968403,
                61.106959276
              ],
              [
                14.67901105,
                61.107327469
              ],
              [
                14.678912853,
                61.107497815
              ],
              [
                14.678684976,
                61.107649897
              ],
              [
                14.678144347,
                61.107724923
              ],
              [
                14.676654943,
                61.107873993
              ],
              [
                14.676169869,
                61.107958121
              ],
              [
                14.674754376,
                61.108134281
              ],
              [
                14.674120739,
                61.108231512
              ],
              [
                14.673617471,
                61.108279676
              ],
              [
                14.672925806,
                61.10842614
              ],
              [
                14.672737502,
                61.108515462
              ],
              [
                14.672620948,
                61.108663315
              ],
              [
                14.672281625,
                61.108824094
              ],
              [
                14.671618967,
                61.109213022
              ],
              [
                14.671089697,
                61.109440671
              ],
              [
                14.670826984,
                61.109547766
              ],
              [
                14.670734034,
                61.109565495
              ],
              [
                14.669172996,
                61.109633508
              ],
              [
                14.668727213,
                61.109681795
              ],
              [
                14.668298078,
                61.10973461
              ],
              [
                14.667624721,
                61.109899047
              ],
              [
                14.667195252,
                61.10998328
              ],
              [
                14.666729194,
                61.110018044
              ],
              [
                14.666119415,
                61.109958184
              ],
              [
                14.665787743,
                61.109916964
              ],
              [
                14.665289617,
                61.109825954
              ],
              [
                14.66497707,
                61.109730913
              ],
              [
                14.664606894,
                61.109734484
              ],
              [
                14.664568527,
                61.109765811
              ],
              [
                14.663587367,
                61.109736441
              ],
              [
                14.663028353,
                61.109788916
              ],
              [
                14.662805671,
                61.10979285
              ],
              [
                14.662326013,
                61.109710852
              ],
              [
                14.662219939,
                61.109566942
              ],
              [
                14.662074282,
                61.109481289
              ],
              [
                14.66155695,
                61.109453061
              ],
              [
                14.661241794,
                61.109429828
              ],
              [
                14.660759233,
                61.109446574
              ],
              [
                14.660737863,
                61.109536298
              ],
              [
                14.660698421,
                61.109581089
              ],
              [
                14.660623777,
                61.109621302
              ],
              [
                14.660419889,
                61.109602834
              ],
              [
                14.660296199,
                61.109675587
              ],
              [
                14.660172715,
                61.109746538
              ],
              [
                14.660049103,
                61.109829367
              ],
              [
                14.659876785,
                61.109876441
              ],
              [
                14.659704467,
                61.109923516
              ],
              [
                14.659532147,
                61.10997059
              ],
              [
                14.659359828,
                61.110017664
              ],
              [
                14.659211796,
                61.110088553
              ],
              [
                14.659063892,
                61.110147565
              ],
              [
                14.658915987,
                61.110206577
              ],
              [
                14.658841458,
                61.110289527
              ],
              [
                14.658693552,
                61.110348539
              ],
              [
                14.658497068,
                61.110359919
              ],
              [
                14.658424461,
                61.110264721
              ],
              [
                14.658376397,
                61.110169583
              ],
              [
                14.658352878,
                61.110074509
              ],
              [
                14.658525199,
                61.110027436
              ],
              [
                14.658624272,
                61.109944548
              ],
              [
                14.658772176,
                61.109885536
              ],
              [
                14.658748656,
                61.109790461
              ],
              [
                14.658602161,
                61.109718829
              ],
              [
                14.658381778,
                61.109670765
              ],
              [
                14.658185685,
                61.109646515
              ],
              [
                14.657989718,
                61.109610389
              ],
              [
                14.657818297,
                61.109574325
              ],
              [
                14.657622203,
                61.109550074
              ],
              [
                14.657500254,
                61.109478504
              ],
              [
                14.657328963,
                61.109430562
              ],
              [
                14.657182344,
                61.109370805
              ],
              [
                14.65708507,
                61.10928742
              ],
              [
                14.656987796,
                61.109204035
              ],
              [
                14.657013111,
                61.109132836
              ],
              [
                14.65701414,
                61.109037824
              ],
              [
                14.657015298,
                61.108930934
              ],
              [
                14.657016327,
                61.108835921
              ],
              [
                14.656943599,
                61.108752597
              ],
              [
                14.656747896,
                61.108692716
              ],
              [
                14.65655181,
                61.108668464
              ],
              [
                14.656355465,
                61.108667966
              ],
              [
                14.656258195,
                61.108584579
              ],
              [
                14.656357269,
                61.108501692
              ],
              [
                14.656456343,
                61.108418806
              ],
              [
                14.656530875,
                61.108335856
              ],
              [
                14.656605403,
                61.108252907
              ],
              [
                14.656704476,
                61.10817002
              ],
              [
                14.656876789,
                61.108122949
              ],
              [
                14.657024688,
                61.108063939
              ],
              [
                14.657172716,
                61.107993053
              ],
              [
                14.657198287,
                61.107898102
              ],
              [
                14.657199316,
                61.107803089
              ],
              [
                14.657224886,
                61.107708138
              ],
              [
                14.657250456,
                61.107613187
              ],
              [
                14.657226943,
                61.107518111
              ],
              [
                14.657154216,
                61.107434788
              ],
              [
                14.657056949,
                61.107351402
              ],
              [
                14.657008893,
                61.107256265
              ],
              [
                14.657009922,
                61.107161252
              ],
              [
                14.65710899,
                61.107078365
              ],
              [
                14.657281168,
                61.10704317
              ],
              [
                14.65742932,
                61.106960407
              ],
              [
                14.657503843,
                61.106877457
              ],
              [
                14.657578368,
                61.106794506
              ],
              [
                14.657749773,
                61.106830572
              ],
              [
                14.657797829,
                61.106925708
              ],
              [
                14.657919768,
                61.10699728
              ],
              [
                14.658115975,
                61.107009653
              ],
              [
                14.658312565,
                61.106986395
              ],
              [
                14.658509028,
                61.106975014
              ],
              [
                14.658754446,
                61.106975634
              ],
              [
                14.658876259,
                61.107059081
              ],
              [
                14.65894899,
                61.107142403
              ],
              [
                14.659144557,
                61.107214157
              ],
              [
                14.659289636,
                61.107416431
              ],
              [
                14.659411581,
                61.107488001
              ],
              [
                14.659582739,
                61.107547816
              ],
              [
                14.65977882,
                61.107572064
              ],
              [
                14.659975159,
                61.107572558
              ],
              [
                14.660121775,
                61.107632311
              ],
              [
                14.660293952,
                61.107597112
              ],
              [
                14.660441842,
                61.107538099
              ],
              [
                14.660516361,
                61.107455148
              ],
              [
                14.660590877,
                61.107372196
              ],
              [
                14.660665522,
                61.107277367
              ],
              [
                14.660642126,
                61.107170416
              ],
              [
                14.660569518,
                61.107075218
              ],
              [
                14.660521453,
                61.106980081
              ],
              [
                14.660448719,
                61.10689676
              ],
              [
                14.660351445,
                61.106813378
              ],
              [
                14.660327921,
                61.106718302
              ],
              [
                14.660279858,
                61.106623165
              ],
              [
                14.660256336,
                61.106528091
              ],
              [
                14.660208271,
                61.106432954
              ],
              [
                14.660160209,
                61.106337818
              ],
              [
                14.660136687,
                61.106242743
              ],
              [
                14.660162248,
                61.106147792
              ],
              [
                14.660383118,
                61.106148347
              ],
              [
                14.660628657,
                61.106137086
              ],
              [
                14.660676721,
                61.106232222
              ],
              [
                14.660700244,
                61.106327297
              ],
              [
                14.660772978,
                61.106410618
              ],
              [
                14.66084571,
                61.106493939
              ],
              [
                14.660869236,
                61.106589014
              ],
              [
                14.66099118,
                61.106660582
              ],
              [
                14.661186495,
                61.106756088
              ],
              [
                14.661308314,
                61.106839531
              ],
              [
                14.661405592,
                61.106922913
              ],
              [
                14.661429118,
                61.107017988
              ],
              [
                14.661501856,
                61.107101309
              ],
              [
                14.661525128,
                61.107220137
              ],
              [
                14.661499571,
                61.107315089
              ],
              [
                14.661449343,
                61.107421855
              ],
              [
                14.661448327,
                61.107516869
              ],
              [
                14.661425461,
                61.107611972
              ],
              [
                14.661299169,
                61.10769465
              ],
              [
                14.661102577,
                61.107717911
              ],
              [
                14.660954685,
                61.107776925
              ],
              [
                14.66083121,
                61.107847877
              ],
              [
                14.660756693,
                61.10793083
              ],
              [
                14.66063309,
                61.108013658
              ],
              [
                14.660582985,
                61.108108548
              ],
              [
                14.66050834,
                61.108203376
              ],
              [
                14.660360447,
                61.10826239
              ],
              [
                14.660187627,
                61.108356972
              ],
              [
                14.660015317,
                61.108404046
              ],
              [
                14.659818973,
                61.108403552
              ],
              [
                14.659622759,
                61.108391181
              ],
              [
                14.659402256,
                61.108354996
              ],
              [
                14.659205787,
                61.108366378
              ],
              [
                14.659009187,
                61.108389636
              ],
              [
                14.658861291,
                61.108448648
              ],
              [
                14.658761711,
                61.108579043
              ],
              [
                14.658687187,
                61.108661994
              ],
              [
                14.65861266,
                61.108744944
              ],
              [
                14.658587093,
                61.108839896
              ],
              [
                14.658635155,
                61.108935033
              ],
              [
                14.658757103,
                61.109006602
              ],
              [
                14.658805167,
                61.109101739
              ],
              [
                14.658951788,
                61.109161494
              ],
              [
                14.658950765,
                61.109256507
              ],
              [
                14.659023499,
                61.109339829
              ],
              [
                14.659096236,
                61.109423151
              ],
              [
                14.659242858,
                61.109482906
              ],
              [
                14.659438826,
                61.109519031
              ],
              [
                14.659635302,
                61.109507648
              ],
              [
                14.659831653,
                61.109508142
              ],
              [
                14.660028129,
                61.109496759
              ],
              [
                14.660202412,
                61.10946762
              ],
              [
                14.660202701,
                61.109440687
              ],
              [
                14.660278959,
                61.109422923
              ],
              [
                14.660764097,
                61.109338852
              ],
              [
                14.661060939,
                61.109339596
              ],
              [
                14.66200474,
                61.109391336
              ],
              [
                14.662206629,
                61.109423263
              ],
              [
                14.662401055,
                61.10955222
              ],
              [
                14.662532715,
                61.109639546
              ],
              [
                14.662643649,
                61.109675734
              ],
              [
                14.662734366,
                61.109693916
              ],
              [
                14.6629384,
                61.109698913
              ],
              [
                14.663979737,
                61.109652127
              ],
              [
                14.664332621,
                61.109617092
              ],
              [
                14.664647971,
                61.109622363
              ],
              [
                14.665202272,
                61.109664137
              ],
              [
                14.665366633,
                61.109736366
              ],
              [
                14.665679418,
                61.109808962
              ],
              [
                14.666103664,
                61.109868367
              ],
              [
                14.666455791,
                61.109905147
              ],
              [
                14.666843406,
                61.109919569
              ],
              [
                14.667068086,
                61.109902167
              ],
              [
                14.667908703,
                61.10971121
              ],
              [
                14.66835672,
                61.10962702
              ],
              [
                14.669864705,
                61.109487064
              ],
              [
                14.67040292,
                61.109470421
              ],
              [
                14.670720872,
                61.109403862
              ],
              [
                14.671078388,
                61.109279042
              ],
              [
                14.671473427,
                61.109113913
              ],
              [
                14.671738268,
                61.108979888
              ],
              [
                14.672401105,
                61.108573004
              ],
              [
                14.672740564,
                61.108398758
              ],
              [
                14.672928682,
                61.10832739
              ],
              [
                14.673285807,
                61.108238475
              ],
              [
                14.673659581,
                61.108154088
              ],
              [
                14.674757614,
                61.107999621
              ],
              [
                14.675186484,
                61.10796923
              ],
              [
                14.676527669,
                61.107801866
              ],
              [
                14.677922092,
                61.107688482
              ],
              [
                14.678258242,
                61.107653371
              ],
              [
                14.678462766,
                61.107608968
              ],
              [
                14.678613626,
                61.107550971
              ],
              [
                14.678748291,
                61.107443557
              ],
              [
                14.678849345,
                61.107174462
              ],
              [
                14.678785474,
                61.106887019
              ],
              [
                14.678806427,
                61.106833202
              ],
              [
                14.678904013,
                61.106752026
              ],
              [
                14.679038213,
                61.106862027
              ]
            ],
            [
              [
                14.652356512,
                61.099571856
              ],
              [
                14.652406626,
                61.09947697
              ],
              [
                14.652602914,
                61.099477474
              ],
              [
                14.652823738,
                61.099478041
              ],
              [
                14.653020025,
                61.099478545
              ],
              [
                14.653216313,
                61.099479049
              ],
              [
                14.65341247,
                61.099491429
              ],
              [
                14.653608628,
                61.099503808
              ],
              [
                14.653804656,
                61.099528064
              ],
              [
                14.654000685,
                61.09955232
              ],
              [
                14.654245656,
                61.099588577
              ],
              [
                14.654465833,
                61.099648525
              ],
              [
                14.654637067,
                61.099696471
              ],
              [
                14.654783637,
                61.09975623
              ],
              [
                14.65485634,
                61.099839554
              ],
              [
                14.655027317,
                61.099911253
              ],
              [
                14.655173888,
                61.099971011
              ],
              [
                14.65537018,
                61.099971512
              ],
              [
                14.655591134,
                61.099960198
              ],
              [
                14.655763535,
                61.099901252
              ],
              [
                14.655911527,
                61.099830367
              ],
              [
                14.656108333,
                61.099783359
              ],
              [
                14.656280601,
                61.09973629
              ],
              [
                14.656501813,
                61.099701221
              ],
              [
                14.656673952,
                61.099666027
              ],
              [
                14.656821811,
                61.099607017
              ],
              [
                14.65696967,
                61.099548009
              ],
              [
                14.657117529,
                61.099488999
              ],
              [
                14.657265517,
                61.099418111
              ],
              [
                14.657461803,
                61.099418609
              ],
              [
                14.657633171,
                61.099454674
              ],
              [
                14.657632016,
                61.099561564
              ],
              [
                14.657557508,
                61.099644514
              ],
              [
                14.657556481,
                61.099739528
              ],
              [
                14.657555197,
                61.099858294
              ],
              [
                14.657529377,
                61.099976998
              ],
              [
                14.657454869,
                61.100059949
              ],
              [
                14.657380361,
                61.100142898
              ],
              [
                14.657281316,
                61.100225787
              ],
              [
                14.657157862,
                61.100296736
              ],
              [
                14.657034407,
                61.100367684
              ],
              [
                14.65693536,
                61.100450572
              ],
              [
                14.656738681,
                61.100485704
              ],
              [
                14.656542257,
                61.100497082
              ],
              [
                14.656321169,
                61.100520273
              ],
              [
                14.656100339,
                61.100519712
              ],
              [
                14.655904044,
                61.100519213
              ],
              [
                14.655683342,
                61.100506774
              ],
              [
                14.655487049,
                61.100506274
              ],
              [
                14.655290883,
                61.100493897
              ],
              [
                14.65509472,
                61.10048152
              ],
              [
                14.654775612,
                61.100492582
              ],
              [
                14.654678371,
                61.100409196
              ],
              [
                14.654531799,
                61.100349436
              ],
              [
                14.654409893,
                61.100277863
              ],
              [
                14.654238656,
                61.100229917
              ],
              [
                14.654067418,
                61.100181971
              ],
              [
                14.653970182,
                61.100098583
              ],
              [
                14.653848278,
                61.100027009
              ],
              [
                14.653652636,
                61.099967123
              ],
              [
                14.653506197,
                61.099895486
              ],
              [
                14.65335963,
                61.099835725
              ],
              [
                14.653188397,
                61.099787779
              ],
              [
                14.652992367,
                61.099763521
              ],
              [
                14.652796207,
                61.099751141
              ],
              [
                14.652624975,
                61.099703193
              ],
              [
                14.65247841,
                61.099643431
              ],
              [
                14.652356512,
                61.099571856
              ]
            ],
            [
              [
                14.658252527,
                61.101178403
              ],
              [
                14.658253552,
                61.10108339
              ],
              [
                14.658230039,
                61.100988315
              ],
              [
                14.658206527,
                61.100893239
              ],
              [
                14.658207552,
                61.100798226
              ],
              [
                14.658208578,
                61.100703213
              ],
              [
                14.658234139,
                61.100608262
              ],
              [
                14.658259703,
                61.10051331
              ],
              [
                14.658358873,
                61.100418546
              ],
              [
                14.658531143,
                61.100371473
              ],
              [
                14.658727435,
                61.100371968
              ],
              [
                14.658923601,
                61.10038434
              ],
              [
                14.659119894,
                61.100384835
              ],
              [
                14.659315932,
                61.100409083
              ],
              [
                14.659512097,
                61.100421455
              ],
              [
                14.659757464,
                61.100422072
              ],
              [
                14.659978295,
                61.100422628
              ],
              [
                14.660174335,
                61.100446874
              ],
              [
                14.660370373,
                61.10047112
              ],
              [
                14.660492293,
                61.100542689
              ],
              [
                14.660491274,
                61.100637702
              ],
              [
                14.66031888,
                61.100696654
              ],
              [
                14.660122329,
                61.100719914
              ],
              [
                14.659901369,
                61.100731236
              ],
              [
                14.659729101,
                61.10077831
              ],
              [
                14.659654598,
                61.100861261
              ],
              [
                14.659604501,
                61.100956151
              ],
              [
                14.65960348,
                61.101051164
              ],
              [
                14.659577923,
                61.101146115
              ],
              [
                14.6595277,
                61.101252882
              ],
              [
                14.659526679,
                61.101347896
              ],
              [
                14.659451916,
                61.101454599
              ],
              [
                14.659426358,
                61.101549551
              ],
              [
                14.659327313,
                61.10163244
              ],
              [
                14.659228268,
                61.10171533
              ],
              [
                14.659129222,
                61.101798219
              ],
              [
                14.658932537,
                61.101833354
              ],
              [
                14.658736234,
                61.101832859
              ],
              [
                14.65856575,
                61.101713659
              ],
              [
                14.658493033,
                61.101630336
              ],
              [
                14.65839578,
                61.101546952
              ],
              [
                14.658323064,
                61.101463629
              ],
              [
                14.658299551,
                61.101368554
              ],
              [
                14.658276039,
                61.101273479
              ],
              [
                14.658252527,
                61.101178403
              ]
            ],
            [
              [
                14.652116139,
                61.103585658
              ],
              [
                14.652164175,
                61.103680798
              ],
              [
                14.651771026,
                61.103727294
              ],
              [
                14.65157445,
                61.103750541
              ],
              [
                14.65137879,
                61.103690652
              ],
              [
                14.651306087,
                61.103607326
              ],
              [
                14.651209107,
                61.103500183
              ],
              [
                14.651111868,
                61.103416793
              ],
              [
                14.650989958,
                61.103345217
              ],
              [
                14.650917257,
                61.10326189
              ],
              [
                14.65077081,
                61.10319025
              ],
              [
                14.650648901,
                61.103118673
              ],
              [
                14.650526994,
                61.103047096
              ],
              [
                14.650380811,
                61.102951702
              ],
              [
                14.650209564,
                61.102903751
              ],
              [
                14.650186075,
                61.102808675
              ],
              [
                14.650113379,
                61.102725347
              ],
              [
                14.649966934,
                61.102653707
              ],
              [
                14.649869832,
                61.10255844
              ],
              [
                14.649870882,
                61.102463426
              ],
              [
                14.649871932,
                61.102368414
              ],
              [
                14.649823905,
                61.102273273
              ],
              [
                14.649702003,
                61.102201696
              ],
              [
                14.649555432,
                61.102141931
              ],
              [
                14.649359129,
                61.102141422
              ],
              [
                14.649162692,
                61.102152789
              ],
              [
                14.648868105,
                61.102163901
              ],
              [
                14.648671669,
                61.102175269
              ],
              [
                14.648475365,
                61.102174758
              ],
              [
                14.648304126,
                61.102126805
              ],
              [
                14.64813302,
                61.102066975
              ],
              [
                14.648085,
                61.101971834
              ],
              [
                14.647888961,
                61.10194757
              ],
              [
                14.647692657,
                61.101947058
              ],
              [
                14.647546091,
                61.101887291
              ],
              [
                14.647424195,
                61.101815712
              ],
              [
                14.647376178,
                61.10172057
              ],
              [
                14.647328161,
                61.10162543
              ],
              [
                14.647378426,
                61.101518668
              ],
              [
                14.647452964,
                61.101435723
              ],
              [
                14.647552038,
                61.101352842
              ],
              [
                14.647724329,
                61.101305783
              ],
              [
                14.647896486,
                61.101270601
              ],
              [
                14.648093181,
                61.101235482
              ],
              [
                14.648338816,
                61.101212367
              ],
              [
                14.648535379,
                61.101189125
              ],
              [
                14.648781015,
                61.101166009
              ],
              [
                14.648929028,
                61.101095131
              ],
              [
                14.648954617,
                61.101000181
              ],
              [
                14.649127694,
                61.100881862
              ],
              [
                14.649275573,
                61.10082286
              ],
              [
                14.649447726,
                61.100787675
              ],
              [
                14.649644679,
                61.100728801
              ],
              [
                14.649816962,
                61.100681739
              ],
              [
                14.649964839,
                61.100622737
              ],
              [
                14.65008831,
                61.100551795
              ],
              [
                14.650162839,
                61.100468849
              ],
              [
                14.65028631,
                61.100397907
              ],
              [
                14.650482864,
                61.10037466
              ],
              [
                14.650703301,
                61.100410861
              ],
              [
                14.650751326,
                61.100506001
              ],
              [
                14.65089737,
                61.100613271
              ],
              [
                14.650945396,
                61.100708411
              ],
              [
                14.651042629,
                61.100791801
              ],
              [
                14.651115323,
                61.100875127
              ],
              [
                14.651237223,
                61.100946704
              ],
              [
                14.651408592,
                61.100982777
              ],
              [
                14.651530363,
                61.101066229
              ],
              [
                14.651578392,
                61.101161369
              ],
              [
                14.651577216,
                61.101268259
              ],
              [
                14.651576171,
                61.101363272
              ],
              [
                14.651550589,
                61.101458222
              ],
              [
                14.651476061,
                61.101541169
              ],
              [
                14.651425941,
                61.101636056
              ],
              [
                14.651449432,
                61.101731132
              ],
              [
                14.651522132,
                61.101814459
              ],
              [
                14.651570161,
                61.101909598
              ],
              [
                14.651568986,
                61.102016488
              ],
              [
                14.65156794,
                61.102111501
              ],
              [
                14.651615971,
                61.102206641
              ],
              [
                14.651663742,
                61.102325534
              ],
              [
                14.651711773,
                61.102420673
              ],
              [
                14.651784474,
                61.102503999
              ],
              [
                14.651881714,
                61.102587388
              ],
              [
                14.651953893,
                61.102718221
              ],
              [
                14.651977387,
                61.102813297
              ],
              [
                14.651951283,
                61.102955754
              ],
              [
                14.651901162,
                61.103050641
              ],
              [
                14.651851039,
                61.103145527
              ],
              [
                14.651874535,
                61.103240604
              ],
              [
                14.651947237,
                61.10332393
              ],
              [
                14.652019941,
                61.103407255
              ],
              [
                14.652043436,
                61.103502332
              ],
              [
                14.652116139,
                61.103585658
              ]
            ],
            [
              [
                14.660224631,
                61.102620487
              ],
              [
                14.660371097,
                61.102692118
              ],
              [
                14.66034554,
                61.102787069
              ],
              [
                14.660295445,
                61.102881959
              ],
              [
                14.660196398,
                61.102964849
              ],
              [
                14.660048402,
                61.103035739
              ],
              [
                14.659998303,
                61.103130629
              ],
              [
                14.659899257,
                61.103213518
              ],
              [
                14.659873696,
                61.10330847
              ],
              [
                14.659848137,
                61.103403421
              ],
              [
                14.659871656,
                61.103498497
              ],
              [
                14.659944381,
                61.103581818
              ],
              [
                14.659723273,
                61.103605015
              ],
              [
                14.659526961,
                61.103604521
              ],
              [
                14.659330391,
                61.103627781
              ],
              [
                14.659084616,
                61.103662792
              ],
              [
                14.658888175,
                61.103674174
              ],
              [
                14.658691861,
                61.103673678
              ],
              [
                14.658519703,
                61.103708874
              ],
              [
                14.65832326,
                61.103720255
              ],
              [
                14.658151102,
                61.103755451
              ],
              [
                14.657978943,
                61.103790646
              ],
              [
                14.657830807,
                61.103873411
              ],
              [
                14.657756292,
                61.103956361
              ],
              [
                14.657730598,
                61.104063188
              ],
              [
                14.657680362,
                61.104169954
              ],
              [
                14.657630257,
                61.104264843
              ],
              [
                14.657482248,
                61.10433573
              ],
              [
                14.657285801,
                61.10434711
              ],
              [
                14.6570652,
                61.104322796
              ],
              [
                14.656894066,
                61.104262977
              ],
              [
                14.656747472,
                61.10420322
              ],
              [
                14.656600879,
                61.104143463
              ],
              [
                14.656724478,
                61.104060638
              ],
              [
                14.656774586,
                61.103965749
              ],
              [
                14.656849105,
                61.1038828
              ],
              [
                14.656923623,
                61.10379985
              ],
              [
                14.656924652,
                61.103704837
              ],
              [
                14.656901142,
                61.103609762
              ],
              [
                14.656902172,
                61.103514748
              ],
              [
                14.656903201,
                61.103419734
              ],
              [
                14.656953307,
                61.103324846
              ],
              [
                14.657003415,
                61.103229957
              ],
              [
                14.657126881,
                61.103159009
              ],
              [
                14.657250346,
                61.10308806
              ],
              [
                14.657373939,
                61.103005235
              ],
              [
                14.657497403,
                61.102934286
              ],
              [
                14.657571917,
                61.102851335
              ],
              [
                14.65767097,
                61.102768447
              ],
              [
                14.657794561,
                61.102685622
              ],
              [
                14.657918023,
                61.102614671
              ],
              [
                14.658041612,
                61.102531845
              ],
              [
                14.658213764,
                61.102496649
              ],
              [
                14.658410328,
                61.102473392
              ],
              [
                14.658606633,
                61.102473888
              ],
              [
                14.658754504,
                61.102414877
              ],
              [
                14.658780065,
                61.102319926
              ],
              [
                14.658830164,
                61.102225036
              ],
              [
                14.659002316,
                61.102189839
              ],
              [
                14.659198491,
                61.102202211
              ],
              [
                14.659394541,
                61.102226459
              ],
              [
                14.659541131,
                61.102286213
              ],
              [
                14.659687722,
                61.102345967
              ],
              [
                14.659809647,
                61.102417535
              ],
              [
                14.659956239,
                61.102477289
              ],
              [
                14.660078166,
                61.102548857
              ],
              [
                14.660224631,
                61.102620487
              ]
            ],
            [
              [
                14.642555808,
                61.102681826
              ],
              [
                14.642507804,
                61.102586684
              ],
              [
                14.642508876,
                61.10249167
              ],
              [
                14.642559024,
                61.102396787
              ],
              [
                14.642658115,
                61.10231391
              ],
              [
                14.642781609,
                61.102242975
              ],
              [
                14.642953911,
                61.102195921
              ],
              [
                14.643174887,
                61.102184628
              ],
              [
                14.643222892,
                61.102279771
              ],
              [
                14.643246362,
                61.102374848
              ],
              [
                14.64326983,
                61.102469927
              ],
              [
                14.643268626,
                61.102576816
              ],
              [
                14.643267556,
                61.102671829
              ],
              [
                14.643315562,
                61.102766971
              ],
              [
                14.643387975,
                61.102874055
              ],
              [
                14.643558942,
                61.102945768
              ],
              [
                14.643705505,
                61.103005539
              ],
              [
                14.643851936,
                61.103077187
              ],
              [
                14.643973561,
                61.103172523
              ],
              [
                14.644046244,
                61.103255853
              ],
              [
                14.64419281,
                61.103315624
              ],
              [
                14.644314571,
                61.103399084
              ],
              [
                14.644461138,
                61.103458854
              ],
              [
                14.644657451,
                61.10345937
              ],
              [
                14.64482869,
                61.103507327
              ],
              [
                14.645024471,
                61.10355535
              ],
              [
                14.645220517,
                61.103579619
              ],
              [
                14.645490048,
                61.103615956
              ],
              [
                14.645686362,
                61.10361647
              ],
              [
                14.64583426,
                61.103557473
              ],
              [
                14.646006431,
                61.103522293
              ],
              [
                14.646202745,
                61.103522807
              ],
              [
                14.646399056,
                61.103523321
              ],
              [
                14.646595237,
                61.10353571
              ],
              [
                14.647036675,
                61.103560617
              ],
              [
                14.647257262,
                61.103584947
              ],
              [
                14.647428509,
                61.103632901
              ],
              [
                14.647648699,
                61.10369286
              ],
              [
                14.647844749,
                61.103717125
              ],
              [
                14.648187244,
                61.103813032
              ],
              [
                14.648284476,
                61.103896425
              ],
              [
                14.648381711,
                61.103979816
              ],
              [
                14.648528157,
                61.104051458
              ],
              [
                14.648600853,
                61.104134786
              ],
              [
                14.648697958,
                61.104230055
              ],
              [
                14.648721444,
                61.104325132
              ],
              [
                14.648695719,
                61.104431957
              ],
              [
                14.648499531,
                61.10441957
              ],
              [
                14.648205583,
                61.104371298
              ],
              [
                14.648034199,
                61.104335222
              ],
              [
                14.647887622,
                61.104275455
              ],
              [
                14.647691702,
                61.104239313
              ],
              [
                14.64749578,
                61.104203172
              ],
              [
                14.647275188,
                61.104178843
              ],
              [
                14.647079137,
                61.104154577
              ],
              [
                14.646809467,
                61.104130119
              ],
              [
                14.646613283,
                61.104117729
              ],
              [
                14.646416968,
                61.104117216
              ],
              [
                14.646196111,
                61.104116638
              ],
              [
                14.645999662,
                61.104128001
              ],
              [
                14.645803214,
                61.104139364
              ],
              [
                14.645606631,
                61.104162603
              ],
              [
                14.645410182,
                61.104173965
              ],
              [
                14.645213998,
                61.104161573
              ],
              [
                14.645017683,
                61.104161058
              ],
              [
                14.644846304,
                61.104124977
              ],
              [
                14.644675061,
                61.10407702
              ],
              [
                14.644528491,
                61.104017249
              ],
              [
                14.644455805,
                61.103933919
              ],
              [
                14.644333908,
                61.103862336
              ],
              [
                14.644236684,
                61.103778942
              ],
              [
                14.644114789,
                61.10370736
              ],
              [
                14.643993029,
                61.1036239
              ],
              [
                14.643895807,
                61.103540505
              ],
              [
                14.643773913,
                61.103468922
              ],
              [
                14.643701364,
                61.103373715
              ],
              [
                14.64360441,
                61.103266567
              ],
              [
                14.643507192,
                61.103183171
              ],
              [
                14.643409972,
                61.103099776
              ],
              [
                14.643312753,
                61.10301638
              ],
              [
                14.643141652,
                61.102956545
              ],
              [
                14.643044434,
                61.102873149
              ],
              [
                14.642898275,
                61.102777747
              ],
              [
                14.642702368,
                61.102741599
              ],
              [
                14.642555808,
                61.102681826
              ]
            ],
            [
              [
                14.661118193,
                61.103964828
              ],
              [
                14.661486333,
                61.103961272
              ],
              [
                14.661682602,
                61.103966241
              ],
              [
                14.661853997,
                61.104002301
              ],
              [
                14.662025392,
                61.10403836
              ],
              [
                14.662221076,
                61.104098234
              ],
              [
                14.66256463,
                61.104099092
              ],
              [
                14.662686569,
                61.104170658
              ],
              [
                14.662833048,
                61.104242286
              ],
              [
                14.662881115,
                61.104337421
              ],
              [
                14.662929058,
                61.104444433
              ],
              [
                14.662952586,
                61.104539507
              ],
              [
                14.662951575,
                61.104634521
              ],
              [
                14.662755508,
                61.104610278
              ],
              [
                14.662559189,
                61.104609789
              ],
              [
                14.662337696,
                61.104668621
              ],
              [
                14.662263189,
                61.104751573
              ],
              [
                14.662311257,
                61.104846708
              ],
              [
                14.662334784,
                61.104941783
              ],
              [
                14.662309104,
                61.105048612
              ],
              [
                14.662234596,
                61.105131564
              ],
              [
                14.662038274,
                61.105131074
              ],
              [
                14.661867124,
                61.105071261
              ],
              [
                14.661794773,
                61.10495231
              ],
              [
                14.661771375,
                61.104845359
              ],
              [
                14.661698641,
                61.104762039
              ],
              [
                14.661453241,
                61.104761424
              ],
              [
                14.661257173,
                61.10473718
              ],
              [
                14.661135619,
                61.104629982
              ],
              [
                14.661136635,
                61.104534969
              ],
              [
                14.661235682,
                61.104452078
              ],
              [
                14.661432129,
                61.104440693
              ],
              [
                14.661506636,
                61.104357741
              ],
              [
                14.661335493,
                61.104297928
              ],
              [
                14.661164224,
                61.104249991
              ],
              [
                14.661067082,
                61.104154731
              ],
              [
                14.661068098,
                61.104059719
              ],
              [
                14.661118193,
                61.103964828
              ]
            ],
            [
              [
                14.659277234,
                61.106288088
              ],
              [
                14.659497978,
                61.106300521
              ],
              [
                14.659570579,
                61.10639572
              ],
              [
                14.659569558,
                61.106490733
              ],
              [
                14.659495041,
                61.106573684
              ],
              [
                14.659371567,
                61.106644635
              ],
              [
                14.659223679,
                61.106703647
              ],
              [
                14.659051503,
                61.106738844
              ],
              [
                14.658757005,
                61.106738101
              ],
              [
                14.658585599,
                61.106702038
              ],
              [
                14.658635705,
                61.106607148
              ],
              [
                14.658685811,
                61.106512259
              ],
              [
                14.658809286,
                61.106441309
              ],
              [
                14.658957303,
                61.10637042
              ],
              [
                14.659080775,
                61.10629947
              ],
              [
                14.659277234,
                61.106288088
              ]
            ],
            [
              [
                14.653408087,
                61.108862352
              ],
              [
                14.653604434,
                61.108862855
              ],
              [
                14.653800649,
                61.108875234
              ],
              [
                14.653996736,
                61.108899491
              ],
              [
                14.654168019,
                61.108947436
              ],
              [
                14.654240742,
                61.109030761
              ],
              [
                14.65421516,
                61.109125711
              ],
              [
                14.654067121,
                61.109196595
              ],
              [
                14.653895317,
                61.109196156
              ],
              [
                14.653699228,
                61.109171899
              ],
              [
                14.653552618,
                61.109112139
              ],
              [
                14.653381204,
                61.109076069
              ],
              [
                14.653234855,
                61.108992554
              ],
              [
                14.653235895,
                61.108897542
              ],
              [
                14.653408087,
                61.108862352
              ]
            ],
            [
              [
                14.654925367,
                61.10927005
              ],
              [
                14.655000163,
                61.109163347
              ],
              [
                14.655099241,
                61.109080462
              ],
              [
                14.655295459,
                61.109092839
              ],
              [
                14.655491547,
                61.109117092
              ],
              [
                14.655662965,
                61.10915316
              ],
              [
                14.655858666,
                61.109213043
              ],
              [
                14.656030085,
                61.109249109
              ],
              [
                14.656176701,
                61.109308867
              ],
              [
                14.65632306,
                61.109392379
              ],
              [
                14.656346572,
                61.109487454
              ],
              [
                14.656296454,
                61.109582342
              ],
              [
                14.656148547,
                61.109641351
              ],
              [
                14.656026601,
                61.109569779
              ],
              [
                14.655904657,
                61.109498207
              ],
              [
                14.655758169,
                61.109426572
              ],
              [
                14.655440393,
                61.109306993
              ],
              [
                14.655293779,
                61.109247235
              ],
              [
                14.655097559,
                61.109234858
              ],
              [
                14.654925367,
                61.10927005
              ]
            ],
            [
              [
                14.657687259,
                61.110264794
              ],
              [
                14.657793412,
                61.110399731
              ],
              [
                14.657956451,
                61.110417938
              ],
              [
                14.658152807,
                61.110418435
              ],
              [
                14.658348905,
                61.110442685
              ],
              [
                14.658544878,
                61.11047881
              ],
              [
                14.658617614,
                61.110562133
              ],
              [
                14.658837875,
                61.110622074
              ],
              [
                14.658861396,
                61.110717148
              ],
              [
                14.658639725,
                61.11078785
              ],
              [
                14.658442984,
                61.110822985
              ],
              [
                14.658246241,
                61.110858118
              ],
              [
                14.65805014,
                61.110833869
              ],
              [
                14.65787871,
                61.110797804
              ],
              [
                14.657732084,
                61.110738048
              ],
              [
                14.657610131,
                61.110666478
              ],
              [
                14.657537398,
                61.110583155
              ],
              [
                14.657513881,
                61.11048808
              ],
              [
                14.657662286,
                61.110385722
              ],
              [
                14.657406086,
                61.11035835
              ],
              [
                14.657302471,
                61.110160575
              ],
              [
                14.656941651,
                61.109899302
              ],
              [
                14.656616039,
                61.109642607
              ],
              [
                14.656623552,
                61.109463069
              ],
              [
                14.656750981,
                61.10951726
              ],
              [
                14.657220042,
                61.10989103
              ],
              [
                14.657416519,
                61.110080063
              ],
              [
                14.657687259,
                61.110264794
              ]
            ],
            [
              [
                14.665043857,
                61.115637784
              ],
              [
                14.664847344,
                61.115649174
              ],
              [
                14.664650703,
                61.11567244
              ],
              [
                14.664454064,
                61.115695707
              ],
              [
                14.664257549,
                61.115707096
              ],
              [
                14.664060908,
                61.115730361
              ],
              [
                14.663864394,
                61.115741751
              ],
              [
                14.663667879,
                61.115753139
              ],
              [
                14.663471491,
                61.115752651
              ],
              [
                14.663275102,
                61.115752162
              ],
              [
                14.663054166,
                61.115751612
              ],
              [
                14.662857776,
                61.115751122
              ],
              [
                14.662661766,
                61.115715002
              ],
              [
                14.662490434,
                61.115667067
              ],
              [
                14.662319101,
                61.115619132
              ],
              [
                14.66212322,
                61.115571135
              ],
              [
                14.662050463,
                61.115487815
              ],
              [
                14.662051477,
                61.115392801
              ],
              [
                14.662077039,
                61.115297849
              ],
              [
                14.662102601,
                61.115202898
              ],
              [
                14.662152838,
                61.11509613
              ],
              [
                14.662178401,
                61.115001179
              ],
              [
                14.66222851,
                61.114906288
              ],
              [
                14.662278619,
                61.114811397
              ],
              [
                14.66235315,
                61.114728445
              ],
              [
                14.662476902,
                61.114633739
              ],
              [
                14.6626252,
                61.114539093
              ],
              [
                14.662748698,
                61.114468139
              ],
              [
                14.662847774,
                61.114385248
              ],
              [
                14.662922427,
                61.114290418
              ],
              [
                14.662996955,
                61.114207465
              ],
              [
                14.663120576,
                61.114124634
              ],
              [
                14.663195102,
                61.114041681
              ],
              [
                14.66334365,
                61.113923282
              ],
              [
                14.663467269,
                61.113840451
              ],
              [
                14.663541793,
                61.113757497
              ],
              [
                14.663616318,
                61.113674544
              ],
              [
                14.663690841,
                61.113591591
              ],
              [
                14.663789912,
                61.113508698
              ],
              [
                14.66398654,
                61.113485433
              ],
              [
                14.664256429,
                61.11349798
              ],
              [
                14.664452802,
                61.113498468
              ],
              [
                14.664649052,
                61.113510831
              ],
              [
                14.6648453,
                61.113523194
              ],
              [
                14.665065971,
                61.113547496
              ],
              [
                14.665335736,
                61.113571917
              ],
              [
                14.665482389,
                61.113631664
              ],
              [
                14.665751153,
                61.113751099
              ],
              [
                14.665897683,
                61.113822722
              ],
              [
                14.666019667,
                61.113894285
              ],
              [
                14.666191121,
                61.11393034
              ],
              [
                14.666239213,
                61.114025474
              ],
              [
                14.666336526,
                61.114108853
              ],
              [
                14.666433715,
                61.114204108
              ],
              [
                14.666555701,
                61.114275671
              ],
              [
                14.666677688,
                61.114347233
              ],
              [
                14.666750457,
                61.114430551
              ],
              [
                14.666872443,
                61.114502113
              ],
              [
                14.667043778,
                61.114550043
              ],
              [
                14.667239908,
                61.114574279
              ],
              [
                14.667411244,
                61.114622208
              ],
              [
                14.667557907,
                61.114681954
              ],
              [
                14.667754039,
                61.11470619
              ],
              [
                14.667900704,
                61.114765935
              ],
              [
                14.668047368,
                61.114825679
              ],
              [
                14.668046372,
                61.114920693
              ],
              [
                14.667971855,
                61.115003648
              ],
              [
                14.667872666,
                61.11509842
              ],
              [
                14.667773603,
                61.115181316
              ],
              [
                14.667625689,
                61.115240337
              ],
              [
                14.667477776,
                61.115299358
              ],
              [
                14.66730544,
                61.115346442
              ],
              [
                14.667133228,
                61.11538165
              ],
              [
                14.666985312,
                61.11544067
              ],
              [
                14.666812974,
                61.115487753
              ],
              [
                14.666616088,
                61.115534776
              ],
              [
                14.666467795,
                61.115629426
              ],
              [
                14.66629558,
                61.115664632
              ],
              [
                14.666098941,
                61.115687901
              ],
              [
                14.665902553,
                61.115687416
              ],
              [
                14.665633147,
                61.115627366
              ],
              [
                14.665436758,
                61.11562688
              ],
              [
                14.665240371,
                61.115626394
              ],
              [
                14.665043857,
                61.115637784
              ]
            ],
            [
              [
                14.674647836,
                61.11751403
              ],
              [
                14.674624263,
                61.117418958
              ],
              [
                14.674600688,
                61.117323886
              ],
              [
                14.674552566,
                61.117228754
              ],
              [
                14.674578092,
                61.117133801
              ],
              [
                14.674628169,
                61.117038905
              ],
              [
                14.674653695,
                61.116943952
              ],
              [
                14.674654672,
                61.116848938
              ],
              [
                14.674631099,
                61.116753866
              ],
              [
                14.674632076,
                61.116658853
              ],
              [
                14.674584319,
                61.116528092
              ],
              [
                14.674560747,
                61.116433019
              ],
              [
                14.674512626,
                61.116337888
              ],
              [
                14.674415284,
                61.116254515
              ],
              [
                14.674367164,
                61.116159384
              ],
              [
                14.67439269,
                61.116064429
              ],
              [
                14.674418216,
                61.115969476
              ],
              [
                14.674443741,
                61.115874521
              ],
              [
                14.674444719,
                61.115779508
              ],
              [
                14.674494794,
                61.115684613
              ],
              [
                14.674642695,
                61.115625584
              ],
              [
                14.674690815,
                61.115720716
              ],
              [
                14.674788156,
                61.115804088
              ],
              [
                14.674910167,
                61.115875643
              ],
              [
                14.674958289,
                61.115970775
              ],
              [
                14.675080179,
                61.116054206
              ],
              [
                14.675079204,
                61.116149219
              ],
              [
                14.675102778,
                61.116244291
              ],
              [
                14.675174841,
                61.116398865
              ],
              [
                14.675198415,
                61.116493936
              ],
              [
                14.675197318,
                61.116600827
              ],
              [
                14.675171795,
                61.116695781
              ],
              [
                14.675146149,
                61.116802611
              ],
              [
                14.675071646,
                61.116885572
              ],
              [
                14.675046,
                61.116992402
              ],
              [
                14.675020353,
                61.117099233
              ],
              [
                14.675019378,
                61.117194246
              ],
              [
                14.675018403,
                61.117289259
              ],
              [
                14.675017427,
                61.117384273
              ],
              [
                14.675041001,
                61.117479344
              ],
              [
                14.675089125,
                61.117574476
              ],
              [
                14.67508815,
                61.117669489
              ],
              [
                14.675283455,
                61.11777685
              ],
              [
                14.675405354,
                61.117860282
              ],
              [
                14.675527375,
                61.117931836
              ],
              [
                14.675624724,
                61.118015208
              ],
              [
                14.675721829,
                61.118122334
              ],
              [
                14.675769958,
                61.118217464
              ],
              [
                14.675867309,
                61.118300836
              ],
              [
                14.675915437,
                61.118395967
              ],
              [
                14.675939015,
                61.118491039
              ],
              [
                14.675913127,
                61.118621623
              ],
              [
                14.675912032,
                61.118728513
              ],
              [
                14.675886509,
                61.118823467
              ],
              [
                14.675836433,
                61.118918363
              ],
              [
                14.67583546,
                61.119013376
              ],
              [
                14.675809936,
                61.119108331
              ],
              [
                14.675808963,
                61.119203343
              ],
              [
                14.67580799,
                61.119298357
              ],
              [
                14.675831568,
                61.119393428
              ],
              [
                14.675855148,
                61.119488501
              ],
              [
                14.675854053,
                61.119595391
              ],
              [
                14.675828527,
                61.119690345
              ],
              [
                14.675803002,
                61.119785299
              ],
              [
                14.675648019,
                61.119852197
              ],
              [
                14.675508991,
                61.11972521
              ],
              [
                14.675461104,
                61.119606325
              ],
              [
                14.675462078,
                61.119511312
              ],
              [
                14.675463052,
                61.119416299
              ],
              [
                14.675488579,
                61.119321344
              ],
              [
                14.675514104,
                61.119226391
              ],
              [
                14.675515078,
                61.119131377
              ],
              [
                14.675516052,
                61.119036364
              ],
              [
                14.675517026,
                61.118941351
              ],
              [
                14.67549345,
                61.118846279
              ],
              [
                14.675544012,
                61.118703877
              ],
              [
                14.675569658,
                61.118597046
              ],
              [
                14.675546081,
                61.118501974
              ],
              [
                14.675522505,
                61.118406902
              ],
              [
                14.675449948,
                61.118299836
              ],
              [
                14.67537715,
                61.118216522
              ],
              [
                14.67530435,
                61.118133209
              ],
              [
                14.675157657,
                61.118073472
              ],
              [
                14.675010965,
                61.118013735
              ],
              [
                14.674864273,
                61.117953998
              ],
              [
                14.674791475,
                61.117870684
              ],
              [
                14.674718678,
                61.11778737
              ],
              [
                14.674645883,
                61.117704057
              ],
              [
                14.674646859,
                61.117609043
              ],
              [
                14.674647836,
                61.11751403
              ]
            ],
            [
              [
                14.646872566,
                61.116078517
              ],
              [
                14.646945286,
                61.116161846
              ],
              [
                14.646944226,
                61.116256859
              ],
              [
                14.646918618,
                61.116351807
              ],
              [
                14.646794813,
                61.1164465
              ],
              [
                14.646646856,
                61.116505498
              ],
              [
                14.646450196,
                61.116528738
              ],
              [
                14.646253802,
                61.116528225
              ],
              [
                14.646254864,
                61.116433212
              ],
              [
                14.646255926,
                61.116338199
              ],
              [
                14.646330502,
                61.116255255
              ],
              [
                14.646356112,
                61.116160306
              ],
              [
                14.646406272,
                61.116065422
              ],
              [
                14.646578644,
                61.116018365
              ],
              [
                14.646824529,
                61.115983376
              ],
              [
                14.646872566,
                61.116078517
              ]
            ],
            [
              [
                14.645798099,
                61.117762236
              ],
              [
                14.645944735,
                61.117822004
              ],
              [
                14.645943672,
                61.117917018
              ],
              [
                14.645918059,
                61.118011966
              ],
              [
                14.645867897,
                61.118106851
              ],
              [
                14.645866834,
                61.118201863
              ],
              [
                14.645890321,
                61.118296941
              ],
              [
                14.645963041,
                61.118380269
              ],
              [
                14.646134233,
                61.118440102
              ],
              [
                14.646330504,
                61.118452492
              ],
              [
                14.646329575,
                61.118535629
              ],
              [
                14.646206025,
                61.118606568
              ],
              [
                14.646057924,
                61.118677442
              ],
              [
                14.645885538,
                61.118724499
              ],
              [
                14.645713282,
                61.118759678
              ],
              [
                14.645541027,
                61.118794858
              ],
              [
                14.645344619,
                61.118794343
              ],
              [
                14.64514848,
                61.118770075
              ],
              [
                14.644977024,
                61.118733994
              ],
              [
                14.644855069,
                61.118662412
              ],
              [
                14.644782349,
                61.118579082
              ],
              [
                14.644685079,
                61.118495688
              ],
              [
                14.644686145,
                61.118400676
              ],
              [
                14.644662661,
                61.118305598
              ],
              [
                14.644589943,
                61.118222268
              ],
              [
                14.644591009,
                61.118127255
              ],
              [
                14.644641178,
                61.118032372
              ],
              [
                14.644740312,
                61.117949493
              ],
              [
                14.64488828,
                61.117890497
              ],
              [
                14.64506053,
                61.117855318
              ],
              [
                14.645232915,
                61.117808262
              ],
              [
                14.645405164,
                61.117773083
              ],
              [
                14.64560183,
                61.117749845
              ],
              [
                14.645798099,
                61.117762236
              ]
            ],
            [
              [
                14.662460549,
                61.118469952
              ],
              [
                14.662632529,
                61.118458505
              ],
              [
                14.66272972,
                61.118553762
              ],
              [
                14.662679607,
                61.118648653
              ],
              [
                14.662629365,
                61.118755421
              ],
              [
                14.662603801,
                61.118850372
              ],
              [
                14.662529263,
                61.118933325
              ],
              [
                14.66230805,
                61.118956527
              ],
              [
                14.662161378,
                61.118896776
              ],
              [
                14.662014833,
                61.118825148
              ],
              [
                14.661843482,
                61.118777212
              ],
              [
                14.661795396,
                61.118682076
              ],
              [
                14.662041285,
                61.11864706
              ],
              [
                14.662189224,
                61.118588045
              ],
              [
                14.662288314,
                61.118505154
              ],
              [
                14.662460549,
                61.118469952
              ]
            ],
            [
              [
                14.644131212,
                61.119717559
              ],
              [
                14.644375794,
                61.11980134
              ],
              [
                14.644547121,
                61.119849298
              ],
              [
                14.644619844,
                61.119932629
              ],
              [
                14.644594226,
                61.120027577
              ],
              [
                14.644397543,
                61.120050813
              ],
              [
                14.644200862,
                61.120074051
              ],
              [
                14.644004446,
                61.120073534
              ],
              [
                14.643808032,
                61.120073017
              ],
              [
                14.64361175,
                61.120060623
              ],
              [
                14.643465108,
                61.120000852
              ],
              [
                14.643318466,
                61.11994108
              ],
              [
                14.643171824,
                61.119881309
              ],
              [
                14.643148611,
                61.119762478
              ],
              [
                14.642951931,
                61.119785712
              ],
              [
                14.642852518,
                61.119892343
              ],
              [
                14.642680254,
                61.119927519
              ],
              [
                14.642435541,
                61.11985561
              ],
              [
                14.642436615,
                61.119760598
              ],
              [
                14.642363898,
                61.119677266
              ],
              [
                14.642266631,
                61.11959387
              ],
              [
                14.642144679,
                61.119522286
              ],
              [
                14.642170306,
                61.119427338
              ],
              [
                14.642244899,
                61.119344397
              ],
              [
                14.642344044,
                61.119261521
              ],
              [
                14.642540856,
                61.11922641
              ],
              [
                14.642713118,
                61.119191234
              ],
              [
                14.642909258,
                61.119215506
              ],
              [
                14.643055897,
                61.119275278
              ],
              [
                14.643227354,
                61.119311361
              ],
              [
                14.643447513,
                61.119383204
              ],
              [
                14.64361857,
                61.119454916
              ],
              [
                14.64376521,
                61.119514687
              ],
              [
                14.643837929,
                61.119598017
              ],
              [
                14.64398457,
                61.119657788
              ],
              [
                14.644131212,
                61.119717559
              ]
            ],
            [
              [
                14.652259236,
                61.119608052
              ],
              [
                14.652333805,
                61.119525105
              ],
              [
                14.652481765,
                61.119466101
              ],
              [
                14.652654146,
                61.119419036
              ],
              [
                14.652850297,
                61.119443293
              ],
              [
                14.653046578,
                61.119455673
              ],
              [
                14.653020594,
                61.119586254
              ],
              [
                14.652946027,
                61.119669201
              ],
              [
                14.652871462,
                61.119752148
              ],
              [
                14.652845869,
                61.119847098
              ],
              [
                14.652869378,
                61.119942173
              ],
              [
                14.652942121,
                61.120025499
              ],
              [
                14.652965502,
                61.120132451
              ],
              [
                14.653136584,
                61.120204153
              ],
              [
                14.653332739,
                61.120228409
              ],
              [
                14.653479403,
                61.120288169
              ],
              [
                14.6535767,
                61.120371557
              ],
              [
                14.65357566,
                61.12046657
              ],
              [
                14.653550068,
                61.12056152
              ],
              [
                14.653377682,
                61.120608586
              ],
              [
                14.653229718,
                61.120667592
              ],
              [
                14.652983934,
                61.120690715
              ],
              [
                14.652762441,
                61.120737655
              ],
              [
                14.652589923,
                61.120796596
              ],
              [
                14.652515352,
                61.120879544
              ],
              [
                14.652367124,
                61.120962302
              ],
              [
                14.652219026,
                61.121033182
              ],
              [
                14.652144453,
                61.121116129
              ],
              [
                14.652118856,
                61.121211079
              ],
              [
                14.652044283,
                61.121294026
              ],
              [
                14.651871891,
                61.12134109
              ],
              [
                14.651675731,
                61.121316832
              ],
              [
                14.651553751,
                61.121245256
              ],
              [
                14.651554797,
                61.121150243
              ],
              [
                14.651604948,
                61.121055356
              ],
              [
                14.651630546,
                61.120960407
              ],
              [
                14.651631853,
                61.12084164
              ],
              [
                14.651633291,
                61.120710998
              ],
              [
                14.651634336,
                61.120615985
              ],
              [
                14.651635382,
                61.120520972
              ],
              [
                14.65166098,
                61.120426022
              ],
              [
                14.651735552,
                61.120343076
              ],
              [
                14.651859227,
                61.120260256
              ],
              [
                14.65195835,
                61.120177372
              ],
              [
                14.652106706,
                61.120082738
              ],
              [
                14.652156853,
                61.119987851
              ],
              [
                14.652182448,
                61.119892902
              ],
              [
                14.652232597,
                61.119798015
              ],
              [
                14.652258192,
                61.119703064
              ],
              [
                14.652259236,
                61.119608052
              ]
            ],
            [
              [
                14.646703298,
                61.120246887
              ],
              [
                14.646775894,
                61.120342092
              ],
              [
                14.646774834,
                61.120437105
              ],
              [
                14.646724668,
                61.12053199
              ],
              [
                14.646674504,
                61.120626875
              ],
              [
                14.646624339,
                61.120721759
              ],
              [
                14.646549753,
                61.120804703
              ],
              [
                14.646353334,
                61.12080419
              ],
              [
                14.646157046,
                61.120791799
              ],
              [
                14.645985711,
                61.120743843
              ],
              [
                14.645839062,
                61.120684075
              ],
              [
                14.645692543,
                61.120612429
              ],
              [
                14.64557058,
                61.120540847
              ],
              [
                14.645473303,
                61.120457454
              ],
              [
                14.645302102,
                61.12039762
              ],
              [
                14.64518014,
                61.120326039
              ],
              [
                14.645083398,
                61.120195139
              ],
              [
                14.645157985,
                61.120112195
              ],
              [
                14.645354402,
                61.12011271
              ],
              [
                14.645501048,
                61.120172479
              ],
              [
                14.645647694,
                61.120232249
              ],
              [
                14.645769657,
                61.12030383
              ],
              [
                14.645893215,
                61.120232891
              ],
              [
                14.645894278,
                61.120137879
              ],
              [
                14.646066539,
                61.120102699
              ],
              [
                14.646262955,
                61.120103213
              ],
              [
                14.646459237,
                61.120115602
              ],
              [
                14.646630704,
                61.120151682
              ],
              [
                14.646703298,
                61.120246887
              ]
            ],
            [
              [
                14.660843758,
                61.120425604
              ],
              [
                14.660869328,
                61.120330652
              ],
              [
                14.660894898,
                61.120235701
              ],
              [
                14.661091695,
                61.120200563
              ],
              [
                14.661213565,
                61.120284008
              ],
              [
                14.661286333,
                61.120367328
              ],
              [
                14.6613591,
                61.120450649
              ],
              [
                14.661308978,
                61.120545539
              ],
              [
                14.661283282,
                61.120652368
              ],
              [
                14.661282266,
                61.12074738
              ],
              [
                14.661330353,
                61.120842517
              ],
              [
                14.661378443,
                61.120937652
              ],
              [
                14.66132832,
                61.121032543
              ],
              [
                14.661302751,
                61.121127494
              ],
              [
                14.661301734,
                61.121222507
              ],
              [
                14.661349824,
                61.121317642
              ],
              [
                14.66134868,
                61.121424532
              ],
              [
                14.661347664,
                61.121519546
              ],
              [
                14.661199708,
                61.12157856
              ],
              [
                14.661003157,
                61.121589944
              ],
              [
                14.660758263,
                61.121529946
              ],
              [
                14.660660941,
                61.121446562
              ],
              [
                14.660612855,
                61.121351427
              ],
              [
                14.660687404,
                61.121268475
              ],
              [
                14.660761954,
                61.121185523
              ],
              [
                14.660812077,
                61.121090634
              ],
              [
                14.660862202,
                61.120995744
              ],
              [
                14.660838668,
                61.120900669
              ],
              [
                14.660815132,
                61.120805595
              ],
              [
                14.660767046,
                61.120710458
              ],
              [
                14.660768064,
                61.120615445
              ],
              [
                14.660793635,
                61.120520494
              ],
              [
                14.660843758,
                61.120425604
              ]
            ],
            [
              [
                14.674174763,
                61.120541511
              ],
              [
                14.674273828,
                61.120458611
              ],
              [
                14.674348341,
                61.120375651
              ],
              [
                14.67454488,
                61.120364247
              ],
              [
                14.674666908,
                61.120435803
              ],
              [
                14.674616828,
                61.120530698
              ],
              [
                14.674468292,
                61.12064911
              ],
              [
                14.674344797,
                61.120720074
              ],
              [
                14.674270283,
                61.120803033
              ],
              [
                14.674195404,
                61.120921622
              ],
              [
                14.674169872,
                61.121016576
              ],
              [
                14.674119789,
                61.121111471
              ],
              [
                14.674020721,
                61.121194371
              ],
              [
                14.673946208,
                61.12127733
              ],
              [
                14.673871692,
                61.121360289
              ],
              [
                14.67384616,
                61.121455243
              ],
              [
                14.673771643,
                61.121538201
              ],
              [
                14.673746111,
                61.121633156
              ],
              [
                14.673671595,
                61.121716114
              ],
              [
                14.673572524,
                61.121799014
              ],
              [
                14.673620651,
                61.121894145
              ],
              [
                14.673668779,
                61.121989277
              ],
              [
                14.673741581,
                61.122072591
              ],
              [
                14.673838939,
                61.122155964
              ],
              [
                14.673936297,
                61.122239338
              ],
              [
                14.674058209,
                61.12232277
              ],
              [
                14.674229718,
                61.122358814
              ],
              [
                14.674400982,
                61.122418611
              ],
              [
                14.674523018,
                61.122490166
              ],
              [
                14.674620379,
                61.122573539
              ],
              [
                14.674717741,
                61.122656912
              ],
              [
                14.674839779,
                61.122728467
              ],
              [
                14.674961817,
                61.122800022
              ],
              [
                14.675034381,
                61.122907089
              ],
              [
                14.674959865,
                61.122990048
              ],
              [
                14.674788351,
                61.122954004
              ],
              [
                14.674666312,
                61.122882449
              ],
              [
                14.674544274,
                61.122810894
              ],
              [
                14.674422239,
                61.122739339
              ],
              [
                14.674349431,
                61.122656026
              ],
              [
                14.674202719,
                61.122596288
              ],
              [
                14.67403133,
                61.122548367
              ],
              [
                14.673909294,
                61.122476812
              ],
              [
                14.673737786,
                61.122440767
              ],
              [
                14.673615751,
                61.122369211
              ],
              [
                14.673518394,
                61.122285838
              ],
              [
                14.673396361,
                61.122214281
              ],
              [
                14.673224854,
                61.122178236
              ],
              [
                14.673201282,
                61.122083164
              ],
              [
                14.673226938,
                61.121976334
              ],
              [
                14.673227919,
                61.12188132
              ],
              [
                14.673253453,
                61.121786366
              ],
              [
                14.673278987,
                61.121691413
              ],
              [
                14.673353505,
                61.121608455
              ],
              [
                14.673428146,
                61.121513619
              ],
              [
                14.673478232,
                61.121418724
              ],
              [
                14.67352844,
                61.121311953
              ],
              [
                14.673553974,
                61.121216999
              ],
              [
                14.673579506,
                61.121122046
              ],
              [
                14.673654021,
                61.121039086
              ],
              [
                14.673728537,
                61.120956128
              ],
              [
                14.673778621,
                61.120861233
              ],
              [
                14.673828706,
                61.120766339
              ],
              [
                14.673927771,
                61.120683439
              ],
              [
                14.674075699,
                61.120624411
              ],
              [
                14.674174763,
                61.120541511
              ]
            ],
            [
              [
                14.643260393,
                61.120736683
              ],
              [
                14.643530469,
                61.120737395
              ],
              [
                14.643726756,
                61.120749789
              ],
              [
                14.643898088,
                61.120797748
              ],
              [
                14.644069288,
                61.120857584
              ],
              [
                14.644043666,
                61.120952531
              ],
              [
                14.643944521,
                61.121035409
              ],
              [
                14.643869927,
                61.121118352
              ],
              [
                14.643893277,
                61.121225306
              ],
              [
                14.643966001,
                61.121308636
              ],
              [
                14.644013904,
                61.121415655
              ],
              [
                14.644012835,
                61.121510667
              ],
              [
                14.644011766,
                61.12160568
              ],
              [
                14.644010698,
                61.121700693
              ],
              [
                14.643911549,
                61.121783571
              ],
              [
                14.643787983,
                61.121854507
              ],
              [
                14.643591824,
                61.121830236
              ],
              [
                14.6435191,
                61.121746906
              ],
              [
                14.643421825,
                61.121663511
              ],
              [
                14.643349102,
                61.12158018
              ],
              [
                14.643276512,
                61.121484974
              ],
              [
                14.643179239,
                61.121401578
              ],
              [
                14.643155756,
                61.121306501
              ],
              [
                14.643107723,
                61.121211358
              ],
              [
                14.643010449,
                61.121127963
              ],
              [
                14.642814698,
                61.121068061
              ],
              [
                14.642766664,
                61.120972919
              ],
              [
                14.642816843,
                61.120878036
              ],
              [
                14.642891437,
                61.120795094
              ],
              [
                14.643063707,
                61.120759918
              ],
              [
                14.643260393,
                61.120736683
              ]
            ],
            [
              [
                14.650775756,
                61.124996364
              ],
              [
                14.65057944,
                61.12498398
              ],
              [
                14.650383651,
                61.124924089
              ],
              [
                14.650261792,
                61.124840636
              ],
              [
                14.65021373,
                61.124745497
              ],
              [
                14.650239335,
                61.124650547
              ],
              [
                14.650313921,
                61.124567601
              ],
              [
                14.650437485,
                61.124496658
              ],
              [
                14.650512201,
                61.124401836
              ],
              [
                14.65056236,
                61.12430695
              ],
              [
                14.650612519,
                61.124212064
              ],
              [
                14.650638124,
                61.124117115
              ],
              [
                14.650540953,
                61.124021849
              ],
              [
                14.650344643,
                61.124009465
              ],
              [
                14.650148336,
                61.123997079
              ],
              [
                14.649976844,
                61.123961005
              ],
              [
                14.649830172,
                61.123901241
              ],
              [
                14.649732872,
                61.12381785
              ],
              [
                14.649635575,
                61.12373446
              ],
              [
                14.649563225,
                61.123615503
              ],
              [
                14.649564277,
                61.12352049
              ],
              [
                14.649565329,
                61.123425477
              ],
              [
                14.649615489,
                61.123330592
              ],
              [
                14.649665783,
                61.12322383
              ],
              [
                14.649666834,
                61.123128816
              ],
              [
                14.649594091,
                61.12304549
              ],
              [
                14.64952135,
                61.122962163
              ],
              [
                14.649473293,
                61.122867022
              ],
              [
                14.649449792,
                61.122771945
              ],
              [
                14.649475398,
                61.122676997
              ],
              [
                14.649549981,
                61.122594052
              ],
              [
                14.649697961,
                61.12253505
              ],
              [
                14.649894524,
                61.122523681
              ],
              [
                14.650091216,
                61.122500437
              ],
              [
                14.650337672,
                61.122417936
              ],
              [
                14.650436806,
                61.122335053
              ],
              [
                14.650560492,
                61.122252234
              ],
              [
                14.650732891,
                61.122205171
              ],
              [
                14.650929451,
                61.122193802
              ],
              [
                14.651125879,
                61.122194309
              ],
              [
                14.6512476,
                61.122289638
              ],
              [
                14.651295661,
                61.122384777
              ],
              [
                14.651294614,
                61.122479791
              ],
              [
                14.651465836,
                61.122539617
              ],
              [
                14.651662137,
                61.122551999
              ],
              [
                14.65188312,
                61.122552568
              ],
              [
                14.652079943,
                61.122517443
              ],
              [
                14.652227918,
                61.122458439
              ],
              [
                14.65235147,
                61.122387495
              ],
              [
                14.652499444,
                61.12232849
              ],
              [
                14.65267197,
                61.122269549
              ],
              [
                14.652844237,
                61.122234361
              ],
              [
                14.653040926,
                61.122211111
              ],
              [
                14.653237485,
                61.122199738
              ],
              [
                14.65340975,
                61.122164548
              ],
              [
                14.65355772,
                61.122105543
              ],
              [
                14.653681268,
                61.122034597
              ],
              [
                14.653951875,
                61.121987783
              ],
              [
                14.653999814,
                61.122094797
              ],
              [
                14.654318489,
                61.12214312
              ],
              [
                14.654489458,
                61.122226695
              ],
              [
                14.654660943,
                61.122262764
              ],
              [
                14.654807617,
                61.122322523
              ],
              [
                14.654929479,
                61.122405973
              ],
              [
                14.655002235,
                61.122489297
              ],
              [
                14.655074989,
                61.122572621
              ],
              [
                14.655098509,
                61.122667697
              ],
              [
                14.655097473,
                61.122762709
              ],
              [
                14.655244021,
                61.122834345
              ],
              [
                14.655390698,
                61.122894103
              ],
              [
                14.655537376,
                61.122953861
              ],
              [
                14.655659372,
                61.123025433
              ],
              [
                14.655658338,
                61.123120447
              ],
              [
                14.65558377,
                61.123203395
              ],
              [
                14.655411502,
                61.123238588
              ],
              [
                14.655214809,
                61.12326184
              ],
              [
                14.655018114,
                61.123285093
              ],
              [
                14.654821419,
                61.123308345
              ],
              [
                14.654673445,
                61.123367352
              ],
              [
                14.654549895,
                61.123438298
              ],
              [
                14.654401919,
                61.123497305
              ],
              [
                14.654229519,
                61.123544372
              ],
              [
                14.654130392,
                61.123627257
              ],
              [
                14.653982285,
                61.12369814
              ],
              [
                14.653834307,
                61.123757146
              ],
              [
                14.653735178,
                61.123840031
              ],
              [
                14.653587199,
                61.123899037
              ],
              [
                14.653463515,
                61.123981859
              ],
              [
                14.653291238,
                61.124017049
              ],
              [
                14.653070115,
                61.124028358
              ],
              [
                14.652873153,
                61.124075361
              ],
              [
                14.652700878,
                61.124110549
              ],
              [
                14.652454545,
                61.124181178
              ],
              [
                14.652306562,
                61.124240183
              ],
              [
                14.652183003,
                61.124311127
              ],
              [
                14.652083868,
                61.124394011
              ],
              [
                14.652033713,
                61.124488897
              ],
              [
                14.652032669,
                61.12458391
              ],
              [
                14.652031624,
                61.124678922
              ],
              [
                14.652030579,
                61.124773936
              ],
              [
                14.651906495,
                61.124892386
              ],
              [
                14.651734081,
                61.12493945
              ],
              [
                14.651537506,
                61.124950821
              ],
              [
                14.651340929,
                61.124962191
              ],
              [
                14.651144484,
                61.124961685
              ],
              [
                14.650948038,
                61.124961178
              ],
              [
                14.650775756,
                61.124996364
              ]
            ],
            [
              [
                14.65545672,
                61.125851629
              ],
              [
                14.65525975,
                61.125898635
              ],
              [
                14.655111765,
                61.125957643
              ],
              [
                14.65496352,
                61.126040403
              ],
              [
                14.654766937,
                61.126051779
              ],
              [
                14.654546057,
                61.126039338
              ],
              [
                14.654399367,
                61.125979578
              ],
              [
                14.654179268,
                61.125895878
              ],
              [
                14.654032577,
                61.125836118
              ],
              [
                14.653861203,
                61.125788172
              ],
              [
                14.653763887,
                61.125704784
              ],
              [
                14.653666703,
                61.12560952
              ],
              [
                14.653618629,
                61.125514382
              ],
              [
                14.653595114,
                61.125419305
              ],
              [
                14.653571598,
                61.12532423
              ],
              [
                14.653523525,
                61.125229091
              ],
              [
                14.653524956,
                61.125098449
              ],
              [
                14.653476885,
                61.12500331
              ],
              [
                14.65345337,
                61.124908234
              ],
              [
                14.653454411,
                61.124813221
              ],
              [
                14.653455451,
                61.124718209
              ],
              [
                14.653505602,
                61.124623321
              ],
              [
                14.653580179,
                61.124540374
              ],
              [
                14.653752586,
                61.124493307
              ],
              [
                14.653925122,
                61.124434364
              ],
              [
                14.654098049,
                61.124339791
              ],
              [
                14.654221603,
                61.124268846
              ],
              [
                14.654320992,
                61.124162207
              ],
              [
                14.654493266,
                61.124127016
              ],
              [
                14.65466554,
                61.124091825
              ],
              [
                14.654936422,
                61.124021255
              ],
              [
                14.655108825,
                61.123974187
              ],
              [
                14.655281098,
                61.123938995
              ],
              [
                14.655380223,
                61.123856109
              ],
              [
                14.655479348,
                61.123773223
              ],
              [
                14.655651877,
                61.123714278
              ],
              [
                14.655824147,
                61.123679085
              ],
              [
                14.656020585,
                61.123679585
              ],
              [
                14.656216764,
                61.123703837
              ],
              [
                14.656437628,
                61.123716276
              ],
              [
                14.656609126,
                61.123752341
              ],
              [
                14.656780494,
                61.123800284
              ],
              [
                14.656976545,
                61.123836412
              ],
              [
                14.657147915,
                61.123884354
              ],
              [
                14.657368267,
                61.123944297
              ],
              [
                14.657588489,
                61.124016116
              ],
              [
                14.657759861,
                61.124064058
              ],
              [
                14.65790642,
                61.12413569
              ],
              [
                14.658347385,
                61.12423182
              ],
              [
                14.658321805,
                61.124326771
              ],
              [
                14.658271669,
                61.12442166
              ],
              [
                14.658172549,
                61.124504548
              ],
              [
                14.658097984,
                61.124587499
              ],
              [
                14.658047847,
                61.124682387
              ],
              [
                14.657973153,
                61.124777214
              ],
              [
                14.657874034,
                61.124860102
              ],
              [
                14.657726056,
                61.124919112
              ],
              [
                14.657553781,
                61.124954307
              ],
              [
                14.657307581,
                61.125013069
              ],
              [
                14.657257441,
                61.125107957
              ],
              [
                14.657379449,
                61.125179527
              ],
              [
                14.657648535,
                61.125275224
              ],
              [
                14.657770545,
                61.125346794
              ],
              [
                14.657892554,
                61.125418365
              ],
              [
                14.658064061,
                61.125454429
              ],
              [
                14.65816126,
                61.12554969
              ],
              [
                14.65806188,
                61.125656331
              ],
              [
                14.657938328,
                61.125727281
              ],
              [
                14.657839203,
                61.125810169
              ],
              [
                14.657715651,
                61.125881118
              ],
              [
                14.657543371,
                61.125916312
              ],
              [
                14.65737109,
                61.125951507
              ],
              [
                14.657149696,
                61.125986577
              ],
              [
                14.656977415,
                61.126021771
              ],
              [
                14.656658436,
                61.125997208
              ],
              [
                14.656487057,
                61.125949265
              ],
              [
                14.656340364,
                61.125889508
              ],
              [
                14.656168983,
                61.125841565
              ],
              [
                14.655972533,
                61.125841065
              ],
              [
                14.655653299,
                61.125840253
              ],
              [
                14.65545672,
                61.125851629
              ]
            ],
            [
              [
                14.660021532,
                61.126112594
              ],
              [
                14.659774689,
                61.126230743
              ],
              [
                14.659602408,
                61.12626594
              ],
              [
                14.659405699,
                61.126289199
              ],
              [
                14.659233417,
                61.126324396
              ],
              [
                14.658963293,
                61.126323715
              ],
              [
                14.65874254,
                61.126299404
              ],
              [
                14.658521656,
                61.12628697
              ],
              [
                14.658325715,
                61.126238967
              ],
              [
                14.658375855,
                61.126144079
              ],
              [
                14.658523835,
                61.126085068
              ],
              [
                14.658647387,
                61.126014118
              ],
              [
                14.658819794,
                61.125967045
              ],
              [
                14.658943345,
                61.125896095
              ],
              [
                14.659165505,
                61.125789763
              ],
              [
                14.659338166,
                61.125718936
              ],
              [
                14.659412986,
                61.125612232
              ],
              [
                14.659463248,
                61.125505467
              ],
              [
                14.659390603,
                61.125410268
              ],
              [
                14.659244032,
                61.125338637
              ],
              [
                14.659146705,
                61.125255253
              ],
              [
                14.659000008,
                61.125195498
              ],
              [
                14.658829014,
                61.125111929
              ],
              [
                14.658929413,
                61.124910275
              ],
              [
                14.658979292,
                61.124839139
              ],
              [
                14.659102966,
                61.124756311
              ],
              [
                14.659202084,
                61.124673423
              ],
              [
                14.659301201,
                61.124590534
              ],
              [
                14.6594736,
                61.12454346
              ],
              [
                14.659670554,
                61.124496448
              ],
              [
                14.659842952,
                61.124449374
              ],
              [
                14.660015221,
                61.124414177
              ],
              [
                14.660211665,
                61.12441467
              ],
              [
                14.660407978,
                61.12442704
              ],
              [
                14.660603785,
                61.124486916
              ],
              [
                14.660775035,
                61.12454673
              ],
              [
                14.660946542,
                61.12458279
              ],
              [
                14.661142858,
                61.12459516
              ],
              [
                14.661339302,
                61.124595652
              ],
              [
                14.661535744,
                61.124596144
              ],
              [
                14.661732189,
                61.124596635
              ],
              [
                14.661953188,
                61.124597187
              ],
              [
                14.662149504,
                61.124609555
              ],
              [
                14.662345822,
                61.124621921
              ],
              [
                14.662517329,
                61.124657981
              ],
              [
                14.662713015,
                61.12472973
              ],
              [
                14.662835033,
                61.124801296
              ],
              [
                14.663006289,
                61.124861107
              ],
              [
                14.663177799,
                61.124897165
              ],
              [
                14.663349311,
                61.124933223
              ],
              [
                14.663323617,
                61.125040051
              ],
              [
                14.663151347,
                61.125075253
              ],
              [
                14.662954902,
                61.125074764
              ],
              [
                14.662758455,
                61.125074274
              ],
              [
                14.662562134,
                61.125061908
              ],
              [
                14.662365689,
                61.125061417
              ],
              [
                14.662169241,
                61.125060927
              ],
              [
                14.661972669,
                61.125072313
              ],
              [
                14.661776222,
                61.125071822
              ],
              [
                14.661555094,
                61.125083146
              ],
              [
                14.661358519,
                61.125094531
              ],
              [
                14.661161945,
                61.125105916
              ],
              [
                14.660989673,
                61.125141115
              ],
              [
                14.660817273,
                61.12518819
              ],
              [
                14.66069373,
                61.125259142
              ],
              [
                14.660741695,
                61.125366155
              ],
              [
                14.660765232,
                61.12546123
              ],
              [
                14.660788771,
                61.125556304
              ],
              [
                14.6609599,
                61.125627994
              ],
              [
                14.661131285,
                61.125675932
              ],
              [
                14.661253303,
                61.125747499
              ],
              [
                14.661276842,
                61.125842573
              ],
              [
                14.661177728,
                61.125925463
              ],
              [
                14.661029751,
                61.125984477
              ],
              [
                14.660832918,
                61.126019615
              ],
              [
                14.660660514,
                61.126066691
              ],
              [
                14.660463933,
                61.126078074
              ],
              [
                14.660267479,
                61.126077581
              ],
              [
                14.660021532,
                61.126112594
              ]
            ],
            [
              [
                14.651149146,
                61.128993917
              ],
              [
                14.651101076,
                61.128898778
              ],
              [
                14.651126682,
                61.128803828
              ],
              [
                14.651298985,
                61.128768641
              ],
              [
                14.651495455,
                61.128769148
              ],
              [
                14.651691662,
                61.128793407
              ],
              [
                14.651739735,
                61.128888546
              ],
              [
                14.651861744,
                61.128960122
              ],
              [
                14.652033002,
                61.129019947
              ],
              [
                14.652056124,
                61.129150653
              ],
              [
                14.651859262,
                61.129185777
              ],
              [
                14.65166292,
                61.129173395
              ],
              [
                14.651492054,
                61.129077939
              ],
              [
                14.651320533,
                61.129041867
              ],
              [
                14.651149146,
                61.128993917
              ]
            ],
            [
              [
                14.656433866,
                61.130848365
              ],
              [
                14.6566054,
                61.130884431
              ],
              [
                14.656506256,
                61.130967318
              ],
              [
                14.656480665,
                61.131062268
              ],
              [
                14.656381519,
                61.131145155
              ],
              [
                14.656257943,
                61.131216103
              ],
              [
                14.65623235,
                61.131311054
              ],
              [
                14.656255878,
                61.131406128
              ],
              [
                14.656353218,
                61.131489514
              ],
              [
                14.656278634,
                61.131572463
              ],
              [
                14.656081759,
                61.131607593
              ],
              [
                14.655885142,
                61.131618971
              ],
              [
                14.655639406,
                61.131630223
              ],
              [
                14.655320113,
                61.13162941
              ],
              [
                14.655123886,
                61.131605155
              ],
              [
                14.654927787,
                61.131569025
              ],
              [
                14.654658007,
                61.131532705
              ],
              [
                14.654461649,
                61.131520327
              ],
              [
                14.654265294,
                61.131507949
              ],
              [
                14.654093757,
                61.131471879
              ],
              [
                14.653873621,
                61.131388178
              ],
              [
                14.653825538,
                61.131293039
              ],
              [
                14.653826578,
                61.131198027
              ],
              [
                14.653827617,
                61.131103014
              ],
              [
                14.653828657,
                61.131008002
              ],
              [
                14.653854386,
                61.130901175
              ],
              [
                14.653979294,
                61.130788174
              ],
              [
                14.654053077,
                61.130699775
              ],
              [
                14.654078676,
                61.130604825
              ],
              [
                14.654055155,
                61.13050975
              ],
              [
                14.654031634,
                61.130414674
              ],
              [
                14.654032673,
                61.130319662
              ],
              [
                14.654107261,
                61.130236713
              ],
              [
                14.654206409,
                61.130153828
              ],
              [
                14.654330246,
                61.130059129
              ],
              [
                14.654502552,
                61.130023939
              ],
              [
                14.654699159,
                61.130012563
              ],
              [
                14.655043642,
                61.129954058
              ],
              [
                14.655091725,
                61.130049196
              ],
              [
                14.655188928,
                61.130144459
              ],
              [
                14.655261701,
                61.130227783
              ],
              [
                14.655309786,
                61.130322921
              ],
              [
                14.655357612,
                61.130441812
              ],
              [
                14.655430257,
                61.130537012
              ],
              [
                14.655552282,
                61.130608585
              ],
              [
                14.655748503,
                61.130632838
              ],
              [
                14.655993717,
                61.130669092
              ],
              [
                14.656165252,
                61.13070516
              ],
              [
                14.656311968,
                61.130764917
              ],
              [
                14.656433866,
                61.130848365
              ]
            ],
            [
              [
                14.669637143,
                61.131855156
              ],
              [
                14.669736253,
                61.131772259
              ],
              [
                14.66998174,
                61.131784735
              ],
              [
                14.670227103,
                61.131809087
              ],
              [
                14.67039866,
                61.131845136
              ],
              [
                14.670545408,
                61.131904878
              ],
              [
                14.67059354,
                61.13200001
              ],
              [
                14.670592551,
                61.132095023
              ],
              [
                14.67049344,
                61.13217792
              ],
              [
                14.67036989,
                61.132248881
              ],
              [
                14.6701734,
                61.132248402
              ],
              [
                14.669977652,
                61.132176663
              ],
              [
                14.669855712,
                61.132093228
              ],
              [
                14.669708965,
                61.132033485
              ],
              [
                14.66963615,
                61.131950168
              ],
              [
                14.669637143,
                61.131855156
              ]
            ],
            [
              [
                14.686066338,
                61.135344661
              ],
              [
                14.686074225,
                61.135257017
              ],
              [
                14.686094817,
                61.135213027
              ],
              [
                14.686144887,
                61.135118127
              ],
              [
                14.686243967,
                61.135035219
              ],
              [
                14.686318483,
                61.134952253
              ],
              [
                14.686466452,
                61.134893211
              ],
              [
                14.68656553,
                61.134810303
              ],
              [
                14.686664608,
                61.134727394
              ],
              [
                14.68673912,
                61.134644428
              ],
              [
                14.686838197,
                61.134561519
              ],
              [
                14.687034819,
                61.134550098
              ],
              [
                14.687206411,
                61.134586124
              ],
              [
                14.687156344,
                61.134681024
              ],
              [
                14.687032822,
                61.134752
              ],
              [
                14.686909299,
                61.134822975
              ],
              [
                14.686834787,
                61.134905942
              ],
              [
                14.686760273,
                61.134988907
              ],
              [
                14.686661196,
                61.135071816
              ],
              [
                14.68663569,
                61.135166773
              ],
              [
                14.686585504,
                61.135273549
              ],
              [
                14.686461979,
                61.135344524
              ],
              [
                14.686265232,
                61.135367821
              ],
              [
                14.686066338,
                61.135344661
              ]
            ],
            [
              [
                14.707098501,
                61.135081969
              ],
              [
                14.707221979,
                61.135010975
              ],
              [
                14.707418599,
                61.134999523
              ],
              [
                14.707614997,
                61.135011825
              ],
              [
                14.707811398,
                61.135024126
              ],
              [
                14.707908775,
                61.135119351
              ],
              [
                14.707932461,
                61.135214417
              ],
              [
                14.708029949,
                61.135297766
              ],
              [
                14.708102873,
                61.135381062
              ],
              [
                14.708175798,
                61.135464357
              ],
              [
                14.708248613,
                61.13555953
              ],
              [
                14.708174155,
                61.135642507
              ],
              [
                14.708050128,
                61.135772885
              ],
              [
                14.707803718,
                61.135855491
              ],
              [
                14.707509385,
                61.135807348
              ],
              [
                14.707461135,
                61.135712228
              ],
              [
                14.707388213,
                61.135628933
              ],
              [
                14.707266052,
                61.135557407
              ],
              [
                14.707168565,
                61.135474058
              ],
              [
                14.707120316,
                61.135378939
              ],
              [
                14.707096632,
                61.135283872
              ],
              [
                14.707097622,
                61.135176982
              ],
              [
                14.707098501,
                61.135081969
              ]
            ],
            [
              [
                14.668633107,
                61.136259035
              ],
              [
                14.66880456,
                61.136306963
              ],
              [
                14.668976141,
                61.136343014
              ],
              [
                14.669147719,
                61.136379063
              ],
              [
                14.669368056,
                61.136450864
              ],
              [
                14.669637771,
                61.13649903
              ],
              [
                14.669759851,
                61.13657059
              ],
              [
                14.669881931,
                61.136642149
              ],
              [
                14.669831562,
                61.136760796
              ],
              [
                14.669707994,
                61.136831755
              ],
              [
                14.669511473,
                61.136831276
              ],
              [
                14.669315203,
                61.136807042
              ],
              [
                14.669119055,
                61.136770932
              ],
              [
                14.668923157,
                61.136711068
              ],
              [
                14.66877639,
                61.136651324
              ],
              [
                14.668654312,
                61.136579764
              ],
              [
                14.668408789,
                61.136567286
              ],
              [
                14.668212645,
                61.136531174
              ],
              [
                14.668016127,
                61.136530692
              ],
              [
                14.66781961,
                61.13653021
              ],
              [
                14.667623216,
                61.136517851
              ],
              [
                14.667426824,
                61.136505492
              ],
              [
                14.667230556,
                61.136481255
              ],
              [
                14.667009973,
                61.136433204
              ],
              [
                14.666714698,
                61.136479985
              ],
              [
                14.666542245,
                61.136527068
              ],
              [
                14.666345351,
                61.136562214
              ],
              [
                14.666124142,
                61.136573545
              ],
              [
                14.665927625,
                61.13657306
              ],
              [
                14.665706667,
                61.136560638
              ],
              [
                14.665707672,
                61.136465624
              ],
              [
                14.66573324,
                61.136370672
              ],
              [
                14.66588138,
                61.136299776
              ],
              [
                14.666053834,
                61.136252694
              ],
              [
                14.66615297,
                61.136169801
              ],
              [
                14.666178537,
                61.136074849
              ],
              [
                14.666105846,
                61.135979654
              ],
              [
                14.666008592,
                61.135884399
              ],
              [
                14.665960467,
                61.135789265
              ],
              [
                14.665986035,
                61.135694312
              ],
              [
                14.666134171,
                61.135623416
              ],
              [
                14.666330809,
                61.135612025
              ],
              [
                14.66657695,
                61.135565123
              ],
              [
                14.666651517,
                61.135482169
              ],
              [
                14.666848154,
                61.135470777
              ],
              [
                14.667044666,
                61.13547126
              ],
              [
                14.667241176,
                61.135471744
              ],
              [
                14.667437813,
                61.13546035
              ],
              [
                14.667634573,
                61.135437079
              ],
              [
                14.66783096,
                61.135449438
              ],
              [
                14.667952907,
                61.135532877
              ],
              [
                14.667976473,
                61.135627949
              ],
              [
                14.667926223,
                61.135734718
              ],
              [
                14.66790066,
                61.135829671
              ],
              [
                14.667899663,
                61.135924684
              ],
              [
                14.667898665,
                61.136019697
              ],
              [
                14.667922233,
                61.13611477
              ],
              [
                14.668118498,
                61.136139006
              ],
              [
                14.668290075,
                61.136175057
              ],
              [
                14.668461529,
                61.136222985
              ],
              [
                14.668633107,
                61.136259035
              ]
            ],
            [
              [
                14.683681277,
                61.135836882
              ],
              [
                14.683902118,
                61.135861151
              ],
              [
                14.684024109,
                61.135944575
              ],
              [
                14.683998595,
                61.13603953
              ],
              [
                14.683948516,
                61.136134429
              ],
              [
                14.683996934,
                61.136205803
              ],
              [
                14.683995985,
                61.136300816
              ],
              [
                14.683848003,
                61.136359855
              ],
              [
                14.683626922,
                61.136359338
              ],
              [
                14.683529495,
                61.136275972
              ],
              [
                14.683456752,
                61.136180787
              ],
              [
                14.683457702,
                61.136085774
              ],
              [
                14.683458653,
                61.13599076
              ],
              [
                14.683557743,
                61.135907854
              ],
              [
                14.683681277,
                61.135836882
              ]
            ],
            [
              [
                14.690527261,
                61.136612833
              ],
              [
                14.690624243,
                61.136743701
              ],
              [
                14.690451823,
                61.136790814
              ],
              [
                14.690377315,
                61.136873783
              ],
              [
                14.690156346,
                61.136861399
              ],
              [
                14.689959593,
                61.136884703
              ],
              [
                14.689763072,
                61.136884253
              ],
              [
                14.689566784,
                61.136860048
              ],
              [
                14.689370382,
                61.136847721
              ],
              [
                14.689248257,
                61.136776179
              ],
              [
                14.689298319,
                61.136681278
              ],
              [
                14.689470857,
                61.136622291
              ],
              [
                14.689618829,
                61.136563246
              ],
              [
                14.68966889,
                61.136468345
              ],
              [
                14.689861022,
                61.136442568
              ],
              [
                14.690061693,
                61.136492999
              ],
              [
                14.690258095,
                61.136505326
              ],
              [
                14.690503627,
                61.136517765
              ],
              [
                14.690527261,
                61.136612833
              ]
            ],
            [
              [
                14.684563652,
                61.1374848
              ],
              [
                14.684440113,
                61.137555773
              ],
              [
                14.684341023,
                61.13763868
              ],
              [
                14.684217483,
                61.137709653
              ],
              [
                14.684020838,
                61.137721071
              ],
              [
                14.683848523,
                61.137756299
              ],
              [
                14.683700535,
                61.137815338
              ],
              [
                14.683503533,
                61.137862385
              ],
              [
                14.683331098,
                61.137909489
              ],
              [
                14.683134332,
                61.137932782
              ],
              [
                14.682937806,
                61.137932322
              ],
              [
                14.682741279,
                61.137931861
              ],
              [
                14.682544753,
                61.1379314
              ],
              [
                14.682323899,
                61.137907129
              ],
              [
                14.682152296,
                61.137871095
              ],
              [
                14.682079434,
                61.137787785
              ],
              [
                14.682006572,
                61.137704475
              ],
              [
                14.681982962,
                61.137609405
              ],
              [
                14.682204411,
                61.137574294
              ],
              [
                14.682500031,
                61.13749185
              ],
              [
                14.682696675,
                61.137480435
              ],
              [
                14.682893436,
                61.137457142
              ],
              [
                14.683065753,
                61.137421915
              ],
              [
                14.683262513,
                61.137398622
              ],
              [
                14.683459275,
                61.137375328
              ],
              [
                14.683656154,
                61.137340158
              ],
              [
                14.683852797,
                61.137328741
              ],
              [
                14.684049319,
                61.1373292
              ],
              [
                14.684245961,
                61.137317782
              ],
              [
                14.684442365,
                61.137330117
              ],
              [
                14.684589166,
                61.137389844
              ],
              [
                14.684563652,
                61.1374848
              ]
            ],
            [
              [
                14.688382281,
                61.137403663
              ],
              [
                14.688652033,
                61.137451792
              ],
              [
                14.689019231,
                61.137583282
              ],
              [
                14.689017947,
                61.137713925
              ],
              [
                14.688574713,
                61.137819797
              ],
              [
                14.688303787,
                61.137890435
              ],
              [
                14.688035086,
                61.137735417
              ],
              [
                14.68796338,
                61.137533343
              ],
              [
                14.688382281,
                61.137403663
              ]
            ],
            [
              [
                14.692228311,
                61.138517016
              ],
              [
                14.692290605,
                61.138477252
              ],
              [
                14.692376633,
                61.138422339
              ],
              [
                14.692719249,
                61.138476136
              ],
              [
                14.693083788,
                61.13844578
              ],
              [
                14.692964723,
                61.138578074
              ],
              [
                14.692816402,
                61.138672753
              ],
              [
                14.692374091,
                61.138683624
              ],
              [
                14.692228311,
                61.138517016
              ]
            ],
            [
              [
                14.706400758,
                61.141446467
              ],
              [
                14.706277253,
                61.14151746
              ],
              [
                14.706202666,
                61.141612313
              ],
              [
                14.70607916,
                61.141683306
              ],
              [
                14.705931195,
                61.141742369
              ],
              [
                14.705734422,
                61.141765696
              ],
              [
                14.70553776,
                61.141777145
              ],
              [
                14.705316641,
                61.141776663
              ],
              [
                14.705120532,
                61.141728728
              ],
              [
                14.704973784,
                61.141657147
              ],
              [
                14.704802247,
                61.141609266
              ],
              [
                14.704630708,
                61.141561384
              ],
              [
                14.704557891,
                61.14146621
              ],
              [
                14.70450964,
                61.141371089
              ],
              [
                14.704412144,
                61.141287739
              ],
              [
                14.704315091,
                61.141156881
              ],
              [
                14.704217706,
                61.141061653
              ],
              [
                14.704021714,
                61.14100184
              ],
              [
                14.70389954,
                61.140930311
              ],
              [
                14.703777368,
                61.140858783
              ],
              [
                14.703630514,
                61.140799077
              ],
              [
                14.703508341,
                61.140727548
              ],
              [
                14.703313358,
                61.140560844
              ],
              [
                14.703191521,
                61.140453685
              ],
              [
                14.702800445,
                61.140239043
              ],
              [
                14.702457279,
                61.14015515
              ],
              [
                14.702236617,
                61.140107158
              ],
              [
                14.701795857,
                61.139951788
              ],
              [
                14.70177353,
                61.139714201
              ],
              [
                14.701628144,
                61.139500097
              ],
              [
                14.701285886,
                61.139321188
              ],
              [
                14.700967975,
                61.139166086
              ],
              [
                14.700895735,
                61.139011527
              ],
              [
                14.701608842,
                61.13894184
              ],
              [
                14.70205149,
                61.138895308
              ],
              [
                14.70276381,
                61.138908751
              ],
              [
                14.70325336,
                61.139099856
              ],
              [
                14.703840962,
                61.139314927
              ],
              [
                14.704306736,
                61.139422837
              ],
              [
                14.704503271,
                61.139423267
              ],
              [
                14.704699809,
                61.139423696
              ],
              [
                14.704872221,
                61.139376565
              ],
              [
                14.704971265,
                61.139293642
              ],
              [
                14.705070308,
                61.13921072
              ],
              [
                14.705218263,
                61.139151658
              ],
              [
                14.705415018,
                61.139128333
              ],
              [
                14.705611664,
                61.139116883
              ],
              [
                14.705784073,
                61.139069751
              ],
              [
                14.705883113,
                61.138986828
              ],
              [
                14.705908563,
                61.138891869
              ],
              [
                14.705958581,
                61.138796962
              ],
              [
                14.706033052,
                61.138713986
              ],
              [
                14.706107525,
                61.13863101
              ],
              [
                14.706353079,
                61.13864342
              ],
              [
                14.70654939,
                61.138667599
              ],
              [
                14.706745922,
                61.138668025
              ],
              [
                14.706942343,
                61.138680327
              ],
              [
                14.707138656,
                61.138704506
              ],
              [
                14.707310291,
                61.138740508
              ],
              [
                14.707530951,
                61.138788493
              ],
              [
                14.707677691,
                61.138860071
              ],
              [
                14.707824432,
                61.138931649
              ],
              [
                14.707921932,
                61.139014998
              ],
              [
                14.708068455,
                61.139110329
              ],
              [
                14.708141389,
                61.139193625
              ],
              [
                14.708189645,
                61.139288744
              ],
              [
                14.70826258,
                61.13937204
              ],
              [
                14.708384758,
                61.139443564
              ],
              [
                14.708457583,
                61.139538736
              ],
              [
                14.708505842,
                61.139633855
              ],
              [
                14.708504967,
                61.139728868
              ],
              [
                14.708528658,
                61.139823934
              ],
              [
                14.708601593,
                61.139907229
              ],
              [
                14.708748452,
                61.13996693
              ],
              [
                14.708944445,
                61.140026736
              ],
              [
                14.708995256,
                61.140113263
              ],
              [
                14.709245402,
                61.140157406
              ],
              [
                14.709525506,
                61.140220967
              ],
              [
                14.709383605,
                61.140360233
              ],
              [
                14.709260111,
                61.140431229
              ],
              [
                14.709112156,
                61.140490295
              ],
              [
                14.70876766,
                61.140548939
              ],
              [
                14.708225192,
                61.140761554
              ],
              [
                14.708003203,
                61.14085609
              ],
              [
                14.707830896,
                61.140891348
              ],
              [
                14.707731856,
                61.140974273
              ],
              [
                14.70768184,
                61.14106918
              ],
              [
                14.707680962,
                61.141164193
              ],
              [
                14.707655406,
                61.141271029
              ],
              [
                14.707580931,
                61.141354007
              ],
              [
                14.707432751,
                61.141436825
              ],
              [
                14.707235653,
                61.141495783
              ],
              [
                14.707039103,
                61.141495358
              ],
              [
                14.706867563,
                61.141447478
              ],
              [
                14.706671123,
                61.141435176
              ],
              [
                14.706400758,
                61.141446467
              ]
            ],
            [
              [
                14.699147205,
                61.139458973
              ],
              [
                14.69936876,
                61.139411957
              ],
              [
                14.699565296,
                61.139412394
              ],
              [
                14.699712021,
                61.139483982
              ],
              [
                14.699686552,
                61.13957894
              ],
              [
                14.69968565,
                61.139673953
              ],
              [
                14.699709314,
                61.13976902
              ],
              [
                14.699732981,
                61.139864088
              ],
              [
                14.69956067,
                61.139899336
              ],
              [
                14.699364132,
                61.139898899
              ],
              [
                14.69916793,
                61.139862833
              ],
              [
                14.699168947,
                61.139755943
              ],
              [
                14.699169851,
                61.139660931
              ],
              [
                14.699170755,
                61.139565917
              ],
              [
                14.699147205,
                61.139458973
              ]
            ],
            [
              [
                14.689329896,
                61.139942467
              ],
              [
                14.689550537,
                61.13999048
              ],
              [
                14.689623306,
                61.140085662
              ],
              [
                14.689646942,
                61.140180731
              ],
              [
                14.68964601,
                61.140275744
              ],
              [
                14.689743231,
                61.14038286
              ],
              [
                14.689816119,
                61.140466165
              ],
              [
                14.689889008,
                61.14054947
              ],
              [
                14.689937212,
                61.140644596
              ],
              [
                14.689985416,
                61.140739722
              ],
              [
                14.690156812,
                61.140799498
              ],
              [
                14.690353123,
                61.140823701
              ],
              [
                14.69037676,
                61.14091877
              ],
              [
                14.690252989,
                61.141013502
              ],
              [
                14.690080662,
                61.141048739
              ],
              [
                14.689883884,
                61.141072041
              ],
              [
                14.689711555,
                61.141107277
              ],
              [
                14.689490323,
                61.141118647
              ],
              [
                14.689342797,
                61.141130185
              ],
              [
                14.689146251,
                61.141129734
              ],
              [
                14.688900801,
                61.141105416
              ],
              [
                14.688704488,
                61.14108121
              ],
              [
                14.688508176,
                61.141057005
              ],
              [
                14.688311863,
                61.141032799
              ],
              [
                14.688115669,
                61.140996717
              ],
              [
                14.687919357,
                61.14097251
              ],
              [
                14.687747732,
                61.140936484
              ],
              [
                14.68755142,
                61.140912276
              ],
              [
                14.687330541,
                61.140888013
              ],
              [
                14.687158917,
                61.140851985
              ],
              [
                14.686962491,
                61.140839654
              ],
              [
                14.686766298,
                61.14080357
              ],
              [
                14.686570106,
                61.140767485
              ],
              [
                14.686373915,
                61.1407314
              ],
              [
                14.686473012,
                61.140648491
              ],
              [
                14.68664534,
                61.14061326
              ],
              [
                14.686817668,
                61.140578028
              ],
              [
                14.686916763,
                61.140495119
              ],
              [
                14.686819315,
                61.140411755
              ],
              [
                14.686795688,
                61.140316685
              ],
              [
                14.68672281,
                61.140233378
              ],
              [
                14.686600678,
                61.140161834
              ],
              [
                14.686527798,
                61.140078527
              ],
              [
                14.68652874,
                61.139983514
              ],
              [
                14.686627834,
                61.139900605
              ],
              [
                14.686775826,
                61.139841563
              ],
              [
                14.686850352,
                61.139758598
              ],
              [
                14.686973894,
                61.139687623
              ],
              [
                14.687097435,
                61.139616646
              ],
              [
                14.687171329,
                61.139581263
              ],
              [
                14.687245542,
                61.139545727
              ],
              [
                14.687393649,
                61.139474808
              ],
              [
                14.687615339,
                61.139415936
              ],
              [
                14.687811992,
                61.139404513
              ],
              [
                14.688008177,
                61.139440595
              ],
              [
                14.68813031,
                61.139512139
              ],
              [
                14.68820319,
                61.139595445
              ],
              [
                14.688300523,
                61.139690685
              ],
              [
                14.688397973,
                61.139774047
              ],
              [
                14.688519991,
                61.139857466
              ],
              [
                14.688716061,
                61.139905425
              ],
              [
                14.688912484,
                61.139917753
              ],
              [
                14.689109022,
                61.139918205
              ],
              [
                14.689329896,
                61.139942467
              ]
            ],
            [
              [
                14.702844912,
                61.142276933
              ],
              [
                14.702648022,
                61.142312132
              ],
              [
                14.702475703,
                61.142347383
              ],
              [
                14.702327391,
                61.142442072
              ],
              [
                14.702080804,
                61.142536544
              ],
              [
                14.701884023,
                61.142559865
              ],
              [
                14.701687466,
                61.142559432
              ],
              [
                14.701491024,
                61.142547121
              ],
              [
                14.701294804,
                61.142511058
              ],
              [
                14.701098361,
                61.142498748
              ],
              [
                14.70090203,
                61.14247456
              ],
              [
                14.700755175,
                61.142414851
              ],
              [
                14.700682255,
                61.142331551
              ],
              [
                14.700683155,
                61.142236538
              ],
              [
                14.70087982,
                61.142225096
              ],
              [
                14.701076374,
                61.14222553
              ],
              [
                14.701272927,
                61.142225964
              ],
              [
                14.70146937,
                61.142238275
              ],
              [
                14.701665922,
                61.142238708
              ],
              [
                14.701862477,
                61.142239141
              ],
              [
                14.702010452,
                61.142180084
              ],
              [
                14.702035916,
                61.142085124
              ],
              [
                14.701987674,
                61.141990003
              ],
              [
                14.70191475,
                61.141906704
              ],
              [
                14.701792689,
                61.141823297
              ],
              [
                14.701719767,
                61.141739998
              ],
              [
                14.701696093,
                61.141644931
              ],
              [
                14.701697437,
                61.141502412
              ],
              [
                14.701747584,
                61.14139563
              ],
              [
                14.701846642,
                61.14131271
              ],
              [
                14.701921242,
                61.141217859
              ],
              [
                14.701922138,
                61.141122846
              ],
              [
                14.7017754,
                61.141051262
              ],
              [
                14.701579189,
                61.141015199
              ],
              [
                14.70143234,
                61.140955491
              ],
              [
                14.701359422,
                61.140872191
              ],
              [
                14.701384887,
                61.140777232
              ],
              [
                14.7015084,
                61.140706244
              ],
              [
                14.701705279,
                61.140671047
              ],
              [
                14.701876921,
                61.140707056
              ],
              [
                14.702048449,
                61.140754941
              ],
              [
                14.702145938,
                61.140838294
              ],
              [
                14.702317244,
                61.140909932
              ],
              [
                14.702464094,
                61.14096964
              ],
              [
                14.702561474,
                61.141064868
              ],
              [
                14.702634398,
                61.141148167
              ],
              [
                14.702805706,
                61.141219805
              ],
              [
                14.702952559,
                61.141279512
              ],
              [
                14.703124205,
                61.141315518
              ],
              [
                14.703270836,
                61.141398979
              ],
              [
                14.703393011,
                61.141470508
              ],
              [
                14.703465936,
                61.141553805
              ],
              [
                14.703588112,
                61.141625334
              ],
              [
                14.70366104,
                61.141708633
              ],
              [
                14.703832465,
                61.141768392
              ],
              [
                14.704004003,
                61.141816275
              ],
              [
                14.70415075,
                61.141887857
              ],
              [
                14.704297608,
                61.141947563
              ],
              [
                14.704469146,
                61.141995444
              ],
              [
                14.704615562,
                61.142102656
              ],
              [
                14.70451651,
                61.142185578
              ],
              [
                14.704344191,
                61.142220832
              ],
              [
                14.704147639,
                61.142220403
              ],
              [
                14.703950973,
                61.142231849
              ],
              [
                14.70375442,
                61.142231419
              ],
              [
                14.703483936,
                61.142254581
              ],
              [
                14.703238132,
                61.142265919
              ],
              [
                14.703041577,
                61.142265488
              ],
              [
                14.702844912,
                61.142276933
              ]
            ],
            [
              [
                14.708807063,
                61.144684917
              ],
              [
                14.708753727,
                61.144729569
              ],
              [
                14.708557047,
                61.144741022
              ],
              [
                14.708360369,
                61.144752475
              ],
              [
                14.70816358,
                61.144775804
              ],
              [
                14.707721847,
                61.144715467
              ],
              [
                14.707426772,
                61.144738583
              ],
              [
                14.707230204,
                61.144738158
              ],
              [
                14.707033634,
                61.144737733
              ],
              [
                14.706836955,
                61.144749184
              ],
              [
                14.706640385,
                61.144748758
              ],
              [
                14.706443485,
                61.144783962
              ],
              [
                14.706246804,
                61.144795412
              ],
              [
                14.706050235,
                61.144794985
              ],
              [
                14.705706348,
                61.144782361
              ],
              [
                14.705485428,
                61.144758126
              ],
              [
                14.705313873,
                61.144710245
              ],
              [
                14.705167,
                61.144650541
              ],
              [
                14.704946857,
                61.14454317
              ],
              [
                14.704873919,
                61.144459872
              ],
              [
                14.704776413,
                61.144376522
              ],
              [
                14.7047773,
                61.144281508
              ],
              [
                14.704802757,
                61.144186549
              ],
              [
                14.704901817,
                61.144103627
              ],
              [
                14.704976303,
                61.144020651
              ],
              [
                14.705075362,
                61.143937729
              ],
              [
                14.705247687,
                61.143902474
              ],
              [
                14.705420235,
                61.143843465
              ],
              [
                14.705371978,
                61.143748345
              ],
              [
                14.705299043,
                61.143665048
              ],
              [
                14.705176856,
                61.143593521
              ],
              [
                14.705054669,
                61.143521993
              ],
              [
                14.704883119,
                61.143474112
              ],
              [
                14.704761044,
                61.143390708
              ],
              [
                14.704786614,
                61.143283871
              ],
              [
                14.704787723,
                61.143165105
              ],
              [
                14.70478861,
                61.143070092
              ],
              [
                14.704740356,
                61.142974971
              ],
              [
                14.704519227,
                61.142974489
              ],
              [
                14.704322559,
                61.142985936
              ],
              [
                14.704150237,
                61.14302119
              ],
              [
                14.704026276,
                61.143139688
              ],
              [
                14.703976246,
                61.143234593
              ],
              [
                14.703901758,
                61.143317569
              ],
              [
                14.70377824,
                61.14338856
              ],
              [
                14.703605914,
                61.143423814
              ],
              [
                14.703409354,
                61.143423383
              ],
              [
                14.703139306,
                61.143399037
              ],
              [
                14.702968206,
                61.143303647
              ],
              [
                14.702895278,
                61.143220348
              ],
              [
                14.702871713,
                61.143113405
              ],
              [
                14.702872717,
                61.143006515
              ],
              [
                14.702898179,
                61.142911555
              ],
              [
                14.702997239,
                61.142828635
              ],
              [
                14.703169561,
                61.142793382
              ],
              [
                14.703636497,
                61.142782529
              ],
              [
                14.703906874,
                61.142771244
              ],
              [
                14.704103541,
                61.142759797
              ],
              [
                14.70430021,
                61.14274835
              ],
              [
                14.704472752,
                61.142689343
              ],
              [
                14.704596488,
                61.142594598
              ],
              [
                14.704768806,
                61.142559343
              ],
              [
                14.704965474,
                61.142547895
              ],
              [
                14.705162031,
                61.142548323
              ],
              [
                14.705358585,
                61.142548751
              ],
              [
                14.705530129,
                61.142596632
              ],
              [
                14.705701674,
                61.142644513
              ],
              [
                14.705848539,
                61.142704217
              ],
              [
                14.705970725,
                61.142775744
              ],
              [
                14.706166508,
                61.142859307
              ],
              [
                14.706288475,
                61.142954587
              ],
              [
                14.706410331,
                61.143061743
              ],
              [
                14.70650784,
                61.143145093
              ],
              [
                14.706580779,
                61.143228389
              ],
              [
                14.706653606,
                61.143323562
              ],
              [
                14.706652725,
                61.143418574
              ],
              [
                14.706627274,
                61.143513535
              ],
              [
                14.706601822,
                61.143608494
              ],
              [
                14.7064295,
                61.143643751
              ],
              [
                14.706257065,
                61.143690885
              ],
              [
                14.706133551,
                61.143761878
              ],
              [
                14.706083417,
                61.143868661
              ],
              [
                14.706230288,
                61.143928364
              ],
              [
                14.706426743,
                61.143940667
              ],
              [
                14.706623307,
                61.143941094
              ],
              [
                14.706844663,
                61.14391782
              ],
              [
                14.707041446,
                61.143894492
              ],
              [
                14.707213771,
                61.143859234
              ],
              [
                14.707239221,
                61.143764274
              ],
              [
                14.707436223,
                61.143717192
              ],
              [
                14.707632787,
                61.143717617
              ],
              [
                14.707829022,
                61.143753672
              ],
              [
                14.708000466,
                61.143813426
              ],
              [
                14.70814734,
                61.143873128
              ],
              [
                14.708294215,
                61.143932829
              ],
              [
                14.708440981,
                61.144004406
              ],
              [
                14.708563177,
                61.14407593
              ],
              [
                14.708660695,
                61.144159278
              ],
              [
                14.708782783,
                61.14424268
              ],
              [
                14.70885573,
                61.144325974
              ],
              [
                14.708903997,
                61.144421093
              ],
              [
                14.708903122,
                61.144516106
              ],
              [
                14.708852778,
                61.144646643
              ],
              [
                14.708807063,
                61.144684917
              ]
            ],
            [
              [
                14.753777044,
                61.146849909
              ],
              [
                14.753826929,
                61.146754984
              ],
              [
                14.753950532,
                61.146660195
              ],
              [
                14.754147208,
                61.146648675
              ],
              [
                14.754318847,
                61.146696494
              ],
              [
                14.754440881,
                61.146803607
              ],
              [
                14.754612153,
                61.146898932
              ],
              [
                14.754685228,
                61.146982203
              ],
              [
                14.754832021,
                61.147065607
              ],
              [
                14.75495415,
                61.147160843
              ],
              [
                14.755100853,
                61.147256123
              ],
              [
                14.755419663,
                61.147339838
              ],
              [
                14.755615881,
                61.147387699
              ],
              [
                14.755836675,
                61.147435605
              ],
              [
                14.755958625,
                61.147554593
              ],
              [
                14.755957892,
                61.147649607
              ],
              [
                14.75588353,
                61.147732611
              ],
              [
                14.75558837,
                61.147767709
              ],
              [
                14.755366656,
                61.147838569
              ],
              [
                14.755316774,
                61.147933493
              ],
              [
                14.755242316,
                61.148028374
              ],
              [
                14.755167676,
                61.148147007
              ],
              [
                14.755068736,
                61.148229966
              ],
              [
                14.755018852,
                61.148324891
              ],
              [
                14.754895245,
                61.148419681
              ],
              [
                14.754845359,
                61.148514606
              ],
              [
                14.754869198,
                61.148609663
              ],
              [
                14.754917425,
                61.148728519
              ],
              [
                14.754941171,
                61.148835454
              ],
              [
                14.754940434,
                61.148930467
              ],
              [
                14.754939698,
                61.149025481
              ],
              [
                14.754914387,
                61.14912045
              ],
              [
                14.754889076,
                61.149215418
              ],
              [
                14.754839188,
                61.149310343
              ],
              [
                14.754813877,
                61.149405312
              ],
              [
                14.754788565,
                61.149500281
              ],
              [
                14.754763254,
                61.149595249
              ],
              [
                14.754713365,
                61.149690174
              ],
              [
                14.754614421,
                61.149773132
              ],
              [
                14.754490991,
                61.149844169
              ],
              [
                14.754342986,
                61.149915162
              ],
              [
                14.754170312,
                61.149997987
              ],
              [
                14.75404688,
                61.150069023
              ],
              [
                14.753898966,
                61.150128139
              ],
              [
                14.753775533,
                61.150199175
              ],
              [
                14.753627618,
                61.15025829
              ],
              [
                14.753504184,
                61.150329326
              ],
              [
                14.753405233,
                61.150412285
              ],
              [
                14.753355248,
                61.150519084
              ],
              [
                14.753231813,
                61.15059012
              ],
              [
                14.753059503,
                61.150625437
              ],
              [
                14.752862897,
                61.150625078
              ],
              [
                14.752666475,
                61.150600966
              ],
              [
                14.752568824,
                61.150517649
              ],
              [
                14.752520415,
                61.150422546
              ],
              [
                14.752521159,
                61.150327533
              ],
              [
                14.752546478,
                61.150232565
              ],
              [
                14.752620856,
                61.150149562
              ],
              [
                14.752695233,
                61.15006656
              ],
              [
                14.752720551,
                61.149971592
              ],
              [
                14.752795112,
                61.149864837
              ],
              [
                14.752918731,
                61.149770047
              ],
              [
                14.752993107,
                61.149687046
              ],
              [
                14.753042999,
                61.149592122
              ],
              [
                14.753068316,
                61.149497154
              ],
              [
                14.753019909,
                61.14940205
              ],
              [
                14.752996077,
                61.149306992
              ],
              [
                14.752972245,
                61.149211934
              ],
              [
                14.75299784,
                61.149081335
              ],
              [
                14.753023156,
                61.148986366
              ],
              [
                14.753073232,
                61.148867689
              ],
              [
                14.753123217,
                61.14876089
              ],
              [
                14.753148533,
                61.148665921
              ],
              [
                14.753198515,
                61.14855912
              ],
              [
                14.753199257,
                61.148464107
              ],
              [
                14.753249148,
                61.148369183
              ],
              [
                14.753299037,
                61.14827426
              ],
              [
                14.753373409,
                61.148191257
              ],
              [
                14.753472446,
                61.148096423
              ],
              [
                14.753547277,
                61.147954037
              ],
              [
                14.753548018,
                61.147859023
              ],
              [
                14.753499612,
                61.147763921
              ],
              [
                14.753451205,
                61.147668818
              ],
              [
                14.753451945,
                61.147573804
              ],
              [
                14.753477261,
                61.147478836
              ],
              [
                14.753551629,
                61.147395834
              ],
              [
                14.753699623,
                61.147324841
              ],
              [
                14.753724938,
                61.147229873
              ],
              [
                14.753725678,
                61.147134859
              ],
              [
                14.753726419,
                61.147039846
              ],
              [
                14.753727159,
                61.146944832
              ],
              [
                14.753777044,
                61.146849909
              ]
            ],
            [
              [
                14.735983492,
                61.147148921
              ],
              [
                14.736327615,
                61.147137715
              ],
              [
                14.736695718,
                61.147197816
              ],
              [
                14.737063723,
                61.147269792
              ],
              [
                14.737578084,
                61.147472697
              ],
              [
                14.738263287,
                61.147818452
              ],
              [
                14.738384484,
                61.148020593
              ],
              [
                14.738604274,
                61.148187294
              ],
              [
                14.738210502,
                61.148257794
              ],
              [
                14.737424724,
                61.148185011
              ],
              [
                14.736664416,
                61.148005381
              ],
              [
                14.736297594,
                61.147790883
              ],
              [
                14.736053147,
                61.147636008
              ],
              [
                14.735734683,
                61.147516618
              ],
              [
                14.73556426,
                61.147326255
              ],
              [
                14.735786114,
                61.147243551
              ],
              [
                14.735983492,
                61.147148921
              ]
            ],
            [
              [
                14.76273197,
                61.15216425
              ],
              [
                14.762806324,
                61.152081242
              ],
              [
                14.762954231,
                61.152022116
              ],
              [
                14.763151025,
                61.151998708
              ],
              [
                14.763372129,
                61.152010971
              ],
              [
                14.763519147,
                61.152070612
              ],
              [
                14.763641499,
                61.152142087
              ],
              [
                14.763788428,
                61.152213604
              ],
              [
                14.763985046,
                61.152213947
              ],
              [
                14.764181662,
                61.15221429
              ],
              [
                14.764304016,
                61.152285764
              ],
              [
                14.764327885,
                61.15238082
              ],
              [
                14.764277934,
                61.152487625
              ],
              [
                14.764154427,
                61.152570547
              ],
              [
                14.764079985,
                61.152665432
              ],
              [
                14.763956565,
                61.152736478
              ],
              [
                14.763685591,
                61.152819143
              ],
              [
                14.763464394,
                61.152818757
              ],
              [
                14.763218619,
                61.152818327
              ],
              [
                14.763022175,
                61.15279423
              ],
              [
                14.7628504,
                61.152758298
              ],
              [
                14.762728047,
                61.152686823
              ],
              [
                14.762581029,
                61.152627181
              ],
              [
                14.762434098,
                61.152555662
              ],
              [
                14.762360992,
                61.152472396
              ],
              [
                14.762361706,
                61.152377383
              ],
              [
                14.762411574,
                61.152282456
              ],
              [
                14.762583973,
                61.152235251
              ],
              [
                14.76273197,
                61.15216425
              ]
            ],
            [
              [
                14.750560836,
                61.153442316
              ],
              [
                14.750661116,
                61.153193087
              ],
              [
                14.750883628,
                61.153027221
              ],
              [
                14.751621798,
                61.152921685
              ],
              [
                14.751818327,
                61.152933924
              ],
              [
                14.752162321,
                61.15294643
              ],
              [
                14.752136999,
                61.153041398
              ],
              [
                14.752136161,
                61.153148288
              ],
              [
                14.751692453,
                61.153313751
              ],
              [
                14.751371446,
                61.153503191
              ],
              [
                14.750976417,
                61.153728125
              ],
              [
                14.750802497,
                61.153965341
              ],
              [
                14.750629231,
                61.154119421
              ],
              [
                14.750210549,
                61.154225541
              ],
              [
                14.749891497,
                61.154165568
              ],
              [
                14.749818607,
                61.154058541
              ],
              [
                14.750114489,
                61.15394032
              ],
              [
                14.750387009,
                61.153667656
              ],
              [
                14.750560836,
                61.153442316
              ]
            ],
            [
              [
                14.773953931,
                61.153549289
              ],
              [
                14.773979188,
                61.153454316
              ],
              [
                14.774078095,
                61.153371344
              ],
              [
                14.774201579,
                61.153288413
              ],
              [
                14.774398117,
                61.153300617
              ],
              [
                14.774667969,
                61.153372327
              ],
              [
                14.774790351,
                61.153443792
              ],
              [
                14.774789674,
                61.153538806
              ],
              [
                14.774788997,
                61.153633819
              ],
              [
                14.774739163,
                61.153728751
              ],
              [
                14.774738485,
                61.153823764
              ],
              [
                14.774811544,
                61.1539189
              ],
              [
                14.774688144,
                61.153989956
              ],
              [
                14.774662889,
                61.154084929
              ],
              [
                14.774588559,
                61.154167942
              ],
              [
                14.774465157,
                61.154238998
              ],
              [
                14.774268527,
                61.15423867
              ],
              [
                14.774072323,
                61.154178958
              ],
              [
                14.773950024,
                61.154095617
              ],
              [
                14.773876882,
                61.154012356
              ],
              [
                14.773877562,
                61.153917343
              ],
              [
                14.773902822,
                61.15382237
              ],
              [
                14.773878921,
                61.153727316
              ],
              [
                14.773879601,
                61.153632303
              ],
              [
                14.773953931,
                61.153549289
              ]
            ],
            [
              [
                14.728988007,
                61.154819416
              ],
              [
                14.729160467,
                61.154772253
              ],
              [
                14.7293571,
                61.154772647
              ],
              [
                14.729553528,
                61.154796794
              ],
              [
                14.729700494,
                61.154856471
              ],
              [
                14.72969958,
                61.15496336
              ],
              [
                14.729698767,
                61.155058374
              ],
              [
                14.729673376,
                61.155153337
              ],
              [
                14.729672462,
                61.155260227
              ],
              [
                14.72964707,
                61.155355192
              ],
              [
                14.729523562,
                61.155426206
              ],
              [
                14.729351201,
                61.155461492
              ],
              [
                14.729154564,
                61.155461098
              ],
              [
                14.72900729,
                61.15543705
              ],
              [
                14.728885004,
                61.155365545
              ],
              [
                14.72881208,
                61.155270383
              ],
              [
                14.728739056,
                61.155187099
              ],
              [
                14.728739872,
                61.155092086
              ],
              [
                14.728789845,
                61.154997172
              ],
              [
                14.728864296,
                61.154914183
              ],
              [
                14.728988007,
                61.154819416
              ]
            ],
            [
              [
                14.756102005,
                61.155198307
              ],
              [
                14.756152812,
                61.154984616
              ],
              [
                14.756375125,
                61.154842494
              ],
              [
                14.756645586,
                61.154831103
              ],
              [
                14.757013543,
                61.154926779
              ],
              [
                14.757159649,
                61.155105194
              ],
              [
                14.757256325,
                61.15531915
              ],
              [
                14.75730366,
                61.155556771
              ],
              [
                14.757547726,
                61.155782869
              ],
              [
                14.757668895,
                61.156008745
              ],
              [
                14.75791324,
                61.156199212
              ],
              [
                14.758083846,
                61.156389546
              ],
              [
                14.758106974,
                61.156579617
              ],
              [
                14.757933272,
                61.156793089
              ],
              [
                14.757736445,
                61.156816491
              ],
              [
                14.757368738,
                61.156685186
              ],
              [
                14.757148242,
                61.156589777
              ],
              [
                14.756928022,
                61.156458737
              ],
              [
                14.756782551,
                61.156197185
              ],
              [
                14.756364688,
                61.156196434
              ],
              [
                14.756021298,
                61.156100801
              ],
              [
                14.755949118,
                61.155898765
              ],
              [
                14.755852449,
                61.155684807
              ],
              [
                14.755755598,
                61.155494603
              ],
              [
                14.756033711,
                61.155324893
              ],
              [
                14.756102005,
                61.155198307
              ]
            ],
            [
              [
                14.769814682,
                61.154931903
              ],
              [
                14.77001166,
                61.15488473
              ],
              [
                14.770208122,
                61.154908817
              ],
              [
                14.770379917,
                61.154944739
              ],
              [
                14.770576379,
                61.154968826
              ],
              [
                14.770821998,
                61.154992995
              ],
              [
                14.771018375,
                61.155028958
              ],
              [
                14.771190172,
                61.15506488
              ],
              [
                14.771386549,
                61.155100841
              ],
              [
                14.771410441,
                61.155195897
              ],
              [
                14.771385175,
                61.155290868
              ],
              [
                14.771286255,
                61.155373839
              ],
              [
                14.77111394,
                61.155409178
              ],
              [
                14.770917044,
                61.155444476
              ],
              [
                14.770646755,
                61.155432142
              ],
              [
                14.770499709,
                61.155372508
              ],
              [
                14.77030333,
                61.155336544
              ],
              [
                14.77010704,
                61.155288704
              ],
              [
                14.769959996,
                61.15522907
              ],
              [
                14.769886862,
                61.155145808
              ],
              [
                14.76981399,
                61.155026916
              ],
              [
                14.769814682,
                61.154931903
              ]
            ],
            [
              [
                14.727667611,
                61.156871459
              ],
              [
                14.727419858,
                61.157096621
              ],
              [
                14.727443621,
                61.157191684
              ],
              [
                14.727393638,
                61.157286597
              ],
              [
                14.727319179,
                61.157369586
              ],
              [
                14.727195659,
                61.157440598
              ],
              [
                14.727096616,
                61.157523536
              ],
              [
                14.726973095,
                61.157594548
              ],
              [
                14.726800616,
                61.157641707
              ],
              [
                14.726628238,
                61.15767699
              ],
              [
                14.726431588,
                61.157676593
              ],
              [
                14.726210356,
                61.157676146
              ],
              [
                14.726013705,
                61.157675748
              ],
              [
                14.725792475,
                61.1576753
              ],
              [
                14.725963822,
                61.157758785
              ],
              [
                14.726110796,
                61.157818466
              ],
              [
                14.726307242,
                61.157842617
              ],
              [
                14.7264789,
                61.157890471
              ],
              [
                14.726576507,
                61.157973806
              ],
              [
                14.726600266,
                61.158068869
              ],
              [
                14.726697874,
                61.158152204
              ],
              [
                14.727041505,
                61.158212281
              ],
              [
                14.727237952,
                61.158236431
              ],
              [
                14.727556901,
                61.158308335
              ],
              [
                14.727654511,
                61.158391669
              ],
              [
                14.727850757,
                61.158439571
              ],
              [
                14.72807179,
                61.158463768
              ],
              [
                14.728268444,
                61.158464163
              ],
              [
                14.728465203,
                61.158452681
              ],
              [
                14.728661857,
                61.158453075
              ],
              [
                14.728932461,
                61.158429864
              ],
              [
                14.729178382,
                61.15841848
              ],
              [
                14.729375038,
                61.158418873
              ],
              [
                14.729571692,
                61.158419266
              ],
              [
                14.729842094,
                61.158419806
              ],
              [
                14.730038545,
                61.158443951
              ],
              [
                14.730062315,
                61.158539013
              ],
              [
                14.73003682,
                61.158645854
              ],
              [
                14.729962263,
                61.15874072
              ],
              [
                14.729789882,
                61.158776006
              ],
              [
                14.729592921,
                61.158811244
              ],
              [
                14.72942054,
                61.158846529
              ],
              [
                14.729247956,
                61.158905568
              ],
              [
                14.729124434,
                61.158976583
              ],
              [
                14.728927571,
                61.158999942
              ],
              [
                14.728731015,
                61.158987672
              ],
              [
                14.728559246,
                61.158951697
              ],
              [
                14.728362791,
                61.158927549
              ],
              [
                14.728166132,
                61.158927155
              ],
              [
                14.727969271,
                61.158950513
              ],
              [
                14.727894807,
                61.159033501
              ],
              [
                14.727820345,
                61.159116489
              ],
              [
                14.727745778,
                61.159211354
              ],
              [
                14.727622252,
                61.159282367
              ],
              [
                14.72742549,
                61.159293848
              ],
              [
                14.727204144,
                61.159305278
              ],
              [
                14.72688457,
                61.159304634
              ],
              [
                14.726736561,
                61.15936372
              ],
              [
                14.726613032,
                61.159434731
              ],
              [
                14.726538566,
                61.159517718
              ],
              [
                14.726513159,
                61.159612682
              ],
              [
                14.72641411,
                61.159695619
              ],
              [
                14.726265584,
                61.159814088
              ],
              [
                14.72611757,
                61.159873172
              ],
              [
                14.725920701,
                61.159896528
              ],
              [
                14.725772688,
                61.159955613
              ],
              [
                14.725575404,
                61.160026474
              ],
              [
                14.725549996,
                61.160121437
              ],
              [
                14.725549171,
                61.16021645
              ],
              [
                14.725523762,
                61.160311413
              ],
              [
                14.725449289,
                61.1603944
              ],
              [
                14.72525252,
                61.160405878
              ],
              [
                14.725031372,
                61.160393552
              ],
              [
                14.724834911,
                61.160369399
              ],
              [
                14.724663242,
                61.160321543
              ],
              [
                14.724417926,
                61.16026166
              ],
              [
                14.724295735,
                61.160178272
              ],
              [
                14.724148858,
                61.160106712
              ],
              [
                14.724026772,
                61.160011449
              ],
              [
                14.723904479,
                61.159939938
              ],
              [
                14.723707918,
                61.159927661
              ],
              [
                14.72351167,
                61.159879752
              ],
              [
                14.723316149,
                61.159748708
              ],
              [
                14.722801992,
                61.159510119
              ],
              [
                14.722629601,
                61.159545397
              ],
              [
                14.722433147,
                61.159521241
              ],
              [
                14.722433982,
                61.159426228
              ],
              [
                14.722508669,
                61.159319489
              ],
              [
                14.722607729,
                61.159236554
              ],
              [
                14.722805013,
                61.159165698
              ],
              [
                14.722977508,
                61.159118543
              ],
              [
                14.723125522,
                61.159059462
              ],
              [
                14.723249058,
                61.158988453
              ],
              [
                14.723372594,
                61.158917445
              ],
              [
                14.723496128,
                61.158846436
              ],
              [
                14.723619663,
                61.158775428
              ],
              [
                14.723743404,
                61.158680665
              ],
              [
                14.72381798,
                61.158585802
              ],
              [
                14.723892453,
                61.158502817
              ],
              [
                14.723893283,
                61.158407804
              ],
              [
                14.723943276,
                61.158312891
              ],
              [
                14.724042433,
                61.158218078
              ],
              [
                14.724092425,
                61.158123166
              ],
              [
                14.724117941,
                61.158016326
              ],
              [
                14.724094188,
                61.157921263
              ],
              [
                14.724070436,
                61.1578262
              ],
              [
                14.724022104,
                61.157731087
              ],
              [
                14.723998353,
                61.157636023
              ],
              [
                14.724048344,
                61.15754111
              ],
              [
                14.724245098,
                61.157529634
              ],
              [
                14.72444185,
                61.157518158
              ],
              [
                14.724638604,
                61.157506682
              ],
              [
                14.724835355,
                61.157495205
              ],
              [
                14.725081167,
                61.157495705
              ],
              [
                14.725278023,
                61.15747235
              ],
              [
                14.725548622,
                61.157449146
              ],
              [
                14.725745373,
                61.157437668
              ],
              [
                14.725942125,
                61.15742619
              ],
              [
                14.726138979,
                61.157402834
              ],
              [
                14.726335834,
                61.157379478
              ],
              [
                14.726532584,
                61.157367999
              ],
              [
                14.726753917,
                61.157356569
              ],
              [
                14.726901916,
                61.157297483
              ],
              [
                14.726927319,
                61.15720252
              ],
              [
                14.72692814,
                61.157107507
              ],
              [
                14.726928961,
                61.157012494
              ],
              [
                14.727028001,
                61.156929555
              ],
              [
                14.727102564,
                61.156834691
              ],
              [
                14.727177025,
                61.156751703
              ],
              [
                14.727300541,
                61.156680691
              ],
              [
                14.72749739,
                61.156657334
              ],
              [
                14.727619679,
                61.156728841
              ],
              [
                14.727638464,
                61.156784732
              ],
              [
                14.727939431,
                61.156705731
              ],
              [
                14.728136279,
                61.156682372
              ],
              [
                14.728333128,
                61.156659014
              ],
              [
                14.728579035,
                61.15664763
              ],
              [
                14.728800564,
                61.156612443
              ],
              [
                14.728997514,
                61.156577208
              ],
              [
                14.729145505,
                61.15651812
              ],
              [
                14.729342454,
                61.156482883
              ],
              [
                14.729539096,
                61.156483276
              ],
              [
                14.729710752,
                61.156531126
              ],
              [
                14.729783783,
                61.15661441
              ],
              [
                14.729782971,
                61.156709423
              ],
              [
                14.729586122,
                61.156732783
              ],
              [
                14.729389072,
                61.156779897
              ],
              [
                14.729412839,
                61.156874959
              ],
              [
                14.72948587,
                61.156958243
              ],
              [
                14.729534218,
                61.157053354
              ],
              [
                14.72960725,
                61.157136638
              ],
              [
                14.72968028,
                61.157219922
              ],
              [
                14.729802474,
                61.157303303
              ],
              [
                14.729974035,
                61.15736303
              ],
              [
                14.730145797,
                61.157399003
              ],
              [
                14.730144986,
                61.157494016
              ],
              [
                14.730168756,
                61.157589078
              ],
              [
                14.730266371,
                61.15767241
              ],
              [
                14.730462109,
                61.157779692
              ],
              [
                14.730485882,
                61.157874754
              ],
              [
                14.730313202,
                61.157945671
              ],
              [
                14.730116754,
                61.157921526
              ],
              [
                14.729945088,
                61.157873677
              ],
              [
                14.729773425,
                61.157825827
              ],
              [
                14.729527814,
                61.157801582
              ],
              [
                14.72935605,
                61.157765609
              ],
              [
                14.729258538,
                61.157670399
              ],
              [
                14.729111865,
                61.157575091
              ],
              [
                14.728965091,
                61.157491659
              ],
              [
                14.728818418,
                61.157396351
              ],
              [
                14.728720809,
                61.157313018
              ],
              [
                14.728549149,
                61.157265166
              ],
              [
                14.728377491,
                61.157217314
              ],
              [
                14.728279882,
                61.157133981
              ],
              [
                14.72815759,
                61.157062474
              ],
              [
                14.728035299,
                61.156990967
              ],
              [
                14.727765218,
                61.156954794
              ],
              [
                14.727667611,
                61.156871459
              ]
            ],
            [
              [
                14.718657668,
                61.158361394
              ],
              [
                14.718583182,
                61.158444377
              ],
              [
                14.718557754,
                61.158539339
              ],
              [
                14.718532326,
                61.1586343
              ],
              [
                14.718506581,
                61.158764893
              ],
              [
                14.718505734,
                61.158859905
              ],
              [
                14.718480304,
                61.158954868
              ],
              [
                14.718430294,
                61.159049778
              ],
              [
                14.718355805,
                61.159132761
              ],
              [
                14.718207781,
                61.159191837
              ],
              [
                14.718059439,
                61.159286543
              ],
              [
                14.717911414,
                61.159345619
              ],
              [
                14.717689534,
                61.159416417
              ],
              [
                14.717517138,
                61.159451689
              ],
              [
                14.717270993,
                61.159486805
              ],
              [
                14.717049535,
                61.159510096
              ],
              [
                14.716828184,
                61.15952151
              ],
              [
                14.716557668,
                61.159532821
              ],
              [
                14.716213298,
                61.159555853
              ],
              [
                14.716016529,
                61.159567318
              ],
              [
                14.715868499,
                61.159626391
              ],
              [
                14.71576942,
                61.159709321
              ],
              [
                14.715572437,
                61.159744538
              ],
              [
                14.715375987,
                61.159720371
              ],
              [
                14.715253715,
                61.159648853
              ],
              [
                14.715229989,
                61.159553788
              ],
              [
                14.715108039,
                61.159446641
              ],
              [
                14.714864355,
                61.159208591
              ],
              [
                14.714841167,
                61.159054142
              ],
              [
                14.714743587,
                61.158970799
              ],
              [
                14.714546928,
                61.158970385
              ],
              [
                14.714350271,
                61.15896997
              ],
              [
                14.714153612,
                61.158969555
              ],
              [
                14.713956955,
                61.158969139
              ],
              [
                14.713760404,
                61.158956847
              ],
              [
                14.713563854,
                61.158944555
              ],
              [
                14.7134169,
                61.15888486
              ],
              [
                14.713540672,
                61.158790107
              ],
              [
                14.713664226,
                61.158719107
              ],
              [
                14.713738727,
                61.158636127
              ],
              [
                14.71383813,
                61.158517569
              ],
              [
                14.713912735,
                61.158422711
              ],
              [
                14.714085454,
                61.158351815
              ],
              [
                14.714257955,
                61.158304672
              ],
              [
                14.714479192,
                61.158305138
              ],
              [
                14.714675845,
                61.158305553
              ],
              [
                14.714897188,
                61.158294143
              ],
              [
                14.715094271,
                61.15824705
              ],
              [
                14.715193346,
                61.158164121
              ],
              [
                14.715267948,
                61.158069263
              ],
              [
                14.715317966,
                61.157974354
              ],
              [
                14.715343405,
                61.157879392
              ],
              [
                14.715393423,
                61.157784483
              ],
              [
                14.715516971,
                61.157713482
              ],
              [
                14.715591464,
                61.1576305
              ],
              [
                14.715739485,
                61.157571426
              ],
              [
                14.715961461,
                61.157488754
              ],
              [
                14.71613385,
                61.157453485
              ],
              [
                14.716330711,
                61.157430144
              ],
              [
                14.716527467,
                61.15741868
              ],
              [
                14.716724221,
                61.157407215
              ],
              [
                14.716872241,
                61.15734814
              ],
              [
                14.717069845,
                61.157241662
              ],
              [
                14.717168913,
                61.15715873
              ],
              [
                14.717218925,
                61.15706382
              ],
              [
                14.717293624,
                61.156957085
              ],
              [
                14.717392691,
                61.156874154
              ],
              [
                14.717565073,
                61.156838883
              ],
              [
                14.717761613,
                61.156851169
              ],
              [
                14.717958045,
                61.156875333
              ],
              [
                14.718154691,
                61.156875742
              ],
              [
                14.718351441,
                61.156864275
              ],
              [
                14.718523824,
                61.156829003
              ],
              [
                14.718671941,
                61.15675805
              ],
              [
                14.718844638,
                61.156687148
              ],
              [
                14.719337409,
                61.156557525
              ],
              [
                14.719534578,
                61.156498549
              ],
              [
                14.719755802,
                61.156499008
              ],
              [
                14.719976815,
                61.156523218
              ],
              [
                14.720148456,
                61.156571081
              ],
              [
                14.720196777,
                61.156666195
              ],
              [
                14.720146774,
                61.156761107
              ],
              [
                14.720023134,
                61.156843989
              ],
              [
                14.719923971,
                61.156938799
              ],
              [
                14.719849176,
                61.157057412
              ],
              [
                14.719799172,
                61.157152323
              ],
              [
                14.719749378,
                61.157223481
              ],
              [
                14.719748535,
                61.157318494
              ],
              [
                14.719747692,
                61.157413508
              ],
              [
                14.719796013,
                61.157508622
              ],
              [
                14.719819752,
                61.157603686
              ],
              [
                14.71984349,
                61.15769875
              ],
              [
                14.719867229,
                61.157793814
              ],
              [
                14.719866282,
                61.157900703
              ],
              [
                14.719840753,
                61.158007542
              ],
              [
                14.719790748,
                61.158102454
              ],
              [
                14.719691684,
                61.158185386
              ],
              [
                14.719494924,
                61.158196855
              ],
              [
                14.719298272,
                61.158196448
              ],
              [
                14.719101618,
                61.15819604
              ],
              [
                14.71890486,
                61.158207508
              ],
              [
                14.718732152,
                61.158278411
              ],
              [
                14.718657668,
                61.158361394
              ]
            ],
            [
              [
                14.756382611,
                61.167950677
              ],
              [
                14.755659093,
                61.167976964
              ],
              [
                14.755289884,
                61.168023805
              ],
              [
                14.754920122,
                61.168141904
              ],
              [
                14.754500532,
                61.16834305
              ],
              [
                14.753934601,
                61.16838953
              ],
              [
                14.753738253,
                61.168341665
              ],
              [
                14.753615861,
                61.168270182
              ],
              [
                14.753444105,
                61.168222362
              ],
              [
                14.753223355,
                61.168150699
              ],
              [
                14.753051601,
                61.168102879
              ],
              [
                14.752806078,
                61.168054924
              ],
              [
                14.752634323,
                61.168007103
              ],
              [
                14.752266693,
                61.167852032
              ],
              [
                14.752119624,
                61.167792379
              ],
              [
                14.75194778,
                61.167756434
              ],
              [
                14.751751345,
                61.167720443
              ],
              [
                14.751505547,
                61.167708116
              ],
              [
                14.751309022,
                61.167684002
              ],
              [
                14.751112308,
                61.16768364
              ],
              [
                14.750891195,
                61.16765948
              ],
              [
                14.750523015,
                61.167575665
              ],
              [
                14.750253193,
                61.167492029
              ],
              [
                14.750081538,
                61.167432328
              ],
              [
                14.74986071,
                61.167372536
              ],
              [
                14.749738424,
                61.167289173
              ],
              [
                14.749591454,
                61.167217641
              ],
              [
                14.749419616,
                61.167181692
              ],
              [
                14.749075657,
                61.167145425
              ],
              [
                14.748903819,
                61.167109476
              ],
              [
                14.748732077,
                61.16706165
              ],
              [
                14.748560523,
                61.16699007
              ],
              [
                14.748462832,
                61.166906752
              ],
              [
                14.748291279,
                61.166835172
              ],
              [
                14.748193587,
                61.166751852
              ],
              [
                14.748071214,
                61.166680364
              ],
              [
                14.747998113,
                61.16659709
              ],
              [
                14.74787593,
                61.166501848
              ],
              [
                14.74772897,
                61.166430314
              ],
              [
                14.747655869,
                61.16634704
              ],
              [
                14.747607832,
                61.166204429
              ],
              [
                14.747584098,
                61.166097493
              ],
              [
                14.747585332,
                61.165943096
              ],
              [
                14.747537104,
                61.165824238
              ],
              [
                14.747513276,
                61.16572918
              ],
              [
                14.747489544,
                61.165622244
              ],
              [
                14.747465716,
                61.165527186
              ],
              [
                14.747466665,
                61.165408419
              ],
              [
                14.747443121,
                61.16527773
              ],
              [
                14.747370215,
                61.165170703
              ],
              [
                14.747321799,
                61.165075598
              ],
              [
                14.747273386,
                61.164980493
              ],
              [
                14.747274146,
                61.16488548
              ],
              [
                14.747225733,
                61.164790375
              ],
              [
                14.747177318,
                61.16469527
              ],
              [
                14.747129001,
                61.164588288
              ],
              [
                14.747031319,
                61.164504968
              ],
              [
                14.746933638,
                61.164421648
              ],
              [
                14.74678669,
                61.164350112
              ],
              [
                14.746639648,
                61.164290453
              ],
              [
                14.746492606,
                61.164230794
              ],
              [
                14.746321074,
                61.164159211
              ],
              [
                14.746247981,
                61.164075937
              ],
              [
                14.746125718,
                61.16399257
              ],
              [
                14.746028041,
                61.163909249
              ],
              [
                14.746004219,
                61.16381419
              ],
              [
                14.745980492,
                61.163707254
              ],
              [
                14.745932083,
                61.163612148
              ],
              [
                14.745908262,
                61.163517089
              ],
              [
                14.745835174,
                61.163433815
              ],
              [
                14.745762085,
                61.163350539
              ],
              [
                14.745541578,
                61.163255111
              ],
              [
                14.745394925,
                61.163147944
              ],
              [
                14.745346521,
                61.163052838
              ],
              [
                14.745224264,
                61.16296947
              ],
              [
                14.745101911,
                61.162897979
              ],
              [
                14.744979655,
                61.162814612
              ],
              [
                14.744955837,
                61.162719552
              ],
              [
                14.744907433,
                61.162624446
              ],
              [
                14.744760402,
                61.162564784
              ],
              [
                14.744418035,
                61.162338479
              ],
              [
                14.743611936,
                61.161695606
              ],
              [
                14.743440617,
                61.161600268
              ],
              [
                14.743293593,
                61.161540605
              ],
              [
                14.743097304,
                61.161492725
              ],
              [
                14.742950379,
                61.161421186
              ],
              [
                14.742877302,
                61.161337909
              ],
              [
                14.742779643,
                61.161254585
              ],
              [
                14.742681983,
                61.161171262
              ],
              [
                14.742609004,
                61.161076109
              ],
              [
                14.742511345,
                61.160992786
              ],
              [
                14.742438272,
                61.160909509
              ],
              [
                14.742316031,
                61.160826138
              ],
              [
                14.742193791,
                61.160742768
              ],
              [
                14.742096134,
                61.160659444
              ],
              [
                14.741973991,
                61.160564197
              ],
              [
                14.741851753,
                61.160480826
              ],
              [
                14.741704737,
                61.160421162
              ],
              [
                14.741508263,
                61.160397032
              ],
              [
                14.741311597,
                61.160396657
              ],
              [
                14.741114929,
                61.160396281
              ],
              [
                14.740918457,
                61.160372152
              ],
              [
                14.740771541,
                61.16030061
              ],
              [
                14.740599944,
                61.160240897
              ],
              [
                14.740452932,
                61.160181231
              ],
              [
                14.740256462,
                61.1601571
              ],
              [
                14.74001063,
                61.160156628
              ],
              [
                14.739789576,
                61.16013245
              ],
              [
                14.73956862,
                61.160096394
              ],
              [
                14.739421709,
                61.160024851
              ],
              [
                14.739348644,
                61.159941573
              ],
              [
                14.739324845,
                61.159846512
              ],
              [
                14.73927666,
                61.159727652
              ],
              [
                14.739228279,
                61.159632543
              ],
              [
                14.739081271,
                61.159572876
              ],
              [
                14.738959043,
                61.159489503
              ],
              [
                14.738861499,
                61.1593943
              ],
              [
                14.738813118,
                61.159299192
              ],
              [
                14.738764837,
                61.159192207
              ],
              [
                14.738716457,
                61.159097099
              ],
              [
                14.738594134,
                61.159025602
              ],
              [
                14.73844723,
                61.158954057
              ],
              [
                14.73815244,
                61.158929734
              ],
              [
                14.737931297,
                61.158917429
              ],
              [
                14.737734837,
                61.158893295
              ],
              [
                14.737612517,
                61.158821797
              ],
              [
                14.737613405,
                61.158714907
              ],
              [
                14.737638874,
                61.158608065
              ],
              [
                14.737664244,
                61.1585131
              ],
              [
                14.737665033,
                61.158418086
              ],
              [
                14.737665822,
                61.158323074
              ],
              [
                14.737666611,
                61.15822806
              ],
              [
                14.737593557,
                61.158144781
              ],
              [
                14.73749592,
                61.158061453
              ],
              [
                14.73732444,
                61.15798986
              ],
              [
                14.737152864,
                61.157930143
              ],
              [
                14.73695641,
                61.157906008
              ],
              [
                14.736759857,
                61.157893749
              ],
              [
                14.736563204,
                61.157893367
              ],
              [
                14.736366751,
                61.15786923
              ],
              [
                14.736219759,
                61.157809559
              ],
              [
                14.736072965,
                61.157726136
              ],
              [
                14.73590149,
                61.157654541
              ],
              [
                14.735828541,
                61.157559383
              ],
              [
                14.735755492,
                61.157476103
              ],
              [
                14.735707125,
                61.157380994
              ],
              [
                14.735634374,
                61.157262084
              ],
              [
                14.735659749,
                61.157167118
              ],
              [
                14.735930635,
                61.157108263
              ],
              [
                14.736077626,
                61.157167934
              ],
              [
                14.73629806,
                61.157263378
              ],
              [
                14.736444954,
                61.157334925
              ],
              [
                14.736616426,
                61.15740652
              ],
              [
                14.736738639,
                61.157489895
              ],
              [
                14.736983265,
                61.157632893
              ],
              [
                14.737252869,
                61.157728431
              ],
              [
                14.737449025,
                61.157788196
              ],
              [
                14.737620702,
                61.157836036
              ],
              [
                14.737841738,
                61.157860218
              ],
              [
                14.738136518,
                61.157884542
              ],
              [
                14.738209573,
                61.157967821
              ],
              [
                14.738405636,
                61.158039461
              ],
              [
                14.738626183,
                61.158123024
              ],
              [
                14.738773084,
                61.15819457
              ],
              [
                14.738944665,
                61.158254285
              ],
              [
                14.739116248,
                61.158314
              ],
              [
                14.73918911,
                61.158421031
              ],
              [
                14.739384983,
                61.158516423
              ],
              [
                14.739458042,
                61.158599701
              ],
              [
                14.739579974,
                61.158718704
              ],
              [
                14.739653036,
                61.158801982
              ],
              [
                14.739750583,
                61.158897185
              ],
              [
                14.73987281,
                61.158980557
              ],
              [
                14.740068783,
                61.159064072
              ],
              [
                14.740289537,
                61.15912388
              ],
              [
                14.740411767,
                61.159207252
              ],
              [
                14.740558676,
                61.159278794
              ],
              [
                14.740681005,
                61.15935029
              ],
              [
                14.740852595,
                61.159410002
              ],
              [
                14.74104916,
                61.159422255
              ],
              [
                14.741343763,
                61.159470326
              ],
              [
                14.741564813,
                61.159494502
              ],
              [
                14.741761377,
                61.159506754
              ],
              [
                14.741957749,
                61.159542758
              ],
              [
                14.742154315,
                61.15955501
              ],
              [
                14.742202705,
                61.159650117
              ],
              [
                14.742152571,
                61.15976879
              ],
              [
                14.742127211,
                61.159863756
              ],
              [
                14.742052784,
                61.159946752
              ],
              [
                14.742002841,
                61.160041672
              ],
              [
                14.742002066,
                61.160136684
              ],
              [
                14.742148985,
                61.160208225
              ],
              [
                14.742345457,
                61.160232353
              ],
              [
                14.742566223,
                61.160292158
              ],
              [
                14.742737823,
                61.160351868
              ],
              [
                14.742884646,
                61.160435284
              ],
              [
                14.742908456,
                61.160530344
              ],
              [
                14.742907683,
                61.160625357
              ],
              [
                14.742857744,
                61.160720277
              ],
              [
                14.742856874,
                61.160827166
              ],
              [
                14.742880587,
                61.160934103
              ],
              [
                14.742953663,
                61.161017379
              ],
              [
                14.743125267,
                61.161077089
              ],
              [
                14.743321458,
                61.161136845
              ],
              [
                14.743542136,
                61.161208524
              ],
              [
                14.743664476,
                61.161280018
              ],
              [
                14.743688291,
                61.161375077
              ],
              [
                14.743687521,
                61.161470091
              ],
              [
                14.743760598,
                61.161553366
              ],
              [
                14.743932401,
                61.161589322
              ],
              [
                14.744104106,
                61.161637153
              ],
              [
                14.744275908,
                61.161673109
              ],
              [
                14.744422934,
                61.161732771
              ],
              [
                14.744619515,
                61.161745018
              ],
              [
                14.744816191,
                61.161745389
              ],
              [
                14.74501325,
                61.161698253
              ],
              [
                14.745136843,
                61.161615348
              ],
              [
                14.745284827,
                61.161556242
              ],
              [
                14.745408323,
                61.161485214
              ],
              [
                14.745580988,
                61.161414278
              ],
              [
                14.745777852,
                61.161390893
              ],
              [
                14.745974718,
                61.16136751
              ],
              [
                14.746147188,
                61.161320326
              ],
              [
                14.746295265,
                61.161249342
              ],
              [
                14.746418853,
                61.161166436
              ],
              [
                14.746542344,
                61.161095407
              ],
              [
                14.746616764,
                61.161012408
              ],
              [
                14.746789136,
                61.1609771
              ],
              [
                14.747010677,
                61.160941884
              ],
              [
                14.747305683,
                61.160942435
              ],
              [
                14.747304923,
                61.161037448
              ],
              [
                14.747304163,
                61.161132461
              ],
              [
                14.747303403,
                61.161227474
              ],
              [
                14.747327227,
                61.161322533
              ],
              [
                14.747375542,
                61.161429515
              ],
              [
                14.747497894,
                61.161501004
              ],
              [
                14.747718583,
                61.161572676
              ],
              [
                14.747840936,
                61.161644165
              ],
              [
                14.747963195,
                61.161727531
              ],
              [
                14.748110133,
                61.161799065
              ],
              [
                14.748257169,
                61.161858722
              ],
              [
                14.748478429,
                61.161859134
              ],
              [
                14.748675106,
                61.161859499
              ],
              [
                14.748896462,
                61.161848033
              ],
              [
                14.749093327,
                61.161824644
              ],
              [
                14.749265891,
                61.161765579
              ],
              [
                14.749438641,
                61.161682762
              ],
              [
                14.749513147,
                61.161587885
              ],
              [
                14.7495139,
                61.161492872
              ],
              [
                14.749490069,
                61.161397813
              ],
              [
                14.749466239,
                61.161302755
              ],
              [
                14.749393145,
                61.161219481
              ],
              [
                14.749344731,
                61.161124377
              ],
              [
                14.749296318,
                61.161029273
              ],
              [
                14.749272488,
                61.160934215
              ],
              [
                14.749248656,
                61.160839155
              ],
              [
                14.749249599,
                61.160720389
              ],
              [
                14.749250353,
                61.160625376
              ],
              [
                14.749275692,
                61.160530408
              ],
              [
                14.749301029,
                61.160435441
              ],
              [
                14.749350949,
                61.160340518
              ],
              [
                14.74949892,
                61.160281408
              ],
              [
                14.749695587,
                61.160281772
              ],
              [
                14.749867294,
                61.160329597
              ],
              [
                14.750063211,
                61.160424974
              ],
              [
                14.750210054,
                61.160508382
              ],
              [
                14.750307732,
                61.1605917
              ],
              [
                14.750380449,
                61.160722479
              ],
              [
                14.750527483,
                61.160782134
              ],
              [
                14.750748737,
                61.160782541
              ],
              [
                14.750945408,
                61.160782903
              ],
              [
                14.75114189,
                61.160807019
              ],
              [
                14.751313697,
                61.160842964
              ],
              [
                14.751509993,
                61.160890832
              ],
              [
                14.751680585,
                61.161081174
              ],
              [
                14.751778269,
                61.161164491
              ],
              [
                14.751851369,
                61.161247763
              ],
              [
                14.751850623,
                61.161342776
              ],
              [
                14.751849876,
                61.161437789
              ],
              [
                14.75179996,
                61.161532712
              ],
              [
                14.751750046,
                61.161627635
              ],
              [
                14.751700131,
                61.161722559
              ],
              [
                14.751601046,
                61.161817391
              ],
              [
                14.751575715,
                61.16191236
              ],
              [
                14.751476442,
                61.162030946
              ],
              [
                14.751401939,
                61.162125823
              ],
              [
                14.751278361,
                61.162208734
              ],
              [
                14.751154875,
                61.162279768
              ],
              [
                14.750958103,
                61.162291283
              ],
              [
                14.750761329,
                61.162302798
              ],
              [
                14.750564463,
                61.162326188
              ],
              [
                14.750440882,
                61.162409099
              ],
              [
                14.750464716,
                61.162504157
              ],
              [
                14.750587079,
                61.162575643
              ],
              [
                14.750660179,
                61.162658916
              ],
              [
                14.750782542,
                61.162730402
              ],
              [
                14.750830964,
                61.162825506
              ],
              [
                14.75080563,
                61.162920474
              ],
              [
                14.75068214,
                61.162991507
              ],
              [
                14.750485362,
                61.163003021
              ],
              [
                14.750264186,
                61.162990737
              ],
              [
                14.750092464,
                61.162942913
              ],
              [
                14.749920649,
                61.162906965
              ],
              [
                14.74974902,
                61.162847264
              ],
              [
                14.749700603,
                61.16275216
              ],
              [
                14.749627505,
                61.162668887
              ],
              [
                14.749579088,
                61.162573783
              ],
              [
                14.749481406,
                61.162490464
              ],
              [
                14.74943299,
                61.162395361
              ],
              [
                14.749261179,
                61.162359412
              ],
              [
                14.749089366,
                61.162323463
              ],
              [
                14.748917649,
                61.162275638
              ],
              [
                14.748770612,
                61.162215981
              ],
              [
                14.748574027,
                61.162203739
              ],
              [
                14.748377349,
                61.162203373
              ],
              [
                14.748156085,
                61.162202962
              ],
              [
                14.747959405,
                61.162202596
              ],
              [
                14.747762538,
                61.162225983
              ],
              [
                14.74761446,
                61.162296968
              ],
              [
                14.747613416,
                61.162427611
              ],
              [
                14.747612657,
                61.162522625
              ],
              [
                14.747611614,
                61.162653268
              ],
              [
                14.747610855,
                61.16274828
              ],
              [
                14.747683756,
                61.162855308
              ],
              [
                14.747855476,
                61.162903135
              ],
              [
                14.748052158,
                61.162903501
              ],
              [
                14.748249031,
                61.162880113
              ],
              [
                14.748495263,
                61.162833064
              ],
              [
                14.748667076,
                61.162869013
              ],
              [
                14.748739793,
                61.162999793
              ],
              [
                14.748739037,
                61.163094807
              ],
              [
                14.748738281,
                61.16318982
              ],
              [
                14.748737526,
                61.163284833
              ],
              [
                14.748687599,
                61.163379755
              ],
              [
                14.748637673,
                61.163474677
              ],
              [
                14.748563253,
                61.163557677
              ],
              [
                14.748488834,
                61.163640676
              ],
              [
                14.74846349,
                61.163735643
              ],
              [
                14.748487322,
                61.163830702
              ],
              [
                14.748486565,
                61.163925715
              ],
              [
                14.748510395,
                61.164020774
              ],
              [
                14.748583491,
                61.164104047
              ],
              [
                14.748705856,
                61.164175536
              ],
              [
                14.748852808,
                61.164247069
              ],
              [
                14.749024159,
                61.164342401
              ],
              [
                14.749072577,
                61.164437506
              ],
              [
                14.749170264,
                61.164520824
              ],
              [
                14.749218682,
                61.164615929
              ],
              [
                14.74931637,
                61.164699247
              ],
              [
                14.749364789,
                61.164794352
              ],
              [
                14.749462477,
                61.16487767
              ],
              [
                14.749584659,
                61.16497291
              ],
              [
                14.749731428,
                61.165068196
              ],
              [
                14.749853799,
                61.165139683
              ],
              [
                14.749976171,
                61.16521117
              ],
              [
                14.750098356,
                61.16530641
              ],
              [
                14.750196048,
                61.165389728
              ],
              [
                14.750318421,
                61.165461214
              ],
              [
                14.750465195,
                61.1655565
              ],
              [
                14.75058757,
                61.165627986
              ],
              [
                14.75075912,
                61.165699563
              ],
              [
                14.750930672,
                61.165771139
              ],
              [
                14.751052862,
                61.165866379
              ],
              [
                14.751150558,
                61.165949696
              ],
              [
                14.751297617,
                61.16600935
              ],
              [
                14.751444676,
                61.166069004
              ],
              [
                14.75159155,
                61.166152412
              ],
              [
                14.751713929,
                61.166223897
              ],
              [
                14.751860897,
                61.166295427
              ],
              [
                14.751909328,
                61.16639053
              ],
              [
                14.752081165,
                61.166426475
              ],
              [
                14.752277869,
                61.166426835
              ],
              [
                14.752425865,
                61.166367722
              ],
              [
                14.752426609,
                61.166272709
              ],
              [
                14.752402764,
                61.166177651
              ],
              [
                14.752329653,
                61.16609438
              ],
              [
                14.752207366,
                61.166011018
              ],
              [
                14.752036184,
                61.165891936
              ],
              [
                14.751913805,
                61.165820451
              ],
              [
                14.751717196,
                61.165808214
              ],
              [
                14.751545457,
                61.165760392
              ],
              [
                14.751472347,
                61.16567712
              ],
              [
                14.751424014,
                61.16557014
              ],
              [
                14.751375585,
                61.165475037
              ],
              [
                14.751302479,
                61.165391765
              ],
              [
                14.751229558,
                61.16528474
              ],
              [
                14.751181132,
                61.165189636
              ],
              [
                14.751132705,
                61.165094532
              ],
              [
                14.751108867,
                61.164999474
              ],
              [
                14.751085029,
                61.164904416
              ],
              [
                14.751012203,
                61.164785514
              ],
              [
                14.750914606,
                61.16469032
              ],
              [
                14.75076774,
                61.164606912
              ],
              [
                14.750620688,
                61.164547258
              ],
              [
                14.750448864,
                61.16451131
              ],
              [
                14.750326493,
                61.164439824
              ],
              [
                14.750228804,
                61.164356505
              ],
              [
                14.750155703,
                61.164273233
              ],
              [
                14.75010728,
                61.16417813
              ],
              [
                14.75005886,
                61.164083025
              ],
              [
                14.750035119,
                61.16397609
              ],
              [
                14.749962018,
                61.163892818
              ],
              [
                14.749888919,
                61.163809545
              ],
              [
                14.749840497,
                61.163714441
              ],
              [
                14.74984125,
                61.163619427
              ],
              [
                14.749915666,
                61.163536427
              ],
              [
                14.750112259,
                61.163548667
              ],
              [
                14.750308853,
                61.163560907
              ],
              [
                14.750505352,
                61.163585023
              ],
              [
                14.750677079,
                61.163632846
              ],
              [
                14.750824127,
                61.163692501
              ],
              [
                14.751020252,
                61.163764123
              ],
              [
                14.751142621,
                61.163835609
              ],
              [
                14.751289672,
                61.163895263
              ],
              [
                14.751436722,
                61.163954917
              ],
              [
                14.751731009,
                61.164050471
              ],
              [
                14.751853381,
                61.164121957
              ],
              [
                14.75200034,
                61.164193487
              ],
              [
                14.752245366,
                61.164300826
              ],
              [
                14.752367646,
                61.164384188
              ],
              [
                14.752514607,
                61.164455718
              ],
              [
                14.752906228,
                61.164682093
              ],
              [
                14.753102366,
                61.164753711
              ],
              [
                14.753396574,
                61.164861139
              ],
              [
                14.753543632,
                61.164920791
              ],
              [
                14.753665733,
                61.165027904
              ],
              [
                14.753788021,
                61.165111264
              ],
              [
                14.754082143,
                61.165230567
              ],
              [
                14.754155257,
                61.165313837
              ],
              [
                14.754424239,
                61.165504354
              ],
              [
                14.75457121,
                61.165575881
              ],
              [
                14.754742678,
                61.165659329
              ],
              [
                14.754914422,
                61.165707148
              ],
              [
                14.755061487,
                61.165766798
              ],
              [
                14.755233233,
                61.165814616
              ],
              [
                14.755232313,
                61.165933382
              ],
              [
                14.755256073,
                61.166040317
              ],
              [
                14.755255337,
                61.16613533
              ],
              [
                14.755303776,
                61.166230432
              ],
              [
                14.755426164,
                61.166301914
              ],
              [
                14.755548461,
                61.166385272
              ],
              [
                14.755547267,
                61.166539669
              ],
              [
                14.755521943,
                61.166634637
              ],
              [
                14.75549662,
                61.166729606
              ],
              [
                14.755324224,
                61.166764925
              ],
              [
                14.75520073,
                61.166835963
              ],
              [
                14.755076959,
                61.16694263
              ],
              [
                14.755076222,
                61.167037644
              ],
              [
                14.755173933,
                61.167120958
              ],
              [
                14.755345687,
                61.167168775
              ],
              [
                14.755468079,
                61.167240257
              ],
              [
                14.755787273,
                61.167300217
              ],
              [
                14.755983801,
                61.167324326
              ],
              [
                14.756180419,
                61.167336557
              ],
              [
                14.756425667,
                61.167420135
              ],
              [
                14.75664651,
                61.167479916
              ],
              [
                14.756620732,
                61.167634269
              ],
              [
                14.756595318,
                61.167741114
              ],
              [
                14.756520911,
                61.167824118
              ],
              [
                14.756397415,
                61.167895157
              ],
              [
                14.756382611,
                61.167950677
              ]
            ],
            [
              [
                14.769308752,
                61.157549314
              ],
              [
                14.769358954,
                61.157406878
              ],
              [
                14.769580272,
                61.157395378
              ],
              [
                14.770145378,
                61.157431969
              ],
              [
                14.770439577,
                61.15753936
              ],
              [
                14.770733948,
                61.157622996
              ],
              [
                14.770733173,
                61.157729886
              ],
              [
                14.770584909,
                61.157836527
              ],
              [
                14.77019126,
                61.157883366
              ],
              [
                14.769577068,
                61.157834815
              ],
              [
                14.769356874,
                61.157691918
              ],
              [
                14.769308752,
                61.157549314
              ]
            ],
            [
              [
                14.773897834,
                61.157955496
              ],
              [
                14.774070159,
                61.157920153
              ],
              [
                14.774291309,
                61.157932398
              ],
              [
                14.77446304,
                61.157980192
              ],
              [
                14.77458544,
                61.158051657
              ],
              [
                14.774683174,
                61.158134957
              ],
              [
                14.774657916,
                61.15822993
              ],
              [
                14.774632656,
                61.158324903
              ],
              [
                14.774558317,
                61.158407916
              ],
              [
                14.774508476,
                61.158502847
              ],
              [
                14.774409554,
                61.158585821
              ],
              [
                14.77435971,
                61.158680752
              ],
              [
                14.774089307,
                61.158680301
              ],
              [
                14.77389282,
                61.158656219
              ],
              [
                14.7738935,
                61.158561206
              ],
              [
                14.77389418,
                61.158466193
              ],
              [
                14.773944023,
                61.158371261
              ],
              [
                14.773944957,
                61.158240618
              ],
              [
                14.773970218,
                61.158145646
              ],
              [
                14.773921735,
                61.15805055
              ],
              [
                14.773897834,
                61.157955496
              ]
            ],
            [
              [
                14.760521004,
                61.159149302
              ],
              [
                14.760572508,
                61.158840595
              ],
              [
                14.76072144,
                61.15865083
              ],
              [
                14.760992831,
                61.158520664
              ],
              [
                14.761189129,
                61.158568518
              ],
              [
                14.761335724,
                61.158687545
              ],
              [
                14.761357436,
                61.159067641
              ],
              [
                14.761085413,
                61.159280945
              ],
              [
                14.760814915,
                61.159292344
              ],
              [
                14.760521004,
                61.159149302
              ]
            ],
            [
              [
                14.784879507,
                61.158899783
              ],
              [
                14.78495382,
                61.158816762
              ],
              [
                14.785101717,
                61.158757613
              ],
              [
                14.785323039,
                61.158746088
              ],
              [
                14.785519615,
                61.158758276
              ],
              [
                14.785716274,
                61.158758587
              ],
              [
                14.785740211,
                61.15885364
              ],
              [
                14.785714985,
                61.158948614
              ],
              [
                14.785689757,
                61.159043589
              ],
              [
                14.785639948,
                61.159138525
              ],
              [
                14.785443128,
                61.159161967
              ],
              [
                14.785246466,
                61.159161655
              ],
              [
                14.785099375,
                61.159102037
              ],
              [
                14.784976947,
                61.159030582
              ],
              [
                14.784879507,
                61.158899783
              ]
            ],
            [
              [
                14.767332981,
                61.158804876
              ],
              [
                14.767603648,
                61.15876971
              ],
              [
                14.768070362,
                61.158818018
              ],
              [
                14.768512234,
                61.158901912
              ],
              [
                14.768707849,
                61.159044768
              ],
              [
                14.768681876,
                61.159234753
              ],
              [
                14.768411032,
                61.159293674
              ],
              [
                14.767944311,
                61.159245367
              ],
              [
                14.767281456,
                61.159125461
              ],
              [
                14.767135449,
                61.158923305
              ],
              [
                14.767332981,
                61.158804876
              ]
            ],
            [
              [
                14.772715214,
                61.158992171
              ],
              [
                14.772689947,
                61.159087143
              ],
              [
                14.772664681,
                61.159182115
              ],
              [
                14.772614833,
                61.159277046
              ],
              [
                14.772564983,
                61.159371977
              ],
              [
                14.772490637,
                61.159454989
              ],
              [
                14.77236721,
                61.159526043
              ],
              [
                14.772194789,
                61.15957326
              ],
              [
                14.772022365,
                61.159620477
              ],
              [
                14.771825789,
                61.159608269
              ],
              [
                14.771629125,
                61.159607938
              ],
              [
                14.77140805,
                61.15958381
              ],
              [
                14.771334904,
                61.15950055
              ],
              [
                14.771262445,
                61.159322275
              ],
              [
                14.771213796,
                61.159250932
              ],
              [
                14.77114065,
                61.15916767
              ],
              [
                14.771116756,
                61.159072616
              ],
              [
                14.771166608,
                61.158977685
              ],
              [
                14.771363354,
                61.158966141
              ],
              [
                14.771609092,
                61.158978432
              ],
              [
                14.77180575,
                61.158978764
              ],
              [
                14.771978085,
                61.158943424
              ],
              [
                14.772150589,
                61.158884331
              ],
              [
                14.772372258,
                61.158825319
              ],
              [
                14.772544589,
                61.158789978
              ],
              [
                14.772741163,
                61.158802185
              ],
              [
                14.77274048,
                61.158897199
              ],
              [
                14.772715214,
                61.158992171
              ]
            ],
            [
              [
                14.779639916,
                61.160084409
              ],
              [
                14.779418998,
                61.160036541
              ],
              [
                14.779173331,
                61.160012388
              ],
              [
                14.778927832,
                61.15996448
              ],
              [
                14.778928496,
                61.159869467
              ],
              [
                14.778929161,
                61.159774453
              ],
              [
                14.778929826,
                61.15967944
              ],
              [
                14.779028822,
                61.159584587
              ],
              [
                14.779103153,
                61.159501571
              ],
              [
                14.779226648,
                61.159418634
              ],
              [
                14.779350225,
                61.159323821
              ],
              [
                14.779473636,
                61.159252762
              ],
              [
                14.779621628,
                61.159181741
              ],
              [
                14.779794036,
                61.159134515
              ],
              [
                14.779966446,
                61.159087288
              ],
              [
                14.780138853,
                61.159040061
              ],
              [
                14.780311177,
                61.15900471
              ],
              [
                14.78050792,
                61.158993152
              ],
              [
                14.780704578,
                61.158993471
              ],
              [
                14.780901074,
                61.159017543
              ],
              [
                14.781097568,
                61.159041614
              ],
              [
                14.781363163,
                61.159048548
              ],
              [
                14.781539806,
                61.159077959
              ],
              [
                14.781736547,
                61.1590664
              ],
              [
                14.78193329,
                61.159054839
              ],
              [
                14.782228279,
                61.159055314
              ],
              [
                14.782325709,
                61.159186116
              ],
              [
                14.78225147,
                61.159257258
              ],
              [
                14.782177068,
                61.159352152
              ],
              [
                14.782053663,
                61.159423214
              ],
              [
                14.781905757,
                61.15948236
              ],
              [
                14.78173343,
                61.159517713
              ],
              [
                14.781561105,
                61.159553065
              ],
              [
                14.781364361,
                61.159564625
              ],
              [
                14.781191868,
                61.159623731
              ],
              [
                14.781043877,
                61.159694752
              ],
              [
                14.780920386,
                61.15977769
              ],
              [
                14.780747564,
                61.159884301
              ],
              [
                14.780624071,
                61.159967239
              ],
              [
                14.780451658,
                61.160014467
              ],
              [
                14.780279328,
                61.160049818
              ],
              [
                14.780057913,
                61.160073212
              ],
              [
                14.779836666,
                61.160072852
              ],
              [
                14.779639916,
                61.160084409
              ]
            ],
            [
              [
                14.774599671,
                61.160171126
              ],
              [
                14.774796338,
                61.160171453
              ],
              [
                14.774993006,
                61.16017178
              ],
              [
                14.774992329,
                61.160266793
              ],
              [
                14.774991653,
                61.160361807
              ],
              [
                14.774966391,
                61.160456779
              ],
              [
                14.774916548,
                61.160551711
              ],
              [
                14.774793037,
                61.160634643
              ],
              [
                14.774620698,
                61.160669987
              ],
              [
                14.774399105,
                61.160717125
              ],
              [
                14.774202264,
                61.160740551
              ],
              [
                14.773907175,
                61.160751935
              ],
              [
                14.773710504,
                61.160751606
              ],
              [
                14.773489251,
                61.160751236
              ],
              [
                14.77319433,
                61.160738866
              ],
              [
                14.772997746,
                61.16072666
              ],
              [
                14.772801246,
                61.160702576
              ],
              [
                14.77260509,
                61.160630986
              ],
              [
                14.77243326,
                61.160595067
              ],
              [
                14.772310855,
                61.1605236
              ],
              [
                14.772163954,
                61.160440215
              ],
              [
                14.772140055,
                61.160345161
              ],
              [
                14.772214492,
                61.160250271
              ],
              [
                14.772386831,
                61.16021493
              ],
              [
                14.772583499,
                61.160215261
              ],
              [
                14.772780165,
                61.160215591
              ],
              [
                14.772976747,
                61.160227798
              ],
              [
                14.773173157,
                61.160263758
              ],
              [
                14.773344986,
                61.160299676
              ],
              [
                14.773541653,
                61.160300005
              ],
              [
                14.773812155,
                61.160288581
              ],
              [
                14.774107327,
                61.160265319
              ],
              [
                14.774328831,
                61.160230059
              ],
              [
                14.774599671,
                61.160171126
              ]
            ],
            [
              [
                14.73058378,
                61.160808527
              ],
              [
                14.730756169,
                61.16077324
              ],
              [
                14.730977423,
                61.160773679
              ],
              [
                14.731173889,
                61.160797823
              ],
              [
                14.731296101,
                61.160881204
              ],
              [
                14.731442594,
                61.161000262
              ],
              [
                14.731466372,
                61.161095324
              ],
              [
                14.731490148,
                61.161190387
              ],
              [
                14.731513925,
                61.161285448
              ],
              [
                14.731513117,
                61.161380461
              ],
              [
                14.731635332,
                61.161463841
              ],
              [
                14.731807119,
                61.161499812
              ],
              [
                14.731978807,
                61.161547659
              ],
              [
                14.732076438,
                61.161630991
              ],
              [
                14.732149487,
                61.161714273
              ],
              [
                14.732148682,
                61.161809286
              ],
              [
                14.732049538,
                61.161904104
              ],
              [
                14.731999563,
                61.16199902
              ],
              [
                14.731925103,
                61.16208201
              ],
              [
                14.731777091,
                61.162141101
              ],
              [
                14.73158021,
                61.162164464
              ],
              [
                14.731383432,
                61.162175952
              ],
              [
                14.731210834,
                61.162234993
              ],
              [
                14.731014255,
                61.162222725
              ],
              [
                14.730768609,
                61.162198484
              ],
              [
                14.730572236,
                61.162162462
              ],
              [
                14.730375759,
                61.162138318
              ],
              [
                14.730203971,
                61.162102345
              ],
              [
                14.730032181,
                61.162066372
              ],
              [
                14.729860393,
                61.162030399
              ],
              [
                14.729688911,
                61.161958796
              ],
              [
                14.729517224,
                61.161910945
              ],
              [
                14.729444183,
                61.161827662
              ],
              [
                14.729469581,
                61.161732698
              ],
              [
                14.729544248,
                61.161625956
              ],
              [
                14.729618713,
                61.161542966
              ],
              [
                14.729717762,
                61.161460027
              ],
              [
                14.729792224,
                61.161377038
              ],
              [
                14.729866688,
                61.161294048
              ],
              [
                14.729990421,
                61.161199281
              ],
              [
                14.730138736,
                61.161104561
              ],
              [
                14.730213199,
                61.161021572
              ],
              [
                14.730312242,
                61.160938631
              ],
              [
                14.730435769,
                61.160867616
              ],
              [
                14.73058378,
                61.160808527
              ]
            ],
            [
              [
                14.725560757,
                61.161712954
              ],
              [
                14.725733365,
                61.16165392
              ],
              [
                14.725930039,
                61.161654318
              ],
              [
                14.726126612,
                61.161666593
              ],
              [
                14.726323183,
                61.161678868
              ],
              [
                14.726445282,
                61.161774128
              ],
              [
                14.726493628,
                61.161869241
              ],
              [
                14.726492806,
                61.161964254
              ],
              [
                14.726467399,
                61.162059217
              ],
              [
                14.726441992,
                61.16215418
              ],
              [
                14.726441169,
                61.162249194
              ],
              [
                14.726366696,
                61.162332181
              ],
              [
                14.72621867,
                61.162391266
              ],
              [
                14.726021992,
                61.162390868
              ],
              [
                14.725825311,
                61.16239047
              ],
              [
                14.725628839,
                61.162366318
              ],
              [
                14.725432159,
                61.16236592
              ],
              [
                14.725235583,
                61.162353644
              ],
              [
                14.724990251,
                61.162293762
              ],
              [
                14.724917219,
                61.162210475
              ],
              [
                14.724918046,
                61.162115463
              ],
              [
                14.725017109,
                61.162032525
              ],
              [
                14.725116172,
                61.161949589
              ],
              [
                14.725264195,
                61.161890505
              ],
              [
                14.725387841,
                61.161807619
              ],
              [
                14.725560757,
                61.161712954
              ]
            ],
            [
              [
                14.761355023,
                61.162642558
              ],
              [
                14.761431288,
                61.162310142
              ],
              [
                14.761506657,
                61.162096492
              ],
              [
                14.76180257,
                61.161978245
              ],
              [
                14.762097317,
                61.162014394
              ],
              [
                14.762293281,
                61.162109753
              ],
              [
                14.762242502,
                61.162323446
              ],
              [
                14.762240267,
                61.162620363
              ],
              [
                14.762212912,
                61.162988496
              ],
              [
                14.762209694,
                61.163416055
              ],
              [
                14.762182606,
                61.163748558
              ],
              [
                14.762229364,
                61.164069314
              ],
              [
                14.761934597,
                61.164033166
              ],
              [
                14.761690346,
                61.163818953
              ],
              [
                14.761521202,
                61.163426721
              ],
              [
                14.761400964,
                61.163070205
              ],
              [
                14.761355023,
                61.162642558
              ]
            ],
            [
              [
                14.787801174,
                61.166766835
              ],
              [
                14.787628736,
                61.166814072
              ],
              [
                14.787578921,
                61.166909009
              ],
              [
                14.787553693,
                61.167003983
              ],
              [
                14.787430271,
                61.167075051
              ],
              [
                14.78723332,
                61.167110372
              ],
              [
                14.787036609,
                61.167110062
              ],
              [
                14.7868399,
                61.167109753
              ],
              [
                14.78664327,
                61.167097567
              ],
              [
                14.786446641,
                61.16708538
              ],
              [
                14.786250091,
                61.167061316
              ],
              [
                14.78612763,
                61.166989862
              ],
              [
                14.785931244,
                61.166942044
              ],
              [
                14.785808784,
                61.16687059
              ],
              [
                14.785636905,
                61.166834688
              ],
              [
                14.785514448,
                61.166763232
              ],
              [
                14.78539207,
                61.166679901
              ],
              [
                14.785368207,
                61.166572972
              ],
              [
                14.78556572,
                61.166454517
              ],
              [
                14.785762103,
                61.166502335
              ],
              [
                14.785958407,
                61.16656203
              ],
              [
                14.786179863,
                61.166538626
              ],
              [
                14.786327795,
                61.166479476
              ],
              [
                14.786180667,
                61.16641986
              ],
              [
                14.786033541,
                61.166360243
              ],
              [
                14.78581273,
                61.166288633
              ],
              [
                14.785616347,
                61.166240815
              ],
              [
                14.785469303,
                61.166169322
              ],
              [
                14.785346847,
                61.166097867
              ],
              [
                14.785249382,
                61.165967068
              ],
              [
                14.785250028,
                61.165872054
              ],
              [
                14.785226087,
                61.165777001
              ],
              [
                14.785226733,
                61.165681988
              ],
              [
                14.785227379,
                61.165586975
              ],
              [
                14.785228025,
                61.165491962
              ],
              [
                14.785154829,
                61.165408707
              ],
              [
                14.785155475,
                61.165313695
              ],
              [
                14.785131532,
                61.165218642
              ],
              [
                14.785083085,
                61.165111674
              ],
              [
                14.785083732,
                61.165016661
              ],
              [
                14.784961685,
                61.164885822
              ],
              [
                14.784913159,
                61.16479073
              ],
              [
                14.784913806,
                61.164695717
              ],
              [
                14.784939039,
                61.164600743
              ],
              [
                14.784988858,
                61.164505808
              ],
              [
                14.784989505,
                61.164410794
              ],
              [
                14.784990152,
                61.164315781
              ],
              [
                14.784990798,
                61.164220767
              ],
              [
                14.784991607,
                61.164102001
              ],
              [
                14.784992253,
                61.164006988
              ],
              [
                14.785042073,
                61.163912052
              ],
              [
                14.785067306,
                61.163817078
              ],
              [
                14.785117285,
                61.163698389
              ],
              [
                14.785191771,
                61.163591616
              ],
              [
                14.785266093,
                61.163508597
              ],
              [
                14.785340577,
                61.163401823
              ],
              [
                14.7854149,
                61.163318803
              ],
              [
                14.785464716,
                61.163223868
              ],
              [
                14.785588209,
                61.163140926
              ],
              [
                14.785785296,
                61.163081854
              ],
              [
                14.786006567,
                61.163082204
              ],
              [
                14.786203092,
                61.163106268
              ],
              [
                14.786349963,
                61.163201515
              ],
              [
                14.78639825,
                61.163332236
              ],
              [
                14.786446781,
                61.163427326
              ],
              [
                14.78649531,
                61.163522417
              ],
              [
                14.78666717,
                61.163558318
              ],
              [
                14.786937537,
                61.163570621
              ],
              [
                14.787134304,
                61.163559053
              ],
              [
                14.787257714,
                61.163487987
              ],
              [
                14.787332032,
                61.163404966
              ],
              [
                14.787357257,
                61.163309991
              ],
              [
                14.787407067,
                61.163215055
              ],
              [
                14.787456879,
                61.163120119
              ],
              [
                14.787482183,
                61.163013267
              ],
              [
                14.787482822,
                61.162918254
              ],
              [
                14.787483461,
                61.16282324
              ],
              [
                14.7874841,
                61.162728227
              ],
              [
                14.787509404,
                61.162621376
              ],
              [
                14.787534628,
                61.162526401
              ],
              [
                14.787584438,
                61.162431464
              ],
              [
                14.787707842,
                61.162360397
              ],
              [
                14.787880176,
                61.162325037
              ],
              [
                14.788052032,
                61.162360937
              ],
              [
                14.788199144,
                61.162420551
              ],
              [
                14.788296689,
                61.162539472
              ],
              [
                14.788320637,
                61.162634523
              ],
              [
                14.788344587,
                61.162729575
              ],
              [
                14.788343871,
                61.162836465
              ],
              [
                14.788343155,
                61.162943355
              ],
              [
                14.788367104,
                61.163038407
              ],
              [
                14.788415559,
                61.163145374
              ],
              [
                14.788562675,
                61.163204988
              ],
              [
                14.788611212,
                61.163300078
              ],
              [
                14.788585989,
                61.163395053
              ],
              [
                14.788536182,
                61.163489989
              ],
              [
                14.78851096,
                61.163584965
              ],
              [
                14.788510324,
                61.163679978
              ],
              [
                14.788509688,
                61.163774992
              ],
              [
                14.788632142,
                61.163846443
              ],
              [
                14.78882891,
                61.163834874
              ],
              [
                14.78902568,
                61.163823304
              ],
              [
                14.789222606,
                61.16378798
              ],
              [
                14.789468705,
                61.163752732
              ],
              [
                14.789641046,
                61.16371737
              ],
              [
                14.789837813,
                61.163705799
              ],
              [
                14.79000968,
                61.163741695
              ],
              [
                14.790181467,
                61.163789469
              ],
              [
                14.790353333,
                61.163825366
              ],
              [
                14.790439625,
                61.163931604
              ],
              [
                14.790671695,
                61.164015887
              ],
              [
                14.790769491,
                61.164099176
              ],
              [
                14.790991238,
                61.164028258
              ],
              [
                14.791188008,
                61.164016685
              ],
              [
                14.791262317,
                61.163933661
              ],
              [
                14.791410227,
                61.163874505
              ],
              [
                14.791558214,
                61.163803472
              ],
              [
                14.79163252,
                61.163720449
              ],
              [
                14.791731413,
                61.163637464
              ],
              [
                14.791903829,
                61.163590222
              ],
              [
                14.791978133,
                61.163507198
              ],
              [
                14.792272539,
                61.163602665
              ],
              [
                14.792271915,
                61.163697678
              ],
              [
                14.79227129,
                61.163792692
              ],
              [
                14.792319527,
                61.163935287
              ],
              [
                14.792367996,
                61.164042253
              ],
              [
                14.792367372,
                61.164137266
              ],
              [
                14.792366747,
                61.164232279
              ],
              [
                14.792390709,
                61.164327331
              ],
              [
                14.792414673,
                61.164422381
              ],
              [
                14.792463221,
                61.164517471
              ],
              [
                14.792437699,
                61.164659953
              ],
              [
                14.792387899,
                61.164754891
              ],
              [
                14.792362688,
                61.164849866
              ],
              [
                14.792312813,
                61.164956681
              ],
              [
                14.792189408,
                61.165027753
              ],
              [
                14.792090356,
                61.165134492
              ],
              [
                14.792015657,
                61.165276899
              ],
              [
                14.792014719,
                61.165419418
              ],
              [
                14.791989505,
                61.165514394
              ],
              [
                14.791964292,
                61.16560937
              ],
              [
                14.791865393,
                61.165692356
              ],
              [
                14.791913944,
                61.165787444
              ],
              [
                14.792036413,
                61.165858894
              ],
              [
                14.792134216,
                61.165942181
              ],
              [
                14.79215818,
                61.166037233
              ],
              [
                14.792157555,
                61.166132246
              ],
              [
                14.792034068,
                61.166215193
              ],
              [
                14.791910658,
                61.166286265
              ],
              [
                14.791738149,
                61.166345384
              ],
              [
                14.791491875,
                61.166404389
              ],
              [
                14.791319445,
                61.16645163
              ],
              [
                14.791196033,
                61.1665227
              ],
              [
                14.79107262,
                61.166593771
              ],
              [
                14.790900266,
                61.166629135
              ],
              [
                14.790703558,
                61.166628831
              ],
              [
                14.79050701,
                61.166604774
              ],
              [
                14.790285793,
                61.166592555
              ],
              [
                14.79011336,
                61.166639794
              ],
              [
                14.789940845,
                61.166698911
              ],
              [
                14.789768411,
                61.166746151
              ],
              [
                14.789644994,
                61.16681722
              ],
              [
                14.789472638,
                61.166852582
              ],
              [
                14.78927577,
                61.166876029
              ],
              [
                14.789079062,
                61.166875723
              ],
              [
                14.788857924,
                61.166851625
              ],
              [
                14.788661453,
                61.166815688
              ],
              [
                14.788464905,
                61.166791628
              ],
              [
                14.788268435,
                61.16675569
              ],
              [
                14.787998042,
                61.16674339
              ],
              [
                14.787801174,
                61.166766835
              ]
            ],
            [
              [
                14.728308903,
                61.162336092
              ],
              [
                14.728505684,
                61.16232461
              ],
              [
                14.72872705,
                61.162313177
              ],
              [
                14.728923934,
                61.162289817
              ],
              [
                14.729021763,
                61.162349397
              ],
              [
                14.729267205,
                61.162397396
              ],
              [
                14.729364834,
                61.162480729
              ],
              [
                14.729487149,
                61.162552235
              ],
              [
                14.729560193,
                61.162635518
              ],
              [
                14.729657821,
                61.162718851
              ],
              [
                14.729632322,
                61.162825691
              ],
              [
                14.729459818,
                61.162872854
              ],
              [
                14.72918938,
                61.162872314
              ],
              [
                14.728894355,
                61.162871723
              ],
              [
                14.728697673,
                61.162871329
              ],
              [
                14.72850099,
                61.162870935
              ],
              [
                14.728279723,
                61.162870491
              ],
              [
                14.728033869,
                61.162869997
              ],
              [
                14.727837186,
                61.162869602
              ],
              [
                14.727690186,
                61.162809922
              ],
              [
                14.727518397,
                61.162773946
              ],
              [
                14.727371499,
                61.162702389
              ],
              [
                14.727273877,
                61.162619055
              ],
              [
                14.727299384,
                61.162512215
              ],
              [
                14.727300204,
                61.162417203
              ],
              [
                14.727325609,
                61.162322239
              ],
              [
                14.727522289,
                61.162322635
              ],
              [
                14.727718967,
                61.16232303
              ],
              [
                14.727915647,
                61.162323426
              ],
              [
                14.728112223,
                61.162335697
              ],
              [
                14.728308903,
                61.162336092
              ]
            ],
            [
              [
                14.783798513,
                61.163095945
              ],
              [
                14.784119098,
                61.162953936
              ],
              [
                14.784487557,
                61.163002029
              ],
              [
                14.784659252,
                61.163061686
              ],
              [
                14.784609108,
                61.163204129
              ],
              [
                14.78426418,
                61.16331047
              ],
              [
                14.784018241,
                61.163321956
              ],
              [
                14.7837977,
                61.163214712
              ],
              [
                14.783798513,
                61.163095945
              ]
            ],
            [
              [
                14.778130421,
                61.164316591
              ],
              [
                14.778327364,
                61.164281283
              ],
              [
                14.778523972,
                61.164293482
              ],
              [
                14.778671077,
                61.164353106
              ],
              [
                14.778793511,
                61.164424567
              ],
              [
                14.778990203,
                61.164424889
              ],
              [
                14.779186316,
                61.164508346
              ],
              [
                14.779358173,
                61.164544257
              ],
              [
                14.779505279,
                61.164603881
              ],
              [
                14.77972507,
                61.16481802
              ],
              [
                14.779675234,
                61.164912954
              ],
              [
                14.779625396,
                61.165007887
              ],
              [
                14.7794287,
                61.165007567
              ],
              [
                14.779256838,
                61.164971657
              ],
              [
                14.779060392,
                61.164935705
              ],
              [
                14.77881527,
                61.164828414
              ],
              [
                14.778618657,
                61.164816216
              ],
              [
                14.778446799,
                61.164780304
              ],
              [
                14.778250269,
                61.164756229
              ],
              [
                14.778127835,
                61.164684768
              ],
              [
                14.778030157,
                61.164589593
              ],
              [
                14.778030824,
                61.16449458
              ],
              [
                14.778056078,
                61.164399607
              ],
              [
                14.778130421,
                61.164316591
              ]
            ],
            [
              [
                14.716009802,
                61.164663374
              ],
              [
                14.716231187,
                61.164651961
              ],
              [
                14.716550709,
                61.164664507
              ],
              [
                14.716845429,
                61.164700755
              ],
              [
                14.717140044,
                61.164748877
              ],
              [
                14.717237648,
                61.164832219
              ],
              [
                14.717285972,
                61.164927334
              ],
              [
                14.717260533,
                61.165022296
              ],
              [
                14.717235096,
                61.165117257
              ],
              [
                14.717185073,
                61.165212168
              ],
              [
                14.717061499,
                61.165283171
              ],
              [
                14.716937924,
                61.165354173
              ],
              [
                14.716789869,
                61.165413248
              ],
              [
                14.716690774,
                61.165496179
              ],
              [
                14.716566878,
                61.16560281
              ],
              [
                14.716169638,
                61.166029544
              ],
              [
                14.715874478,
                61.166040803
              ],
              [
                14.715727485,
                61.16598111
              ],
              [
                14.715555692,
                61.165945118
              ],
              [
                14.715482679,
                61.165861827
              ],
              [
                14.715532709,
                61.165766918
              ],
              [
                14.715607326,
                61.16567206
              ],
              [
                14.715608395,
                61.165553294
              ],
              [
                14.71560925,
                61.165458281
              ],
              [
                14.715610533,
                61.165315762
              ],
              [
                14.715611388,
                61.165220748
              ],
              [
                14.715612244,
                61.165125736
              ],
              [
                14.715637687,
                61.165030774
              ],
              [
                14.715712516,
                61.164912163
              ],
              [
                14.715762546,
                61.164817254
              ],
              [
                14.715861639,
                61.164734324
              ],
              [
                14.716009802,
                61.164663374
              ]
            ],
            [
              [
                14.734582508,
                61.165431283
              ],
              [
                14.734532535,
                61.1655262
              ],
              [
                14.734531737,
                61.165621213
              ],
              [
                14.734506351,
                61.165716178
              ],
              [
                14.734480966,
                61.165811143
              ],
              [
                14.734284164,
                61.165822634
              ],
              [
                14.734087864,
                61.165774741
              ],
              [
                14.734039587,
                61.165667754
              ],
              [
                14.734064974,
                61.16557279
              ],
              [
                14.73411515,
                61.16545412
              ],
              [
                14.734165123,
                61.165359203
              ],
              [
                14.734165923,
                61.165264191
              ],
              [
                14.734092862,
                61.165180909
              ],
              [
                14.733896564,
                61.165133017
              ],
              [
                14.73367538,
                61.165120704
              ],
              [
                14.733478884,
                61.165096565
              ],
              [
                14.733430511,
                61.165001454
              ],
              [
                14.733602921,
                61.164966164
              ],
              [
                14.733799516,
                61.164978427
              ],
              [
                14.733996113,
                61.16499069
              ],
              [
                14.734217196,
                61.165014878
              ],
              [
                14.734388905,
                61.165062722
              ],
              [
                14.734535829,
                61.165134272
              ],
              [
                14.734708337,
                61.165087102
              ],
              [
                14.734880846,
                61.165039933
              ],
              [
                14.735053253,
                61.165004639
              ],
              [
                14.735225859,
                61.164945593
              ],
              [
                14.735251244,
                61.164850628
              ],
              [
                14.7353257,
                61.164767637
              ],
              [
                14.735473718,
                61.164708542
              ],
              [
                14.735670314,
                61.164720802
              ],
              [
                14.735842023,
                61.164768645
              ],
              [
                14.735964362,
                61.164840144
              ],
              [
                14.736012743,
                61.164935253
              ],
              [
                14.736011949,
                61.165030266
              ],
              [
                14.735986567,
                61.165125231
              ],
              [
                14.736084221,
                61.165208559
              ],
              [
                14.736280721,
                61.165232696
              ],
              [
                14.736378376,
                61.165316023
              ],
              [
                14.736279333,
                61.165398969
              ],
              [
                14.736155801,
                61.165469989
              ],
              [
                14.736056757,
                61.165552933
              ],
              [
                14.7359822,
                61.165647803
              ],
              [
                14.735858666,
                61.165718823
              ],
              [
                14.735661967,
                61.165718439
              ],
              [
                14.735392101,
                61.165646651
              ],
              [
                14.735220684,
                61.165563178
              ],
              [
                14.735147619,
                61.165479897
              ],
              [
                14.734975805,
                61.165443931
              ],
              [
                14.734779307,
                61.165419792
              ],
              [
                14.734582508,
                61.165431283
              ]
            ],
            [
              [
                14.795304432,
                61.166196424
              ],
              [
                14.795180952,
                61.166279374
              ],
              [
                14.795082062,
                61.166362363
              ],
              [
                14.795007757,
                61.166445387
              ],
              [
                14.794933452,
                61.166528412
              ],
              [
                14.794859149,
                61.166611438
              ],
              [
                14.794784843,
                61.166694462
              ],
              [
                14.794710538,
                61.166777487
              ],
              [
                14.794587132,
                61.166848561
              ],
              [
                14.794463649,
                61.166931511
              ],
              [
                14.794340242,
                61.167002584
              ],
              [
                14.794216757,
                61.167085535
              ],
              [
                14.794142371,
                61.167180436
              ],
              [
                14.794068063,
                61.16726346
              ],
              [
                14.794018265,
                61.167358399
              ],
              [
                14.794017645,
                61.167453412
              ],
              [
                14.794017026,
                61.167548425
              ],
              [
                14.794016406,
                61.167643439
              ],
              [
                14.793966454,
                61.167762131
              ],
              [
                14.793818454,
                61.167833167
              ],
              [
                14.793646095,
                61.167868534
              ],
              [
                14.793449381,
                61.167868234
              ],
              [
                14.793277567,
                61.167820464
              ],
              [
                14.793179754,
                61.167737178
              ],
              [
                14.793057274,
                61.16766573
              ],
              [
                14.793057975,
                61.16755884
              ],
              [
                14.793083419,
                61.167428234
              ],
              [
                14.793231342,
                61.167369076
              ],
              [
                14.793281142,
                61.167274138
              ],
              [
                14.793306352,
                61.167179162
              ],
              [
                14.793331562,
                61.167084187
              ],
              [
                14.793332262,
                61.166977296
              ],
              [
                14.793332883,
                61.166882283
              ],
              [
                14.793333505,
                61.16678727
              ],
              [
                14.793334126,
                61.166692256
              ],
              [
                14.793334748,
                61.166597243
              ],
              [
                14.793359958,
                61.166502267
              ],
              [
                14.793409757,
                61.166407329
              ],
              [
                14.793484064,
                61.166324304
              ],
              [
                14.793509272,
                61.166229329
              ],
              [
                14.793559148,
                61.166122513
              ],
              [
                14.793584356,
                61.166027537
              ],
              [
                14.793585055,
                61.165920648
              ],
              [
                14.793585676,
                61.165825634
              ],
              [
                14.793561709,
                61.165730582
              ],
              [
                14.793537741,
                61.165635532
              ],
              [
                14.79348942,
                61.165504814
              ],
              [
                14.793440867,
                61.165409725
              ],
              [
                14.793367648,
                61.165326476
              ],
              [
                14.793343683,
                61.165231425
              ],
              [
                14.793270464,
                61.165148176
              ],
              [
                14.793221912,
                61.165053087
              ],
              [
                14.79314885,
                61.164946085
              ],
              [
                14.793223156,
                61.16486306
              ],
              [
                14.793395497,
                61.164827693
              ],
              [
                14.793592116,
                61.16483987
              ],
              [
                14.793788656,
                61.164863922
              ],
              [
                14.793911126,
                61.16493537
              ],
              [
                14.79408285,
                61.164995016
              ],
              [
                14.794180655,
                61.165078302
              ],
              [
                14.794327716,
                61.165149786
              ],
              [
                14.794524181,
                61.165185715
              ],
              [
                14.794597403,
                61.165268963
              ],
              [
                14.794670623,
                61.165352211
              ],
              [
                14.794768433,
                61.165435498
              ],
              [
                14.794965134,
                61.165435796
              ],
              [
                14.795162217,
                61.16537671
              ],
              [
                14.795285616,
                61.165305636
              ],
              [
                14.795458113,
                61.165246513
              ],
              [
                14.795556999,
                61.165163524
              ],
              [
                14.795729341,
                61.165128154
              ],
              [
                14.795926114,
                61.165116573
              ],
              [
                14.796122966,
                61.165093117
              ],
              [
                14.796319892,
                61.165057782
              ],
              [
                14.79651659,
                61.165058078
              ],
              [
                14.79671321,
                61.165070251
              ],
              [
                14.796885093,
                61.165106139
              ],
              [
                14.797007571,
                61.165177583
              ],
              [
                14.79700696,
                61.165272597
              ],
              [
                14.796957174,
                61.165367537
              ],
              [
                14.796882878,
                61.165450563
              ],
              [
                14.796710383,
                61.165509688
              ],
              [
                14.796562476,
                61.16556885
              ],
              [
                14.796488178,
                61.165651875
              ],
              [
                14.796561405,
                61.165735123
              ],
              [
                14.796609893,
                61.165842087
              ],
              [
                14.796609282,
                61.165937101
              ],
              [
                14.79655934,
                61.166055794
              ],
              [
                14.796435864,
                61.166138745
              ],
              [
                14.796361566,
                61.166221771
              ],
              [
                14.796287265,
                61.166304797
              ],
              [
                14.796262064,
                61.166399773
              ],
              [
                14.796236863,
                61.16649475
              ],
              [
                14.796162485,
                61.166589652
              ],
              [
                14.796088184,
                61.166672678
              ],
              [
                14.796038393,
                61.166767617
              ],
              [
                14.79591499,
                61.166838691
              ],
              [
                14.795718283,
                61.166838395
              ],
              [
                14.795546392,
                61.166802506
              ],
              [
                14.795547007,
                61.166707492
              ],
              [
                14.795572212,
                61.166612516
              ],
              [
                14.795597415,
                61.166517539
              ],
              [
                14.795598029,
                61.166422526
              ],
              [
                14.795623232,
                61.16632755
              ],
              [
                14.795623847,
                61.166232537
              ],
              [
                14.795624461,
                61.166137523
              ],
              [
                14.795427833,
                61.166125349
              ],
              [
                14.795304432,
                61.166196424
              ]
            ],
            [
              [
                14.809967787,
                61.16883069
              ],
              [
                14.810091237,
                61.168747725
              ],
              [
                14.810288028,
                61.168736124
              ],
              [
                14.810435212,
                61.168795714
              ],
              [
                14.810435782,
                61.1687007
              ],
              [
                14.810436352,
                61.168605687
              ],
              [
                14.810510621,
                61.168522653
              ],
              [
                14.810633998,
                61.168451565
              ],
              [
                14.810708336,
                61.168356655
              ],
              [
                14.810831711,
                61.168285567
              ],
              [
                14.811028572,
                61.168262088
              ],
              [
                14.811225148,
                61.168286116
              ],
              [
                14.811396991,
                61.168333862
              ],
              [
                14.811568835,
                61.168381609
              ],
              [
                14.81176513,
                61.168453142
              ],
              [
                14.811839464,
                61.168358232
              ],
              [
                14.812036324,
                61.168334751
              ],
              [
                14.812233041,
                61.168335024
              ],
              [
                14.812429619,
                61.168359051
              ],
              [
                14.812626338,
                61.168359323
              ],
              [
                14.812823195,
                61.168335841
              ],
              [
                14.812946566,
                61.168264751
              ],
              [
                14.812922539,
                61.168169704
              ],
              [
                14.812849262,
                61.168086465
              ],
              [
                14.812775988,
                61.168003226
              ],
              [
                14.812628803,
                61.167943639
              ],
              [
                14.812432087,
                61.167943366
              ],
              [
                14.8122353,
                61.16795497
              ],
              [
                14.812038444,
                61.167978451
              ],
              [
                14.811841728,
                61.167978178
              ],
              [
                14.811645226,
                61.167942274
              ],
              [
                14.811572023,
                61.167847158
              ],
              [
                14.811474162,
                61.167763884
              ],
              [
                14.811400891,
                61.167680645
              ],
              [
                14.811401459,
                61.167585631
              ],
              [
                14.811426615,
                61.167490652
              ],
              [
                14.811500879,
                61.167407618
              ],
              [
                14.81157514,
                61.167324584
              ],
              [
                14.811649404,
                61.16724155
              ],
              [
                14.811699147,
                61.167146605
              ],
              [
                14.811847033,
                61.167087426
              ],
              [
                14.812044027,
                61.167040192
              ],
              [
                14.812240736,
                61.167040465
              ],
              [
                14.812331801,
                61.167050373
              ],
              [
                14.812364596,
                61.166886239
              ],
              [
                14.812463445,
                61.166803238
              ],
              [
                14.812464009,
                61.166708225
              ],
              [
                14.812464573,
                61.166613211
              ],
              [
                14.812342054,
                61.166541781
              ],
              [
                14.812268855,
                61.166446666
              ],
              [
                14.812220242,
                61.166351584
              ],
              [
                14.812368123,
                61.166292405
              ],
              [
                14.812540453,
                61.166257013
              ],
              [
                14.812712287,
                61.166304758
              ],
              [
                14.812908712,
                61.166352537
              ],
              [
                14.812981983,
                61.166435776
              ],
              [
                14.813129091,
                61.16650724
              ],
              [
                14.813177707,
                61.16660232
              ],
              [
                14.813250909,
                61.166697436
              ],
              [
                14.813348773,
                61.166780708
              ],
              [
                14.813545341,
                61.166804732
              ],
              [
                14.813766637,
                61.166805037
              ],
              [
                14.813914519,
                61.166745857
              ],
              [
                14.814111226,
                61.166746127
              ],
              [
                14.814307865,
                61.166758274
              ],
              [
                14.814479705,
                61.166806016
              ],
              [
                14.814552984,
                61.166889254
              ],
              [
                14.814478729,
                61.166972289
              ],
              [
                14.814355367,
                61.167043381
              ],
              [
                14.814084611,
                61.167090517
              ],
              [
                14.814305771,
                61.167114574
              ],
              [
                14.814428227,
                61.167197879
              ],
              [
                14.814353971,
                61.167280915
              ],
              [
                14.814206088,
                61.167340096
              ],
              [
                14.814058205,
                61.167399277
              ],
              [
                14.813934841,
                61.167470368
              ],
              [
                14.813885102,
                61.167565314
              ],
              [
                14.813884472,
                61.167672205
              ],
              [
                14.814032428,
                61.167601147
              ],
              [
                14.814229071,
                61.167613294
              ],
              [
                14.814425645,
                61.167637317
              ],
              [
                14.814622288,
                61.167649463
              ],
              [
                14.814818863,
                61.167673486
              ],
              [
                14.814990778,
                61.167709351
              ],
              [
                14.815212082,
                61.167709653
              ],
              [
                14.815408795,
                61.167709921
              ],
              [
                14.81560551,
                61.167710189
              ],
              [
                14.815802223,
                61.167710457
              ],
              [
                14.815998869,
                61.167722601
              ],
              [
                14.816145989,
                61.167794062
              ],
              [
                14.816268452,
                61.167877366
              ],
              [
                14.816218721,
                61.167972312
              ],
              [
                14.816046386,
                61.168007708
              ],
              [
                14.815923162,
                61.168055048
              ],
              [
                14.815726378,
                61.168066657
              ],
              [
                14.815554044,
                61.168102053
              ],
              [
                14.815381707,
                61.168137448
              ],
              [
                14.815209373,
                61.168172844
              ],
              [
                14.815012516,
                61.168196328
              ],
              [
                14.81484018,
                61.168231724
              ],
              [
                14.814643462,
                61.168231455
              ],
              [
                14.814446746,
                61.168231185
              ],
              [
                14.814495367,
                61.168326265
              ],
              [
                14.81442111,
                61.168409302
              ],
              [
                14.814346851,
                61.168492337
              ],
              [
                14.814198754,
                61.168587148
              ],
              [
                14.814173605,
                61.168682128
              ],
              [
                14.814173046,
                61.168777142
              ],
              [
                14.814320237,
                61.168836728
              ],
              [
                14.814517097,
                61.168813243
              ],
              [
                14.814713888,
                61.168801636
              ],
              [
                14.814886227,
                61.168766241
              ],
              [
                14.815082948,
                61.16876651
              ],
              [
                14.815279668,
                61.168766778
              ],
              [
                14.815328294,
                61.168861859
              ],
              [
                14.815204718,
                61.168968582
              ],
              [
                14.815056829,
                61.169027764
              ],
              [
                14.814884348,
                61.169086912
              ],
              [
                14.814613785,
                61.169098419
              ],
              [
                14.814416993,
                61.169110026
              ],
              [
                14.81424465,
                61.16914542
              ],
              [
                14.814096479,
                61.169252107
              ],
              [
                14.813948447,
                61.169335042
              ],
              [
                14.813824865,
                61.169441763
              ],
              [
                14.813726012,
                61.169524765
              ],
              [
                14.813553457,
                61.169595788
              ],
              [
                14.813405562,
                61.169654968
              ],
              [
                14.813257667,
                61.169714148
              ],
              [
                14.813085249,
                61.169761417
              ],
              [
                14.812912621,
                61.169844316
              ],
              [
                14.812764724,
                61.169903496
              ],
              [
                14.812665867,
                61.169986496
              ],
              [
                14.812567009,
                61.170069497
              ],
              [
                14.81239459,
                61.170116765
              ],
              [
                14.812271211,
                61.170187855
              ],
              [
                14.812073845,
                61.170294472
              ],
              [
                14.811925944,
                61.170353651
              ],
              [
                14.811778043,
                61.170412829
              ],
              [
                14.811630141,
                61.170472007
              ],
              [
                14.811482238,
                61.170531185
              ],
              [
                14.811309813,
                61.170578453
              ],
              [
                14.811137461,
                61.170613842
              ],
              [
                14.810915994,
                61.170637287
              ],
              [
                14.810719192,
                61.170648889
              ],
              [
                14.810546836,
                61.170684279
              ],
              [
                14.810374482,
                61.170719667
              ],
              [
                14.810275616,
                61.170802667
              ],
              [
                14.81010319,
                61.170849931
              ],
              [
                14.809906241,
                61.170885286
              ],
              [
                14.809782853,
                61.170956373
              ],
              [
                14.809659465,
                61.17102746
              ],
              [
                14.809487036,
                61.171074725
              ],
              [
                14.809363647,
                61.171145812
              ],
              [
                14.809191217,
                61.171193076
              ],
              [
                14.809043307,
                61.171252252
              ],
              [
                14.808895394,
                61.171311427
              ],
              [
                14.808747267,
                61.171406232
              ],
              [
                14.808623802,
                61.171489195
              ],
              [
                14.808426922,
                61.17151267
              ],
              [
                14.808230039,
                61.171536146
              ],
              [
                14.808033158,
                61.17155962
              ],
              [
                14.807860722,
                61.171606883
              ],
              [
                14.807688288,
                61.171654144
              ],
              [
                14.807491042,
                61.171737002
              ],
              [
                14.807343053,
                61.171808052
              ],
              [
                14.807195064,
                61.171879102
              ],
              [
                14.807096186,
                61.171962098
              ],
              [
                14.806972787,
                61.172033184
              ],
              [
                14.806849388,
                61.172104269
              ],
              [
                14.806677022,
                61.172139652
              ],
              [
                14.80648028,
                61.172139371
              ],
              [
                14.80628354,
                61.17213909
              ],
              [
                14.806086725,
                61.172150686
              ],
              [
                14.805914357,
                61.172186069
              ],
              [
                14.805741917,
                61.172233329
              ],
              [
                14.805569474,
                61.172280589
              ],
              [
                14.805372659,
                61.172292183
              ],
              [
                14.805200728,
                61.172256305
              ],
              [
                14.805078204,
                61.172184868
              ],
              [
                14.804906276,
                61.172148991
              ],
              [
                14.804857678,
                61.172053906
              ],
              [
                14.804858265,
                61.171958892
              ],
              [
                14.804932555,
                61.171875862
              ],
              [
                14.805006847,
                61.171792832
              ],
              [
                14.80510573,
                61.171709836
              ],
              [
                14.805229131,
                61.171638753
              ],
              [
                14.805352532,
                61.17156767
              ],
              [
                14.805500743,
                61.171460992
              ],
              [
                14.805624216,
                61.171378032
              ],
              [
                14.805723094,
                61.171295037
              ],
              [
                14.805772863,
                61.171200093
              ],
              [
                14.805847149,
                61.171117063
              ],
              [
                14.805921436,
                61.171034031
              ],
              [
                14.805995723,
                61.170951001
              ],
              [
                14.806020898,
                61.170856023
              ],
              [
                14.806144294,
                61.170784938
              ],
              [
                14.80619406,
                61.170689996
              ],
              [
                14.806194643,
                61.170594982
              ],
              [
                14.806244701,
                61.170452532
              ],
              [
                14.806294466,
                61.170357589
              ],
              [
                14.806393341,
                61.170274593
              ],
              [
                14.806443105,
                61.170179651
              ],
              [
                14.806492868,
                61.170084707
              ],
              [
                14.806542634,
                61.169989763
              ],
              [
                14.806666098,
                61.169906803
              ],
              [
                14.806814006,
                61.16984763
              ],
              [
                14.807010732,
                61.16984791
              ],
              [
                14.80718258,
                61.169895662
              ],
              [
                14.80720659,
                61.16999071
              ],
              [
                14.807230601,
                61.170085759
              ],
              [
                14.807205358,
                61.170192614
              ],
              [
                14.807180187,
                61.170287592
              ],
              [
                14.807179607,
                61.170382606
              ],
              [
                14.807228209,
                61.170477689
              ],
              [
                14.807473834,
                61.170525546
              ],
              [
                14.807695157,
                61.17052586
              ],
              [
                14.807867658,
                61.170466721
              ],
              [
                14.80799112,
                61.170383759
              ],
              [
                14.80811451,
                61.170312674
              ],
              [
                14.808237971,
                61.170229711
              ],
              [
                14.808434845,
                61.170206236
              ],
              [
                14.80863143,
                61.170230267
              ],
              [
                14.80882816,
                61.170230545
              ],
              [
                14.809049481,
                61.170230857
              ],
              [
                14.809172866,
                61.170159771
              ],
              [
                14.809296252,
                61.170088684
              ],
              [
                14.809419638,
                61.170017597
              ],
              [
                14.809444803,
                61.169922618
              ],
              [
                14.809469967,
                61.169827639
              ],
              [
                14.809519721,
                61.169732695
              ],
              [
                14.809569477,
                61.169637751
              ],
              [
                14.809643749,
                61.169554717
              ],
              [
                14.80979165,
                61.169495541
              ],
              [
                14.80998859,
                61.169460188
              ],
              [
                14.810111972,
                61.169389101
              ],
              [
                14.810112543,
                61.169294087
              ],
              [
                14.810088524,
                61.169199038
              ],
              [
                14.810064504,
                61.169103991
              ],
              [
                14.810040485,
                61.169008943
              ],
              [
                14.809967215,
                61.168925703
              ],
              [
                14.809967787,
                61.16883069
              ]
            ],
            [
              [
                14.791117164,
                61.167294571
              ],
              [
                14.791314031,
                61.167271121
              ],
              [
                14.791510743,
                61.167271424
              ],
              [
                14.791707297,
                61.16729548
              ],
              [
                14.791977774,
                61.167295895
              ],
              [
                14.792124916,
                61.167355505
              ],
              [
                14.792124291,
                61.167450518
              ],
              [
                14.792074489,
                61.167545457
              ],
              [
                14.791975506,
                61.167640319
              ],
              [
                14.791852012,
                61.167723267
              ],
              [
                14.791655221,
                61.167734841
              ],
              [
                14.791458507,
                61.167734538
              ],
              [
                14.791237205,
                61.167734197
              ],
              [
                14.791065315,
                61.167698302
              ],
              [
                14.790819895,
                61.167626661
              ],
              [
                14.790845191,
                61.16751981
              ],
              [
                14.790870411,
                61.167424834
              ],
              [
                14.790944727,
                61.167341812
              ],
              [
                14.791117164,
                61.167294571
              ]
            ],
            [
              [
                14.781246498,
                61.168799214
              ],
              [
                14.781345434,
                61.168716236
              ],
              [
                14.781493467,
                61.168645214
              ],
              [
                14.781665924,
                61.168597985
              ],
              [
                14.78186248,
                61.168622056
              ],
              [
                14.781984937,
                61.168693514
              ],
              [
                14.782205593,
                61.168788883
              ],
              [
                14.78235256,
                61.168872257
              ],
              [
                14.782524363,
                61.16892004
              ],
              [
                14.782696248,
                61.168955946
              ],
              [
                14.782892888,
                61.168968138
              ],
              [
                14.783089611,
                61.168968454
              ],
              [
                14.78328625,
                61.168980646
              ],
              [
                14.783581169,
                61.169004871
              ],
              [
                14.783777728,
                61.169028938
              ],
              [
                14.78397437,
                61.169041129
              ],
              [
                14.784170928,
                61.169065196
              ],
              [
                14.78436757,
                61.169077386
              ],
              [
                14.784539458,
                61.16911329
              ],
              [
                14.784686595,
                61.169172908
              ],
              [
                14.78478431,
                61.169268078
              ],
              [
                14.784882105,
                61.169351371
              ],
              [
                14.784881458,
                61.169446384
              ],
              [
                14.78480712,
                61.169529403
              ],
              [
                14.784781882,
                61.169624378
              ],
              [
                14.784756644,
                61.169719352
              ],
              [
                14.784657552,
                61.169826085
              ],
              [
                14.784485174,
                61.169861442
              ],
              [
                14.784312793,
                61.169896797
              ],
              [
                14.784115986,
                61.169908361
              ],
              [
                14.783968034,
                61.169967509
              ],
              [
                14.783771306,
                61.169967195
              ],
              [
                14.783574659,
                61.169955003
              ],
              [
                14.783378095,
                61.169930936
              ],
              [
                14.78313243,
                61.169894912
              ],
              [
                14.782985293,
                61.169835293
              ],
              [
                14.782862829,
                61.169763835
              ],
              [
                14.782740365,
                61.169692378
              ],
              [
                14.782593229,
                61.169632758
              ],
              [
                14.782495439,
                61.169549464
              ],
              [
                14.782397648,
                61.169466169
              ],
              [
                14.782324451,
                61.169382914
              ],
              [
                14.78212789,
                61.169358844
              ],
              [
                14.781931413,
                61.169322897
              ],
              [
                14.781636572,
                61.169286792
              ],
              [
                14.781440261,
                61.169227092
              ],
              [
                14.781293128,
                61.16916747
              ],
              [
                14.781195344,
                61.169084174
              ],
              [
                14.781196002,
                61.168989161
              ],
              [
                14.78122125,
                61.168894187
              ],
              [
                14.781246498,
                61.168799214
              ]
            ],
            [
              [
                14.788147461,
                61.17012851
              ],
              [
                14.788024027,
                61.170199577
              ],
              [
                14.787851571,
                61.170246814
              ],
              [
                14.787703705,
                61.17029409
              ],
              [
                14.787507054,
                61.170281905
              ],
              [
                14.787335236,
                61.170234128
              ],
              [
                14.787138586,
                61.170221942
              ],
              [
                14.786892756,
                61.170209678
              ],
              [
                14.786696106,
                61.170197492
              ],
              [
                14.786499457,
                61.170185305
              ],
              [
                14.78632756,
                61.170149405
              ],
              [
                14.786229758,
                61.170066112
              ],
              [
                14.786230401,
                61.169971099
              ],
              [
                14.786231044,
                61.169876086
              ],
              [
                14.78625628,
                61.169781112
              ],
              [
                14.786428896,
                61.169710122
              ],
              [
                14.786625782,
                61.16968668
              ],
              [
                14.786822509,
                61.169686989
              ],
              [
                14.786994163,
                61.16975852
              ],
              [
                14.78719073,
                61.169782583
              ],
              [
                14.787387535,
                61.169771015
              ],
              [
                14.787584183,
                61.169783201
              ],
              [
                14.787732127,
                61.169724049
              ],
              [
                14.787855559,
                61.169652981
              ],
              [
                14.788027933,
                61.169617621
              ],
              [
                14.788175877,
                61.169558469
              ],
              [
                14.788299307,
                61.169487401
              ],
              [
                14.788447248,
                61.169428248
              ],
              [
                14.788570678,
                61.16935718
              ],
              [
                14.788694187,
                61.169274235
              ],
              [
                14.788793103,
                61.169191252
              ],
              [
                14.788990382,
                61.169108423
              ],
              [
                14.78913832,
                61.169049269
              ],
              [
                14.789310768,
                61.16900203
              ],
              [
                14.789483138,
                61.168966667
              ],
              [
                14.789704766,
                61.168919504
              ],
              [
                14.789901408,
                61.168931687
              ],
              [
                14.789999216,
                61.169014976
              ],
              [
                14.789949403,
                61.169109914
              ],
              [
                14.789850016,
                61.169264157
              ],
              [
                14.789775611,
                61.169359056
              ],
              [
                14.789676695,
                61.16944204
              ],
              [
                14.789602371,
                61.169525062
              ],
              [
                14.789478943,
                61.16959613
              ],
              [
                14.789453719,
                61.169691106
              ],
              [
                14.789354801,
                61.169774089
              ],
              [
                14.789231372,
                61.169845159
              ],
              [
                14.789157043,
                61.16992818
              ],
              [
                14.789058126,
                61.170011163
              ],
              [
                14.78888567,
                61.170058402
              ],
              [
                14.788688864,
                61.170069972
              ],
              [
                14.788467544,
                61.170069626
              ],
              [
                14.788270894,
                61.170057442
              ],
              [
                14.788147461,
                61.17012851
              ]
            ],
            [
              [
                14.797989068,
                61.169335928
              ],
              [
                14.798038856,
                61.169240987
              ],
              [
                14.798064054,
                61.169146011
              ],
              [
                14.798260929,
                61.169122551
              ],
              [
                14.798432757,
                61.169170313
              ],
              [
                14.798432151,
                61.169265327
              ],
              [
                14.798406955,
                61.169360304
              ],
              [
                14.798332651,
                61.169443331
              ],
              [
                14.798282864,
                61.169538271
              ],
              [
                14.79815938,
                61.169621225
              ],
              [
                14.798183363,
                61.169716274
              ],
              [
                14.79845371,
                61.169740431
              ],
              [
                14.798675028,
                61.16974076
              ],
              [
                14.798896345,
                61.169741089
              ],
              [
                14.799043436,
                61.169812568
              ],
              [
                14.799042832,
                61.169907581
              ],
              [
                14.798968529,
                61.169990609
              ],
              [
                14.79884512,
                61.170061686
              ],
              [
                14.798721711,
                61.170132763
              ],
              [
                14.798598301,
                61.17020384
              ],
              [
                14.798499408,
                61.17028683
              ],
              [
                14.798351406,
                61.170357871
              ],
              [
                14.798252509,
                61.170440861
              ],
              [
                14.798153536,
                61.170535728
              ],
              [
                14.798005532,
                61.170606768
              ],
              [
                14.79795574,
                61.170701708
              ],
              [
                14.79783225,
                61.170784662
              ],
              [
                14.797684244,
                61.170855701
              ],
              [
                14.797536314,
                61.170914864
              ],
              [
                14.797339429,
                61.170938323
              ],
              [
                14.797142847,
                61.170914275
              ],
              [
                14.797192945,
                61.170771828
              ],
              [
                14.797070597,
                61.170676631
              ],
              [
                14.7970958,
                61.170581654
              ],
              [
                14.797145593,
                61.170486715
              ],
              [
                14.797170794,
                61.170391738
              ],
              [
                14.797245102,
                61.170308712
              ],
              [
                14.797294894,
                61.170213772
              ],
              [
                14.797344763,
                61.170106956
              ],
              [
                14.797419068,
                61.170023929
              ],
              [
                14.79754248,
                61.169952853
              ],
              [
                14.797641377,
                61.169869864
              ],
              [
                14.797715681,
                61.169786837
              ],
              [
                14.79771629,
                61.169691824
              ],
              [
                14.797716898,
                61.16959681
              ],
              [
                14.797742099,
                61.169501834
              ],
              [
                14.797865584,
                61.16941888
              ],
              [
                14.797989068,
                61.169335928
              ]
            ],
            [
              [
                14.741584473,
                61.169114763
              ],
              [
                14.741781582,
                61.169067632
              ],
              [
                14.742051879,
                61.169091901
              ],
              [
                14.742223624,
                61.169139735
              ],
              [
                14.742395368,
                61.169187569
              ],
              [
                14.742566918,
                61.169259156
              ],
              [
                14.742713978,
                61.16931882
              ],
              [
                14.742762385,
                61.169413926
              ],
              [
                14.742737021,
                61.169508892
              ],
              [
                14.742613487,
                61.169579919
              ],
              [
                14.74246546,
                61.169639022
              ],
              [
                14.742268637,
                61.169650524
              ],
              [
                14.742072398,
                61.169590766
              ],
              [
                14.741925338,
                61.169531102
              ],
              [
                14.741802968,
                61.169459608
              ],
              [
                14.741705287,
                61.169376283
              ],
              [
                14.741632195,
                61.169293007
              ],
              [
                14.741559103,
                61.16920973
              ],
              [
                14.741584473,
                61.169114763
              ]
            ],
            [
              [
                14.818540597,
                61.170433936
              ],
              [
                14.81851546,
                61.170528917
              ],
              [
                14.81846573,
                61.170623864
              ],
              [
                14.818293385,
                61.170659264
              ],
              [
                14.818121039,
                61.170694663
              ],
              [
                14.817924169,
                61.170718152
              ],
              [
                14.817727437,
                61.170717887
              ],
              [
                14.817506112,
                61.170717589
              ],
              [
                14.817309379,
                61.170717324
              ],
              [
                14.817236017,
                61.170645964
              ],
              [
                14.816990308,
                61.170610002
              ],
              [
                14.816966268,
                61.170514956
              ],
              [
                14.81704066,
                61.170408165
              ],
              [
                14.817213007,
                61.170372767
              ],
              [
                14.817434328,
                61.170373065
              ],
              [
                14.817655787,
                61.170349611
              ],
              [
                14.817779155,
                61.170278516
              ],
              [
                14.817951909,
                61.170171857
              ],
              [
                14.818026231,
                61.170076943
              ],
              [
                14.818149596,
                61.170005848
              ],
              [
                14.818297484,
                61.169946662
              ],
              [
                14.818420917,
                61.169863691
              ],
              [
                14.818617713,
                61.169852078
              ],
              [
                14.818789645,
                61.169887939
              ],
              [
                14.81881369,
                61.169982985
              ],
              [
                14.818739441,
                61.170066023
              ],
              [
                14.818714303,
                61.170161004
              ],
              [
                14.818639985,
                61.170255918
              ],
              [
                14.818565733,
                61.170338956
              ],
              [
                14.818540597,
                61.170433936
              ]
            ],
            [
              [
                14.821783242,
                61.171043958
              ],
              [
                14.82165988,
                61.171115056
              ],
              [
                14.821561042,
                61.171198064
              ],
              [
                14.821388696,
                61.171233467
              ],
              [
                14.821167302,
                61.171245052
              ],
              [
                14.820945839,
                61.171268513
              ],
              [
                14.820749102,
                61.171268252
              ],
              [
                14.820552434,
                61.171256115
              ],
              [
                14.820380493,
                61.171220257
              ],
              [
                14.820307189,
                61.171137022
              ],
              [
                14.820332321,
                61.171042041
              ],
              [
                14.820431162,
                61.170959035
              ],
              [
                14.820554593,
                61.170876062
              ],
              [
                14.820628839,
                61.170793022
              ],
              [
                14.820727678,
                61.170710016
              ],
              [
                14.820924546,
                61.170686522
              ],
              [
                14.821071759,
                61.170746101
              ],
              [
                14.821095812,
                61.170841147
              ],
              [
                14.821193709,
                61.170924413
              ],
              [
                14.82139071,
                61.170877167
              ],
              [
                14.821563055,
                61.170841763
              ],
              [
                14.821759855,
                61.170830146
              ],
              [
                14.821833161,
                61.17091338
              ],
              [
                14.821783242,
                61.171043958
              ]
            ],
            [
              [
                14.813885901,
                61.171603421
              ],
              [
                14.813737996,
                61.1716626
              ],
              [
                14.813541328,
                61.171650453
              ],
              [
                14.813369464,
                61.17160271
              ],
              [
                14.813246924,
                61.17153128
              ],
              [
                14.81309972,
                61.171471693
              ],
              [
                14.812952519,
                61.171412106
              ],
              [
                14.812682428,
                61.171340472
              ],
              [
                14.812485834,
                61.171316446
              ],
              [
                14.812289238,
                61.17129242
              ],
              [
                14.812068262,
                61.17123273
              ],
              [
                14.812093419,
                61.171137751
              ],
              [
                14.812143169,
                61.171042805
              ],
              [
                14.812217509,
                61.170947894
              ],
              [
                14.81231637,
                61.170864894
              ],
              [
                14.812415231,
                61.170781893
              ],
              [
                14.812587654,
                61.170734625
              ],
              [
                14.812784387,
                61.170734897
              ],
              [
                14.812980979,
                61.170758923
              ],
              [
                14.813177572,
                61.170782947
              ],
              [
                14.813398406,
                61.17086639
              ],
              [
                14.813595068,
                61.170878537
              ],
              [
                14.813791733,
                61.170890684
              ],
              [
                14.813914132,
                61.170985866
              ],
              [
                14.814085924,
                61.171045486
              ],
              [
                14.814307321,
                61.171033913
              ],
              [
                14.814406177,
                61.170950912
              ],
              [
                14.814578528,
                61.170915517
              ],
              [
                14.814750948,
                61.170868247
              ],
              [
                14.814947683,
                61.170868516
              ],
              [
                14.815144346,
                61.170880661
              ],
              [
                14.815266818,
                61.170963965
              ],
              [
                14.815266263,
                61.171058979
              ],
              [
                14.815265707,
                61.171153992
              ],
              [
                14.815117321,
                61.17129631
              ],
              [
                14.81494483,
                61.171355459
              ],
              [
                14.81479686,
                61.171426518
              ],
              [
                14.814698003,
                61.17150952
              ],
              [
                14.814525649,
                61.171544915
              ],
              [
                14.814328841,
                61.171556521
              ],
              [
                14.814058326,
                61.17155615
              ],
              [
                14.813885901,
                61.171603421
              ]
            ],
            [
              [
                14.787163189,
                61.170928083
              ],
              [
                14.787655662,
                61.170833843
              ],
              [
                14.788270292,
                61.170858558
              ],
              [
                14.788391977,
                61.171048777
              ],
              [
                14.788292577,
                61.17120302
              ],
              [
                14.78794813,
                61.171226235
              ],
              [
                14.787555138,
                61.171154358
              ],
              [
                14.787112964,
                61.171082403
              ],
              [
                14.78703983,
                61.170987273
              ],
              [
                14.787163189,
                61.170928083
              ]
            ],
            [
              [
                14.78880726,
                61.171465113
              ],
              [
                14.789151945,
                61.171406266
              ],
              [
                14.78947101,
                61.171501777
              ],
              [
                14.789691707,
                61.171597134
              ],
              [
                14.789567559,
                61.171775093
              ],
              [
                14.789468476,
                61.17188183
              ],
              [
                14.789050009,
                61.171940563
              ],
              [
                14.788902373,
                61.17195221
              ],
              [
                14.788755453,
                61.171856966
              ],
              [
                14.788707779,
                61.171631233
              ],
              [
                14.78880726,
                61.171465113
              ]
            ],
            [
              [
                14.795316057,
                61.171992313
              ],
              [
                14.795119316,
                61.171992016
              ],
              [
                14.79492273,
                61.171967965
              ],
              [
                14.794726067,
                61.17195579
              ],
              [
                14.794406519,
                61.171931551
              ],
              [
                14.794185264,
                61.171919339
              ],
              [
                14.7939886,
                61.171907163
              ],
              [
                14.793866103,
                61.171835716
              ],
              [
                14.793743684,
                61.171752392
              ],
              [
                14.793744304,
                61.171657379
              ],
              [
                14.79379411,
                61.17156244
              ],
              [
                14.793966565,
                61.171515196
              ],
              [
                14.794163303,
                61.171515495
              ],
              [
                14.794359885,
                61.171539547
              ],
              [
                14.794654993,
                61.171539995
              ],
              [
                14.794851961,
                61.171504663
              ],
              [
                14.795048776,
                61.171493084
              ],
              [
                14.795245435,
                61.171505258
              ],
              [
                14.795442096,
                61.171517433
              ],
              [
                14.795589188,
                61.171588916
              ],
              [
                14.795761103,
                61.171624805
              ],
              [
                14.79593302,
                61.171660695
              ],
              [
                14.79598159,
                61.171755782
              ],
              [
                14.795980976,
                61.171850795
              ],
              [
                14.795931178,
                61.171945734
              ],
              [
                14.795758799,
                61.171981105
              ],
              [
                14.795512873,
                61.171980734
              ],
              [
                14.795316057,
                61.171992313
              ]
            ],
            [
              [
                14.819367603,
                61.17202653
              ],
              [
                14.81954009,
                61.171967376
              ],
              [
                14.819687984,
                61.171908189
              ],
              [
                14.819909723,
                61.171837224
              ],
              [
                14.819909182,
                61.171932237
              ],
              [
                14.820031738,
                61.172003661
              ],
              [
                14.820105042,
                61.172086895
              ],
              [
                14.820178347,
                61.172170131
              ],
              [
                14.820276245,
                61.172253398
              ],
              [
                14.820275705,
                61.172348411
              ],
              [
                14.820299757,
                61.172443457
              ],
              [
                14.820225504,
                61.172526496
              ],
              [
                14.820102065,
                61.17260947
              ],
              [
                14.819978694,
                61.172680566
              ],
              [
                14.819855256,
                61.172763539
              ],
              [
                14.819707356,
                61.172822726
              ],
              [
                14.819583983,
                61.172893823
              ],
              [
                14.819460609,
                61.17296492
              ],
              [
                14.819361761,
                61.173047925
              ],
              [
                14.819287505,
                61.173130963
              ],
              [
                14.819237775,
                61.173225911
              ],
              [
                14.819188042,
                61.173320858
              ],
              [
                14.819138312,
                61.173415807
              ],
              [
                14.81899041,
                61.173474993
              ],
              [
                14.818866964,
                61.173557965
              ],
              [
                14.818718992,
                61.173629027
              ],
              [
                14.818571087,
                61.173688213
              ],
              [
                14.818447707,
                61.173759308
              ],
              [
                14.818348855,
                61.173842314
              ],
              [
                14.818249931,
                61.173937195
              ],
              [
                14.81812655,
                61.17400829
              ],
              [
                14.818052288,
                61.174091328
              ],
              [
                14.817953434,
                61.174174332
              ],
              [
                14.817780998,
                61.174221607
              ],
              [
                14.817608564,
                61.174268882
              ],
              [
                14.817485181,
                61.174339977
              ],
              [
                14.817337271,
                61.174399161
              ],
              [
                14.817189361,
                61.174458345
              ],
              [
                14.816967941,
                61.174469923
              ],
              [
                14.816771391,
                61.174434027
              ],
              [
                14.816722754,
                61.174338947
              ],
              [
                14.816747899,
                61.174243967
              ],
              [
                14.816797709,
                61.174137144
              ],
              [
                14.816847448,
                61.174042196
              ],
              [
                14.81692192,
                61.173923529
              ],
              [
                14.816947064,
                61.17382855
              ],
              [
                14.816972208,
                61.173733569
              ],
              [
                14.817021946,
                61.173638623
              ],
              [
                14.817096348,
                61.173531832
              ],
              [
                14.817146085,
                61.173436884
              ],
              [
                14.817220348,
                61.173353848
              ],
              [
                14.817245491,
                61.173258867
              ],
              [
                14.817319753,
                61.17317583
              ],
              [
                14.817369489,
                61.173080883
              ],
              [
                14.817419224,
                61.172985936
              ],
              [
                14.817493485,
                61.172902899
              ],
              [
                14.817567746,
                61.172819861
              ],
              [
                14.817592956,
                61.172713004
              ],
              [
                14.817667215,
                61.172629967
              ],
              [
                14.81783971,
                61.172570815
              ],
              [
                14.818012134,
                61.172523539
              ],
              [
                14.818160034,
                61.172464354
              ],
              [
                14.818283409,
                61.172393259
              ],
              [
                14.818455831,
                61.172345983
              ],
              [
                14.818603731,
                61.172286799
              ],
              [
                14.818727104,
                61.172215702
              ],
              [
                14.818850477,
                61.172144607
              ],
              [
                14.819022829,
                61.172109208
              ],
              [
                14.819195181,
                61.172073807
              ],
              [
                14.819367603,
                61.17202653
              ]
            ],
            [
              [
                14.740514399,
                61.172723359
              ],
              [
                14.740607054,
                61.172759447
              ],
              [
                14.740790763,
                61.172800199
              ],
              [
                14.740955551,
                61.172881313
              ],
              [
                14.740992363,
                61.172926272
              ],
              [
                14.741503412,
                61.173010201
              ],
              [
                14.741453254,
                61.173128874
              ],
              [
                14.741181949,
                61.17322337
              ],
              [
                14.741057813,
                61.173365654
              ],
              [
                14.741080654,
                61.173579481
              ],
              [
                14.740734976,
                61.173745094
              ],
              [
                14.740390762,
                61.173732558
              ],
              [
                14.739529586,
                61.173778412
              ],
              [
                14.738521238,
                61.173776469
              ],
              [
                14.737981357,
                61.173632904
              ],
              [
                14.73758914,
                61.173477746
              ],
              [
                14.737689486,
                61.173240404
              ],
              [
                14.738132563,
                61.173193755
              ],
              [
                14.738574849,
                61.173242116
              ],
              [
                14.739386826,
                61.173196174
              ],
              [
                14.740334768,
                61.173091101
              ],
              [
                14.740219114,
                61.172686882
              ],
              [
                14.740258595,
                61.172633091
              ],
              [
                14.740314439,
                61.17262422
              ],
              [
                14.740425905,
                61.172633412
              ],
              [
                14.74049811,
                61.172669461
              ],
              [
                14.740514399,
                61.172723359
              ]
            ],
            [
              [
                14.80506369,
                61.174536448
              ],
              [
                14.805136962,
                61.174619692
              ],
              [
                14.805313694,
                61.174651984
              ],
              [
                14.805505808,
                61.174632099
              ],
              [
                14.805776129,
                61.174668117
              ],
              [
                14.805849403,
                61.17475136
              ],
              [
                14.805922675,
                61.174834602
              ],
              [
                14.805922091,
                61.174929615
              ],
              [
                14.805921434,
                61.175036506
              ],
              [
                14.80592085,
                61.175131518
              ],
              [
                14.805920266,
                61.175226532
              ],
              [
                14.805747809,
                61.175273791
              ],
              [
                14.805551048,
                61.175273509
              ],
              [
                14.805280501,
                61.17527312
              ],
              [
                14.805083815,
                61.175260961
              ],
              [
                14.8048872,
                61.175236924
              ],
              [
                14.804567685,
                61.175200833
              ],
              [
                14.804395813,
                61.175153078
              ],
              [
                14.804248611,
                61.175093481
              ],
              [
                14.804298389,
                61.174998539
              ],
              [
                14.804470922,
                61.174939405
              ],
              [
                14.804569816,
                61.17485641
              ],
              [
                14.804570404,
                61.174761397
              ],
              [
                14.804497208,
                61.174666277
              ],
              [
                14.804423938,
                61.174583033
              ],
              [
                14.804326076,
                61.174499755
              ],
              [
                14.804252807,
                61.174416511
              ],
              [
                14.804253396,
                61.174321498
              ],
              [
                14.804303173,
                61.174226556
              ],
              [
                14.804500149,
                61.17419121
              ],
              [
                14.804672602,
                61.174143952
              ],
              [
                14.804770318,
                61.174250984
              ],
              [
                14.804868036,
                61.174358016
              ],
              [
                14.804965827,
                61.17445317
              ],
              [
                14.80506369,
                61.174536448
              ]
            ],
            [
              [
                14.821835846,
                61.174797087
              ],
              [
                14.821910167,
                61.174702171
              ],
              [
                14.822033542,
                61.174631073
              ],
              [
                14.822156917,
                61.174559974
              ],
              [
                14.822402863,
                61.174560296
              ],
              [
                14.822599552,
                61.174572432
              ],
              [
                14.822771047,
                61.174691424
              ],
              [
                14.822942878,
                61.174751032
              ],
              [
                14.822966873,
                61.174857954
              ],
              [
                14.822941746,
                61.174952936
              ],
              [
                14.822842899,
                61.175035944
              ],
              [
                14.822670535,
                61.175071349
              ],
              [
                14.822498169,
                61.175106753
              ],
              [
                14.82230141,
                61.175106495
              ],
              [
                14.822154108,
                61.175058795
              ],
              [
                14.821957414,
                61.175046659
              ],
              [
                14.821810179,
                61.174987081
              ],
              [
                14.821810716,
                61.174892068
              ],
              [
                14.821835846,
                61.174797087
              ]
            ],
            [
              [
                14.819939611,
                61.175222143
              ],
              [
                14.819767174,
                61.175269421
              ],
              [
                14.819619265,
                61.175328608
              ],
              [
                14.819422435,
                61.175340222
              ],
              [
                14.819225742,
                61.175328083
              ],
              [
                14.819004521,
                61.175304034
              ],
              [
                14.818857495,
                61.175208823
              ],
              [
                14.818660802,
                61.175196683
              ],
              [
                14.818463974,
                61.175208296
              ],
              [
                14.818242618,
                61.175207999
              ],
              [
                14.818045925,
                61.175195859
              ],
              [
                14.817874034,
                61.17514812
              ],
              [
                14.817751538,
                61.175064819
              ],
              [
                14.817752086,
                61.174969805
              ],
              [
                14.817826352,
                61.174886768
              ],
              [
                14.817925209,
                61.174803763
              ],
              [
                14.817974947,
                61.174708816
              ],
              [
                14.818098331,
                61.174637721
              ],
              [
                14.818295156,
                61.174626109
              ],
              [
                14.818491914,
                61.174626373
              ],
              [
                14.818688397,
                61.174674142
              ],
              [
                14.818909205,
                61.174769452
              ],
              [
                14.819106031,
                61.174757839
              ],
              [
                14.819302924,
                61.174734347
              ],
              [
                14.819475292,
                61.174698947
              ],
              [
                14.819672117,
                61.174687333
              ],
              [
                14.819868079,
                61.174726011
              ],
              [
                14.81996644,
                61.174830245
              ],
              [
                14.820162726,
                61.174913643
              ],
              [
                14.820236038,
                61.174996879
              ],
              [
                14.820161779,
                61.175079917
              ],
              [
                14.820087519,
                61.175162956
              ],
              [
                14.819939611,
                61.175222143
              ]
            ],
            [
              [
                14.808849023,
                61.174910024
              ],
              [
                14.808874193,
                61.174815046
              ],
              [
                14.808948481,
                61.174732013
              ],
              [
                14.809145453,
                61.174696661
              ],
              [
                14.809317401,
                61.174732533
              ],
              [
                14.809464611,
                61.174792124
              ],
              [
                14.809636416,
                61.174851749
              ],
              [
                14.809808294,
                61.174899498
              ],
              [
                14.80993084,
                61.174970931
              ],
              [
                14.810053314,
                61.17505424
              ],
              [
                14.810225264,
                61.175090111
              ],
              [
                14.810397072,
                61.175149736
              ],
              [
                14.810470359,
                61.175232976
              ],
              [
                14.810420599,
                61.17532792
              ],
              [
                14.810321719,
                61.17541092
              ],
              [
                14.81012467,
                61.17545815
              ],
              [
                14.809927909,
                61.175457874
              ],
              [
                14.809731146,
                61.175457598
              ],
              [
                14.809485193,
                61.175457252
              ],
              [
                14.809313314,
                61.175409504
              ],
              [
                14.809190768,
                61.17533807
              ],
              [
                14.80909289,
                61.175254795
              ],
              [
                14.809044275,
                61.175159712
              ],
              [
                14.808970992,
                61.175076471
              ],
              [
                14.808848448,
                61.175005038
              ],
              [
                14.808849023,
                61.174910024
              ]
            ],
            [
              [
                14.744993397,
                61.176342322
              ],
              [
                14.745165855,
                61.176307017
              ],
              [
                14.745362623,
                61.176307387
              ],
              [
                14.745559388,
                61.176307756
              ],
              [
                14.74575606,
                61.176320002
              ],
              [
                14.74595273,
                61.176332248
              ],
              [
                14.746149402,
                61.176344493
              ],
              [
                14.746346073,
                61.176356739
              ],
              [
                14.746517864,
                61.176404568
              ],
              [
                14.746689653,
                61.176452396
              ],
              [
                14.746861541,
                61.176488349
              ],
              [
                14.747033426,
                61.1765243
              ],
              [
                14.747205027,
                61.176595881
              ],
              [
                14.747327437,
                61.176667371
              ],
              [
                14.747326677,
                61.176762383
              ],
              [
                14.747252224,
                61.176845382
              ],
              [
                14.74710417,
                61.17690449
              ],
              [
                14.746980714,
                61.176963643
              ],
              [
                14.746808062,
                61.177022705
              ],
              [
                14.746611292,
                61.177022337
              ],
              [
                14.74641452,
                61.177021968
              ],
              [
                14.74621775,
                61.1770216
              ],
              [
                14.746020978,
                61.177021231
              ],
              [
                14.745824398,
                61.176997108
              ],
              [
                14.745652511,
                61.176961155
              ],
              [
                14.745505412,
                61.176901495
              ],
              [
                14.745333621,
                61.176853665
              ],
              [
                14.74516183,
                61.176805834
              ],
              [
                14.744989945,
                61.17676988
              ],
              [
                14.744892231,
                61.176686559
              ],
              [
                14.744819116,
                61.176603284
              ],
              [
                14.744819884,
                61.17650827
              ],
              [
                14.744918938,
                61.17642532
              ],
              [
                14.744993397,
                61.176342322
              ]
            ],
            [
              [
                14.809181295,
                61.17690579
              ],
              [
                14.809255586,
                61.176822757
              ],
              [
                14.809280757,
                61.176727779
              ],
              [
                14.809453145,
                61.176692391
              ],
              [
                14.80974787,
                61.176764067
              ],
              [
                14.809747155,
                61.176882832
              ],
              [
                14.809721986,
                61.176977812
              ],
              [
                14.809524643,
                61.177072549
              ],
              [
                14.809327798,
                61.177084148
              ],
              [
                14.809131025,
                61.177083871
              ],
              [
                14.809107003,
                61.176988823
              ],
              [
                14.809181295,
                61.17690579
              ]
            ],
            [
              [
                14.847146734,
                61.180308575
              ],
              [
                14.847417381,
                61.180297004
              ],
              [
                14.847712686,
                61.180273583
              ],
              [
                14.847934191,
                61.180250079
              ],
              [
                14.84810187,
                61.180197387
              ],
              [
                14.848004046,
                61.18007851
              ],
              [
                14.847979904,
                61.179983468
              ],
              [
                14.847955762,
                61.179888428
              ],
              [
                14.847907022,
                61.179793359
              ],
              [
                14.847858341,
                61.179686413
              ],
              [
                14.847858913,
                61.179567646
              ],
              [
                14.847834828,
                61.179460729
              ],
              [
                14.84778609,
                61.17936566
              ],
              [
                14.84776195,
                61.179270618
              ],
              [
                14.847762408,
                61.179175605
              ],
              [
                14.847762981,
                61.179056838
              ],
              [
                14.847812634,
                61.17896188
              ],
              [
                14.84788683,
                61.178878826
              ],
              [
                14.847961023,
                61.178795772
              ],
              [
                14.84798608,
                61.178700786
              ],
              [
                14.847986537,
                61.178605773
              ],
              [
                14.847962396,
                61.178510732
              ],
              [
                14.847938256,
                61.178415691
              ],
              [
                14.847914116,
                61.178320649
              ],
              [
                14.84786538,
                61.178225581
              ],
              [
                14.847841353,
                61.178106787
              ],
              [
                14.847841811,
                61.178011773
              ],
              [
                14.847916004,
                61.177928719
              ],
              [
                14.848014793,
                61.177845692
              ],
              [
                14.848064444,
                61.177750734
              ],
              [
                14.84813875,
                61.177643927
              ],
              [
                14.848237538,
                61.1775609
              ],
              [
                14.848311728,
                61.177477846
              ],
              [
                14.84833678,
                61.17738286
              ],
              [
                14.848386431,
                61.177287901
              ],
              [
                14.848485216,
                61.177204875
              ],
              [
                14.848633196,
                61.177121903
              ],
              [
                14.84878106,
                61.177062685
              ],
              [
                14.848829797,
                61.177157753
              ],
              [
                14.848829343,
                61.177252767
              ],
              [
                14.848779695,
                61.177347725
              ],
              [
                14.848680909,
                61.177430752
              ],
              [
                14.84863126,
                61.17752571
              ],
              [
                14.84858161,
                61.177620669
              ],
              [
                14.848531961,
                61.177715627
              ],
              [
                14.84848231,
                61.177810586
              ],
              [
                14.848481854,
                61.177905599
              ],
              [
                14.848456687,
                61.178024339
              ],
              [
                14.848456231,
                61.178119353
              ],
              [
                14.848455775,
                61.178214366
              ],
              [
                14.848455319,
                61.17830938
              ],
              [
                14.848528713,
                61.178392599
              ],
              [
                14.848626706,
                61.178475846
              ],
              [
                14.848675445,
                61.178570914
              ],
              [
                14.848798036,
                61.178654188
              ],
              [
                14.848945338,
                61.178713736
              ],
              [
                14.849142065,
                61.178725833
              ],
              [
                14.849314079,
                61.178761654
              ],
              [
                14.849461383,
                61.178821202
              ],
              [
                14.849608688,
                61.178880749
              ],
              [
                14.849805473,
                61.178880967
              ],
              [
                14.850002256,
                61.178881185
              ],
              [
                14.85019904,
                61.178881403
              ],
              [
                14.850420479,
                61.178869771
              ],
              [
                14.850617374,
                61.178846235
              ],
              [
                14.850765242,
                61.178787015
              ],
              [
                14.850937653,
                61.178739697
              ],
              [
                14.85108552,
                61.178680476
              ],
              [
                14.851307349,
                61.178585706
              ],
              [
                14.851455214,
                61.178526484
              ],
              [
                14.851529397,
                61.178443428
              ],
              [
                14.851628179,
                61.1783604
              ],
              [
                14.851751502,
                61.178289273
              ],
              [
                14.851923853,
                61.178253832
              ],
              [
                14.852120687,
                61.178242171
              ],
              [
                14.852325264,
                61.178214938
              ],
              [
                14.852514358,
                61.178218846
              ],
              [
                14.852711139,
                61.17821906
              ],
              [
                14.852907862,
                61.178231151
              ],
              [
                14.853079825,
                61.178278844
              ],
              [
                14.853227023,
                61.178362142
              ],
              [
                14.853521643,
                61.178481228
              ],
              [
                14.853595051,
                61.178564445
              ],
              [
                14.85364375,
                61.178671388
              ],
              [
                14.853594115,
                61.178766348
              ],
              [
                14.853470794,
                61.178837475
              ],
              [
                14.853298442,
                61.178872919
              ],
              [
                14.853077006,
                61.178884556
              ],
              [
                14.852880277,
                61.178872466
              ],
              [
                14.852683549,
                61.178860375
              ],
              [
                14.852486654,
                61.178883914
              ],
              [
                14.852314246,
                61.178931233
              ],
              [
                14.852166378,
                61.178990456
              ],
              [
                14.851969483,
                61.179013994
              ],
              [
                14.85169857,
                61.179084958
              ],
              [
                14.851526047,
                61.17915603
              ],
              [
                14.851378122,
                61.179227128
              ],
              [
                14.851328479,
                61.179322087
              ],
              [
                14.851180609,
                61.179381309
              ],
              [
                14.851155564,
                61.179476296
              ],
              [
                14.851155116,
                61.179571309
              ],
              [
                14.851130068,
                61.179666295
              ],
              [
                14.851055881,
                61.179749351
              ],
              [
                14.851282405,
                61.179671835
              ],
              [
                14.851503903,
                61.179648325
              ],
              [
                14.851676261,
                61.179612883
              ],
              [
                14.851848618,
                61.179577442
              ],
              [
                14.852045518,
                61.179553903
              ],
              [
                14.852217874,
                61.179518462
              ],
              [
                14.852439538,
                61.17945932
              ],
              [
                14.852587406,
                61.179400097
              ],
              [
                14.852759816,
                61.179352777
              ],
              [
                14.853079927,
                61.179281864
              ],
              [
                14.853301476,
                61.179246474
              ],
              [
                14.853523081,
                61.179199207
              ],
              [
                14.853892165,
                61.179175852
              ],
              [
                14.854236595,
                61.179164347
              ],
              [
                14.854654765,
                61.179164796
              ],
              [
                14.854876149,
                61.179165033
              ],
              [
                14.855072934,
                61.179165244
              ],
              [
                14.855589333,
                61.179201425
              ],
              [
                14.856056592,
                61.179225677
              ],
              [
                14.856228617,
                61.179261489
              ],
              [
                14.856425242,
                61.179297328
              ],
              [
                14.85664625,
                61.179380699
              ],
              [
                14.85686715,
                61.179487824
              ],
              [
                14.857039125,
                61.179535513
              ],
              [
                14.857235644,
                61.179595104
              ],
              [
                14.857358315,
                61.179666493
              ],
              [
                14.857333287,
                61.179761481
              ],
              [
                14.857308152,
                61.179880222
              ],
              [
                14.857258524,
                61.179975184
              ],
              [
                14.857233496,
                61.180070171
              ],
              [
                14.857035415,
                61.180355004
              ],
              [
                14.857010224,
                61.180485622
              ],
              [
                14.856960379,
                61.180628091
              ],
              [
                14.856959895,
                61.18073498
              ],
              [
                14.856910212,
                61.180841819
              ],
              [
                14.856860581,
                61.180936781
              ],
              [
                14.856810952,
                61.181031742
              ],
              [
                14.856761214,
                61.181150457
              ],
              [
                14.856711582,
                61.181245418
              ],
              [
                14.85661232,
                61.181435341
              ],
              [
                14.856513273,
                61.181577757
              ],
              [
                14.856463586,
                61.181684595
              ],
              [
                14.856388706,
                61.181922051
              ],
              [
                14.856339072,
                61.182017012
              ],
              [
                14.856240131,
                61.182135674
              ],
              [
                14.856017588,
                61.182384849
              ],
              [
                14.855918263,
                61.182586648
              ],
              [
                14.855844026,
                61.182681584
              ],
              [
                14.855794391,
                61.182776544
              ],
              [
                14.855695389,
                61.182907084
              ],
              [
                14.855522584,
                61.183037544
              ],
              [
                14.855324848,
                61.183239237
              ],
              [
                14.855201514,
                61.183310365
              ],
              [
                14.854954574,
                61.183512006
              ],
              [
                14.854806089,
                61.183701875
              ],
              [
                14.854682588,
                61.183808633
              ],
              [
                14.8545095,
                61.183998475
              ],
              [
                14.854386052,
                61.184093356
              ],
              [
                14.854188742,
                61.184200035
              ],
              [
                14.853646007,
                61.184520122
              ],
              [
                14.853547158,
                61.184615028
              ],
              [
                14.853374333,
                61.184745486
              ],
              [
                14.853127755,
                61.184863986
              ],
              [
                14.852807368,
                61.184982405
              ],
              [
                14.852683966,
                61.185065409
              ],
              [
                14.852535794,
                61.185184015
              ],
              [
                14.852412391,
                61.185267018
              ],
              [
                14.852288987,
                61.18535002
              ],
              [
                14.852190185,
                61.18543305
              ],
              [
                14.852091327,
                61.185527955
              ],
              [
                14.852017129,
                61.185611012
              ],
              [
                14.851917992,
                61.185765301
              ],
              [
                14.851868338,
                61.185860261
              ],
              [
                14.851794138,
                61.185943317
              ],
              [
                14.851769089,
                61.186038304
              ],
              [
                14.851719434,
                61.186133263
              ],
              [
                14.85166967,
                61.186251976
              ],
              [
                14.851644564,
                61.186358839
              ],
              [
                14.851594518,
                61.186536935
              ],
              [
                14.851593903,
                61.186667579
              ],
              [
                14.851617223,
                61.186940769
              ],
              [
                14.851641215,
                61.187071439
              ],
              [
                14.851689809,
                61.187202137
              ],
              [
                14.851689139,
                61.187344657
              ],
              [
                14.851688414,
                61.187499053
              ],
              [
                14.851712349,
                61.187641601
              ],
              [
                14.851785383,
                61.187807954
              ],
              [
                14.851834035,
                61.187926775
              ],
              [
                14.851833421,
                61.188057418
              ],
              [
                14.851832975,
                61.188152432
              ],
              [
                14.851832028,
                61.188354335
              ],
              [
                14.85178226,
                61.188473048
              ],
              [
                14.851732323,
                61.188627392
              ],
              [
                14.851608345,
                61.18882916
              ],
              [
                14.851558688,
                61.18892412
              ],
              [
                14.851533635,
                61.189019106
              ],
              [
                14.851508583,
                61.189114093
              ],
              [
                14.851360276,
                61.189256451
              ],
              [
                14.851113543,
                61.1893987
              ],
              [
                14.85094113,
                61.189434141
              ],
              [
                14.850522206,
                61.189564324
              ],
              [
                14.850374287,
                61.189623544
              ],
              [
                14.850201759,
                61.189682737
              ],
              [
                14.85000474,
                61.189718149
              ],
              [
                14.849684742,
                61.189741548
              ],
              [
                14.849487778,
                61.189765082
              ],
              [
                14.849266206,
                61.18978859
              ],
              [
                14.849069242,
                61.189812124
              ],
              [
                14.848872218,
                61.189847535
              ],
              [
                14.848699802,
                61.189882972
              ],
              [
                14.848576428,
                61.189954095
              ],
              [
                14.848403895,
                61.190013285
              ],
              [
                14.848206985,
                61.190024941
              ],
              [
                14.848034566,
                61.190060379
              ],
              [
                14.847862033,
                61.190119569
              ],
              [
                14.847665066,
                61.1901431
              ],
              [
                14.847443547,
                61.190154729
              ],
              [
                14.847246635,
                61.190166383
              ],
              [
                14.84702506,
                61.190189886
              ],
              [
                14.846803483,
                61.19021339
              ],
              [
                14.84658179,
                61.190260645
              ],
              [
                14.846335606,
                61.19028412
              ],
              [
                14.846138752,
                61.190283897
              ],
              [
                14.845941838,
                61.19029555
              ],
              [
                14.845646556,
                61.190295214
              ],
              [
                14.845351272,
                61.190294877
              ],
              [
                14.845105203,
                61.190294596
              ],
              [
                14.844810096,
                61.190258628
              ],
              [
                14.844564086,
                61.190246469
              ],
              [
                14.84429347,
                61.190234282
              ],
              [
                14.844072125,
                61.190210274
              ],
              [
                14.843850724,
                61.190198141
              ],
              [
                14.843604833,
                61.190162228
              ],
              [
                14.843408036,
                61.190150124
              ],
              [
                14.843211301,
                61.190126143
              ],
              [
                14.842916256,
                61.190078294
              ],
              [
                14.842694915,
                61.190054284
              ],
              [
                14.842301444,
                61.190006319
              ],
              [
                14.842055557,
                61.189970403
              ],
              [
                14.841858822,
                61.18994642
              ],
              [
                14.841662028,
                61.189934313
              ],
              [
                14.841317716,
                61.189898281
              ],
              [
                14.841120983,
                61.189874296
              ],
              [
                14.840924251,
                61.189850312
              ],
              [
                14.840702912,
                61.189826298
              ],
              [
                14.840506179,
                61.189802313
              ],
              [
                14.840309388,
                61.189790205
              ],
              [
                14.84008805,
                61.18976619
              ],
              [
                14.839915986,
                61.189730357
              ],
              [
                14.839719194,
                61.189718248
              ],
              [
                14.839547131,
                61.189682414
              ],
              [
                14.839350399,
                61.189658427
              ],
              [
                14.839104517,
                61.189622505
              ],
              [
                14.838907789,
                61.189598518
              ],
              [
                14.838710998,
                61.189586407
              ],
              [
                14.838514391,
                61.189538666
              ],
              [
                14.838121057,
                61.189466936
              ],
              [
                14.837629421,
                61.189371334
              ],
              [
                14.83731003,
                61.189275936
              ],
              [
                14.836990458,
                61.189216169
              ],
              [
                14.836793793,
                61.189180302
              ],
              [
                14.836523312,
                61.189144345
              ],
              [
                14.836277376,
                61.189120295
              ],
              [
                14.836031439,
                61.189096244
              ],
              [
                14.835687329,
                61.189024566
              ],
              [
                14.835367823,
                61.188952918
              ],
              [
                14.835195893,
                61.188893325
              ],
              [
                14.834729067,
                61.188762113
              ],
              [
                14.834311394,
                61.188642835
              ],
              [
                14.834139466,
                61.188583241
              ],
              [
                14.833746091,
                61.188523375
              ],
              [
                14.833574103,
                61.188475657
              ],
              [
                14.833303883,
                61.188392188
              ],
              [
                14.833058206,
                61.188320625
              ],
              [
                14.832910951,
                61.188249183
              ],
              [
                14.832738965,
                61.188201463
              ],
              [
                14.832567107,
                61.188129991
              ],
              [
                14.832417043,
                61.18806325
              ],
              [
                14.83227254,
                61.187998982
              ],
              [
                14.832149893,
                61.18792757
              ],
              [
                14.832051915,
                61.187844311
              ],
              [
                14.832027816,
                61.187749268
              ],
              [
                14.831954443,
                61.187666039
              ],
              [
                14.83178259,
                61.187594565
              ],
              [
                14.831586131,
                61.187523061
              ],
              [
                14.83129132,
                61.187439557
              ],
              [
                14.831168678,
                61.187368144
              ],
              [
                14.830996764,
                61.187308546
              ],
              [
                14.830824786,
                61.187260824
              ],
              [
                14.830776151,
                61.187153873
              ],
              [
                14.830752438,
                61.186987568
              ],
              [
                14.830752948,
                61.186892555
              ],
              [
                14.830753585,
                61.186773789
              ],
              [
                14.830778825,
                61.186655053
              ],
              [
                14.830828605,
                61.186548224
              ],
              [
                14.830878323,
                61.186453273
              ],
              [
                14.830952643,
                61.186358351
              ],
              [
                14.83100236,
                61.1862634
              ],
              [
                14.8311016,
                61.186109125
              ],
              [
                14.83115138,
                61.186002296
              ],
              [
                14.831250239,
                61.185919283
              ],
              [
                14.831521637,
                61.1857771
              ],
              [
                14.83179316,
                61.185611163
              ],
              [
                14.831965761,
                61.185540116
              ],
              [
                14.832138488,
                61.185445316
              ],
              [
                14.832335881,
                61.185338671
              ],
              [
                14.832459274,
                61.185267562
              ],
              [
                14.832681582,
                61.185101563
              ],
              [
                14.832854179,
                61.185030516
              ],
              [
                14.833002423,
                61.184911931
              ],
              [
                14.833200187,
                61.184734024
              ],
              [
                14.833274495,
                61.184639101
              ],
              [
                14.833348742,
                61.184556055
              ],
              [
                14.833373908,
                61.184449195
              ],
              [
                14.833424618,
                61.184164215
              ],
              [
                14.833450097,
                61.183997973
              ],
              [
                14.833475639,
                61.183819853
              ],
              [
                14.83352553,
                61.18368927
              ],
              [
                14.833550635,
                61.183594286
              ],
              [
                14.833552075,
                61.183321123
              ],
              [
                14.833552576,
                61.18322611
              ],
              [
                14.833553139,
                61.183119219
              ],
              [
                14.833530165,
                61.182810396
              ],
              [
                14.833530979,
                61.182655999
              ],
              [
                14.833506942,
                61.182549079
              ],
              [
                14.833483782,
                61.182275886
              ],
              [
                14.833435271,
                61.182145182
              ],
              [
                14.833435835,
                61.182038291
              ],
              [
                14.833387761,
                61.18182445
              ],
              [
                14.833363726,
                61.181717531
              ],
              [
                14.833364227,
                61.181622517
              ],
              [
                14.833364728,
                61.181527504
              ],
              [
                14.833415432,
                61.181242524
              ],
              [
                14.833465134,
                61.181147571
              ],
              [
                14.833490359,
                61.181028834
              ],
              [
                14.833516149,
                61.180803208
              ],
              [
                14.833541249,
                61.180708225
              ],
              [
                14.833566663,
                61.180553858
              ],
              [
                14.833592389,
                61.180340108
              ],
              [
                14.833667249,
                61.180138295
              ],
              [
                14.833766958,
                61.179889006
              ],
              [
                14.833841318,
                61.179782206
              ],
              [
                14.833892451,
                61.17941409
              ],
              [
                14.833942147,
                61.179319137
              ],
              [
                14.834016442,
                61.179224214
              ],
              [
                14.834214102,
                61.179058181
              ],
              [
                14.834362189,
                61.178963348
              ],
              [
                14.834485553,
                61.178892239
              ],
              [
                14.834608978,
                61.178809252
              ],
              [
                14.834756876,
                61.178750048
              ],
              [
                14.835003041,
                61.178714719
              ],
              [
                14.83539673,
                61.178691444
              ],
              [
                14.835618297,
                61.178656083
              ],
              [
                14.83581514,
                61.178644445
              ],
              [
                14.836036705,
                61.178609083
              ],
              [
                14.83623361,
                61.178585568
              ],
              [
                14.836627542,
                61.178514783
              ],
              [
                14.836922716,
                61.178515139
              ],
              [
                14.837316095,
                61.178551242
              ],
              [
                14.837561889,
                61.178587168
              ],
              [
                14.83783222,
                61.178634998
              ],
              [
                14.838028697,
                61.178694617
              ],
              [
                14.838397239,
                61.178778195
              ],
              [
                14.838667451,
                61.178849777
              ],
              [
                14.838863933,
                61.178909395
              ],
              [
                14.839060475,
                61.178957136
              ],
              [
                14.839183103,
                61.179028542
              ],
              [
                14.839452957,
                61.179171383
              ],
              [
                14.839624963,
                61.179207217
              ],
              [
                14.839845925,
                61.179290616
              ],
              [
                14.84004235,
                61.179362108
              ],
              [
                14.840263315,
                61.179445507
              ],
              [
                14.840484281,
                61.179528904
              ],
              [
                14.840680708,
                61.179600396
              ],
              [
                14.840999892,
                61.179719538
              ],
              [
                14.841171783,
                61.179779124
              ],
              [
                14.841343736,
                61.179826833
              ],
              [
                14.84149103,
                61.179886389
              ],
              [
                14.841687581,
                61.179934126
              ],
              [
                14.841859596,
                61.179969957
              ],
              [
                14.842031549,
                61.180017665
              ],
              [
                14.842228102,
                61.180065401
              ],
              [
                14.842498395,
                61.180125099
              ],
              [
                14.842793227,
                61.180196702
              ],
              [
                14.84303904,
                61.180232617
              ],
              [
                14.843235654,
                61.180268475
              ],
              [
                14.843505892,
                61.180340048
              ],
              [
                14.843702567,
                61.180364028
              ],
              [
                14.843948441,
                61.180388066
              ],
              [
                14.844391049,
                61.180424205
              ],
              [
                14.844612442,
                61.180424459
              ],
              [
                14.844809237,
                61.180424685
              ],
              [
                14.845424333,
                61.180401635
              ],
              [
                14.845621125,
                61.180401859
              ],
              [
                14.845842518,
                61.180402111
              ],
              [
                14.846137766,
                61.180390571
              ],
              [
                14.84648227,
                61.180367207
              ],
              [
                14.846876029,
                61.180332023
              ],
              [
                14.847146734,
                61.180308575
              ]
            ],
            [
              [
                14.875245496,
                61.177469703
              ],
              [
                14.875442364,
                61.17744613
              ],
              [
                14.875540425,
                61.177529358
              ],
              [
                14.875515453,
                61.177624349
              ],
              [
                14.875465883,
                61.177719317
              ],
              [
                14.875416315,
                61.177814285
              ],
              [
                14.875342195,
                61.177897355
              ],
              [
                14.875194377,
                61.177956603
              ],
              [
                14.875022384,
                61.177908937
              ],
              [
                14.87502276,
                61.177813923
              ],
              [
                14.87499854,
                61.177718887
              ],
              [
                14.874998916,
                61.177623873
              ],
              [
                14.875122183,
                61.177552726
              ],
              [
                14.875245496,
                61.177469703
              ]
            ],
            [
              [
                14.825137333,
                61.178198145
              ],
              [
                14.825260714,
                61.178127043
              ],
              [
                14.825310436,
                61.178032093
              ],
              [
                14.825458348,
                61.1779729
              ],
              [
                14.825654993,
                61.177996907
              ],
              [
                14.825820184,
                61.17804208
              ],
              [
                14.825752662,
                61.178127677
              ],
              [
                14.825752138,
                61.17822269
              ],
              [
                14.825973515,
                61.178222975
              ],
              [
                14.826170228,
                61.178235104
              ],
              [
                14.826342151,
                61.178282832
              ],
              [
                14.826366225,
                61.178377877
              ],
              [
                14.826341106,
                61.178472859
              ],
              [
                14.826266789,
                61.178567777
              ],
              [
                14.826217071,
                61.178662728
              ],
              [
                14.826020223,
                61.178674352
              ],
              [
                14.82579917,
                61.178614684
              ],
              [
                14.825627248,
                61.178566955
              ],
              [
                14.825504654,
                61.178495537
              ],
              [
                14.825308202,
                61.1784359
              ],
              [
                14.82513628,
                61.178388172
              ],
              [
                14.82511221,
                61.178293126
              ],
              [
                14.825137333,
                61.178198145
              ]
            ],
            [
              [
                14.812519143,
                61.178133759
              ],
              [
                14.812691535,
                61.178098367
              ],
              [
                14.812888244,
                61.178110515
              ],
              [
                14.812986142,
                61.178193789
              ],
              [
                14.812985579,
                61.178288801
              ],
              [
                14.81293582,
                61.178383747
              ],
              [
                14.812836938,
                61.178466748
              ],
              [
                14.812590821,
                61.178490161
              ],
              [
                14.812369512,
                61.178477977
              ],
              [
                14.812345339,
                61.178406684
              ],
              [
                14.812395097,
                61.178311739
              ],
              [
                14.812444858,
                61.178216793
              ],
              [
                14.812519143,
                61.178133759
              ]
            ],
            [
              [
                14.80437433,
                61.178621064
              ],
              [
                14.804448638,
                61.178538033
              ],
              [
                14.804645419,
                61.178538317
              ],
              [
                14.804915553,
                61.178609968
              ],
              [
                14.804890295,
                61.178716822
              ],
              [
                14.804766865,
                61.178787905
              ],
              [
                14.804520886,
                61.178787551
              ],
              [
                14.804422938,
                61.178716148
              ],
              [
                14.80437433,
                61.178621064
              ]
            ],
            [
              [
                14.753571272,
                61.180289418
              ],
              [
                14.753374388,
                61.180300938
              ],
              [
                14.753177596,
                61.180300579
              ],
              [
                14.752980805,
                61.18030022
              ],
              [
                14.752784199,
                61.180276108
              ],
              [
                14.752587594,
                61.180251995
              ],
              [
                14.752390895,
                61.180239759
              ],
              [
                14.752194105,
                61.180239399
              ],
              [
                14.75199722,
                61.180250916
              ],
              [
                14.751800523,
                61.180238679
              ],
              [
                14.751603824,
                61.180226441
              ],
              [
                14.751333517,
                61.180190315
              ],
              [
                14.751161701,
                61.180142492
              ],
              [
                14.750989882,
                61.180094669
              ],
              [
                14.750842946,
                61.180011261
              ],
              [
                14.750720515,
                61.179939776
              ],
              [
                14.750622776,
                61.179856458
              ],
              [
                14.750598929,
                61.1797614
              ],
              [
                14.750525791,
                61.179678128
              ],
              [
                14.750452652,
                61.179594855
              ],
              [
                14.750428805,
                61.179499797
              ],
              [
                14.750355666,
                61.179416524
              ],
              [
                14.750233239,
                61.179345038
              ],
              [
                14.750110812,
                61.179273552
              ],
              [
                14.750086966,
                61.179178493
              ],
              [
                14.750087718,
                61.179083481
              ],
              [
                14.750113067,
                61.178988513
              ],
              [
                14.750113819,
                61.1788935
              ],
              [
                14.750311636,
                61.17876322
              ],
              [
                14.750533016,
                61.178763628
              ],
              [
                14.750729797,
                61.178763991
              ],
              [
                14.7509017,
                61.178799937
              ],
              [
                14.751098296,
                61.178824052
              ],
              [
                14.751294985,
                61.17883629
              ],
              [
                14.751466889,
                61.178872236
              ],
              [
                14.751614008,
                61.17893189
              ],
              [
                14.751736438,
                61.179003375
              ],
              [
                14.751883465,
                61.179074905
              ],
              [
                14.752030586,
                61.179134559
              ],
              [
                14.752153017,
                61.179206044
              ],
              [
                14.752374121,
                61.179242078
              ],
              [
                14.752546028,
                61.179278023
              ],
              [
                14.752717937,
                61.179313967
              ],
              [
                14.752988331,
                61.179338214
              ],
              [
                14.753185023,
                61.179350449
              ],
              [
                14.753282767,
                61.179433765
              ],
              [
                14.75350341,
                61.179529181
              ],
              [
                14.753650537,
                61.179588833
              ],
              [
                14.753748282,
                61.179672148
              ],
              [
                14.75389541,
                61.179731799
              ],
              [
                14.754042538,
                61.17979145
              ],
              [
                14.754041705,
                61.17989834
              ],
              [
                14.754040965,
                61.179993353
              ],
              [
                14.753966522,
                61.180076355
              ],
              [
                14.753818372,
                61.180147347
              ],
              [
                14.75371933,
                61.180230304
              ],
              [
                14.753571272,
                61.180289418
              ]
            ],
            [
              [
                14.823381683,
                61.179846736
              ],
              [
                14.823185026,
                61.179822726
              ],
              [
                14.822988235,
                61.179822469
              ],
              [
                14.822791447,
                61.179822212
              ],
              [
                14.822594723,
                61.179810077
              ],
              [
                14.822521395,
                61.179726844
              ],
              [
                14.822620257,
                61.179643836
              ],
              [
                14.822719117,
                61.179560828
              ],
              [
                14.822891641,
                61.17950167
              ],
              [
                14.823064095,
                61.179454389
              ],
              [
                14.823261083,
                61.179419015
              ],
              [
                14.823409005,
                61.179359824
              ],
              [
                14.82348333,
                61.179264907
              ],
              [
                14.823582188,
                61.179181899
              ],
              [
                14.823730108,
                61.179122708
              ],
              [
                14.823902495,
                61.179087302
              ],
              [
                14.824099279,
                61.179087557
              ],
              [
                14.824320597,
                61.179099721
              ],
              [
                14.824541848,
                61.179123762
              ],
              [
                14.824664443,
                61.179195181
              ],
              [
                14.824639316,
                61.179290162
              ],
              [
                14.824638788,
                61.179385176
              ],
              [
                14.824613662,
                61.179480157
              ],
              [
                14.824563938,
                61.179575107
              ],
              [
                14.824538812,
                61.179670088
              ],
              [
                14.824415423,
                61.17974119
              ],
              [
                14.824267433,
                61.179812258
              ],
              [
                14.824045914,
                61.179835724
              ],
              [
                14.823849124,
                61.179835468
              ],
              [
                14.823652401,
                61.179823335
              ],
              [
                14.823381683,
                61.179846736
              ]
            ],
            [
              [
                14.845471694,
                61.179802479
              ],
              [
                14.845595036,
                61.179731359
              ],
              [
                14.845792056,
                61.179684076
              ],
              [
                14.845988962,
                61.179660547
              ],
              [
                14.846185693,
                61.179672647
              ],
              [
                14.846308338,
                61.179744047
              ],
              [
                14.846307875,
                61.179839061
              ],
              [
                14.846233675,
                61.179922114
              ],
              [
                14.846208614,
                61.1800171
              ],
              [
                14.846036247,
                61.180052533
              ],
              [
                14.845863707,
                61.180123598
              ],
              [
                14.845691341,
                61.180159032
              ],
              [
                14.84549449,
                61.180170684
              ],
              [
                14.845322124,
                61.180206118
              ],
              [
                14.845149755,
                61.180241551
              ],
              [
                14.844952963,
                61.180241326
              ],
              [
                14.844756228,
                61.180229224
              ],
              [
                14.844559554,
                61.180205245
              ],
              [
                14.844584679,
                61.180098383
              ],
              [
                14.844634344,
                61.180003425
              ],
              [
                14.84478223,
                61.179944212
              ],
              [
                14.844954596,
                61.179908779
              ],
              [
                14.845151444,
                61.179897127
              ],
              [
                14.845348351,
                61.179873598
              ],
              [
                14.845471694,
                61.179802479
              ]
            ],
            [
              [
                14.750167034,
                61.181494615
              ],
              [
                14.749970234,
                61.181494251
              ],
              [
                14.749773436,
                61.181493888
              ],
              [
                14.749503497,
                61.181410252
              ],
              [
                14.74928257,
                61.181350459
              ],
              [
                14.749110939,
                61.181278881
              ],
              [
                14.748939117,
                61.181231055
              ],
              [
                14.748767298,
                61.181183229
              ],
              [
                14.74849727,
                61.181111467
              ],
              [
                14.748325356,
                61.181075517
              ],
              [
                14.748153444,
                61.181039568
              ],
              [
                14.747908113,
                61.180955974
              ],
              [
                14.747736297,
                61.180908147
              ],
              [
                14.74753969,
                61.180884027
              ],
              [
                14.747342896,
                61.18088366
              ],
              [
                14.7471461,
                61.180883293
              ],
              [
                14.746949116,
                61.180906679
              ],
              [
                14.746751843,
                61.180965694
              ],
              [
                14.746628274,
                61.181036724
              ],
              [
                14.746553807,
                61.181119722
              ],
              [
                14.746282353,
                61.181226105
              ],
              [
                14.746085366,
                61.181249489
              ],
              [
                14.745863873,
                61.18126095
              ],
              [
                14.745667074,
                61.181260581
              ],
              [
                14.74544587,
                61.181236412
              ],
              [
                14.745249264,
                61.181212289
              ],
              [
                14.745028154,
                61.181176242
              ],
              [
                14.744856245,
                61.181140289
              ],
              [
                14.744684433,
                61.181092457
              ],
              [
                14.74448802,
                61.18104458
              ],
              [
                14.744266913,
                61.181008532
              ],
              [
                14.744045904,
                61.180960608
              ],
              [
                14.743898789,
                61.180900946
              ],
              [
                14.743727074,
                61.180841237
              ],
              [
                14.743579961,
                61.180781575
              ],
              [
                14.743359146,
                61.180709896
              ],
              [
                14.743261426,
                61.180626573
              ],
              [
                14.743163802,
                61.180531374
              ],
              [
                14.743041386,
                61.180459881
              ],
              [
                14.742919068,
                61.180376511
              ],
              [
                14.742846044,
                61.180281358
              ],
              [
                14.742797621,
                61.180186251
              ],
              [
                14.742749196,
                61.180091146
              ],
              [
                14.742651867,
                61.179960315
              ],
              [
                14.742628043,
                61.179865256
              ],
              [
                14.742628818,
                61.179770243
              ],
              [
                14.742752486,
                61.179687341
              ],
              [
                14.742949178,
                61.179699591
              ],
              [
                14.74314587,
                61.17971184
              ],
              [
                14.743292977,
                61.179771503
              ],
              [
                14.743439989,
                61.179843042
              ],
              [
                14.743513109,
                61.179926319
              ],
              [
                14.743536937,
                61.180021378
              ],
              [
                14.743585362,
                61.180116484
              ],
              [
                14.743633787,
                61.18021159
              ],
              [
                14.743657616,
                61.18030665
              ],
              [
                14.743853829,
                61.180378282
              ],
              [
                14.744050429,
                61.180402407
              ],
              [
                14.744271819,
                61.180402826
              ],
              [
                14.744468612,
                61.180403197
              ],
              [
                14.744665405,
                61.180403568
              ],
              [
                14.744862292,
                61.180392062
              ],
              [
                14.745059085,
                61.180392432
              ],
              [
                14.74528057,
                61.180380972
              ],
              [
                14.745477363,
                61.180381342
              ],
              [
                14.745674154,
                61.180381712
              ],
              [
                14.745870947,
                61.180382081
              ],
              [
                14.746092338,
                61.180382496
              ],
              [
                14.74628932,
                61.180359112
              ],
              [
                14.746461896,
                61.180311928
              ],
              [
                14.746585463,
                61.180240899
              ],
              [
                14.746610919,
                61.180134055
              ],
              [
                14.74663628,
                61.180039089
              ],
              [
                14.746661641,
                61.179944121
              ],
              [
                14.746687096,
                61.179837278
              ],
              [
                14.746810756,
                61.179754372
              ],
              [
                14.74700745,
                61.179766616
              ],
              [
                14.74725334,
                61.179778951
              ],
              [
                14.747425244,
                61.179814903
              ],
              [
                14.747572361,
                61.179874561
              ],
              [
                14.747719479,
                61.179934219
              ],
              [
                14.747964706,
                61.180029689
              ],
              [
                14.748087131,
                61.180101179
              ],
              [
                14.748258945,
                61.180149005
              ],
              [
                14.74840578,
                61.180244292
              ],
              [
                14.748577688,
                61.180280241
              ],
              [
                14.748749598,
                61.180316191
              ],
              [
                14.748995305,
                61.180352277
              ],
              [
                14.749192001,
                61.180364518
              ],
              [
                14.749413204,
                61.180388681
              ],
              [
                14.749609807,
                61.180412799
              ],
              [
                14.749855515,
                61.180448882
              ],
              [
                14.750027052,
                61.180532336
              ],
              [
                14.750149483,
                61.180603824
              ],
              [
                14.750271822,
                61.180687186
              ],
              [
                14.750394161,
                61.180770549
              ],
              [
                14.750442608,
                61.180865653
              ],
              [
                14.750564948,
                61.180949016
              ],
              [
                14.75066269,
                61.181032334
              ],
              [
                14.750735831,
                61.181115606
              ],
              [
                14.750833573,
                61.181198923
              ],
              [
                14.750832823,
                61.181293936
              ],
              [
                14.750832074,
                61.181388948
              ],
              [
                14.750684006,
                61.18144806
              ],
              [
                14.750487207,
                61.181447697
              ],
              [
                14.750167034,
                61.181494615
              ]
            ],
            [
              [
                14.894284815,
                61.181925227
              ],
              [
                14.894226885,
                61.181826739
              ],
              [
                14.894169051,
                61.181700124
              ],
              [
                14.894111122,
                61.181601636
              ],
              [
                14.893936584,
                61.181531184
              ],
              [
                14.893732823,
                61.181488833
              ],
              [
                14.893704072,
                61.181376305
              ],
              [
                14.893646194,
                61.181263753
              ],
              [
                14.893617396,
                61.181165287
              ],
              [
                14.893617728,
                61.181066844
              ],
              [
                14.89361806,
                61.180968402
              ],
              [
                14.893647521,
                61.180869982
              ],
              [
                14.893735189,
                61.180785672
              ],
              [
                14.893735521,
                61.180687228
              ],
              [
                14.893764981,
                61.180588808
              ],
              [
                14.893765359,
                61.180476302
              ],
              [
                14.893678352,
                61.180363728
              ],
              [
                14.893591253,
                61.18027928
              ],
              [
                14.893591585,
                61.180180837
              ],
              [
                14.893737414,
                61.180124698
              ],
              [
                14.89394145,
                61.180082669
              ],
              [
                14.894174472,
                61.180082851
              ],
              [
                14.894261572,
                61.180167298
              ],
              [
                14.894407024,
                61.180223665
              ],
              [
                14.8945233,
                61.180294072
              ],
              [
                14.894581227,
                61.18039256
              ],
              [
                14.894639061,
                61.180519175
              ],
              [
                14.894813408,
                61.18064588
              ],
              [
                14.894900511,
                61.180730328
              ],
              [
                14.895045966,
                61.180786694
              ],
              [
                14.895162246,
                61.180857099
              ],
              [
                14.895249305,
                61.18095561
              ],
              [
                14.895394762,
                61.181011975
              ],
              [
                14.895540219,
                61.181068341
              ],
              [
                14.89559815,
                61.181166828
              ],
              [
                14.895597824,
                61.181265272
              ],
              [
                14.895655711,
                61.181377823
              ],
              [
                14.895655386,
                61.181476265
              ],
              [
                14.89565506,
                61.181574708
              ],
              [
                14.895625605,
                61.181673128
              ],
              [
                14.895625187,
                61.181799698
              ],
              [
                14.895712296,
                61.181884144
              ],
              [
                14.895828489,
                61.181982676
              ],
              [
                14.895886422,
                61.182081164
              ],
              [
                14.895973534,
                61.182165611
              ],
              [
                14.896031422,
                61.182278162
              ],
              [
                14.896089359,
                61.182376649
              ],
              [
                14.896147247,
                61.1824892
              ],
              [
                14.896176054,
                61.182587665
              ],
              [
                14.89623399,
                61.182686152
              ],
              [
                14.896291928,
                61.182784639
              ],
              [
                14.896378995,
                61.182883149
              ],
              [
                14.896466109,
                61.182967596
              ],
              [
                14.8965824,
                61.183038001
              ],
              [
                14.896786175,
                61.183080346
              ],
              [
                14.897106519,
                61.183108716
              ],
              [
                14.897310434,
                61.183108871
              ],
              [
                14.897514347,
                61.183109025
              ],
              [
                14.897718215,
                61.183123243
              ],
              [
                14.897922083,
                61.18313746
              ],
              [
                14.898125906,
                61.18316574
              ],
              [
                14.898125588,
                61.183264182
              ],
              [
                14.897979754,
                61.183320326
              ],
              [
                14.897804741,
                61.183390511
              ],
              [
                14.897571649,
                61.183404398
              ],
              [
                14.897163819,
                61.183404089
              ],
              [
                14.896814249,
                61.183403823
              ],
              [
                14.896610333,
                61.183403668
              ],
              [
                14.896377287,
                61.18340349
              ],
              [
                14.896173372,
                61.183403333
              ],
              [
                14.895037364,
                61.183374331
              ],
              [
                14.894891897,
                61.183317965
              ],
              [
                14.894775608,
                61.183247559
              ],
              [
                14.89465932,
                61.183177152
              ],
              [
                14.894659695,
                61.183064646
              ],
              [
                14.894805536,
                61.183008506
              ],
              [
                14.894837065,
                61.182955553
              ],
              [
                14.894864125,
                61.182910109
              ],
              [
                14.894922713,
                61.182811711
              ],
              [
                14.89492304,
                61.182713269
              ],
              [
                14.894952499,
                61.182614848
              ],
              [
                14.894952826,
                61.182516405
              ],
              [
                14.894953154,
                61.182417962
              ],
              [
                14.894895221,
                61.182319475
              ],
              [
                14.894808113,
                61.182235028
              ],
              [
                14.894721006,
                61.18215058
              ],
              [
                14.894604722,
                61.182080173
              ],
              [
                14.894401097,
                61.181995635
              ],
              [
                14.894284815,
                61.181925227
              ]
            ],
            [
              [
                14.824232322,
                61.181700616
              ],
              [
                14.824035522,
                61.181700361
              ],
              [
                14.82383872,
                61.181700105
              ],
              [
                14.82364192,
                61.181699849
              ],
              [
                14.823445383,
                61.181652086
              ],
              [
                14.823298182,
                61.181580634
              ],
              [
                14.823224913,
                61.181485524
              ],
              [
                14.823274646,
                61.181390574
              ],
              [
                14.823299844,
                61.181283717
              ],
              [
                14.823447774,
                61.181224526
              ],
              [
                14.823595705,
                61.181165335
              ],
              [
                14.823719101,
                61.181094235
              ],
              [
                14.823915833,
                61.181106368
              ],
              [
                14.824112497,
                61.181130377
              ],
              [
                14.824284432,
                61.181178107
              ],
              [
                14.824456432,
                61.181213961
              ],
              [
                14.824579035,
                61.18128538
              ],
              [
                14.824775834,
                61.181285635
              ],
              [
                14.824972566,
                61.181297765
              ],
              [
                14.825193702,
                61.181345558
              ],
              [
                14.825291642,
                61.181428822
              ],
              [
                14.825217381,
                61.181511863
              ],
              [
                14.82514312,
                61.181594905
              ],
              [
                14.825019724,
                61.181666006
              ],
              [
                14.824798259,
                61.181677596
              ],
              [
                14.824601457,
                61.181677341
              ],
              [
                14.824404723,
                61.18166521
              ],
              [
                14.824232322,
                61.181700616
              ]
            ],
            [
              [
                14.825579754,
                61.182711882
              ],
              [
                14.825382946,
                61.182711629
              ],
              [
                14.82518614,
                61.182711375
              ],
              [
                14.824989463,
                61.182687368
              ],
              [
                14.82469412,
                61.182710739
              ],
              [
                14.82447291,
                61.182674822
              ],
              [
                14.824473438,
                61.182579809
              ],
              [
                14.824498567,
                61.182484827
              ],
              [
                14.824621966,
                61.182413727
              ],
              [
                14.824745365,
                61.182342626
              ],
              [
                14.82481963,
                61.182259585
              ],
              [
                14.824893891,
                61.182176543
              ],
              [
                14.825041825,
                61.182117351
              ],
              [
                14.825165222,
                61.18204625
              ],
              [
                14.825214948,
                61.1819513
              ],
              [
                14.825387413,
                61.181904015
              ],
              [
                14.825584479,
                61.181856762
              ],
              [
                14.82578128,
                61.181857015
              ],
              [
                14.825978083,
                61.181857268
              ],
              [
                14.826125292,
                61.181928718
              ],
              [
                14.826247901,
                61.182000136
              ],
              [
                14.826321246,
                61.182083367
              ],
              [
                14.826320723,
                61.18217838
              ],
              [
                14.826344801,
                61.182273426
              ],
              [
                14.826344213,
                61.182380315
              ],
              [
                14.826294488,
                61.182475266
              ],
              [
                14.826195563,
                61.182570153
              ],
              [
                14.826047631,
                61.182629347
              ],
              [
                14.825776758,
                61.182676505
              ],
              [
                14.825579754,
                61.182711882
              ]
            ],
            [
              [
                14.743588392,
                61.182443104
              ],
              [
                14.743627735,
                61.182407267
              ],
              [
                14.743739309,
                61.182407479
              ],
              [
                14.743960306,
                61.182443807
              ],
              [
                14.744053066,
                61.182470916
              ],
              [
                14.74410663,
                61.182515905
              ],
              [
                14.744159685,
                61.182623738
              ],
              [
                14.744152796,
                61.182785324
              ],
              [
                14.744096572,
                61.182839084
              ],
              [
                14.744022188,
                61.182838943
              ],
              [
                14.743820367,
                61.182730829
              ],
              [
                14.743657744,
                61.182604834
              ],
              [
                14.743548357,
                61.182564227
              ],
              [
                14.743588392,
                61.182443104
              ]
            ],
            [
              [
                14.866514868,
                61.183351703
              ],
              [
                14.866684246,
                61.183315959
              ],
              [
                14.866814421,
                61.183316087
              ],
              [
                14.866886908,
                61.183325136
              ],
              [
                14.866998297,
                61.183370133
              ],
              [
                14.866882243,
                61.183549573
              ],
              [
                14.866824518,
                61.183567472
              ],
              [
                14.866638439,
                61.183594222
              ],
              [
                14.86652891,
                61.183549225
              ],
              [
                14.86647536,
                61.183459396
              ],
              [
                14.866477523,
                61.183387577
              ],
              [
                14.866514868,
                61.183351703
              ]
            ],
            [
              [
                14.812697192,
                61.185438212
              ],
              [
                14.812894085,
                61.185426607
              ],
              [
                14.813090911,
                61.185426878
              ],
              [
                14.813287736,
                61.18542715
              ],
              [
                14.813484559,
                61.185427421
              ],
              [
                14.813681244,
                61.185451446
              ],
              [
                14.813680683,
                61.185546458
              ],
              [
                14.813557247,
                61.185617549
              ],
              [
                14.813384742,
                61.185664819
              ],
              [
                14.813187917,
                61.185664547
              ],
              [
                14.812991161,
                61.185652399
              ],
              [
                14.812794407,
                61.185640251
              ],
              [
                14.81259758,
                61.185639979
              ],
              [
                14.812425641,
                61.185592234
              ],
              [
                14.812524618,
                61.185497356
              ],
              [
                14.812697192,
                61.185438212
              ]
            ],
            [
              [
                14.815279747,
                61.185572402
              ],
              [
                14.81540318,
                61.185501309
              ],
              [
                14.815575123,
                61.185549051
              ],
              [
                14.815747069,
                61.185596792
              ],
              [
                14.81596836,
                61.185620846
              ],
              [
                14.816165115,
                61.185632991
              ],
              [
                14.816361873,
                61.185645134
              ],
              [
                14.816706179,
                61.185669353
              ],
              [
                14.816902868,
                61.185693373
              ],
              [
                14.817099624,
                61.185705516
              ],
              [
                14.817321054,
                61.185705815
              ],
              [
                14.817517812,
                61.185717956
              ],
              [
                14.817689829,
                61.185753819
              ],
              [
                14.817812434,
                61.185825244
              ],
              [
                14.817910368,
                61.185908513
              ],
              [
                14.817787077,
                61.185955854
              ],
              [
                14.81759018,
                61.185967466
              ],
              [
                14.817393421,
                61.185955324
              ],
              [
                14.817196662,
                61.185943182
              ],
              [
                14.816999973,
                61.185919162
              ],
              [
                14.816803213,
                61.18590702
              ],
              [
                14.816606456,
                61.185894877
              ],
              [
                14.816409628,
                61.18589461
              ],
              [
                14.816163732,
                61.185870523
              ],
              [
                14.815967114,
                61.185834626
              ],
              [
                14.815770425,
                61.185810605
              ],
              [
                14.815573736,
                61.185786584
              ],
              [
                14.815401791,
                61.185738843
              ],
              [
                14.815279191,
                61.185667415
              ],
              [
                14.815279747,
                61.185572402
              ]
            ],
            [
              [
                14.898115761,
                61.186531027
              ],
              [
                14.898165277,
                61.186436051
              ],
              [
                14.898263959,
                61.186352987
              ],
              [
                14.898331352,
                61.186288083
              ],
              [
                14.898257003,
                61.186274561
              ],
              [
                14.898221782,
                61.186238624
              ],
              [
                14.898223989,
                61.186130894
              ],
              [
                14.898413964,
                61.186045748
              ],
              [
                14.89822823,
                61.185969299
              ],
              [
                14.898248803,
                61.185933404
              ],
              [
                14.898399663,
                61.185866184
              ],
              [
                14.898715971,
                61.185821533
              ],
              [
                14.898957772,
                61.185812736
              ],
              [
                14.899678954,
                61.185943448
              ],
              [
                14.899920485,
                61.186019937
              ],
              [
                14.90004864,
                61.186073897
              ],
              [
                14.900046667,
                61.186109807
              ],
              [
                14.900009357,
                61.18614569
              ],
              [
                14.899841918,
                61.186163521
              ],
              [
                14.899577554,
                61.186248614
              ],
              [
                14.899465908,
                61.186266486
              ],
              [
                14.899617021,
                61.186401504
              ],
              [
                14.899739814,
                61.186472855
              ],
              [
                14.899764116,
                61.186567887
              ],
              [
                14.89978838,
                61.186674796
              ],
              [
                14.899788078,
                61.186769809
              ],
              [
                14.899763097,
                61.186888558
              ],
              [
                14.899713588,
                61.186983535
              ],
              [
                14.899664076,
                61.187078512
              ],
              [
                14.899442637,
                61.187078348
              ],
              [
                14.899245839,
                61.187066325
              ],
              [
                14.899049081,
                61.187042425
              ],
              [
                14.898852321,
                61.187018525
              ],
              [
                14.898704885,
                61.186959031
              ],
              [
                14.89853277,
                61.186923272
              ],
              [
                14.898410016,
                61.186840043
              ],
              [
                14.898213296,
                61.186804265
              ],
              [
                14.898139751,
                61.186721072
              ],
              [
                14.898115454,
                61.186626041
              ],
              [
                14.898115761,
                61.186531027
              ]
            ],
            [
              [
                14.819533448,
                61.186041329
              ],
              [
                14.819656873,
                61.185970233
              ],
              [
                14.8198537,
                61.185970495
              ],
              [
                14.820075131,
                61.185970789
              ],
              [
                14.82027189,
                61.185982927
              ],
              [
                14.820468584,
                61.186006942
              ],
              [
                14.820541921,
                61.186090176
              ],
              [
                14.820664399,
                61.186185351
              ],
              [
                14.820442765,
                61.186220688
              ],
              [
                14.820245935,
                61.186220427
              ],
              [
                14.820049106,
                61.186220166
              ],
              [
                14.819852344,
                61.186208028
              ],
              [
                14.819655651,
                61.186184012
              ],
              [
                14.819483696,
                61.186136277
              ],
              [
                14.819533448,
                61.186041329
              ]
            ]
          ]
        ]
      },
      "properties": {
        "jg2": 100,
        "jg2_tx": "Morän",
        "karttyp": 3,
        "ogc_fid": 955151,
        "objectid": 1141476,
        "geom_area": 44640724.2961688,
        "kartering": "siljan1",
        "genomslapp": 2,
        "geom_length": 146380.431219163,
        "genomslapp_tx": "Medelhög genomsläpplighet"
      }
    },
    {
      "type": "Feature",
      "geometry": {
        "type": "MultiPolygon",
        "coordinates": [
          [
            [
              [
                14.669368056,
                61.136450864
              ],
              [
                14.669147719,
                61.136379063
              ],
              [
                14.668976141,
                61.136343014
              ],
              [
                14.66880456,
                61.136306963
              ],
              [
                14.668633107,
                61.136259035
              ],
              [
                14.668461529,
                61.136222985
              ],
              [
                14.668290075,
                61.136175057
              ],
              [
                14.668118498,
                61.136139006
              ],
              [
                14.667922233,
                61.13611477
              ],
              [
                14.667898665,
                61.136019697
              ],
              [
                14.667899663,
                61.135924684
              ],
              [
                14.66790066,
                61.135829671
              ],
              [
                14.667926223,
                61.135734718
              ],
              [
                14.667976473,
                61.135627949
              ],
              [
                14.667952907,
                61.135532877
              ],
              [
                14.66783096,
                61.135449438
              ],
              [
                14.667634573,
                61.135437079
              ],
              [
                14.667437813,
                61.13546035
              ],
              [
                14.667241176,
                61.135471744
              ],
              [
                14.667044666,
                61.13547126
              ],
              [
                14.666848154,
                61.135470777
              ],
              [
                14.666651517,
                61.135482169
              ],
              [
                14.66657695,
                61.135565123
              ],
              [
                14.666330809,
                61.135612025
              ],
              [
                14.666134171,
                61.135623416
              ],
              [
                14.665986035,
                61.135694312
              ],
              [
                14.665960467,
                61.135789265
              ],
              [
                14.666008592,
                61.135884399
              ],
              [
                14.666105846,
                61.135979654
              ],
              [
                14.666178537,
                61.136074849
              ],
              [
                14.66615297,
                61.136169801
              ],
              [
                14.666053834,
                61.136252694
              ],
              [
                14.66588138,
                61.136299776
              ],
              [
                14.66573324,
                61.136370672
              ],
              [
                14.665707672,
                61.136465624
              ],
              [
                14.665706667,
                61.136560638
              ],
              [
                14.665927625,
                61.13657306
              ],
              [
                14.666124142,
                61.136573545
              ],
              [
                14.666345351,
                61.136562214
              ],
              [
                14.666542245,
                61.136527068
              ],
              [
                14.666714698,
                61.136479985
              ],
              [
                14.667009973,
                61.136433204
              ],
              [
                14.667230556,
                61.136481255
              ],
              [
                14.667426824,
                61.136505492
              ],
              [
                14.667623216,
                61.136517851
              ],
              [
                14.66781961,
                61.13653021
              ],
              [
                14.668016127,
                61.136530692
              ],
              [
                14.668212645,
                61.136531174
              ],
              [
                14.668408789,
                61.136567286
              ],
              [
                14.668654312,
                61.136579764
              ],
              [
                14.66877639,
                61.136651324
              ],
              [
                14.668923157,
                61.136711068
              ],
              [
                14.669119055,
                61.136770932
              ],
              [
                14.669315203,
                61.136807042
              ],
              [
                14.669511473,
                61.136831276
              ],
              [
                14.669707994,
                61.136831755
              ],
              [
                14.669831562,
                61.136760796
              ],
              [
                14.669881931,
                61.136642149
              ],
              [
                14.669759851,
                61.13657059
              ],
              [
                14.669637771,
                61.13649903
              ],
              [
                14.669368056,
                61.136450864
              ]
            ]
          ]
        ]
      },
      "properties": {
        "jg2": 75,
        "jg2_tx": "Torv",
        "karttyp": 3,
        "ogc_fid": 1911463,
        "objectid": 2060407,
        "geom_area": 15821.05103949,
        "kartering": "siljan1",
        "genomslapp": 1,
        "geom_length": 673.253265182677,
        "genomslapp_tx": "Låg genomsläpplighet"
      }
    }
  ]
}