{
  "type": "FeatureCollection",
  "features": [
    {
      "type": "Feature",
      "geometry": {
        "type": "MultiPolygon",
        "coordinates": [
          [
            [
              [
                14.539223112,
                61.014499589
              ],
              [
                14.539408081,
                61.01450022
              ],
              [
                14.539406781,
                61.014589996
              ],
              [
                14.539961691,
                61.014591889
              ],
              [
                14.53996299,
                61.014502113
              ],
              [
                14.540702869,
                61.014504633
              ],
              [
                14.540701572,
                61.014594409
              ],
              [
                14.540886542,
                61.014595039
              ],
              [
                14.540882653,
                61.014864367
              ],
              [
                14.541992483,
                61.014868138
              ],
              [
                14.541993777,
                61.014778362
              ],
              [
                14.542178748,
                61.014778989
              ],
              [
                14.542180041,
                61.014689213
              ],
              [
                14.542365012,
                61.014689841
              ],
              [
                14.542362427,
                61.014869393
              ],
              [
                14.542917343,
                61.014871274
              ],
              [
                14.542918634,
                61.014781498
              ],
              [
                14.543103605,
                61.014782124
              ],
              [
                14.543104895,
                61.014692348
              ],
              [
                14.543474837,
                61.0146936
              ],
              [
                14.54346968,
                61.015052704
              ],
              [
                14.543284707,
                61.015052078
              ],
              [
                14.543280838,
                61.015321406
              ],
              [
                14.543465812,
                61.015322032
              ],
              [
                14.543463233,
                61.015501584
              ],
              [
                14.543833185,
                61.015502835
              ],
              [
                14.543831896,
                61.015592611
              ],
              [
                14.544016872,
                61.015593236
              ],
              [
                14.544015585,
                61.015683012
              ],
              [
                14.545310421,
                61.015687381
              ],
              [
                14.545309137,
                61.015777157
              ],
              [
                14.545494114,
                61.01577778
              ],
              [
                14.545492831,
                61.015867556
              ],
              [
                14.545307853,
                61.015866933
              ],
              [
                14.545306569,
                61.015956709
              ],
              [
                14.545121591,
                61.015956086
              ],
              [
                14.545120306,
                61.016045862
              ],
              [
                14.544935327,
                61.016045238
              ],
              [
                14.544927616,
                61.016583894
              ],
              [
                14.545112598,
                61.016584518
              ],
              [
                14.545111313,
                61.016674294
              ],
              [
                14.545851243,
                61.016676786
              ],
              [
                14.54584483,
                61.017125666
              ],
              [
                14.546029815,
                61.017126288
              ],
              [
                14.546028533,
                61.017216064
              ],
              [
                14.546213518,
                61.017216686
              ],
              [
                14.546210955,
                61.017396238
              ],
              [
                14.546395942,
                61.01739686
              ],
              [
                14.54639466,
                61.017486636
              ],
              [
                14.546209673,
                61.017486014
              ],
              [
                14.546204547,
                61.017845119
              ],
              [
                14.546019557,
                61.017844496
              ],
              [
                14.546018275,
                61.017934272
              ],
              [
                14.545833285,
                61.01793365
              ],
              [
                14.545832002,
                61.018023426
              ],
              [
                14.545647012,
                61.018022803
              ],
              [
                14.545643162,
                61.018292131
              ],
              [
                14.543608252,
                61.018285265
              ],
              [
                14.543609541,
                61.018195489
              ],
              [
                14.542869576,
                61.018192985
              ],
              [
                14.542870868,
                61.018103209
              ],
              [
                14.542685877,
                61.018102582
              ],
              [
                14.542687168,
                61.018012806
              ],
              [
                14.542502178,
                61.018012179
              ],
              [
                14.54250347,
                61.017922403
              ],
              [
                14.541763512,
                61.017919893
              ],
              [
                14.541762218,
                61.018009669
              ],
              [
                14.541577228,
                61.018009041
              ],
              [
                14.541573343,
                61.018278369
              ],
              [
                14.541758335,
                61.018278997
              ],
              [
                14.541753158,
                61.018638101
              ],
              [
                14.541938152,
                61.018638729
              ],
              [
                14.541929095,
                61.01926716
              ],
              [
                14.542114092,
                61.019267788
              ],
              [
                14.542110212,
                61.019537116
              ],
              [
                14.541555215,
                61.019535232
              ],
              [
                14.541547445,
                61.020073887
              ],
              [
                14.541732448,
                61.020074516
              ],
              [
                14.541729859,
                61.020254068
              ],
              [
                14.541914862,
                61.020254696
              ],
              [
                14.541909686,
                61.020613799
              ],
              [
                14.542094691,
                61.020614427
              ],
              [
                14.542092104,
                61.020793979
              ],
              [
                14.542277111,
                61.020794606
              ],
              [
                14.542273232,
                61.021063934
              ],
              [
                14.54245824,
                61.021064561
              ],
              [
                14.542455655,
                61.021244113
              ],
              [
                14.542640664,
                61.02124474
              ],
              [
                14.54263808,
                61.021424292
              ],
              [
                14.54282309,
                61.021424919
              ],
              [
                14.542820507,
                61.021604471
              ],
              [
                14.543005518,
                61.021605097
              ],
              [
                14.543002936,
                61.021784649
              ],
              [
                14.543187948,
                61.021785276
              ],
              [
                14.543185367,
                61.021964827
              ],
              [
                14.543370381,
                61.021965453
              ],
              [
                14.543367801,
                61.022145005
              ],
              [
                14.543552815,
                61.022145631
              ],
              [
                14.543551526,
                61.022235407
              ],
              [
                14.54373654,
                61.022236033
              ],
              [
                14.543733962,
                61.022415584
              ],
              [
                14.543918978,
                61.02241621
              ],
              [
                14.54391769,
                61.022505986
              ],
              [
                14.544102706,
                61.022506611
              ],
              [
                14.544101418,
                61.022596387
              ],
              [
                14.544286435,
                61.022597011
              ],
              [
                14.544285148,
                61.022686787
              ],
              [
                14.544470165,
                61.022687412
              ],
              [
                14.544467592,
                61.022866964
              ],
              [
                14.54465261,
                61.022867588
              ],
              [
                14.544651324,
                61.022957364
              ],
              [
                14.544836343,
                61.022957988
              ],
              [
                14.544833771,
                61.02313754
              ],
              [
                14.545018791,
                61.023138164
              ],
              [
                14.54501622,
                61.023317715
              ],
              [
                14.545201241,
                61.023318339
              ],
              [
                14.545199957,
                61.023408115
              ],
              [
                14.545384978,
                61.023408738
              ],
              [
                14.54538241,
                61.02358829
              ],
              [
                14.545567432,
                61.023588913
              ],
              [
                14.545563581,
                61.023858241
              ],
              [
                14.545933629,
                61.023859486
              ],
              [
                14.545931064,
                61.024039038
              ],
              [
                14.546301114,
                61.024040282
              ],
              [
                14.546298551,
                61.024219834
              ],
              [
                14.546483577,
                61.024220456
              ],
              [
                14.546482296,
                61.024310232
              ],
              [
                14.546667323,
                61.024310854
              ],
              [
                14.546666042,
                61.02440063
              ],
              [
                14.546295987,
                61.024399386
              ],
              [
                14.546293424,
                61.024578938
              ],
              [
                14.546478452,
                61.02457956
              ],
              [
                14.546477171,
                61.024669336
              ],
              [
                14.5466622,
                61.024669957
              ],
              [
                14.546660919,
                61.024759733
              ],
              [
                14.546845949,
                61.024760355
              ],
              [
                14.546844669,
                61.02485013
              ],
              [
                14.547029699,
                61.024850752
              ],
              [
                14.547027139,
                61.025030303
              ],
              [
                14.54721217,
                61.025030924
              ],
              [
                14.547210891,
                61.0251207
              ],
              [
                14.547395923,
                61.025121321
              ],
              [
                14.547393365,
                61.025300872
              ],
              [
                14.547578398,
                61.025301493
              ],
              [
                14.54757712,
                61.025391269
              ],
              [
                14.547762153,
                61.025391889
              ],
              [
                14.547760875,
                61.025481665
              ],
              [
                14.547945909,
                61.025482285
              ],
              [
                14.547944632,
                61.02557206
              ],
              [
                14.5483147,
                61.025573299
              ],
              [
                14.548313424,
                61.025663075
              ],
              [
                14.548683494,
                61.025664313
              ],
              [
                14.548682219,
                61.025754089
              ],
              [
                14.548867254,
                61.025754708
              ],
              [
                14.54886598,
                61.025844483
              ],
              [
                14.549421087,
                61.025846338
              ],
              [
                14.549419814,
                61.025936114
              ],
              [
                14.549604851,
                61.025936731
              ],
              [
                14.549603578,
                61.026026507
              ],
              [
                14.550343726,
                61.026028975
              ],
              [
                14.550342456,
                61.026118751
              ],
              [
                14.550527493,
                61.026119367
              ],
              [
                14.550526224,
                61.026209143
              ],
              [
                14.551081338,
                61.02621099
              ],
              [
                14.551080069,
                61.026300766
              ],
              [
                14.551820224,
                61.026303225
              ],
              [
                14.551818958,
                61.026393001
              ],
              [
                14.553114232,
                61.026397296
              ],
              [
                14.553111707,
                61.026576848
              ],
              [
                14.553296747,
                61.02657746
              ],
              [
                14.553291699,
                61.026936564
              ],
              [
                14.553106656,
                61.026935952
              ],
              [
                14.553104131,
                61.027115504
              ],
              [
                14.553289174,
                61.027116116
              ],
              [
                14.553287912,
                61.027205892
              ],
              [
                14.553658,
                61.027207116
              ],
              [
                14.553656739,
                61.027296892
              ],
              [
                14.555507184,
                61.027302998
              ],
              [
                14.555505928,
                61.027392774
              ],
              [
                14.555876019,
                61.027393992
              ],
              [
                14.555874764,
                61.027483768
              ],
              [
                14.556429901,
                61.027485594
              ],
              [
                14.556434914,
                61.02712649
              ],
              [
                14.556064827,
                61.027125273
              ],
              [
                14.556067335,
                61.026945721
              ],
              [
                14.555882293,
                61.026945112
              ],
              [
                14.555883548,
                61.026855336
              ],
              [
                14.55606859,
                61.026855945
              ],
              [
                14.556071098,
                61.026676393
              ],
              [
                14.556256139,
                61.026677001
              ],
              [
                14.556258647,
                61.026497449
              ],
              [
                14.556443687,
                61.026498057
              ],
              [
                14.556442433,
                61.026587833
              ],
              [
                14.556627474,
                61.026588441
              ],
              [
                14.556624968,
                61.026767993
              ],
              [
                14.557365134,
                61.026770423
              ],
              [
                14.557366385,
                61.026680646
              ],
              [
                14.557551426,
                61.026681253
              ],
              [
                14.557552676,
                61.026591477
              ],
              [
                14.558107798,
                61.026593295
              ],
              [
                14.558112792,
                61.026234191
              ],
              [
                14.55829783,
                61.026234797
              ],
              [
                14.558299078,
                61.026145021
              ],
              [
                14.558484116,
                61.026145626
              ],
              [
                14.558482869,
                61.026235402
              ],
              [
                14.558667907,
                61.026236007
              ],
              [
                14.55866666,
                61.026325783
              ],
              [
                14.558851699,
                61.026326388
              ],
              [
                14.558850453,
                61.026416164
              ],
              [
                14.559035492,
                61.026416769
              ],
              [
                14.559034246,
                61.026506545
              ],
              [
                14.559219286,
                61.026507149
              ],
              [
                14.559218041,
                61.026596925
              ],
              [
                14.561253487,
                61.026603557
              ],
              [
                14.561252248,
                61.026693333
              ],
              [
                14.561437289,
                61.026693934
              ],
              [
                14.561438528,
                61.026604158
              ],
              [
                14.561623569,
                61.026604759
              ],
              [
                14.56162233,
                61.026694535
              ],
              [
                14.562177454,
                61.026696337
              ],
              [
                14.562178691,
                61.026606561
              ],
              [
                14.562363731,
                61.026607161
              ],
              [
                14.562362495,
                61.026696937
              ],
              [
                14.563842825,
                61.026701728
              ],
              [
                14.563844057,
                61.026611952
              ],
              [
                14.564029098,
                61.02661255
              ],
              [
                14.56403033,
                61.026522774
              ],
              [
                14.56384529,
                61.026522176
              ],
              [
                14.563846522,
                61.0264324
              ],
              [
                14.563661482,
                61.026431802
              ],
              [
                14.563663948,
                61.026252249
              ],
              [
                14.563478909,
                61.026251651
              ],
              [
                14.563481376,
                61.026072099
              ],
              [
                14.563666414,
                61.026072697
              ],
              [
                14.563667646,
                61.025982921
              ],
              [
                14.563482609,
                61.025982323
              ],
              [
                14.563486309,
                61.025712994
              ],
              [
                14.562746167,
                61.025710599
              ],
              [
                14.562748638,
                61.025531047
              ],
              [
                14.562563603,
                61.025530447
              ],
              [
                14.562564839,
                61.025440671
              ],
              [
                14.562194772,
                61.025439471
              ],
              [
                14.562196008,
                61.025349695
              ],
              [
                14.562010975,
                61.025349095
              ],
              [
                14.562009738,
                61.025438871
              ],
              [
                14.561824704,
                61.025438271
              ],
              [
                14.561825942,
                61.025348494
              ],
              [
                14.561640908,
                61.025347894
              ],
              [
                14.561642147,
                61.025258118
              ],
              [
                14.561457114,
                61.025257517
              ],
              [
                14.561458353,
                61.02516774
              ],
              [
                14.561273321,
                61.025167139
              ],
              [
                14.56127456,
                61.025077363
              ],
              [
                14.561089529,
                61.025076762
              ],
              [
                14.561090769,
                61.024986985
              ],
              [
                14.560535675,
                61.024985179
              ],
              [
                14.560536917,
                61.024895403
              ],
              [
                14.560351886,
                61.024894801
              ],
              [
                14.560353128,
                61.024805025
              ],
              [
                14.560168098,
                61.024804422
              ],
              [
                14.56016934,
                61.024714646
              ],
              [
                14.559984311,
                61.024714043
              ],
              [
                14.559985554,
                61.024624267
              ],
              [
                14.559800525,
                61.024623663
              ],
              [
                14.559803012,
                61.024444111
              ],
              [
                14.55998804,
                61.024444714
              ],
              [
                14.559990526,
                61.024265162
              ],
              [
                14.560175553,
                61.024265765
              ],
              [
                14.560176796,
                61.024175989
              ],
              [
                14.560361822,
                61.024176592
              ],
              [
                14.560368033,
                61.023727711
              ],
              [
                14.560553056,
                61.023728314
              ],
              [
                14.560555539,
                61.023548762
              ],
              [
                14.560740562,
                61.023549364
              ],
              [
                14.560743044,
                61.023369812
              ],
              [
                14.560928066,
                61.023370414
              ],
              [
                14.560931787,
                61.023101085
              ],
              [
                14.561116807,
                61.023101687
              ],
              [
                14.561130445,
                61.02211415
              ],
              [
                14.561500474,
                61.022115352
              ],
              [
                14.56150419,
                61.021846024
              ],
              [
                14.561689203,
                61.021846625
              ],
              [
                14.561690441,
                61.021756849
              ],
              [
                14.561505429,
                61.021756248
              ],
              [
                14.561510384,
                61.021397143
              ],
              [
                14.561325373,
                61.021396542
              ],
              [
                14.561329091,
                61.021127214
              ],
              [
                14.5615141,
                61.021127815
              ],
              [
                14.561512861,
                61.021217591
              ],
              [
                14.56169787,
                61.021218192
              ],
              [
                14.561695394,
                61.021397744
              ],
              [
                14.561880404,
                61.021398345
              ],
              [
                14.561879167,
                61.021488121
              ],
              [
                14.562064178,
                61.021488721
              ],
              [
                14.562061703,
                61.021668274
              ],
              [
                14.562246715,
                61.021668874
              ],
              [
                14.562247952,
                61.021579098
              ],
              [
                14.563173009,
                61.021582095
              ],
              [
                14.563169307,
                61.021851423
              ],
              [
                14.56335432,
                61.021852022
              ],
              [
                14.563351853,
                61.022031574
              ],
              [
                14.563536867,
                61.022032173
              ],
              [
                14.563535634,
                61.022121949
              ],
              [
                14.563720649,
                61.022122547
              ],
              [
                14.563719417,
                61.022212323
              ],
              [
                14.563904432,
                61.022212921
              ],
              [
                14.5639032,
                61.022302697
              ],
              [
                14.564088215,
                61.022303295
              ],
              [
                14.564085753,
                61.022482847
              ],
              [
                14.564270769,
                61.022483445
              ],
              [
                14.564269538,
                61.022573221
              ],
              [
                14.564454556,
                61.022573818
              ],
              [
                14.564453325,
                61.022663594
              ],
              [
                14.564823361,
                61.022664788
              ],
              [
                14.564820902,
                61.02284434
              ],
              [
                14.565375959,
                61.022846128
              ],
              [
                14.565374731,
                61.022935905
              ],
              [
                14.56555975,
                61.0229365
              ],
              [
                14.565558523,
                61.023026276
              ],
              [
                14.565928563,
                61.023027467
              ],
              [
                14.565924884,
                61.023296796
              ],
              [
                14.566294927,
                61.023297985
              ],
              [
                14.566293702,
                61.023387761
              ],
              [
                14.566478724,
                61.023388356
              ],
              [
                14.566477499,
                61.023478132
              ],
              [
                14.566847544,
                61.02347932
              ],
              [
                14.566846321,
                61.023569096
              ],
              [
                14.56740139,
                61.023570876
              ],
              [
                14.567400168,
                61.023660652
              ],
              [
                14.567955239,
                61.02366243
              ],
              [
                14.567954018,
                61.023752206
              ],
              [
                14.569064164,
                61.023755755
              ],
              [
                14.569062946,
                61.023845531
              ],
              [
                14.56998807,
                61.023848482
              ],
              [
                14.569986855,
                61.023938258
              ],
              [
                14.570171881,
                61.023938847
              ],
              [
                14.570173095,
                61.023849071
              ],
              [
                14.57035812,
                61.02384966
              ],
              [
                14.570356906,
                61.023939436
              ],
              [
                14.571837109,
                61.02394414
              ],
              [
                14.571838319,
                61.023854364
              ],
              [
                14.572208369,
                61.023855537
              ],
              [
                14.572209577,
                61.023765761
              ],
              [
                14.572394602,
                61.023766347
              ],
              [
                14.57239581,
                61.023676571
              ],
              [
                14.572765857,
                61.023677743
              ],
              [
                14.572767064,
                61.023587966
              ],
              [
                14.572952088,
                61.023588552
              ],
              [
                14.572954501,
                61.023408999
              ],
              [
                14.573139523,
                61.023409585
              ],
              [
                14.573140729,
                61.023319808
              ],
              [
                14.573325751,
                61.023320393
              ],
              [
                14.573328161,
                61.023140841
              ],
              [
                14.573513182,
                61.023141426
              ],
              [
                14.573515592,
                61.022961873
              ],
              [
                14.573700611,
                61.022962457
              ],
              [
                14.573701816,
                61.022872681
              ],
              [
                14.573886835,
                61.022873265
              ],
              [
                14.573888039,
                61.022783489
              ],
              [
                14.574073057,
                61.022784073
              ],
              [
                14.574074261,
                61.022694297
              ],
              [
                14.574444297,
                61.022695464
              ],
              [
                14.574445499,
                61.022605688
              ],
              [
                14.574630517,
                61.022606271
              ],
              [
                14.574629315,
                61.022696047
              ],
              [
                14.574814334,
                61.02269663
              ],
              [
                14.574813132,
                61.022786406
              ],
              [
                14.574998151,
                61.022786989
              ],
              [
                14.57499575,
                61.022966542
              ],
              [
                14.576845948,
                61.022972355
              ],
              [
                14.576843557,
                61.023151907
              ],
              [
                14.577028578,
                61.023152487
              ],
              [
                14.577029773,
                61.023062711
              ],
              [
                14.577214794,
                61.023063291
              ],
              [
                14.577213599,
                61.023153067
              ],
              [
                14.577583641,
                61.023154226
              ],
              [
                14.577586028,
                61.022974673
              ],
              [
                14.578511128,
                61.022977565
              ],
              [
                14.578513509,
                61.022798012
              ],
              [
                14.578698528,
                61.02279859
              ],
              [
                14.578697338,
                61.022888366
              ],
              [
                14.578882357,
                61.022888944
              ],
              [
                14.578881167,
                61.02297872
              ],
              [
                14.579806267,
                61.022981603
              ],
              [
                14.57980508,
                61.023071379
              ],
              [
                14.584060555,
                61.02308456
              ],
              [
                14.58406173,
                61.022994784
              ],
              [
                14.58424675,
                61.022995354
              ],
              [
                14.584247924,
                61.022905577
              ],
              [
                14.584432944,
                61.022906147
              ],
              [
                14.584434118,
                61.022816371
              ],
              [
                14.584619137,
                61.02281694
              ],
              [
                14.584620311,
                61.022727164
              ],
              [
                14.584805329,
                61.022727733
              ],
              [
                14.584806502,
                61.022637957
              ],
              [
                14.58499152,
                61.022638526
              ],
              [
                14.584992693,
                61.022548749
              ],
              [
                14.58517771,
                61.022549318
              ],
              [
                14.585180054,
                61.022369765
              ],
              [
                14.585550087,
                61.022370902
              ],
              [
                14.585551258,
                61.022281126
              ],
              [
                14.58592129,
                61.022282261
              ],
              [
                14.58592246,
                61.022192485
              ],
              [
                14.586107475,
                61.022193052
              ],
              [
                14.586108644,
                61.022103276
              ],
              [
                14.58629366,
                61.022103843
              ],
              [
                14.586294828,
                61.022014067
              ],
              [
                14.586479843,
                61.022014634
              ],
              [
                14.586481011,
                61.021924857
              ],
              [
                14.588886194,
                61.021932205
              ],
              [
                14.588892,
                61.021483322
              ],
              [
                14.588706989,
                61.021482759
              ],
              [
                14.588716283,
                61.020764547
              ],
              [
                14.589271305,
                61.020766237
              ],
              [
                14.589272465,
                61.02067646
              ],
              [
                14.589642479,
                61.020677586
              ],
              [
                14.589643638,
                61.020587809
              ],
              [
                14.591123689,
                61.020592301
              ],
              [
                14.591124844,
                61.020502525
              ],
              [
                14.591679861,
                61.020504205
              ],
              [
                14.591681015,
                61.020414428
              ],
              [
                14.592236031,
                61.020416106
              ],
              [
                14.592239486,
                61.020146777
              ],
              [
                14.592979501,
                61.020149011
              ],
              [
                14.592980651,
                61.020059234
              ],
              [
                14.593165654,
                61.020059792
              ],
              [
                14.593166804,
                61.019970015
              ],
              [
                14.593351806,
                61.019970573
              ],
              [
                14.593352955,
                61.019880796
              ],
              [
                14.59372296,
                61.019881911
              ],
              [
                14.593721812,
                61.019971687
              ],
              [
                14.59427682,
                61.019973357
              ],
              [
                14.594277966,
                61.01988358
              ],
              [
                14.594647971,
                61.019884692
              ],
              [
                14.594650261,
                61.019705139
              ],
              [
                14.594835262,
                61.019705694
              ],
              [
                14.594836407,
                61.019615918
              ],
              [
                14.595206408,
                61.019617028
              ],
              [
                14.595207552,
                61.019527251
              ],
              [
                14.595392552,
                61.019527806
              ],
              [
                14.595393695,
                61.01943803
              ],
              [
                14.595578695,
                61.019438584
              ],
              [
                14.595579837,
                61.019348807
              ],
              [
                14.595764836,
                61.019349362
              ],
              [
                14.595765978,
                61.019259585
              ],
              [
                14.596135975,
                61.019260693
              ],
              [
                14.596134835,
                61.019350469
              ],
              [
                14.596319834,
                61.019351023
              ],
              [
                14.596318694,
                61.019440799
              ],
              [
                14.597613692,
                61.019444666
              ],
              [
                14.597614829,
                61.01935489
              ],
              [
                14.597799828,
                61.019355441
              ],
              [
                14.597800964,
                61.019265665
              ],
              [
                14.598355961,
                61.019267317
              ],
              [
                14.598358229,
                61.019087764
              ],
              [
                14.598543227,
                61.019088315
              ],
              [
                14.598544361,
                61.018998538
              ],
              [
                14.59928435,
                61.019000737
              ],
              [
                14.599285482,
                61.018910961
              ],
              [
                14.599470479,
                61.01891151
              ],
              [
                14.599472741,
                61.018731956
              ],
              [
                14.599657737,
                61.018732505
              ],
              [
                14.599658868,
                61.018642729
              ],
              [
                14.599843863,
                61.018643277
              ],
              [
                14.599844993,
                61.018553501
              ],
              [
                14.600214983,
                61.018554597
              ],
              [
                14.600216112,
                61.018464821
              ],
              [
                14.600401106,
                61.018465368
              ],
              [
                14.600402235,
                61.018375592
              ],
              [
                14.600772222,
                61.018376687
              ],
              [
                14.60077335,
                61.01828691
              ],
              [
                14.601143336,
                61.018288004
              ],
              [
                14.601146716,
                61.018018674
              ],
              [
                14.601147842,
                61.017928897
              ],
              [
                14.602257789,
                61.017932173
              ],
              [
                14.602260036,
                61.01775262
              ],
              [
                14.602630016,
                61.01775371
              ],
              [
                14.602631138,
                61.017663933
              ],
              [
                14.603556086,
                61.017666653
              ],
              [
                14.603554966,
                61.01775643
              ],
              [
                14.603739957,
                61.017756973
              ],
              [
                14.603741076,
                61.017667196
              ],
              [
                14.604481034,
                61.017669367
              ],
              [
                14.60448662,
                61.017220484
              ],
              [
                14.605041581,
                61.017222109
              ],
              [
                14.605042696,
                61.017132332
              ],
              [
                14.605227683,
                61.017132873
              ],
              [
                14.605228798,
                61.017043097
              ],
              [
                14.6065237,
                61.017046878
              ],
              [
                14.606524812,
                61.016957101
              ],
              [
                14.606709797,
                61.016957641
              ],
              [
                14.606710908,
                61.016867864
              ],
              [
                14.606895893,
                61.016868403
              ],
              [
                14.606897003,
                61.016778626
              ],
              [
                14.607081988,
                61.016779165
              ],
              [
                14.607084207,
                61.016599611
              ],
              [
                14.607269191,
                61.01660015
              ],
              [
                14.607271409,
                61.016420596
              ],
              [
                14.607456391,
                61.016421135
              ],
              [
                14.6074575,
                61.016331358
              ],
              [
                14.607827464,
                61.016332433
              ],
              [
                14.607828571,
                61.016242657
              ],
              [
                14.608013553,
                61.016243194
              ],
              [
                14.608017981,
                61.015884087
              ],
              [
                14.60838794,
                61.015885161
              ],
              [
                14.608389046,
                61.015795384
              ],
              [
                14.608574025,
                61.015795921
              ],
              [
                14.608576235,
                61.015616367
              ],
              [
                14.609131169,
                61.015617976
              ],
              [
                14.609132273,
                61.015528199
              ],
              [
                14.610057159,
                61.015530875
              ],
              [
                14.610056058,
                61.015620651
              ],
              [
                14.610610992,
                61.015622254
              ],
              [
                14.610609892,
                61.015712031
              ],
              [
                14.61079487,
                61.015712564
              ],
              [
                14.610789374,
                61.016161448
              ],
              [
                14.610604393,
                61.016160914
              ],
              [
                14.610603294,
                61.016250691
              ],
              [
                14.610418312,
                61.016250157
              ],
              [
                14.610417212,
                61.016339934
              ],
              [
                14.61023223,
                61.0163394
              ],
              [
                14.610230028,
                61.016518954
              ],
              [
                14.610045045,
                61.016518419
              ],
              [
                14.610042842,
                61.016697973
              ],
              [
                14.609857858,
                61.016697438
              ],
              [
                14.609856756,
                61.016787215
              ],
              [
                14.609486787,
                61.016786145
              ],
              [
                14.609485684,
                61.016875922
              ],
              [
                14.609300699,
                61.016875386
              ],
              [
                14.609295182,
                61.01732427
              ],
              [
                14.609480169,
                61.017324805
              ],
              [
                14.609479067,
                61.017414582
              ],
              [
                14.60910909,
                61.017413511
              ],
              [
                14.609107986,
                61.017503288
              ],
              [
                14.608922997,
                61.017502752
              ],
              [
                14.608921893,
                61.017592529
              ],
              [
                14.608736903,
                61.017591992
              ],
              [
                14.608726957,
                61.018399983
              ],
              [
                14.608541963,
                61.018399446
              ],
              [
                14.608539752,
                61.018579
              ],
              [
                14.608354757,
                61.018578463
              ],
              [
                14.608353651,
                61.01866824
              ],
              [
                14.608168655,
                61.018667703
              ],
              [
                14.608167548,
                61.01875748
              ],
              [
                14.607982552,
                61.018756942
              ],
              [
                14.607981445,
                61.018846719
              ],
              [
                14.607796449,
                61.018846182
              ],
              [
                14.607793125,
                61.019115512
              ],
              [
                14.607608127,
                61.019114974
              ],
              [
                14.607607019,
                61.019204751
              ],
              [
                14.60742202,
                61.019204213
              ],
              [
                14.607413149,
                61.019922426
              ],
              [
                14.607228146,
                61.019921888
              ],
              [
                14.607223708,
                61.020280995
              ],
              [
                14.607038703,
                61.020280456
              ],
              [
                14.607035373,
                61.020549786
              ],
              [
                14.60722038,
                61.020550325
              ],
              [
                14.60721927,
                61.020640102
              ],
              [
                14.607034263,
                61.020639563
              ],
              [
                14.607033153,
                61.02072934
              ],
              [
                14.606478131,
                61.020727723
              ],
              [
                14.606477019,
                61.020817499
              ],
              [
                14.606292011,
                61.02081696
              ],
              [
                14.606287563,
                61.021176066
              ],
              [
                14.605917542,
                61.021174987
              ],
              [
                14.605916429,
                61.021264763
              ],
              [
                14.605731419,
                61.021264223
              ],
              [
                14.605723622,
                61.02189266
              ],
              [
                14.605908636,
                61.0218932
              ],
              [
                14.60590641,
                61.022072753
              ],
              [
                14.605721395,
                61.022072213
              ],
              [
                14.605718053,
                61.022341543
              ],
              [
                14.60590307,
                61.022342083
              ],
              [
                14.605897503,
                61.022790966
              ],
              [
                14.605712484,
                61.022790426
              ],
              [
                14.605708029,
                61.023149532
              ],
              [
                14.605523007,
                61.023148992
              ],
              [
                14.605518549,
                61.023508098
              ],
              [
                14.605333526,
                61.023507558
              ],
              [
                14.605324606,
                61.02422577
              ],
              [
                14.605139578,
                61.024225229
              ],
              [
                14.605135116,
                61.024584336
              ],
              [
                14.605320146,
                61.024584877
              ],
              [
                14.60531903,
                61.024674653
              ],
              [
                14.605504061,
                61.024675194
              ],
              [
                14.605498488,
                61.025124077
              ],
              [
                14.605313455,
                61.025123536
              ],
              [
                14.60531234,
                61.025213313
              ],
              [
                14.605127306,
                61.025212772
              ],
              [
                14.605126191,
                61.025302549
              ],
              [
                14.604941157,
                61.025302007
              ],
              [
                14.604940041,
                61.025391784
              ],
              [
                14.604755006,
                61.025391242
              ],
              [
                14.604753889,
                61.025481019
              ],
              [
                14.604568854,
                61.025480477
              ],
              [
                14.604567737,
                61.025570253
              ],
              [
                14.604382701,
                61.025569711
              ],
              [
                14.604379348,
                61.025839041
              ],
              [
                14.604194311,
                61.025838498
              ],
              [
                14.604190956,
                61.026107828
              ],
              [
                14.604005917,
                61.026107285
              ],
              [
                14.604002561,
                61.026376615
              ],
              [
                14.60381752,
                61.026376072
              ],
              [
                14.603813043,
                61.026735178
              ],
              [
                14.603628,
                61.026734635
              ],
              [
                14.603623521,
                61.027093741
              ],
              [
                14.603438476,
                61.027093198
              ],
              [
                14.603433994,
                61.027452304
              ],
              [
                14.603248947,
                61.02745176
              ],
              [
                14.603246705,
                61.027631313
              ],
              [
                14.603061658,
                61.027630769
              ],
              [
                14.603060536,
                61.027720546
              ],
              [
                14.602875488,
                61.027720002
              ],
              [
                14.602874366,
                61.027809778
              ],
              [
                14.602689317,
                61.027809234
              ],
              [
                14.602688195,
                61.02789901
              ],
              [
                14.602503146,
                61.027898466
              ],
              [
                14.602502022,
                61.027988242
              ],
              [
                14.601946873,
                61.027986606
              ],
              [
                14.601945749,
                61.028076383
              ],
              [
                14.601760698,
                61.028075837
              ],
              [
                14.601756197,
                61.028434943
              ],
              [
                14.601386093,
                61.028433851
              ],
              [
                14.601384966,
                61.028523627
              ],
              [
                14.601199914,
                61.028523081
              ],
              [
                14.601198787,
                61.028612857
              ],
              [
                14.601013734,
                61.02861231
              ],
              [
                14.601012606,
                61.028702087
              ],
              [
                14.600827552,
                61.02870154
              ],
              [
                14.600826424,
                61.028791316
              ],
              [
                14.60064137,
                61.028790769
              ],
              [
                14.600640242,
                61.028880545
              ],
              [
                14.600455187,
                61.028879998
              ],
              [
                14.600452929,
                61.029059551
              ],
              [
                14.600267873,
                61.029059003
              ],
              [
                14.600266743,
                61.029148779
              ],
              [
                14.600081687,
                61.029148231
              ],
              [
                14.600080557,
                61.029238008
              ],
              [
                14.5998955,
                61.029237459
              ],
              [
                14.599894369,
                61.029327236
              ],
              [
                14.599524255,
                61.029326138
              ],
              [
                14.599516333,
                61.029954574
              ],
              [
                14.599331272,
                61.029954025
              ],
              [
                14.599329007,
                61.030133578
              ],
              [
                14.599143945,
                61.030133028
              ],
              [
                14.599134883,
                61.03085124
              ],
              [
                14.59876475,
                61.03085014
              ],
              [
                14.598763617,
                61.030939917
              ],
              [
                14.59857855,
                61.030939367
              ],
              [
                14.598577415,
                61.031029143
              ],
              [
                14.598392348,
                61.031028593
              ],
              [
                14.598390078,
                61.031208146
              ],
              [
                14.59820501,
                61.031207595
              ],
              [
                14.598202739,
                61.031387148
              ],
              [
                14.59801767,
                61.031386597
              ],
              [
                14.598010853,
                61.031925255
              ],
              [
                14.597825781,
                61.031924704
              ],
              [
                14.597824644,
                61.032014481
              ],
              [
                14.597639571,
                61.032013929
              ],
              [
                14.597627063,
                61.03300147
              ],
              [
                14.597441984,
                61.033000918
              ],
              [
                14.597437433,
                61.033360024
              ],
              [
                14.597252352,
                61.033359472
              ],
              [
                14.597247799,
                61.033718577
              ],
              [
                14.597062716,
                61.033718025
              ],
              [
                14.597061578,
                61.033807801
              ],
              [
                14.596876494,
                61.033807249
              ],
              [
                14.596875355,
                61.033897025
              ],
              [
                14.596690271,
                61.033896472
              ],
              [
                14.596686851,
                61.034165802
              ],
              [
                14.596501766,
                61.034165249
              ],
              [
                14.596498344,
                61.034434578
              ],
              [
                14.596313257,
                61.034434024
              ],
              [
                14.596312116,
                61.034523801
              ],
              [
                14.596127029,
                61.034523247
              ],
              [
                14.596125887,
                61.034613024
              ],
              [
                14.595940799,
                61.03461247
              ],
              [
                14.595937373,
                61.034881799
              ],
              [
                14.595752283,
                61.034881245
              ],
              [
                14.595751141,
                61.034971021
              ],
              [
                14.595566051,
                61.034970467
              ],
              [
                14.595563764,
                61.03515002
              ],
              [
                14.595378673,
                61.035149465
              ],
              [
                14.595377529,
                61.035239241
              ],
              [
                14.595192438,
                61.035238687
              ],
              [
                14.595191294,
                61.035328463
              ],
              [
                14.595006201,
                61.035327908
              ],
              [
                14.595003912,
                61.035507461
              ],
              [
                14.594818819,
                61.035506905
              ],
              [
                14.594817673,
                61.035596682
              ],
              [
                14.595002767,
                61.035597237
              ],
              [
                14.594998188,
                61.035956342
              ],
              [
                14.594813092,
                61.035955787
              ],
              [
                14.594811947,
                61.036045563
              ],
              [
                14.594626851,
                61.036045008
              ],
              [
                14.594623413,
                61.036314337
              ],
              [
                14.594438315,
                61.036313781
              ],
              [
                14.594437169,
                61.036403557
              ],
              [
                14.59425207,
                61.036403001
              ],
              [
                14.594250923,
                61.036492777
              ],
              [
                14.594065824,
                61.036492221
              ],
              [
                14.594064677,
                61.036581997
              ],
              [
                14.593879577,
                61.036581441
              ],
              [
                14.593878429,
                61.036671217
              ],
              [
                14.593693329,
                61.03667066
              ],
              [
                14.593692181,
                61.036760436
              ],
              [
                14.59350708,
                61.036759879
              ],
              [
                14.593505931,
                61.036849655
              ],
              [
                14.59332083,
                61.036849098
              ],
              [
                14.593318531,
                61.037028651
              ],
              [
                14.592948327,
                61.037027535
              ],
              [
                14.592947176,
                61.037117311
              ],
              [
                14.592762074,
                61.037116753
              ],
              [
                14.592760923,
                61.03720653
              ],
              [
                14.592390716,
                61.037205412
              ],
              [
                14.592391868,
                61.037115636
              ],
              [
                14.592021663,
                61.037114518
              ],
              [
                14.592022816,
                61.037024742
              ],
              [
                14.59146751,
                61.037023063
              ],
              [
                14.591466355,
                61.037112839
              ],
              [
                14.591281253,
                61.037112279
              ],
              [
                14.591280097,
                61.037202055
              ],
              [
                14.590909891,
                61.037200934
              ],
              [
                14.590908735,
                61.03729071
              ],
              [
                14.590538528,
                61.037289588
              ],
              [
                14.590535055,
                61.037558917
              ],
              [
                14.59034995,
                61.037558355
              ],
              [
                14.590348792,
                61.037648131
              ],
              [
                14.589793475,
                61.037646445
              ],
              [
                14.589792316,
                61.037736222
              ],
              [
                14.589422103,
                61.037735096
              ],
              [
                14.589420943,
                61.037824873
              ],
              [
                14.589235836,
                61.03782431
              ],
              [
                14.589234675,
                61.037914086
              ],
              [
                14.588864461,
                61.037912959
              ],
              [
                14.588863298,
                61.038002735
              ],
              [
                14.588493083,
                61.038001608
              ],
              [
                14.58849192,
                61.038091384
              ],
              [
                14.588306812,
                61.03809082
              ],
              [
                14.588305648,
                61.038180596
              ],
              [
                14.587009887,
                61.038176639
              ],
              [
                14.587008719,
                61.038266415
              ],
              [
                14.586638501,
                61.038265282
              ],
              [
                14.586637332,
                61.038355058
              ],
              [
                14.586452223,
                61.038354491
              ],
              [
                14.586451054,
                61.038444268
              ],
              [
                14.586636164,
                61.038444834
              ],
              [
                14.586634995,
                61.038534611
              ],
              [
                14.587005217,
                61.038535744
              ],
              [
                14.587004049,
                61.03862552
              ],
              [
                14.589040274,
                61.038631733
              ],
              [
                14.589041436,
                61.038541956
              ],
              [
                14.590152101,
                61.038545332
              ],
              [
                14.590149784,
                61.038724885
              ],
              [
                14.590334896,
                61.038725447
              ],
              [
                14.590336054,
                61.03863567
              ],
              [
                14.590706277,
                61.038636793
              ],
              [
                14.590707434,
                61.038547017
              ],
              [
                14.592188322,
                61.038551498
              ],
              [
                14.592189475,
                61.038461721
              ],
              [
                14.592374585,
                61.03846228
              ],
              [
                14.592375737,
                61.038372504
              ],
              [
                14.593486397,
                61.038375853
              ],
              [
                14.593487546,
                61.038286076
              ],
              [
                14.594227984,
                61.038288304
              ],
              [
                14.594229131,
                61.038198527
              ],
              [
                14.59441424,
                61.038199083
              ],
              [
                14.594413094,
                61.03828886
              ],
              [
                14.59589397,
                61.0382933
              ],
              [
                14.595895112,
                61.038203524
              ],
              [
                14.596080222,
                61.038204078
              ],
              [
                14.596081363,
                61.038114301
              ],
              [
                14.596821798,
                61.038116514
              ],
              [
                14.596820658,
                61.038206291
              ],
              [
                14.597005767,
                61.038206843
              ],
              [
                14.597002349,
                61.038476172
              ],
              [
                14.59718746,
                61.038476725
              ],
              [
                14.597185183,
                61.038656277
              ],
              [
                14.597370294,
                61.038656829
              ],
              [
                14.59736688,
                61.038926158
              ],
              [
                14.597551993,
                61.03892671
              ],
              [
                14.597550855,
                61.039016487
              ],
              [
                14.597735969,
                61.039017038
              ],
              [
                14.597734832,
                61.039106814
              ],
              [
                14.597919946,
                61.039107366
              ],
              [
                14.5979154,
                61.039466471
              ],
              [
                14.598100516,
                61.039467022
              ],
              [
                14.598098244,
                61.039646575
              ],
              [
                14.598283362,
                61.039647126
              ],
              [
                14.598279955,
                61.039916455
              ],
              [
                14.598465074,
                61.039917005
              ],
              [
                14.598462803,
                61.040096558
              ],
              [
                14.598647924,
                61.040097108
              ],
              [
                14.59864452,
                61.040366437
              ],
              [
                14.598829641,
                61.040366988
              ],
              [
                14.598828507,
                61.040456764
              ],
              [
                14.599383874,
                61.040458413
              ],
              [
                14.599385007,
                61.040368636
              ],
              [
                14.600865981,
                61.040373022
              ],
              [
                14.600867109,
                61.040283246
              ],
              [
                14.603273687,
                61.040290338
              ],
              [
                14.603272565,
                61.040380114
              ],
              [
                14.603457687,
                61.040380658
              ],
              [
                14.603456566,
                61.040470435
              ],
              [
                14.603826811,
                61.040471521
              ],
              [
                14.603825691,
                61.040561298
              ],
              [
                14.604195937,
                61.040562384
              ],
              [
                14.604194818,
                61.04065216
              ],
              [
                14.604379941,
                61.040652703
              ],
              [
                14.604378823,
                61.040742479
              ],
              [
                14.604563947,
                61.040743021
              ],
              [
                14.604561711,
                61.040922574
              ],
              [
                14.604746836,
                61.040923116
              ],
              [
                14.604745719,
                61.041012892
              ],
              [
                14.604930844,
                61.041013434
              ],
              [
                14.604929727,
                61.04110321
              ],
              [
                14.605114854,
                61.041103752
              ],
              [
                14.605113737,
                61.041193528
              ],
              [
                14.605298864,
                61.04119407
              ],
              [
                14.605296632,
                61.041373622
              ],
              [
                14.60548176,
                61.041374163
              ],
              [
                14.605480644,
                61.04146394
              ],
              [
                14.605850901,
                61.041465021
              ],
              [
                14.605849787,
                61.041554797
              ],
              [
                14.606405173,
                61.041556417
              ],
              [
                14.606406286,
                61.041466641
              ],
              [
                14.606776543,
                61.04146772
              ],
              [
                14.606777654,
                61.041377943
              ],
              [
                14.608073549,
                61.041381711
              ],
              [
                14.608074657,
                61.041291935
              ],
              [
                14.609555676,
                61.041296225
              ],
              [
                14.60955678,
                61.041206449
              ],
              [
                14.614925462,
                61.041221866
              ],
              [
                14.614924373,
                61.041311642
              ],
              [
                14.615479756,
                61.041313225
              ],
              [
                14.615478669,
                61.041403001
              ],
              [
                14.617144822,
                61.041407736
              ],
              [
                14.61714374,
                61.041497512
              ],
              [
                14.617328869,
                61.041498037
              ],
              [
                14.617327787,
                61.041587813
              ],
              [
                14.617698045,
                61.041588862
              ],
              [
                14.617696964,
                61.041678639
              ],
              [
                14.618437484,
                61.041680733
              ],
              [
                14.618435326,
                61.041860286
              ],
              [
                14.618990719,
                61.041861855
              ],
              [
                14.618989641,
                61.041951631
              ],
              [
                14.619174773,
                61.041952153
              ],
              [
                14.619173696,
                61.04204193
              ],
              [
                14.619358828,
                61.042042452
              ],
              [
                14.619357752,
                61.042132228
              ],
              [
                14.619542884,
                61.04213275
              ],
              [
                14.619541809,
                61.042222527
              ],
              [
                14.619726942,
                61.042223048
              ],
              [
                14.619725867,
                61.042312825
              ],
              [
                14.620096134,
                61.042313867
              ],
              [
                14.62009506,
                61.042403643
              ],
              [
                14.620280194,
                61.042404164
              ],
              [
                14.62027912,
                61.042493941
              ],
              [
                14.620649389,
                61.042494981
              ],
              [
                14.620646172,
                61.042764311
              ],
              [
                14.620831308,
                61.042764831
              ],
              [
                14.620830236,
                61.042854607
              ],
              [
                14.620645099,
                61.042854087
              ],
              [
                14.620641881,
                61.043123417
              ],
              [
                14.620456743,
                61.043122897
              ],
              [
                14.620454597,
                61.04330245
              ],
              [
                14.620639736,
                61.04330297
              ],
              [
                14.620637591,
                61.043482523
              ],
              [
                14.620822731,
                61.043483043
              ],
              [
                14.620820587,
                61.043662596
              ],
              [
                14.620635446,
                61.043662076
              ],
              [
                14.620633301,
                61.043841629
              ],
              [
                14.620263016,
                61.043840588
              ],
              [
                14.620258721,
                61.044199694
              ],
              [
                14.62062901,
                61.044200735
              ],
              [
                14.620627937,
                61.044290512
              ],
              [
                14.620813082,
                61.044291032
              ],
              [
                14.62081201,
                61.044380808
              ],
              [
                14.620997156,
                61.044381328
              ],
              [
                14.620996084,
                61.044471104
              ],
              [
                14.62118123,
                61.044471624
              ],
              [
                14.621180159,
                61.0445614
              ],
              [
                14.621365306,
                61.04456192
              ],
              [
                14.621364235,
                61.044651696
              ],
              [
                14.621549383,
                61.044652215
              ],
              [
                14.621548313,
                61.044741992
              ],
              [
                14.62173346,
                61.04474251
              ],
              [
                14.621731321,
                61.044922063
              ],
              [
                14.62191647,
                61.044922582
              ],
              [
                14.621915401,
                61.045012358
              ],
              [
                14.62210055,
                61.045012877
              ],
              [
                14.622099482,
                61.045102653
              ],
              [
                14.622284631,
                61.045103171
              ],
              [
                14.622283563,
                61.045192948
              ],
              [
                14.622468714,
                61.045193465
              ],
              [
                14.622467646,
                61.045283242
              ],
              [
                14.622652797,
                61.045283759
              ],
              [
                14.622650663,
                61.045463312
              ],
              [
                14.622835815,
                61.04546383
              ],
              [
                14.622834749,
                61.045553606
              ],
              [
                14.623019901,
                61.045554123
              ],
              [
                14.623014571,
                61.046003006
              ],
              [
                14.623199726,
                61.046003523
              ],
              [
                14.623197595,
                61.046183076
              ],
              [
                14.623382752,
                61.046183592
              ],
              [
                14.623380622,
                61.046363145
              ],
              [
                14.623565779,
                61.046363661
              ],
              [
                14.623564714,
                61.046453438
              ],
              [
                14.623749872,
                61.046453954
              ],
              [
                14.623748808,
                61.04654373
              ],
              [
                14.623933967,
                61.046544246
              ],
              [
                14.62393184,
                61.046723799
              ],
              [
                14.624116999,
                61.046724315
              ],
              [
                14.624115936,
                61.046814091
              ],
              [
                14.624301096,
                61.046814606
              ],
              [
                14.624293659,
                61.047443042
              ],
              [
                14.624478823,
                61.047443557
              ],
              [
                14.624477761,
                61.047533333
              ],
              [
                14.624662925,
                61.047533848
              ],
              [
                14.624657618,
                61.047982731
              ],
              [
                14.624842784,
                61.047983245
              ],
              [
                14.624841723,
                61.048073022
              ],
              [
                14.625026891,
                61.048073536
              ],
              [
                14.62502477,
                61.048253089
              ],
              [
                14.625209938,
                61.048253603
              ],
              [
                14.625208878,
                61.048343379
              ],
              [
                14.625764385,
                61.04834492
              ],
              [
                14.625763326,
                61.048434696
              ],
              [
                14.625948496,
                61.048435209
              ],
              [
                14.625947438,
                61.048524986
              ],
              [
                14.627428797,
                61.048529081
              ],
              [
                14.627429851,
                61.048439304
              ],
              [
                14.62761502,
                61.048439815
              ],
              [
                14.627616073,
                61.048350038
              ],
              [
                14.627986411,
                61.048351059
              ],
              [
                14.627987463,
                61.048261282
              ],
              [
                14.628172632,
                61.048261792
              ],
              [
                14.62817158,
                61.048351569
              ],
              [
                14.628356749,
                61.048352079
              ],
              [
                14.628354647,
                61.048531632
              ],
              [
                14.628539817,
                61.048532141
              ],
              [
                14.628538767,
                61.048621918
              ],
              [
                14.628723937,
                61.048622427
              ],
              [
                14.628722887,
                61.048712203
              ],
              [
                14.628908058,
                61.048712712
              ],
              [
                14.628907009,
                61.048802489
              ],
              [
                14.62909218,
                61.048802997
              ],
              [
                14.629087985,
                61.049162104
              ],
              [
                14.628902811,
                61.049161595
              ],
              [
                14.628901761,
                61.049251371
              ],
              [
                14.628716587,
                61.049250862
              ],
              [
                14.628715537,
                61.049340639
              ],
              [
                14.628900712,
                61.049341148
              ],
              [
                14.628899662,
                61.049430924
              ],
              [
                14.629455188,
                61.04943245
              ],
              [
                14.629453092,
                61.049612003
              ],
              [
                14.629638269,
                61.049612511
              ],
              [
                14.629637221,
                61.049702287
              ],
              [
                14.629822398,
                61.049702795
              ],
              [
                14.62981821,
                61.050061901
              ],
              [
                14.630003389,
                61.050062408
              ],
              [
                14.630002343,
                61.050152185
              ],
              [
                14.630187522,
                61.050152692
              ],
              [
                14.630183339,
                61.050511798
              ],
              [
                14.63036852,
                61.050512305
              ],
              [
                14.630366429,
                61.050691858
              ],
              [
                14.630551612,
                61.050692365
              ],
              [
                14.630550567,
                61.050782141
              ],
              [
                14.63073575,
                61.050782648
              ],
              [
                14.630734706,
                61.050872424
              ],
              [
                14.63091989,
                61.050872931
              ],
              [
                14.630918846,
                61.050962707
              ],
              [
                14.63110403,
                61.050963213
              ],
              [
                14.631096726,
                61.051591649
              ],
              [
                14.630911539,
                61.051591143
              ],
              [
                14.630909451,
                61.051770696
              ],
              [
                14.631465018,
                61.051772213
              ],
              [
                14.631463975,
                61.051861989
              ],
              [
                14.631649165,
                61.051862495
              ],
              [
                14.631648123,
                61.051952271
              ],
              [
                14.631833313,
                61.051952776
              ],
              [
                14.63183123,
                61.052132329
              ],
              [
                14.632016421,
                61.052132834
              ],
              [
                14.63201538,
                61.05222261
              ],
              [
                14.632200572,
                61.052223115
              ],
              [
                14.632199532,
                61.052312891
              ],
              [
                14.632384724,
                61.052313395
              ],
              [
                14.632383684,
                61.052403172
              ],
              [
                14.632568877,
                61.052403676
              ],
              [
                14.632567838,
                61.052493452
              ],
              [
                14.632753031,
                61.052493956
              ],
              [
                14.632751992,
                61.052583733
              ],
              [
                14.633122379,
                61.052584739
              ],
              [
                14.633121342,
                61.052674516
              ],
              [
                14.633306536,
                61.052675019
              ],
              [
                14.633305499,
                61.052764795
              ],
              [
                14.633490694,
                61.052765298
              ],
              [
                14.633489657,
                61.052855074
              ],
              [
                14.634045243,
                61.052856581
              ],
              [
                14.634044208,
                61.052946357
              ],
              [
                14.634229404,
                61.052946859
              ],
              [
                14.634228369,
                61.053036635
              ],
              [
                14.634598762,
                61.053037638
              ],
              [
                14.634597728,
                61.053127415
              ],
              [
                14.634782925,
                61.053127915
              ],
              [
                14.634781892,
                61.053217692
              ],
              [
                14.635893077,
                61.053220692
              ],
              [
                14.635892047,
                61.053310469
              ],
              [
                14.636077245,
                61.053310968
              ],
              [
                14.636076216,
                61.053400744
              ],
              [
                14.635891017,
                61.053400245
              ],
              [
                14.635889987,
                61.053490022
              ],
              [
                14.636075186,
                61.053490521
              ],
              [
                14.636073128,
                61.053670074
              ],
              [
                14.636258328,
                61.053670573
              ],
              [
                14.636255241,
                61.053939902
              ],
              [
                14.636440443,
                61.053940401
              ],
              [
                14.636439414,
                61.054030178
              ],
              [
                14.636624617,
                61.054030676
              ],
              [
                14.636620505,
                61.054389782
              ],
              [
                14.636805709,
                61.05439028
              ],
              [
                14.636804682,
                61.054480057
              ],
              [
                14.636989887,
                61.054480555
              ],
              [
                14.636987833,
                61.054660108
              ],
              [
                14.637173039,
                61.054660605
              ],
              [
                14.637170986,
                61.054840158
              ],
              [
                14.637356193,
                61.054840656
              ],
              [
                14.637354142,
                61.055020209
              ],
              [
                14.63753935,
                61.055020706
              ],
              [
                14.637529096,
                61.055918471
              ],
              [
                14.63771431,
                61.055918968
              ],
              [
                14.637711235,
                61.056188298
              ],
              [
                14.63789645,
                61.056188794
              ],
              [
                14.637895426,
                61.056278571
              ],
              [
                14.638265856,
                61.056279563
              ],
              [
                14.63826381,
                61.056459116
              ],
              [
                14.638449026,
                61.056459612
              ],
              [
                14.638448003,
                61.056549389
              ],
              [
                14.63863322,
                61.056549884
              ],
              [
                14.638632198,
                61.056639661
              ],
              [
                14.638817416,
                61.056640156
              ],
              [
                14.638816394,
                61.056729933
              ],
              [
                14.639001612,
                61.056730428
              ],
              [
                14.639000591,
                61.056820204
              ],
              [
                14.639185809,
                61.056820699
              ],
              [
                14.639184788,
                61.056910476
              ],
              [
                14.639370008,
                61.056910971
              ],
              [
                14.639368987,
                61.057000747
              ],
              [
                14.639739427,
                61.057001736
              ],
              [
                14.639738407,
                61.057091512
              ],
              [
                14.639923628,
                61.057092006
              ],
              [
                14.639919553,
                61.057451112
              ],
              [
                14.640104775,
                61.057451606
              ],
              [
                14.640103757,
                61.057541382
              ],
              [
                14.640474203,
                61.057542369
              ],
              [
                14.640472168,
                61.057721922
              ],
              [
                14.640842616,
                61.057722907
              ],
              [
                14.6408416,
                61.057812684
              ],
              [
                14.641026824,
                61.057813176
              ],
              [
                14.64102784,
                61.0577234
              ],
              [
                14.641213064,
                61.057723892
              ],
              [
                14.641212049,
                61.057813668
              ],
              [
                14.641767722,
                61.057815143
              ],
              [
                14.641768735,
                61.057725366
              ],
              [
                14.641953959,
                61.057725858
              ],
              [
                14.641955985,
                61.057546304
              ],
              [
                14.642141208,
                61.057546795
              ],
              [
                14.642142221,
                61.057457019
              ],
              [
                14.642327443,
                61.057457509
              ],
              [
                14.642328455,
                61.057367733
              ],
              [
                14.643439786,
                61.057370671
              ],
              [
                14.643438777,
                61.057460447
              ],
              [
                14.643623999,
                61.057460936
              ],
              [
                14.643622991,
                61.057550713
              ],
              [
                14.643808214,
                61.057551201
              ],
              [
                14.643809222,
                61.057461425
              ],
              [
                14.644364889,
                61.057462889
              ],
              [
                14.644365895,
                61.057373112
              ],
              [
                14.646032892,
                61.057377491
              ],
              [
                14.646031891,
                61.057467267
              ],
              [
                14.646402336,
                61.057468238
              ],
              [
                14.646403336,
                61.057378461
              ],
              [
                14.646588558,
                61.057378946
              ],
              [
                14.646589558,
                61.057289169
              ],
              [
                14.646960001,
                61.057290138
              ],
              [
                14.646961999,
                61.057110585
              ],
              [
                14.647147219,
                61.057111069
              ],
              [
                14.647148217,
                61.057021292
              ],
              [
                14.647333437,
                61.057021776
              ],
              [
                14.647334435,
                61.056931999
              ],
              [
                14.647704874,
                61.056932966
              ],
              [
                14.647703877,
                61.057022742
              ],
              [
                14.649556076,
                61.05702756
              ],
              [
                14.649557068,
                61.056937784
              ],
              [
                14.649742287,
                61.056938264
              ],
              [
                14.649743278,
                61.056848488
              ],
              [
                14.649558059,
                61.056848007
              ],
              [
                14.649560042,
                61.056668454
              ],
              [
                14.649374824,
                61.056667973
              ],
              [
                14.649376808,
                61.05648842
              ],
              [
                14.649932458,
                61.056489861
              ],
              [
                14.649933449,
                61.056400085
              ],
              [
                14.650118665,
                61.056400565
              ],
              [
                14.650123614,
                61.055951681
              ],
              [
                14.650864469,
                61.055953598
              ],
              [
                14.650865456,
                61.055863822
              ],
              [
                14.65105067,
                61.0558643
              ],
              [
                14.651051657,
                61.055774524
              ],
              [
                14.651792508,
                61.055776435
              ],
              [
                14.651794478,
                61.055596882
              ],
              [
                14.651979689,
                61.055597359
              ],
              [
                14.651980674,
                61.055507583
              ],
              [
                14.652721518,
                61.05550949
              ],
              [
                14.652722501,
                61.055419713
              ],
              [
                14.652907711,
                61.055420189
              ],
              [
                14.652908693,
                61.055330412
              ],
              [
                14.653093903,
                61.055330888
              ],
              [
                14.653094885,
                61.055241111
              ],
              [
                14.653280094,
                61.055241587
              ],
              [
                14.653281075,
                61.05515181
              ],
              [
                14.653836703,
                61.055153235
              ],
              [
                14.653837682,
                61.055063459
              ],
              [
                14.65402289,
                61.055063933
              ],
              [
                14.654020933,
                61.055243487
              ],
              [
                14.653835723,
                61.055243012
              ],
              [
                14.653831806,
                61.055602119
              ],
              [
                14.653646595,
                61.055601644
              ],
              [
                14.653644635,
                61.055781197
              ],
              [
                14.653459422,
                61.055780722
              ],
              [
                14.653455501,
                61.056139829
              ],
              [
                14.653270286,
                61.056139354
              ],
              [
                14.653269305,
                61.05622913
              ],
              [
                14.65308409,
                61.056228655
              ],
              [
                14.653083109,
                61.056318431
              ],
              [
                14.652897893,
                61.056317956
              ],
              [
                14.652894947,
                61.056587286
              ],
              [
                14.652709729,
                61.05658681
              ],
              [
                14.652708747,
                61.056676586
              ],
              [
                14.652523529,
                61.05667611
              ],
              [
                14.65252058,
                61.05694544
              ],
              [
                14.65233536,
                61.056944963
              ],
              [
                14.652334377,
                61.05703474
              ],
              [
                14.652519597,
                61.057035216
              ],
              [
                14.652517631,
                61.05721477
              ],
              [
                14.652702852,
                61.057215246
              ],
              [
                14.652694009,
                61.058023236
              ],
              [
                14.652879235,
                61.058023712
              ],
              [
                14.652878253,
                61.058113489
              ],
              [
                14.653063479,
                61.058113965
              ],
              [
                14.653060535,
                61.058383294
              ],
              [
                14.653245763,
                61.05838377
              ],
              [
                14.653238896,
                61.059012207
              ],
              [
                14.653424127,
                61.059012682
              ],
              [
                14.65341138,
                61.060179778
              ],
              [
                14.653596618,
                61.060180253
              ],
              [
                14.653593678,
                61.060449583
              ],
              [
                14.653408438,
                61.060449108
              ],
              [
                14.653406477,
                61.060628661
              ],
              [
                14.653221235,
                61.060628186
              ],
              [
                14.653219273,
                61.060807739
              ],
              [
                14.653404515,
                61.060808214
              ],
              [
                14.653403535,
                61.060897991
              ],
              [
                14.653588777,
                61.060898466
              ],
              [
                14.653587797,
                61.060988243
              ],
              [
                14.65377304,
                61.060988718
              ],
              [
                14.653771081,
                61.061168271
              ],
              [
                14.653956325,
                61.061168745
              ],
              [
                14.653954367,
                61.061348299
              ],
              [
                14.654139612,
                61.061348773
              ],
              [
                14.654131783,
                61.062066986
              ],
              [
                14.653946534,
                61.062066511
              ],
              [
                14.653944575,
                61.062246065
              ],
              [
                14.653759325,
                61.06224559
              ],
              [
                14.653758345,
                61.062335367
              ],
              [
                14.653573094,
                61.062334892
              ],
              [
                14.653572114,
                61.062424668
              ],
              [
                14.653386862,
                61.062424193
              ],
              [
                14.65338392,
                61.062693523
              ],
              [
                14.653198667,
                61.062693047
              ],
              [
                14.653197685,
                61.062782824
              ],
              [
                14.653012432,
                61.062782348
              ],
              [
                14.65301145,
                61.062872125
              ],
              [
                14.652826196,
                61.062871649
              ],
              [
                14.652825213,
                61.062961426
              ],
              [
                14.652639959,
                61.062960949
              ],
              [
                14.652638976,
                61.063050726
              ],
              [
                14.652453721,
                61.063050249
              ],
              [
                14.652452737,
                61.063140026
              ],
              [
                14.652267481,
                61.063139549
              ],
              [
                14.652266497,
                61.063229326
              ],
              [
                14.652081241,
                61.063228849
              ],
              [
                14.652080257,
                61.063318625
              ],
              [
                14.651895,
                61.063318148
              ],
              [
                14.65189303,
                61.063497701
              ],
              [
                14.651707772,
                61.063497224
              ],
              [
                14.65170383,
                61.06385633
              ],
              [
                14.65151857,
                61.063855852
              ],
              [
                14.651516598,
                61.064035405
              ],
              [
                14.651331337,
                61.064034927
              ],
              [
                14.65133035,
                61.064124704
              ],
              [
                14.651145089,
                61.064124226
              ],
              [
                14.651142127,
                61.064393555
              ],
              [
                14.650956864,
                61.064393077
              ],
              [
                14.650954888,
                61.06457263
              ],
              [
                14.650769624,
                61.064572151
              ],
              [
                14.650765671,
                61.064931257
              ],
              [
                14.650580405,
                61.064930778
              ],
              [
                14.650577439,
                61.065200108
              ],
              [
                14.650392171,
                61.065199628
              ],
              [
                14.650391182,
                61.065289405
              ],
              [
                14.64946484,
                61.065287005
              ],
              [
                14.649465832,
                61.065197228
              ],
              [
                14.649280565,
                61.065196747
              ],
              [
                14.649279572,
                61.065286524
              ],
              [
                14.649094304,
                61.065286043
              ],
              [
                14.649093311,
                61.065375819
              ],
              [
                14.648908042,
                61.065375338
              ],
              [
                14.648905062,
                61.065644667
              ],
              [
                14.648719791,
                61.065644186
              ],
              [
                14.648717803,
                61.065823739
              ],
              [
                14.648532532,
                61.065823257
              ],
              [
                14.648528553,
                61.066182363
              ],
              [
                14.64834328,
                61.066181881
              ],
              [
                14.648338304,
                61.066630763
              ],
              [
                14.648894132,
                61.066632209
              ],
              [
                14.648893138,
                61.066721985
              ],
              [
                14.649263691,
                61.066722948
              ],
              [
                14.649262699,
                61.066812724
              ],
              [
                14.649447976,
                61.066813205
              ],
              [
                14.649446984,
                61.066902982
              ],
              [
                14.649632261,
                61.066903462
              ],
              [
                14.649630278,
                61.067083015
              ],
              [
                14.649815557,
                61.067083496
              ],
              [
                14.649811592,
                61.067442602
              ],
              [
                14.649996873,
                61.067443082
              ],
              [
                14.649993901,
                61.067712411
              ],
              [
                14.649808619,
                61.067711931
              ],
              [
                14.649807628,
                61.067801708
              ],
              [
                14.649622345,
                61.067801227
              ],
              [
                14.649620362,
                61.06798078
              ],
              [
                14.649435078,
                61.067980299
              ],
              [
                14.649433093,
                61.068159852
              ],
              [
                14.649247808,
                61.068159372
              ],
              [
                14.64924483,
                61.068428701
              ],
              [
                14.649059544,
                61.06842822
              ],
              [
                14.649055571,
                61.068787326
              ],
              [
                14.649240859,
                61.068787807
              ],
              [
                14.649239866,
                61.068877583
              ],
              [
                14.649054577,
                61.068877102
              ],
              [
                14.649048617,
                61.069415761
              ],
              [
                14.648863325,
                61.069415279
              ],
              [
                14.648855374,
                61.070133491
              ],
              [
                14.64904067,
                61.070133972
              ],
              [
                14.649039677,
                61.070223749
              ],
              [
                14.649224974,
                61.07022423
              ],
              [
                14.649218024,
                61.070852665
              ],
              [
                14.649032723,
                61.070852184
              ],
              [
                14.649028749,
                61.07121129
              ],
              [
                14.648843446,
                61.071210808
              ],
              [
                14.648838476,
                61.07165969
              ],
              [
                14.648653171,
                61.071659209
              ],
              [
                14.648652176,
                61.071748985
              ],
              [
                14.648466871,
                61.071748503
              ],
              [
                14.648465875,
                61.071838279
              ],
              [
                14.648280569,
                61.071837797
              ],
              [
                14.648279573,
                61.071927574
              ],
              [
                14.647908959,
                61.071926608
              ],
              [
                14.647907963,
                61.072016385
              ],
              [
                14.647722655,
                61.072015902
              ],
              [
                14.647720661,
                61.072195455
              ],
              [
                14.647350044,
                61.072194488
              ],
              [
                14.647349046,
                61.072284264
              ],
              [
                14.647163737,
                61.072283781
              ],
              [
                14.647162738,
                61.072373557
              ],
              [
                14.647348047,
                61.072374041
              ],
              [
                14.647347049,
                61.072463817
              ],
              [
                14.647532359,
                61.072464301
              ],
              [
                14.647529366,
                61.07273363
              ],
              [
                14.647714678,
                61.072734113
              ],
              [
                14.64771368,
                61.072823889
              ],
              [
                14.647898992,
                61.072824372
              ],
              [
                14.647896999,
                61.073003925
              ],
              [
                14.648082312,
                61.073004408
              ],
              [
                14.648081316,
                61.073094184
              ],
              [
                14.64826663,
                61.073094667
              ],
              [
                14.648263643,
                61.073363996
              ],
              [
                14.648448958,
                61.073364478
              ],
              [
                14.648447963,
                61.073454255
              ],
              [
                14.648633279,
                61.073454737
              ],
              [
                14.648632284,
                61.073544513
              ],
              [
                14.6488176,
                61.073544995
              ],
              [
                14.648816606,
                61.073634771
              ],
              [
                14.649001923,
                61.073635253
              ],
              [
                14.64900093,
                61.073725029
              ],
              [
                14.649186247,
                61.07372551
              ],
              [
                14.649185254,
                61.073815287
              ],
              [
                14.649370572,
                61.073815768
              ],
              [
                14.649369579,
                61.073905544
              ],
              [
                14.649554898,
                61.073906025
              ],
              [
                14.649553906,
                61.073995801
              ],
              [
                14.649739225,
                61.073996282
              ],
              [
                14.649738233,
                61.074086058
              ],
              [
                14.649923553,
                61.074086538
              ],
              [
                14.649922562,
                61.074176315
              ],
              [
                14.650107882,
                61.074176795
              ],
              [
                14.65010491,
                61.074446124
              ],
              [
                14.650290232,
                61.074446604
              ],
              [
                14.650285282,
                61.074895486
              ],
              [
                14.650099958,
                61.074895006
              ],
              [
                14.650096986,
                61.075164335
              ],
              [
                14.64991166,
                61.075163855
              ],
              [
                14.649907695,
                61.075522961
              ],
              [
                14.649722367,
                61.07552248
              ],
              [
                14.649721376,
                61.075612257
              ],
              [
                14.650092033,
                61.075613217
              ],
              [
                14.650091042,
                61.075702993
              ],
              [
                14.650276371,
                61.075703473
              ],
              [
                14.650272411,
                61.076062579
              ],
              [
                14.650457742,
                61.076063058
              ],
              [
                14.650454773,
                61.076332387
              ],
              [
                14.651196104,
                61.076334303
              ],
              [
                14.651195116,
                61.076424079
              ],
              [
                14.65138045,
                61.076424557
              ],
              [
                14.651379463,
                61.076514334
              ],
              [
                14.652120798,
                61.076516244
              ],
              [
                14.652119813,
                61.076606021
              ],
              [
                14.652861151,
                61.076607927
              ],
              [
                14.652857219,
                61.076967033
              ],
              [
                14.653227892,
                61.076967984
              ],
              [
                14.653228874,
                61.076878208
              ],
              [
                14.65341421,
                61.076878683
              ],
              [
                14.653415191,
                61.076788907
              ],
              [
                14.653971198,
                61.076790332
              ],
              [
                14.653969238,
                61.076969885
              ],
              [
                14.654339911,
                61.076970833
              ],
              [
                14.654338933,
                61.07706061
              ],
              [
                14.65452427,
                61.077061084
              ],
              [
                14.654523292,
                61.07715086
              ],
              [
                14.654708629,
                61.077151334
              ],
              [
                14.654707652,
                61.07724111
              ],
              [
                14.65489299,
                61.077241584
              ],
              [
                14.654892013,
                61.07733136
              ],
              [
                14.656560061,
                61.077335609
              ],
              [
                14.656559089,
                61.077425386
              ],
              [
                14.656744428,
                61.077425857
              ],
              [
                14.6567454,
                61.07733608
              ],
              [
                14.656930739,
                61.077336551
              ],
              [
                14.65693171,
                61.077246775
              ],
              [
                14.657117048,
                61.077247245
              ],
              [
                14.657116077,
                61.077337021
              ],
              [
                14.657301416,
                61.077337491
              ],
              [
                14.657300446,
                61.077427268
              ],
              [
                14.657671124,
                61.077428207
              ],
              [
                14.657670155,
                61.077517984
              ],
              [
                14.658040835,
                61.077518922
              ],
              [
                14.658039867,
                61.077608699
              ],
              [
                14.658225207,
                61.077609168
              ],
              [
                14.658222304,
                61.077878497
              ],
              [
                14.658036962,
                61.077878028
              ],
              [
                14.658033089,
                61.078237134
              ],
              [
                14.658218433,
                61.078237603
              ],
              [
                14.65821553,
                61.078506932
              ],
              [
                14.658030184,
                61.078506463
              ],
              [
                14.658020501,
                61.079404227
              ],
              [
                14.65783515,
                61.079403758
              ],
              [
                14.657828368,
                61.080032193
              ],
              [
                14.657643013,
                61.080031723
              ],
              [
                14.657637197,
                61.080570382
              ],
              [
                14.657451839,
                61.080569912
              ],
              [
                14.657450869,
                61.080659688
              ],
              [
                14.657636227,
                61.080660158
              ],
              [
                14.657634288,
                61.080839711
              ],
              [
                14.657819647,
                61.08084018
              ],
              [
                14.657809957,
                61.081737944
              ],
              [
                14.657995322,
                61.081738413
              ],
              [
                14.65799629,
                61.081648637
              ],
              [
                14.65984993,
                61.081653315
              ],
              [
                14.659848967,
                61.081743091
              ],
              [
                14.660219696,
                61.081744024
              ],
              [
                14.660218734,
                61.0818338
              ],
              [
                14.660404099,
                61.081834266
              ],
              [
                14.660403137,
                61.081924042
              ],
              [
                14.660217772,
                61.081923576
              ],
              [
                14.660211998,
                61.082462235
              ],
              [
                14.66002663,
                61.082461769
              ],
              [
                14.660025667,
                61.082551545
              ],
              [
                14.659840298,
                61.082551079
              ],
              [
                14.659836444,
                61.082910184
              ],
              [
                14.660021816,
                61.082910651
              ],
              [
                14.660012187,
                61.083808414
              ],
              [
                14.660197564,
                61.08380888
              ],
              [
                14.660196601,
                61.083898657
              ],
              [
                14.660381979,
                61.083899123
              ],
              [
                14.660381017,
                61.083988899
              ],
              [
                14.660566394,
                61.083989365
              ],
              [
                14.660564472,
                61.084168917
              ],
              [
                14.660935229,
                61.084169848
              ],
              [
                14.660934269,
                61.084259624
              ],
              [
                14.661305028,
                61.084260554
              ],
              [
                14.661304068,
                61.08435033
              ],
              [
                14.661489448,
                61.084350795
              ],
              [
                14.66148849,
                61.084440571
              ],
              [
                14.66167387,
                61.084441035
              ],
              [
                14.661672912,
                61.084530812
              ],
              [
                14.661858293,
                61.084531276
              ],
              [
                14.661852546,
                61.085069934
              ],
              [
                14.662223315,
                61.085070861
              ],
              [
                14.662222358,
                61.085160637
              ],
              [
                14.662593127,
                61.085161563
              ],
              [
                14.662592172,
                61.08525134
              ],
              [
                14.662777557,
                61.085251802
              ],
              [
                14.662773736,
                61.085610908
              ],
              [
                14.662588349,
                61.085610445
              ],
              [
                14.662582615,
                61.086149103
              ],
              [
                14.662397225,
                61.08614864
              ],
              [
                14.662396268,
                61.086238417
              ],
              [
                14.662210877,
                61.086237954
              ],
              [
                14.662209921,
                61.08632773
              ],
              [
                14.661839138,
                61.086326803
              ],
              [
                14.66183818,
                61.086416579
              ],
              [
                14.661282004,
                61.086415187
              ],
              [
                14.661281045,
                61.086504963
              ],
              [
                14.660724868,
                61.086503568
              ],
              [
                14.660722946,
                61.086683121
              ],
              [
                14.660537552,
                61.086682655
              ],
              [
                14.660533706,
                61.087041761
              ],
              [
                14.660162915,
                61.087040829
              ],
              [
                14.660158102,
                61.08748971
              ],
              [
                14.659787306,
                61.087488778
              ],
              [
                14.659786342,
                61.087578554
              ],
              [
                14.659230146,
                61.087577153
              ],
              [
                14.659229181,
                61.087666929
              ],
              [
                14.65941458,
                61.087667396
              ],
              [
                14.659413615,
                61.087757173
              ],
              [
                14.659599015,
                61.08775764
              ],
              [
                14.65959323,
                61.088296298
              ],
              [
                14.659407827,
                61.088295831
              ],
              [
                14.659406862,
                61.088385607
              ],
              [
                14.659221459,
                61.08838514
              ],
              [
                14.659214701,
                61.089013574
              ],
              [
                14.659400108,
                61.089014041
              ],
              [
                14.65939239,
                61.089732251
              ],
              [
                14.659577801,
                61.089732718
              ],
              [
                14.659575872,
                61.089912271
              ],
              [
                14.659761285,
                61.089912738
              ],
              [
                14.659760321,
                61.090002514
              ],
              [
                14.659945734,
                61.09000298
              ],
              [
                14.65994477,
                61.090092757
              ],
              [
                14.660130184,
                61.090093223
              ],
              [
                14.660115741,
                61.091439867
              ],
              [
                14.660301162,
                61.091440333
              ],
              [
                14.6603002,
                61.091530109
              ],
              [
                14.660114778,
                61.091529643
              ],
              [
                14.660109001,
                61.092068301
              ],
              [
                14.659923576,
                61.092067835
              ],
              [
                14.659922612,
                61.092157611
              ],
              [
                14.659737187,
                61.092157144
              ],
              [
                14.659736223,
                61.09224692
              ],
              [
                14.659550797,
                61.092246454
              ],
              [
                14.659549832,
                61.09233623
              ],
              [
                14.659364406,
                61.092335763
              ],
              [
                14.659363441,
                61.092425539
              ],
              [
                14.659178014,
                61.092425072
              ],
              [
                14.659177048,
                61.092514848
              ],
              [
                14.65899162,
                61.09251438
              ],
              [
                14.65898679,
                61.092963261
              ],
              [
                14.65917222,
                61.092963729
              ],
              [
                14.659167392,
                61.09341261
              ],
              [
                14.659352825,
                61.093413078
              ],
              [
                14.65935186,
                61.093502854
              ],
              [
                14.659166426,
                61.093502386
              ],
              [
                14.659165461,
                61.093592163
              ],
              [
                14.658980027,
                61.093591695
              ],
              [
                14.65897906,
                61.093681471
              ],
              [
                14.658793626,
                61.093681003
              ],
              [
                14.658792659,
                61.093770779
              ],
              [
                14.658978094,
                61.093771247
              ],
              [
                14.658976162,
                61.0939508
              ],
              [
                14.659161598,
                61.093951267
              ],
              [
                14.659160632,
                61.094041044
              ],
              [
                14.659531505,
                61.094041978
              ],
              [
                14.659529576,
                61.094221531
              ],
              [
                14.659715013,
                61.094221998
              ],
              [
                14.6597073,
                61.094940207
              ],
              [
                14.659892742,
                61.094940674
              ],
              [
                14.659887923,
                61.095389555
              ],
              [
                14.659702479,
                61.095389088
              ],
              [
                14.659701515,
                61.095478865
              ],
              [
                14.65951607,
                61.095478398
              ],
              [
                14.659515105,
                61.095568174
              ],
              [
                14.65932966,
                61.095567707
              ],
              [
                14.659325799,
                61.095926811
              ],
              [
                14.659140351,
                61.095926344
              ],
              [
                14.659139385,
                61.09601612
              ],
              [
                14.658953937,
                61.096015653
              ],
              [
                14.658952971,
                61.096105429
              ],
              [
                14.658767522,
                61.096104961
              ],
              [
                14.658766555,
                61.096194737
              ],
              [
                14.658581106,
                61.096194269
              ],
              [
                14.658577237,
                61.096553373
              ],
              [
                14.658391785,
                61.096552905
              ],
              [
                14.658389849,
                61.096732457
              ],
              [
                14.658204397,
                61.096731989
              ],
              [
                14.658203429,
                61.096821765
              ],
              [
                14.658017976,
                61.096821296
              ],
              [
                14.658015069,
                61.097090624
              ],
              [
                14.657829614,
                61.097090155
              ],
              [
                14.657824766,
                61.097539036
              ],
              [
                14.657639309,
                61.097538566
              ],
              [
                14.657638339,
                61.097628343
              ],
              [
                14.657452882,
                61.097627873
              ],
              [
                14.657448999,
                61.097986977
              ],
              [
                14.65726354,
                61.097986507
              ],
              [
                14.657231486,
                61.10094912
              ],
              [
                14.657046009,
                61.100948649
              ],
              [
                14.657045037,
                61.101038425
              ],
              [
                14.656303127,
                61.101036541
              ],
              [
                14.656302153,
                61.101126318
              ],
              [
                14.655931197,
                61.101125374
              ],
              [
                14.655928272,
                61.101394702
              ],
              [
                14.655742792,
                61.10139423
              ],
              [
                14.65573889,
                61.101753335
              ],
              [
                14.655553408,
                61.101752862
              ],
              [
                14.655552432,
                61.101842638
              ],
              [
                14.65536695,
                61.101842166
              ],
              [
                14.655365973,
                61.101931942
              ],
              [
                14.65518049,
                61.101931469
              ],
              [
                14.655174626,
                61.102470125
              ],
              [
                14.654989141,
                61.102469652
              ],
              [
                14.654988163,
                61.102559428
              ],
              [
                14.654802677,
                61.102558955
              ],
              [
                14.654790935,
                61.103636267
              ],
              [
                14.654605443,
                61.103635794
              ],
              [
                14.654604464,
                61.10372557
              ],
              [
                14.654418971,
                61.103725096
              ],
              [
                14.654411134,
                61.104443304
              ],
              [
                14.654225637,
                61.10444283
              ],
              [
                14.654214856,
                61.105430366
              ],
              [
                14.654400359,
                61.10543084
              ],
              [
                14.65439742,
                61.105700169
              ],
              [
                14.654582924,
                61.105700643
              ],
              [
                14.654580966,
                61.105880195
              ],
              [
                14.654766472,
                61.105880668
              ],
              [
                14.654764515,
                61.10606022
              ],
              [
                14.654950021,
                61.106060694
              ],
              [
                14.654948065,
                61.106240246
              ],
              [
                14.655133573,
                61.106240719
              ],
              [
                14.655131618,
                61.106420271
              ],
              [
                14.655317127,
                61.106420744
              ],
              [
                14.655315172,
                61.106600296
              ],
              [
                14.655500682,
                61.106600769
              ],
              [
                14.655497753,
                61.106870097
              ],
              [
                14.655683264,
                61.106870569
              ],
              [
                14.655682288,
                61.106960345
              ],
              [
                14.655496776,
                61.106959873
              ],
              [
                14.655493846,
                61.107229201
              ],
              [
                14.655308333,
                61.107228728
              ],
              [
                14.655307355,
                61.107318504
              ],
              [
                14.655121841,
                61.107318031
              ],
              [
                14.655120864,
                61.107407807
              ],
              [
                14.654935349,
                61.107407334
              ],
              [
                14.654934371,
                61.10749711
              ],
              [
                14.654748856,
                61.107496636
              ],
              [
                14.654747877,
                61.107586412
              ],
              [
                14.654376845,
                61.107585465
              ],
              [
                14.654369007,
                61.108303673
              ],
              [
                14.654183487,
                61.108303198
              ],
              [
                14.654182507,
                61.108392974
              ],
              [
                14.653254904,
                61.108390599
              ],
              [
                14.653253921,
                61.108480375
              ],
              [
                14.653068401,
                61.108479899
              ],
              [
                14.653067417,
                61.108569675
              ],
              [
                14.652881896,
                61.108569199
              ],
              [
                14.652880911,
                61.108658975
              ],
              [
                14.65176778,
                61.108656113
              ],
              [
                14.651768767,
                61.108566337
              ],
              [
                14.651583246,
                61.108565859
              ],
              [
                14.651584233,
                61.108476083
              ],
              [
                14.651398713,
                61.108475605
              ],
              [
                14.651399701,
                61.108385829
              ],
              [
                14.649730018,
                61.108381515
              ],
              [
                14.649731011,
                61.108291739
              ],
              [
                14.649545491,
                61.108291258
              ],
              [
                14.649544498,
                61.108381034
              ],
              [
                14.648431376,
                61.108378145
              ],
              [
                14.648432373,
                61.108288369
              ],
              [
                14.648246853,
                61.108287887
              ],
              [
                14.648245856,
                61.108377662
              ],
              [
                14.648060336,
                61.10837718
              ],
              [
                14.648057343,
                61.108646508
              ],
              [
                14.647686299,
                61.108645541
              ],
              [
                14.647687298,
                61.108555765
              ],
              [
                14.647130734,
                61.108554314
              ],
              [
                14.647131735,
                61.108464538
              ],
              [
                14.646946214,
                61.108464054
              ],
              [
                14.646948216,
                61.108284502
              ],
              [
                14.646762696,
                61.108284018
              ],
              [
                14.646763697,
                61.108194242
              ],
              [
                14.646392659,
                61.108193272
              ],
              [
                14.646391657,
                61.108283048
              ],
              [
                14.645649578,
                61.108281106
              ],
              [
                14.645650583,
                61.10819133
              ],
              [
                14.644908507,
                61.108189383
              ],
              [
                14.644909513,
                61.108099607
              ],
              [
                14.644538476,
                61.108098633
              ],
              [
                14.644539484,
                61.108008857
              ],
              [
                14.644353966,
                61.108008369
              ],
              [
                14.644354974,
                61.107918593
              ],
              [
                14.644169457,
                61.107918105
              ],
              [
                14.644170466,
                61.107828329
              ],
              [
                14.643984949,
                61.107827841
              ],
              [
                14.643985958,
                61.107738065
              ],
              [
                14.643614925,
                61.107737088
              ],
              [
                14.643615935,
                61.107647312
              ],
              [
                14.643059388,
                61.107645844
              ],
              [
                14.643058376,
                61.10773562
              ],
              [
                14.64287286,
                61.10773513
              ],
              [
                14.642869822,
                61.108004458
              ],
              [
                14.642684304,
                61.108003968
              ],
              [
                14.642680253,
                61.108363071
              ],
              [
                14.642494733,
                61.108362581
              ],
              [
                14.642491692,
                61.108631908
              ],
              [
                14.641935127,
                61.108630436
              ],
              [
                14.641934112,
                61.108720212
              ],
              [
                14.642119634,
                61.108720703
              ],
              [
                14.642117605,
                61.108900254
              ],
              [
                14.641932082,
                61.108899763
              ],
              [
                14.641930052,
                61.109079315
              ],
              [
                14.641744527,
                61.109078824
              ],
              [
                14.641743512,
                61.1091686
              ],
              [
                14.641557987,
                61.109168108
              ],
              [
                14.641556971,
                61.109257884
              ],
              [
                14.641371446,
                61.109257392
              ],
              [
                14.641370429,
                61.109347168
              ],
              [
                14.638402017,
                61.109339263
              ],
              [
                14.638403043,
                61.109249487
              ],
              [
                14.637846467,
                61.109247998
              ],
              [
                14.637845441,
                61.109337774
              ],
              [
                14.637659915,
                61.109337277
              ],
              [
                14.637658888,
                61.109427053
              ],
              [
                14.637102309,
                61.10942556
              ],
              [
                14.63710128,
                61.109515336
              ],
              [
                14.636915754,
                61.109514838
              ],
              [
                14.636916783,
                61.109425062
              ],
              [
                14.63469047,
                61.109419067
              ],
              [
                14.634691506,
                61.109329291
              ],
              [
                14.633207302,
                61.109325273
              ],
              [
                14.633208342,
                61.109235498
              ],
              [
                14.632095192,
                61.109232474
              ],
              [
                14.632096235,
                61.109142698
              ],
              [
                14.631910711,
                61.109142193
              ],
              [
                14.631911754,
                61.109052417
              ],
              [
                14.631726231,
                61.109051912
              ],
              [
                14.631725186,
                61.109141688
              ],
              [
                14.630983089,
                61.109139665
              ],
              [
                14.630982043,
                61.109229441
              ],
              [
                14.629497844,
                61.109225383
              ],
              [
                14.629496794,
                61.109315158
              ],
              [
                14.629311269,
                61.10931465
              ],
              [
                14.629312319,
                61.109224874
              ],
              [
                14.628755745,
                61.109223347
              ],
              [
                14.628756798,
                61.109133572
              ],
              [
                14.628571273,
                61.109133062
              ],
              [
                14.628572326,
                61.109043287
              ],
              [
                14.628201279,
                61.109042267
              ],
              [
                14.628202333,
                61.108952491
              ],
              [
                14.62801681,
                61.108951981
              ],
              [
                14.628017864,
                61.108862205
              ],
              [
                14.626904729,
                61.108859139
              ],
              [
                14.626905786,
                61.108769363
              ],
              [
                14.62542161,
                61.10876526
              ],
              [
                14.625422672,
                61.108675485
              ],
              [
                14.624866108,
                61.108673942
              ],
              [
                14.624867171,
                61.108584166
              ],
              [
                14.624310608,
                61.108582621
              ],
              [
                14.624311673,
                61.108492845
              ],
              [
                14.624126153,
                61.10849233
              ],
              [
                14.624127218,
                61.108402554
              ],
              [
                14.623941699,
                61.108402038
              ],
              [
                14.623942765,
                61.108312263
              ],
              [
                14.623757245,
                61.108311747
              ],
              [
                14.623758312,
                61.108221971
              ],
              [
                14.623016237,
                61.108219904
              ],
              [
                14.623015168,
                61.10830968
              ],
              [
                14.622273091,
                61.108307609
              ],
              [
                14.62227202,
                61.108397385
              ],
              [
                14.6220865,
                61.108396867
              ],
              [
                14.622085429,
                61.108486642
              ],
              [
                14.621343348,
                61.108484566
              ],
              [
                14.621344421,
                61.108394791
              ],
              [
                14.621158901,
                61.108394271
              ],
              [
                14.621159975,
                61.108304496
              ],
              [
                14.620974456,
                61.108303976
              ],
              [
                14.620976605,
                61.108124424
              ],
              [
                14.620420051,
                61.108122863
              ],
              [
                14.620418975,
                61.108212639
              ],
              [
                14.619862419,
                61.108211076
              ],
              [
                14.619858108,
                61.108570178
              ],
              [
                14.620043629,
                61.1085707
              ],
              [
                14.620042552,
                61.108660475
              ],
              [
                14.620228073,
                61.108660996
              ],
              [
                14.620226996,
                61.108750772
              ],
              [
                14.620412518,
                61.108751293
              ],
              [
                14.620411442,
                61.108841068
              ],
              [
                14.620596964,
                61.108841589
              ],
              [
                14.620594813,
                61.10902114
              ],
              [
                14.620780336,
                61.109021661
              ],
              [
                14.620779261,
                61.109111436
              ],
              [
                14.620964785,
                61.109111956
              ],
              [
                14.620963711,
                61.109201732
              ],
              [
                14.62133476,
                61.109202772
              ],
              [
                14.621333686,
                61.109292547
              ],
              [
                14.621519211,
                61.109293067
              ],
              [
                14.621518138,
                61.109382842
              ],
              [
                14.621889189,
                61.10938388
              ],
              [
                14.621888117,
                61.109473656
              ],
              [
                14.622073643,
                61.109474174
              ],
              [
                14.6220715,
                61.109653726
              ],
              [
                14.621700446,
                61.109652688
              ],
              [
                14.621699374,
                61.109742464
              ],
              [
                14.622441484,
                61.109744538
              ],
              [
                14.622440414,
                61.109834313
              ],
              [
                14.62281147,
                61.109835349
              ],
              [
                14.622810401,
                61.109925125
              ],
              [
                14.624109102,
                61.109928741
              ],
              [
                14.624108037,
                61.110018516
              ],
              [
                14.625035684,
                61.110021092
              ],
              [
                14.625031431,
                61.110380194
              ],
              [
                14.625402494,
                61.110381223
              ],
              [
                14.625401432,
                61.110470998
              ],
              [
                14.625586964,
                61.110471512
              ],
              [
                14.625584841,
                61.110651063
              ],
              [
                14.625399308,
                61.11065055
              ],
              [
                14.625398246,
                61.110740325
              ],
              [
                14.626696981,
                61.110743916
              ],
              [
                14.62669804,
                61.110654141
              ],
              [
                14.626883573,
                61.110654653
              ],
              [
                14.626884631,
                61.110564877
              ],
              [
                14.627070163,
                61.110565389
              ],
              [
                14.62707122,
                61.110475613
              ],
              [
                14.627998881,
                61.110478168
              ],
              [
                14.627997826,
                61.110567944
              ],
              [
                14.628368892,
                61.110568964
              ],
              [
                14.628367838,
                61.11065874
              ],
              [
                14.628553371,
                61.110659249
              ],
              [
                14.628554424,
                61.110569474
              ],
              [
                14.628739957,
                61.110569983
              ],
              [
                14.62874522,
                61.110121105
              ],
              [
                14.62893075,
                61.110121614
              ],
              [
                14.628932854,
                61.109942062
              ],
              [
                14.629118383,
                61.109942571
              ],
              [
                14.629120486,
                61.10976302
              ],
              [
                14.629862598,
                61.109765053
              ],
              [
                14.629861548,
                61.109854829
              ],
              [
                14.630232605,
                61.109855844
              ],
              [
                14.630231557,
                61.10994562
              ],
              [
                14.630417086,
                61.109946127
              ],
              [
                14.630416038,
                61.110035902
              ],
              [
                14.630601568,
                61.110036409
              ],
              [
                14.63060052,
                61.110126185
              ],
              [
                14.631157111,
                61.110127704
              ],
              [
                14.631155019,
                61.110307256
              ],
              [
                14.631526082,
                61.110308267
              ],
              [
                14.631525037,
                61.110398043
              ],
              [
                14.631710569,
                61.110398548
              ],
              [
                14.631709525,
                61.110488324
              ],
              [
                14.631895057,
                61.110488829
              ],
              [
                14.631894013,
                61.110578605
              ],
              [
                14.632079546,
                61.11057911
              ],
              [
                14.632078503,
                61.110668886
              ],
              [
                14.632449569,
                61.110669895
              ],
              [
                14.632448527,
                61.11075967
              ],
              [
                14.633376197,
                61.110762188
              ],
              [
                14.633375157,
                61.110851964
              ],
              [
                14.633560692,
                61.110852467
              ],
              [
                14.633559653,
                61.110942243
              ],
              [
                14.634116258,
                61.11094375
              ],
              [
                14.634117295,
                61.110853974
              ],
              [
                14.634488364,
                61.110854977
              ],
              [
                14.634490436,
                61.110675426
              ],
              [
                14.635418104,
                61.11067793
              ],
              [
                14.63541707,
                61.110767706
              ],
              [
                14.635602604,
                61.110768206
              ],
              [
                14.635601571,
                61.110857982
              ],
              [
                14.638384589,
                61.110865452
              ],
              [
                14.638383564,
                61.110955228
              ],
              [
                14.638569099,
                61.110955724
              ],
              [
                14.638567049,
                61.111135275
              ],
              [
                14.638752585,
                61.111135771
              ],
              [
                14.638751561,
                61.111225547
              ],
              [
                14.639864782,
                61.111228516
              ],
              [
                14.639865803,
                61.11113874
              ],
              [
                14.640607948,
                61.111140714
              ],
              [
                14.640608967,
                61.111050938
              ],
              [
                14.64135111,
                61.111052909
              ],
              [
                14.641350093,
                61.111142684
              ],
              [
                14.641535629,
                61.111143176
              ],
              [
                14.641534613,
                61.111232952
              ],
              [
                14.641720149,
                61.111233444
              ],
              [
                14.641717102,
                61.111502771
              ],
              [
                14.64190264,
                61.111503263
              ],
              [
                14.641901625,
                61.111593038
              ],
              [
                14.64282932,
                61.111595492
              ],
              [
                14.642828307,
                61.111685267
              ],
              [
                14.643013846,
                61.111685757
              ],
              [
                14.643012834,
                61.111775533
              ],
              [
                14.643198374,
                61.111776023
              ],
              [
                14.643193316,
                61.112224902
              ],
              [
                14.643749944,
                61.112226369
              ],
              [
                14.643748934,
                61.112316145
              ],
              [
                14.643934477,
                61.112316634
              ],
              [
                14.643932458,
                61.112496185
              ],
              [
                14.644303546,
                61.112497162
              ],
              [
                14.644302538,
                61.112586938
              ],
              [
                14.644673627,
                61.112587913
              ],
              [
                14.644671612,
                61.112767465
              ],
              [
                14.644486066,
                61.112766977
              ],
              [
                14.644485058,
                61.112856753
              ],
              [
                14.644299512,
                61.112856265
              ],
              [
                14.644287409,
                61.113933575
              ],
              [
                14.644472961,
                61.113934063
              ],
              [
                14.644471953,
                61.114023839
              ],
              [
                14.644657506,
                61.114024326
              ],
              [
                14.644656499,
                61.114114102
              ],
              [
                14.645027606,
                61.114115077
              ],
              [
                14.6450266,
                61.114204853
              ],
              [
                14.645212154,
                61.114205339
              ],
              [
                14.645211148,
                61.114295115
              ],
              [
                14.645767812,
                61.114296574
              ],
              [
                14.645765803,
                61.114476126
              ],
              [
                14.645951359,
                61.114476612
              ],
              [
                14.645947343,
                61.114835715
              ],
              [
                14.64631846,
                61.114836686
              ],
              [
                14.646317457,
                61.114926462
              ],
              [
                14.646503015,
                61.114926947
              ],
              [
                14.646502013,
                61.115016723
              ],
              [
                14.647615367,
                61.115019628
              ],
              [
                14.647614368,
                61.115109404
              ],
              [
                14.647799928,
                61.115109887
              ],
              [
                14.647798929,
                61.115199663
              ],
              [
                14.647984489,
                61.115200146
              ],
              [
                14.647983491,
                61.115289922
              ],
              [
                14.648169052,
                61.115290405
              ],
              [
                14.648168054,
                61.115380181
              ],
              [
                14.648353615,
                61.115380663
              ],
              [
                14.648352618,
                61.115470439
              ],
              [
                14.64853818,
                61.115470922
              ],
              [
                14.648537183,
                61.115560697
              ],
              [
                14.64909387,
                61.115562143
              ],
              [
                14.649092875,
                61.115651919
              ],
              [
                14.649278438,
                61.1156524
              ],
              [
                14.649275454,
                61.115921727
              ],
              [
                14.649461019,
                61.115922209
              ],
              [
                14.64945903,
                61.11610176
              ],
              [
                14.649273465,
                61.116101279
              ],
              [
                14.64927247,
                61.116191055
              ],
              [
                14.649086904,
                61.116190574
              ],
              [
                14.649085909,
                61.116280349
              ],
              [
                14.648900343,
                61.116279868
              ],
              [
                14.648895364,
                61.116728747
              ],
              [
                14.648709795,
                61.116728265
              ],
              [
                14.648706806,
                61.116997593
              ],
              [
                14.648892377,
                61.116998074
              ],
              [
                14.648893373,
                61.116908299
              ],
              [
                14.649078943,
                61.11690878
              ],
              [
                14.649079938,
                61.116819004
              ],
              [
                14.649822217,
                61.116820928
              ],
              [
                14.649821224,
                61.116910704
              ],
              [
                14.651305786,
                61.116914539
              ],
              [
                14.651304797,
                61.117004315
              ],
              [
                14.651490368,
                61.117004794
              ],
              [
                14.65148938,
                61.117094569
              ],
              [
                14.651674951,
                61.117095047
              ],
              [
                14.651673963,
                61.117184823
              ],
              [
                14.651859535,
                61.117185301
              ],
              [
                14.651858548,
                61.117275077
              ],
              [
                14.652600838,
                61.117276985
              ],
              [
                14.652599852,
                61.117366761
              ],
              [
                14.653156571,
                61.11736819
              ],
              [
                14.653155588,
                61.117457966
              ],
              [
                14.653712308,
                61.117459392
              ],
              [
                14.653711326,
                61.117549168
              ],
              [
                14.6538969,
                61.117549643
              ],
              [
                14.653895919,
                61.117639419
              ],
              [
                14.654452642,
                61.117640842
              ],
              [
                14.654453622,
                61.117551067
              ],
              [
                14.654639197,
                61.117551541
              ],
              [
                14.654640176,
                61.117461765
              ],
              [
                14.65482575,
                61.117462238
              ],
              [
                14.654826729,
                61.117372462
              ],
              [
                14.655383448,
                61.117373882
              ],
              [
                14.655385402,
                61.11719433
              ],
              [
                14.656127691,
                61.11719622
              ],
              [
                14.656126715,
                61.117285995
              ],
              [
                14.656312288,
                61.117286467
              ],
              [
                14.656311313,
                61.117376243
              ],
              [
                14.657239179,
                61.117378597
              ],
              [
                14.657238207,
                61.117468373
              ],
              [
                14.657980502,
                61.117470252
              ],
              [
                14.657981471,
                61.117380477
              ],
              [
                14.658538191,
                61.117381883
              ],
              [
                14.658537223,
                61.117471659
              ],
              [
                14.658722796,
                61.117472127
              ],
              [
                14.658720861,
                61.117651679
              ],
              [
                14.658906435,
                61.117652147
              ],
              [
                14.658904501,
                61.117831699
              ],
              [
                14.659090076,
                61.117832167
              ],
              [
                14.659087176,
                61.118101495
              ],
              [
                14.659272753,
                61.118101962
              ],
              [
                14.659268888,
                61.118461066
              ],
              [
                14.659083308,
                61.118460598
              ],
              [
                14.659077507,
                61.118999254
              ],
              [
                14.65926309,
                61.118999721
              ],
              [
                14.659262123,
                61.119089497
              ],
              [
                14.661674706,
                61.119095553
              ],
              [
                14.661673746,
                61.119185329
              ],
              [
                14.663344001,
                61.119189496
              ],
              [
                14.663343046,
                61.119279272
              ],
              [
                14.663714215,
                61.119280196
              ],
              [
                14.663713261,
                61.119369971
              ],
              [
                14.664826771,
                61.119372735
              ],
              [
                14.66482582,
                61.119462511
              ],
              [
                14.665011405,
                61.119462971
              ],
              [
                14.665009505,
                61.119642523
              ],
              [
                14.665380678,
                61.119643441
              ],
              [
                14.665379729,
                61.119733217
              ],
              [
                14.666307665,
                61.11973551
              ],
              [
                14.666306718,
                61.119825286
              ],
              [
                14.667049069,
                61.119827115
              ],
              [
                14.667051902,
                61.119557787
              ],
              [
                14.667423074,
                61.1195587
              ],
              [
                14.667422131,
                61.119648476
              ],
              [
                14.667607718,
                61.119648932
              ],
              [
                14.667606775,
                61.119738708
              ],
              [
                14.667977949,
                61.11973962
              ],
              [
                14.667975124,
                61.120008948
              ],
              [
                14.667789535,
                61.120008492
              ],
              [
                14.667788593,
                61.120098268
              ],
              [
                14.668345361,
                61.120099634
              ],
              [
                14.66834442,
                61.12018941
              ],
              [
                14.6687156,
                61.12019032
              ],
              [
                14.66871466,
                61.120280096
              ],
              [
                14.668900251,
                61.12028055
              ],
              [
                14.668899312,
                61.120370326
              ],
              [
                14.669270493,
                61.120371234
              ],
              [
                14.669269555,
                61.12046101
              ],
              [
                14.669640738,
                61.120461917
              ],
              [
                14.669641675,
                61.120372141
              ],
              [
                14.669827266,
                61.120372594
              ],
              [
                14.669828203,
                61.120282819
              ],
              [
                14.670013793,
                61.120283271
              ],
              [
                14.670018473,
                61.119834392
              ],
              [
                14.670204061,
                61.119834844
              ],
              [
                14.670206867,
                61.119565516
              ],
              [
                14.670392453,
                61.119565969
              ],
              [
                14.670396192,
                61.119206865
              ],
              [
                14.670581777,
                61.119207317
              ],
              [
                14.670583645,
                61.119027765
              ],
              [
                14.670769228,
                61.119028217
              ],
              [
                14.670765493,
                61.119387321
              ],
              [
                14.670951078,
                61.119387772
              ],
              [
                14.670950145,
                61.119477548
              ],
              [
                14.671135731,
                61.119477999
              ],
              [
                14.671132932,
                61.119747327
              ],
              [
                14.67131852,
                61.119747779
              ],
              [
                14.671315723,
                61.120017106
              ],
              [
                14.67187249,
                61.120018458
              ],
              [
                14.671871559,
                61.120108234
              ],
              [
                14.672057148,
                61.120108684
              ],
              [
                14.672055288,
                61.120288236
              ],
              [
                14.672240879,
                61.120288686
              ],
              [
                14.67223623,
                61.120737566
              ],
              [
                14.672421823,
                61.120738016
              ],
              [
                14.672420894,
                61.120827792
              ],
              [
                14.672792082,
                61.12082869
              ],
              [
                14.672791153,
                61.120918466
              ],
              [
                14.672976748,
                61.120918915
              ],
              [
                14.67297582,
                61.121008691
              ],
              [
                14.674089389,
                61.121011378
              ],
              [
                14.674088464,
                61.121101154
              ],
              [
                14.674274059,
                61.121101601
              ],
              [
                14.674273135,
                61.121191377
              ],
              [
                14.675572306,
                61.121194499
              ],
              [
                14.675571386,
                61.121284276
              ],
              [
                14.675756983,
                61.121284721
              ],
              [
                14.675756063,
                61.121374497
              ],
              [
                14.67594166,
                61.121374941
              ],
              [
                14.675939821,
                61.121554493
              ],
              [
                14.676682213,
                61.12155627
              ],
              [
                14.676684048,
                61.121376718
              ],
              [
                14.676498451,
                61.121376274
              ],
              [
                14.676501203,
                61.121106946
              ],
              [
                14.676315608,
                61.121106502
              ],
              [
                14.676318362,
                61.120837174
              ],
              [
                14.676503956,
                61.120837618
              ],
              [
                14.676506709,
                61.12056829
              ],
              [
                14.676692301,
                61.120568734
              ],
              [
                14.676696886,
                61.120119853
              ],
              [
                14.676882476,
                61.120120297
              ],
              [
                14.676884309,
                61.119940745
              ],
              [
                14.677069897,
                61.119941188
              ],
              [
                14.677071729,
                61.119761636
              ],
              [
                14.677814079,
                61.119763406
              ],
              [
                14.677813165,
                61.119853182
              ],
              [
                14.678184341,
                61.119854066
              ],
              [
                14.678183428,
                61.119943842
              ],
              [
                14.678554606,
                61.119944724
              ],
              [
                14.678552782,
                61.120124277
              ],
              [
                14.679295141,
                61.120126039
              ],
              [
                14.67929696,
                61.119946487
              ],
              [
                14.679482549,
                61.119946926
              ],
              [
                14.67948164,
                61.120036702
              ],
              [
                14.679667229,
                61.120037142
              ],
              [
                14.67966632,
                61.120126918
              ],
              [
                14.680037499,
                61.120127797
              ],
              [
                14.680036592,
                61.120217573
              ],
              [
                14.680222182,
                61.120218012
              ],
              [
                14.680221275,
                61.120307788
              ],
              [
                14.680406866,
                61.120308226
              ],
              [
                14.680405959,
                61.120398002
              ],
              [
                14.680962733,
                61.120399317
              ],
              [
                14.680961828,
                61.120489093
              ],
              [
                14.681889788,
                61.120491278
              ],
              [
                14.681888885,
                61.120581054
              ],
              [
                14.68226007,
                61.120581927
              ],
              [
                14.682259169,
                61.120671703
              ],
              [
                14.682444762,
                61.120672139
              ],
              [
                14.682443861,
                61.120761915
              ],
              [
                14.682629454,
                61.12076235
              ],
              [
                14.682628554,
                61.120852126
              ],
              [
                14.683185336,
                61.120853432
              ],
              [
                14.683184438,
                61.120943208
              ],
              [
                14.683370032,
                61.120943642
              ],
              [
                14.683369134,
                61.121033418
              ],
              [
                14.683740324,
                61.121034287
              ],
              [
                14.683739427,
                61.121124063
              ],
              [
                14.683925023,
                61.121124496
              ],
              [
                14.683924126,
                61.121214273
              ],
              [
                14.684109722,
                61.121214706
              ],
              [
                14.68410793,
                61.121394258
              ],
              [
                14.684293527,
                61.121394692
              ],
              [
                14.684292632,
                61.121484468
              ],
              [
                14.68447823,
                61.121484901
              ],
              [
                14.68447286,
                61.122023557
              ],
              [
                14.68447107,
                61.122203109
              ],
              [
                14.684285468,
                61.122202676
              ],
              [
                14.684284572,
                61.122292452
              ],
              [
                14.68409897,
                61.122292019
              ],
              [
                14.684096281,
                61.122561347
              ],
              [
                14.683910677,
                61.122560914
              ],
              [
                14.683909781,
                61.12265069
              ],
              [
                14.683724176,
                61.122650256
              ],
              [
                14.683720588,
                61.12300936
              ],
              [
                14.683534981,
                61.123008926
              ],
              [
                14.683533186,
                61.123188478
              ],
              [
                14.683347578,
                61.123188044
              ],
              [
                14.683342188,
                61.1237267
              ],
              [
                14.682970967,
                61.12372583
              ],
              [
                14.682970067,
                61.123815607
              ],
              [
                14.682784456,
                61.123815171
              ],
              [
                14.682783556,
                61.123904947
              ],
              [
                14.68315478,
                61.123905817
              ],
              [
                14.683153881,
                61.123995593
              ],
              [
                14.683339493,
                61.123996028
              ],
              [
                14.683338595,
                61.124085804
              ],
              [
                14.683895434,
                61.124087106
              ],
              [
                14.683891847,
                61.124446211
              ],
              [
                14.684077462,
                61.124446644
              ],
              [
                14.684074773,
                61.124715972
              ],
              [
                14.683889157,
                61.124715539
              ],
              [
                14.68388557,
                61.125074643
              ],
              [
                14.684071188,
                61.125075076
              ],
              [
                14.684069396,
                61.125254628
              ],
              [
                14.684255016,
                61.125255062
              ],
              [
                14.684246954,
                61.126063046
              ],
              [
                14.684061329,
                61.126062613
              ],
              [
                14.684060433,
                61.126152389
              ],
              [
                14.683874808,
                61.126151955
              ],
              [
                14.683873014,
                61.126331507
              ],
              [
                14.683687388,
                61.126331073
              ],
              [
                14.68368649,
                61.126420849
              ],
              [
                14.683500864,
                61.126420415
              ],
              [
                14.683499966,
                61.126510191
              ],
              [
                14.683314339,
                61.126509757
              ],
              [
                14.683311643,
                61.126779085
              ],
              [
                14.683126014,
                61.12677865
              ],
              [
                14.683124216,
                61.126958202
              ],
              [
                14.682938587,
                61.126957767
              ],
              [
                14.682935888,
                61.127227095
              ],
              [
                14.682750257,
                61.12722666
              ],
              [
                14.682747556,
                61.127495988
              ],
              [
                14.682933189,
                61.127496423
              ],
              [
                14.682928691,
                61.127945303
              ],
              [
                14.682743056,
                61.127944868
              ],
              [
                14.682742156,
                61.128034644
              ],
              [
                14.682370883,
                61.128033772
              ],
              [
                14.682369982,
                61.128123548
              ],
              [
                14.682184345,
                61.128123112
              ],
              [
                14.682183444,
                61.128212888
              ],
              [
                14.681997807,
                61.128212452
              ],
              [
                14.681996904,
                61.128302228
              ],
              [
                14.681811267,
                61.128301792
              ],
              [
                14.681808558,
                61.12857112
              ],
              [
                14.681622919,
                61.128570683
              ],
              [
                14.681622016,
                61.128660459
              ],
              [
                14.681436376,
                61.128660022
              ],
              [
                14.681435472,
                61.128749798
              ],
              [
                14.681249832,
                61.128749361
              ],
              [
                14.681248927,
                61.128839136
              ],
              [
                14.680877646,
                61.128838261
              ],
              [
                14.680875835,
                61.129017813
              ],
              [
                14.680690193,
                61.129017375
              ],
              [
                14.680686569,
                61.129376479
              ],
              [
                14.680315281,
                61.129375602
              ],
              [
                14.680314374,
                61.129465378
              ],
              [
                14.679943085,
                61.1294645
              ],
              [
                14.679940361,
                61.129733828
              ],
              [
                14.679754715,
                61.129733389
              ],
              [
                14.679752897,
                61.129912941
              ],
              [
                14.67956725,
                61.129912501
              ],
              [
                14.679565432,
                61.130092053
              ],
              [
                14.679379784,
                61.130091613
              ],
              [
                14.679378874,
                61.130181389
              ],
              [
                14.679564522,
                61.130181829
              ],
              [
                14.679563613,
                61.130271605
              ],
              [
                14.679749262,
                61.130272044
              ],
              [
                14.679747445,
                61.130451596
              ],
              [
                14.679561795,
                61.130451156
              ],
              [
                14.679559976,
                61.130630708
              ],
              [
                14.679374325,
                61.130630268
              ],
              [
                14.679372505,
                61.13080982
              ],
              [
                14.678444244,
                61.130807617
              ],
              [
                14.678436944,
                61.131525825
              ],
              [
                14.678251287,
                61.131525383
              ],
              [
                14.678249461,
                61.131704935
              ],
              [
                14.677321174,
                61.131702724
              ],
              [
                14.677322089,
                61.131612948
              ],
              [
                14.676950775,
                61.131612062
              ],
              [
                14.676951692,
                61.131522286
              ],
              [
                14.676394723,
                61.131520955
              ],
              [
                14.676395641,
                61.13143118
              ],
              [
                14.675838673,
                61.131429846
              ],
              [
                14.675839593,
                61.13134007
              ],
              [
                14.675468282,
                61.13133918
              ],
              [
                14.675469203,
                61.131249404
              ],
              [
                14.675283548,
                61.131248959
              ],
              [
                14.67528447,
                61.131159183
              ],
              [
                14.674913161,
                61.131158291
              ],
              [
                14.674914084,
                61.131068516
              ],
              [
                14.67472843,
                61.131068069
              ],
              [
                14.674729353,
                61.130978294
              ],
              [
                14.674358046,
                61.1309774
              ],
              [
                14.67435897,
                61.130887624
              ],
              [
                14.674173318,
                61.130887178
              ],
              [
                14.674174242,
                61.130797402
              ],
              [
                14.673802938,
                61.130796507
              ],
              [
                14.673804789,
                61.130616955
              ],
              [
                14.673619138,
                61.130616508
              ],
              [
                14.673620064,
                61.130526732
              ],
              [
                14.673434414,
                61.130526284
              ],
              [
                14.67343534,
                61.130436508
              ],
              [
                14.67269274,
                61.130434713
              ],
              [
                14.672693669,
                61.130344938
              ],
              [
                14.67213672,
                61.130343589
              ],
              [
                14.67213579,
                61.130433365
              ],
              [
                14.67120754,
                61.130431112
              ],
              [
                14.671206607,
                61.130520888
              ],
              [
                14.670278355,
                61.130518629
              ],
              [
                14.670276484,
                61.130698181
              ],
              [
                14.669533878,
                61.130696369
              ],
              [
                14.669534815,
                61.130606593
              ],
              [
                14.668977863,
                61.130605232
              ],
              [
                14.668978802,
                61.130515456
              ],
              [
                14.668793151,
                61.130515001
              ],
              [
                14.668792212,
                61.130604777
              ],
              [
                14.668606561,
                61.130604323
              ],
              [
                14.668607501,
                61.130514547
              ],
              [
                14.6682362,
                61.130513637
              ],
              [
                14.668237142,
                61.130423861
              ],
              [
                14.667308892,
                61.130421582
              ],
              [
                14.667309836,
                61.130331806
              ],
              [
                14.666752889,
                61.130330435
              ],
              [
                14.666751943,
                61.130420211
              ],
              [
                14.666566293,
                61.130419754
              ],
              [
                14.666564401,
                61.130599305
              ],
              [
                14.66637875,
                61.130598848
              ],
              [
                14.666377803,
                61.130688623
              ],
              [
                14.666192152,
                61.130688166
              ],
              [
                14.66618931,
                61.130957493
              ],
              [
                14.666374963,
                61.130957951
              ],
              [
                14.666374017,
                61.131047727
              ],
              [
                14.66655967,
                61.131048184
              ],
              [
                14.666558724,
                61.13113796
              ],
              [
                14.667115686,
                61.131139332
              ],
              [
                14.667114741,
                61.131229107
              ],
              [
                14.667671705,
                61.131230477
              ],
              [
                14.667672648,
                61.131140701
              ],
              [
                14.66822961,
                61.131142068
              ],
              [
                14.668228669,
                61.131231843
              ],
              [
                14.668414323,
                61.131232299
              ],
              [
                14.668413383,
                61.131322074
              ],
              [
                14.668784693,
                61.131322984
              ],
              [
                14.668783753,
                61.13141276
              ],
              [
                14.668969409,
                61.131413214
              ],
              [
                14.668968469,
                61.13150299
              ],
              [
                14.669154126,
                61.131503444
              ],
              [
                14.669153187,
                61.13159322
              ],
              [
                14.669338843,
                61.131593674
              ],
              [
                14.669337905,
                61.131683449
              ],
              [
                14.669523562,
                61.131683903
              ],
              [
                14.669522625,
                61.131773679
              ],
              [
                14.669708282,
                61.131774132
              ],
              [
                14.669707345,
                61.131863908
              ],
              [
                14.669893003,
                61.131864361
              ],
              [
                14.669892067,
                61.131954137
              ],
              [
                14.670077726,
                61.13195459
              ],
              [
                14.670076789,
                61.132044366
              ],
              [
                14.66989113,
                61.132043913
              ],
              [
                14.66988832,
                61.13231324
              ],
              [
                14.669702659,
                61.132312787
              ],
              [
                14.669694223,
                61.133120769
              ],
              [
                14.669879888,
                61.133121222
              ],
              [
                14.669878952,
                61.133210998
              ],
              [
                14.670064618,
                61.133211451
              ],
              [
                14.670059936,
                61.13366033
              ],
              [
                14.670245605,
                61.133660783
              ],
              [
                14.670243733,
                61.133840334
              ],
              [
                14.670429403,
                61.133840786
              ],
              [
                14.670428468,
                61.133930562
              ],
              [
                14.670614139,
                61.133931014
              ],
              [
                14.670609465,
                61.134379893
              ],
              [
                14.670423791,
                61.134379441
              ],
              [
                14.670421921,
                61.134558993
              ],
              [
                14.670236247,
                61.13455854
              ],
              [
                14.670235311,
                61.134648316
              ],
              [
                14.669863961,
                61.134647411
              ],
              [
                14.669853655,
                61.135634944
              ],
              [
                14.669667974,
                61.135634491
              ],
              [
                14.669667037,
                61.135724267
              ],
              [
                14.669852718,
                61.13572472
              ],
              [
                14.66984897,
                61.136083823
              ],
              [
                14.669663286,
                61.13608337
              ],
              [
                14.669661411,
                61.136262921
              ],
              [
                14.669475727,
                61.136262468
              ],
              [
                14.669474789,
                61.136352243
              ],
              [
                14.669289104,
                61.13635179
              ],
              [
                14.669288166,
                61.136441566
              ],
              [
                14.66910248,
                61.136441112
              ],
              [
                14.66910342,
                61.136351336
              ],
              [
                14.66873205,
                61.136350427
              ],
              [
                14.66873111,
                61.136440203
              ],
              [
                14.668545425,
                61.136439748
              ],
              [
                14.668544484,
                61.136529524
              ],
              [
                14.668358798,
                61.136529069
              ],
              [
                14.668355975,
                61.136798396
              ],
              [
                14.668170287,
                61.136797941
              ],
              [
                14.668168404,
                61.136977492
              ],
              [
                14.667797027,
                61.136976581
              ],
              [
                14.667796084,
                61.137066357
              ],
              [
                14.667239018,
                61.137064988
              ],
              [
                14.667238073,
                61.137154764
              ],
              [
                14.667052384,
                61.137154307
              ],
              [
                14.666866694,
                61.13715385
              ],
              [
                14.66686764,
                61.137064074
              ],
              [
                14.666496262,
                61.13706316
              ],
              [
                14.666495316,
                61.137152935
              ],
              [
                14.666123937,
                61.137152019
              ],
              [
                14.666122989,
                61.137241795
              ],
              [
                14.66519454,
                61.137239501
              ],
              [
                14.66519359,
                61.137329277
              ],
              [
                14.6650079,
                61.137328817
              ],
              [
                14.665006949,
                61.137418593
              ],
              [
                14.664821258,
                61.137418133
              ],
              [
                14.664820307,
                61.137507909
              ],
              [
                14.664634615,
                61.137507449
              ],
              [
                14.664633663,
                61.137597224
              ],
              [
                14.664447972,
                61.137596764
              ],
              [
                14.664447019,
                61.13768654
              ],
              [
                14.664261327,
                61.137686079
              ],
              [
                14.664260374,
                61.137775855
              ],
              [
                14.664074681,
                61.137775394
              ],
              [
                14.664072774,
                61.137954945
              ],
              [
                14.664258468,
                61.137955406
              ],
              [
                14.664257515,
                61.138045182
              ],
              [
                14.664443209,
                61.138045643
              ],
              [
                14.664441304,
                61.138225194
              ],
              [
                14.664627,
                61.138225654
              ],
              [
                14.664626048,
                61.13831543
              ],
              [
                14.664811744,
                61.13831589
              ],
              [
                14.664810793,
                61.138405666
              ],
              [
                14.664996489,
                61.138406126
              ],
              [
                14.664986029,
                61.139393658
              ],
              [
                14.664800327,
                61.139393198
              ],
              [
                14.664796521,
                61.139752301
              ],
              [
                14.664610816,
                61.139751841
              ],
              [
                14.664609864,
                61.139841616
              ],
              [
                14.664424159,
                61.139841156
              ],
              [
                14.664420349,
                61.140200258
              ],
              [
                14.664234641,
                61.140199798
              ],
              [
                14.664232735,
                61.140379349
              ],
              [
                14.663861319,
                61.140378427
              ],
              [
                14.663860364,
                61.140468203
              ],
              [
                14.663674656,
                61.140467741
              ],
              [
                14.663669882,
                61.140916619
              ],
              [
                14.663484171,
                61.140916158
              ],
              [
                14.663478439,
                61.141454812
              ],
              [
                14.662921295,
                61.141453425
              ],
              [
                14.662919381,
                61.141632976
              ],
              [
                14.66254795,
                61.141632051
              ],
              [
                14.662548908,
                61.141542275
              ],
              [
                14.662177478,
                61.141541348
              ],
              [
                14.66217556,
                61.141720899
              ],
              [
                14.661989844,
                61.141720436
              ],
              [
                14.661988885,
                61.141810211
              ],
              [
                14.661246018,
                61.141808354
              ],
              [
                14.661245057,
                61.141898129
              ],
              [
                14.660873622,
                61.141897199
              ],
              [
                14.66087266,
                61.141986975
              ],
              [
                14.660315507,
                61.141985577
              ],
              [
                14.660314543,
                61.142075353
              ],
              [
                14.660128824,
                61.142074887
              ],
              [
                14.66012786,
                61.142164662
              ],
              [
                14.659942141,
                61.142164196
              ],
              [
                14.65994021,
                61.142343747
              ],
              [
                14.659197331,
                61.142341878
              ],
              [
                14.659196364,
                61.142431654
              ],
              [
                14.659010644,
                61.142431186
              ],
              [
                14.659009676,
                61.142520962
              ],
              [
                14.658452514,
                61.142519557
              ],
              [
                14.658451544,
                61.142609332
              ],
              [
                14.658080102,
                61.142608394
              ],
              [
                14.658079131,
                61.14269817
              ],
              [
                14.657707687,
                61.142697231
              ],
              [
                14.657708659,
                61.142607455
              ],
              [
                14.657337217,
                61.142606515
              ],
              [
                14.65733819,
                61.14251674
              ],
              [
                14.656966748,
                61.142515799
              ],
              [
                14.656967722,
                61.142426023
              ],
              [
                14.656782002,
                61.142425552
              ],
              [
                14.656782977,
                61.142335777
              ],
              [
                14.656040098,
                61.142333891
              ],
              [
                14.656042051,
                61.14215434
              ],
              [
                14.655856333,
                61.142153867
              ],
              [
                14.655860241,
                61.141794765
              ],
              [
                14.655674524,
                61.141794293
              ],
              [
                14.655675502,
                61.141704517
              ],
              [
                14.655861218,
                61.14170499
              ],
              [
                14.655862195,
                61.141615214
              ],
              [
                14.65604791,
                61.141615686
              ],
              [
                14.656055721,
                61.140897482
              ],
              [
                14.656612855,
                61.140898897
              ],
              [
                14.656614804,
                61.140719346
              ],
              [
                14.655871964,
                61.140717459
              ],
              [
                14.655872941,
                61.140627683
              ],
              [
                14.655687231,
                61.140627211
              ],
              [
                14.655688209,
                61.140537435
              ],
              [
                14.655316791,
                61.14053649
              ],
              [
                14.655317769,
                61.140446714
              ],
              [
                14.655132061,
                61.140446241
              ],
              [
                14.655131082,
                61.140536016
              ],
              [
                14.654945373,
                61.140535543
              ],
              [
                14.654944393,
                61.140625319
              ],
              [
                14.654758684,
                61.140624845
              ],
              [
                14.654757704,
                61.140714621
              ],
              [
                14.654386284,
                61.140713672
              ],
              [
                14.654388246,
                61.140534121
              ],
              [
                14.654202537,
                61.140533647
              ],
              [
                14.654205482,
                61.14026432
              ],
              [
                14.654019774,
                61.140263846
              ],
              [
                14.654026649,
                61.139635417
              ],
              [
                14.653655242,
                61.139634467
              ],
              [
                14.653656225,
                61.139544691
              ],
              [
                14.653470522,
                61.139544216
              ],
              [
                14.653471506,
                61.13945444
              ],
              [
                14.653285803,
                61.139453964
              ],
              [
                14.653286787,
                61.139364189
              ],
              [
                14.653101085,
                61.139363713
              ],
              [
                14.65310207,
                61.139273937
              ],
              [
                14.651616458,
                61.139270121
              ],
              [
                14.651615469,
                61.139359897
              ],
              [
                14.651429767,
                61.139359418
              ],
              [
                14.651426799,
                61.139628745
              ],
              [
                14.651241095,
                61.139628266
              ],
              [
                14.651240105,
                61.139718042
              ],
              [
                14.651054401,
                61.139717563
              ],
              [
                14.651051429,
                61.13998689
              ],
              [
                14.650865724,
                61.139986411
              ],
              [
                14.650864733,
                61.140076186
              ],
              [
                14.650679026,
                61.140075707
              ],
              [
                14.650677043,
                61.140255258
              ],
              [
                14.650491336,
                61.140254779
              ],
              [
                14.650489352,
                61.14043433
              ],
              [
                14.650303643,
                61.14043385
              ],
              [
                14.650304636,
                61.140344074
              ],
              [
                14.650118928,
                61.140343594
              ],
              [
                14.650121908,
                61.140074268
              ],
              [
                14.649936202,
                61.140073788
              ],
              [
                14.649937195,
                61.139984012
              ],
              [
                14.649565784,
                61.139983051
              ],
              [
                14.649566779,
                61.139893275
              ],
              [
                14.649381074,
                61.139892794
              ],
              [
                14.649382069,
                61.139803019
              ],
              [
                14.649196365,
                61.139802537
              ],
              [
                14.649198356,
                61.139622986
              ],
              [
                14.649012653,
                61.139622505
              ],
              [
                14.649011656,
                61.13971228
              ],
              [
                14.648454544,
                61.139710834
              ],
              [
                14.648455542,
                61.139621059
              ],
              [
                14.648084135,
                61.139620093
              ],
              [
                14.648081138,
                61.13988942
              ],
              [
                14.647895433,
                61.139888937
              ],
              [
                14.647896433,
                61.139799161
              ],
              [
                14.64696791,
                61.139796742
              ],
              [
                14.646968913,
                61.139706967
              ],
              [
                14.645854689,
                61.139704055
              ],
              [
                14.645853684,
                61.139793831
              ],
              [
                14.645482275,
                61.139792858
              ],
              [
                14.645484288,
                61.139613307
              ],
              [
                14.645298584,
                61.139612821
              ],
              [
                14.645299591,
                61.139523045
              ],
              [
                14.645113888,
                61.139522558
              ],
              [
                14.645114896,
                61.139432783
              ],
              [
                14.644743491,
                61.139431809
              ],
              [
                14.644745508,
                61.139252258
              ],
              [
                14.644559807,
                61.13925177
              ],
              [
                14.644560816,
                61.139161994
              ],
              [
                14.644375115,
                61.139161507
              ],
              [
                14.644377134,
                61.138981956
              ],
              [
                14.644562834,
                61.138982443
              ],
              [
                14.644563842,
                61.138892668
              ],
              [
                14.644006745,
                61.138891204
              ],
              [
                14.644007756,
                61.138801428
              ],
              [
                14.643822057,
                61.138800939
              ],
              [
                14.643823068,
                61.138711164
              ],
              [
                14.643265974,
                61.138709697
              ],
              [
                14.643266987,
                61.138619921
              ],
              [
                14.642895592,
                61.138618941
              ],
              [
                14.642896605,
                61.138529166
              ],
              [
                14.642710908,
                61.138528676
              ],
              [
                14.642711923,
                61.1384389
              ],
              [
                14.642526226,
                61.13843841
              ],
              [
                14.642527241,
                61.138348634
              ],
              [
                14.642155849,
                61.138347653
              ],
              [
                14.642156865,
                61.138257877
              ],
              [
                14.641971169,
                61.138257386
              ],
              [
                14.641974218,
                61.13798806
              ],
              [
                14.641788524,
                61.137987568
              ],
              [
                14.641789541,
                61.137897793
              ],
              [
                14.641603848,
                61.137897301
              ],
              [
                14.641604865,
                61.137807526
              ],
              [
                14.641419173,
                61.137807034
              ],
              [
                14.64142019,
                61.137717258
              ],
              [
                14.641234498,
                61.137716766
              ],
              [
                14.641235517,
                61.137626991
              ],
              [
                14.641049825,
                61.137626498
              ],
              [
                14.641051863,
                61.137446947
              ],
              [
                14.640866172,
                61.137446455
              ],
              [
                14.640868211,
                61.137266904
              ],
              [
                14.640682521,
                61.137266411
              ],
              [
                14.640684561,
                61.13708686
              ],
              [
                14.640498873,
                61.137086367
              ],
              [
                14.640499893,
                61.136996591
              ],
              [
                14.640314205,
                61.136996098
              ],
              [
                14.640317268,
                61.136726771
              ],
              [
                14.640131581,
                61.136726278
              ],
              [
                14.640132603,
                61.136636502
              ],
              [
                14.639946917,
                61.136636008
              ],
              [
                14.639948961,
                61.136456457
              ],
              [
                14.639763276,
                61.136455963
              ],
              [
                14.639764299,
                61.136366188
              ],
              [
                14.639578614,
                61.136365693
              ],
              [
                14.63958066,
                61.136186142
              ],
              [
                14.639394977,
                61.136185648
              ],
              [
                14.639396001,
                61.136095872
              ],
              [
                14.63865327,
                61.136093891
              ],
              [
                14.638654296,
                61.136004115
              ],
              [
                14.638468614,
                61.136003619
              ],
              [
                14.63846964,
                61.135913844
              ],
              [
                14.637912596,
                61.135912354
              ],
              [
                14.637913623,
                61.135822579
              ],
              [
                14.637727942,
                61.135822082
              ],
              [
                14.63772897,
                61.135732306
              ],
              [
                14.63754329,
                61.135731809
              ],
              [
                14.637542261,
                61.135821585
              ],
              [
                14.63735658,
                61.135821087
              ],
              [
                14.637353493,
                61.136090413
              ],
              [
                14.636982128,
                61.136089418
              ],
              [
                14.636979037,
                61.136358744
              ],
              [
                14.636607668,
                61.136357747
              ],
              [
                14.6366087,
                61.136267972
              ],
              [
                14.636237333,
                61.136266974
              ],
              [
                14.636238365,
                61.136177198
              ],
              [
                14.635866999,
                61.1361762
              ],
              [
                14.635868033,
                61.136086424
              ],
              [
                14.63568235,
                61.136085924
              ],
              [
                14.635684418,
                61.135906374
              ],
              [
                14.634941693,
                61.135904372
              ],
              [
                14.634938584,
                61.136173698
              ],
              [
                14.634381536,
                61.136172194
              ],
              [
                14.634382573,
                61.136082419
              ],
              [
                14.634196891,
                61.136081917
              ],
              [
                14.634197929,
                61.135992141
              ],
              [
                14.634012247,
                61.135991639
              ],
              [
                14.634015363,
                61.135722313
              ],
              [
                14.633829683,
                61.135721811
              ],
              [
                14.63383384,
                61.135362709
              ],
              [
                14.633648162,
                61.135362206
              ],
              [
                14.633649202,
                61.135272431
              ],
              [
                14.633463524,
                61.135271928
              ],
              [
                14.633464564,
                61.135182153
              ],
              [
                14.633278887,
                61.13518165
              ],
              [
                14.633280969,
                61.135002099
              ],
              [
                14.633095293,
                61.135001595
              ],
              [
                14.633097375,
                61.134822045
              ],
              [
                14.6329117,
                61.134821541
              ],
              [
                14.632914826,
                61.134552215
              ],
              [
                14.632729152,
                61.134551711
              ],
              [
                14.632733322,
                61.134192609
              ],
              [
                14.63254765,
                61.134192105
              ],
              [
                14.632548693,
                61.13410233
              ],
              [
                14.63180601,
                61.134100311
              ],
              [
                14.631809145,
                61.133830985
              ],
              [
                14.631623476,
                61.133830479
              ],
              [
                14.631624521,
                61.133740704
              ],
              [
                14.631253184,
                61.133739692
              ],
              [
                14.631255277,
                61.133560141
              ],
              [
                14.631440945,
                61.133560647
              ],
              [
                14.63144199,
                61.133470872
              ],
              [
                14.631256323,
                61.133470366
              ],
              [
                14.63125737,
                61.133380591
              ],
              [
                14.631071703,
                61.133380084
              ],
              [
                14.63107275,
                61.133290309
              ],
              [
                14.630887084,
                61.133289803
              ],
              [
                14.630888132,
                61.133200027
              ],
              [
                14.630516801,
                61.133199014
              ],
              [
                14.630518898,
                61.133019463
              ],
              [
                14.630333234,
                61.133018956
              ],
              [
                14.630335332,
                61.132839405
              ],
              [
                14.630520995,
                61.132839912
              ],
              [
                14.630522044,
                61.132750137
              ],
              [
                14.630707707,
                61.132750644
              ],
              [
                14.630708755,
                61.132660868
              ],
              [
                14.630894417,
                61.132661375
              ],
              [
                14.630896512,
                61.132481824
              ],
              [
                14.631267834,
                61.132482836
              ],
              [
                14.63126888,
                61.132393061
              ],
              [
                14.631640202,
                61.132394072
              ],
              [
                14.631641247,
                61.132304297
              ],
              [
                14.631826907,
                61.132304802
              ],
              [
                14.631827952,
                61.132215027
              ],
              [
                14.632199271,
                61.132216037
              ],
              [
                14.632201359,
                61.132036486
              ],
              [
                14.6320157,
                61.132035981
              ],
              [
                14.632017789,
                61.13185643
              ],
              [
                14.631832131,
                61.131855925
              ],
              [
                14.631833176,
                61.13176615
              ],
              [
                14.631461862,
                61.131765139
              ],
              [
                14.631462908,
                61.131675363
              ],
              [
                14.631277251,
                61.131674857
              ],
              [
                14.631278298,
                61.131585082
              ],
              [
                14.631092642,
                61.131584576
              ],
              [
                14.631093688,
                61.1314948
              ],
              [
                14.630908033,
                61.131494294
              ],
              [
                14.63090908,
                61.131404519
              ],
              [
                14.630537771,
                61.131403505
              ],
              [
                14.630538819,
                61.13131373
              ],
              [
                14.63016751,
                61.131312715
              ],
              [
                14.63016856,
                61.13122294
              ],
              [
                14.629797252,
                61.131221924
              ],
              [
                14.629798303,
                61.131132149
              ],
              [
                14.62961265,
                61.131131641
              ],
              [
                14.629613701,
                61.131041865
              ],
              [
                14.629242395,
                61.131040848
              ],
              [
                14.629243447,
                61.130951073
              ],
              [
                14.629057795,
                61.130950564
              ],
              [
                14.629058848,
                61.130860789
              ],
              [
                14.628873196,
                61.13086028
              ],
              [
                14.628872143,
                61.130950055
              ],
              [
                14.628500838,
                61.130949036
              ],
              [
                14.628499784,
                61.131038811
              ],
              [
                14.628128479,
                61.131037791
              ],
              [
                14.628130589,
                61.130858241
              ],
              [
                14.627759286,
                61.130857219
              ],
              [
                14.627761399,
                61.130677669
              ],
              [
                14.627390098,
                61.130676647
              ],
              [
                14.627391155,
                61.130586871
              ],
              [
                14.627205505,
                61.13058636
              ],
              [
                14.627206563,
                61.130496584
              ],
              [
                14.627020913,
                61.130496073
              ],
              [
                14.62702303,
                61.130316522
              ],
              [
                14.626837382,
                61.13031601
              ],
              [
                14.62683844,
                61.130226235
              ],
              [
                14.626652793,
                61.130225722
              ],
              [
                14.626653852,
                61.130135947
              ],
              [
                14.626468205,
                61.130135435
              ],
              [
                14.626469264,
                61.130045659
              ],
              [
                14.626654911,
                61.130046172
              ],
              [
                14.626662327,
                61.129417744
              ],
              [
                14.62629104,
                61.129416718
              ],
              [
                14.626294222,
                61.129147392
              ],
              [
                14.62610858,
                61.129146879
              ],
              [
                14.626110702,
                61.128967328
              ],
              [
                14.625925061,
                61.128966815
              ],
              [
                14.625927184,
                61.128787264
              ],
              [
                14.625555905,
                61.128786237
              ],
              [
                14.625556968,
                61.128696462
              ],
              [
                14.625371329,
                61.128695948
              ],
              [
                14.625372392,
                61.128606173
              ],
              [
                14.625186753,
                61.128605658
              ],
              [
                14.625187817,
                61.128515883
              ],
              [
                14.625002179,
                61.128515369
              ],
              [
                14.625004307,
                61.128335818
              ],
              [
                14.62481867,
                61.128335303
              ],
              [
                14.624820799,
                61.128155752
              ],
              [
                14.624635164,
                61.128155237
              ],
              [
                14.624636229,
                61.128065462
              ],
              [
                14.624450593,
                61.128064947
              ],
              [
                14.624451659,
                61.127975171
              ],
              [
                14.624266024,
                61.127974656
              ],
              [
                14.62426709,
                61.12788488
              ],
              [
                14.623895822,
                61.127883849
              ],
              [
                14.623896889,
                61.127794073
              ],
              [
                14.623711256,
                61.127793557
              ],
              [
                14.623713391,
                61.127614006
              ],
              [
                14.623527758,
                61.12761349
              ],
              [
                14.623528827,
                61.127523714
              ],
              [
                14.623343195,
                61.127523198
              ],
              [
                14.623345332,
                61.127343647
              ],
              [
                14.623530963,
                61.127344164
              ],
              [
                14.623529895,
                61.127433939
              ],
              [
                14.624458052,
                61.127436519
              ],
              [
                14.624460183,
                61.127256968
              ],
              [
                14.624274552,
                61.127256452
              ],
              [
                14.624276684,
                61.127076902
              ],
              [
                14.624091055,
                61.127076386
              ],
              [
                14.624092122,
                61.12698661
              ],
              [
                14.623535235,
                61.126985062
              ],
              [
                14.623536303,
                61.126895287
              ],
              [
                14.623350675,
                61.12689477
              ],
              [
                14.623352812,
                61.126715219
              ],
              [
                14.623538439,
                61.126715736
              ],
              [
                14.623539507,
                61.12662596
              ],
              [
                14.623725134,
                61.126626477
              ],
              [
                14.623726202,
                61.126536701
              ],
              [
                14.624097454,
                61.126537733
              ],
              [
                14.624098521,
                61.126447958
              ],
              [
                14.624469772,
                61.126448989
              ],
              [
                14.62447936,
                61.12564101
              ],
              [
                14.624293739,
                61.125640494
              ],
              [
                14.624295871,
                61.125460944
              ],
              [
                14.624110251,
                61.125460428
              ],
              [
                14.624111318,
                61.125370652
              ],
              [
                14.623925698,
                61.125370137
              ],
              [
                14.623927832,
                61.125190586
              ],
              [
                14.623742214,
                61.12519007
              ],
              [
                14.623744349,
                61.125010519
              ],
              [
                14.623558731,
                61.125010002
              ],
              [
                14.623559799,
                61.124920227
              ],
              [
                14.623374183,
                61.12491971
              ],
              [
                14.623376319,
                61.124740159
              ],
              [
                14.623190704,
                61.124739642
              ],
              [
                14.623192842,
                61.124560091
              ],
              [
                14.623007227,
                61.124559574
              ],
              [
                14.623008297,
                61.124469799
              ],
              [
                14.622822683,
                61.124469281
              ],
              [
                14.622824823,
                61.124289731
              ],
              [
                14.62263921,
                61.124289213
              ],
              [
                14.62264028,
                61.124199437
              ],
              [
                14.622454668,
                61.12419892
              ],
              [
                14.622455739,
                61.124109144
              ],
              [
                14.622270127,
                61.124108626
              ],
              [
                14.622271198,
                61.12401885
              ],
              [
                14.621343142,
                61.124016256
              ],
              [
                14.621344216,
                61.12392648
              ],
              [
                14.621158605,
                61.123925961
              ],
              [
                14.621162904,
                61.123566859
              ],
              [
                14.621348512,
                61.123567379
              ],
              [
                14.621351735,
                61.123298052
              ],
              [
                14.621166128,
                61.123297533
              ],
              [
                14.621169352,
                61.123028206
              ],
              [
                14.620983746,
                61.123027686
              ],
              [
                14.620988047,
                61.122668585
              ],
              [
                14.620802443,
                61.122668064
              ],
              [
                14.62080567,
                61.122398738
              ],
              [
                14.620620068,
                61.122398218
              ],
              [
                14.620621144,
                61.122308442
              ],
              [
                14.620435543,
                61.122307921
              ],
              [
                14.620437696,
                61.122128371
              ],
              [
                14.620066496,
                61.122127328
              ],
              [
                14.620067574,
                61.122037553
              ],
              [
                14.619881974,
                61.122037032
              ],
              [
                14.619880896,
                61.122126807
              ],
              [
                14.619509695,
                61.122125763
              ],
              [
                14.619507537,
                61.122305314
              ],
              [
                14.619693138,
                61.122305836
              ],
              [
                14.619692059,
                61.122395612
              ],
              [
                14.619506457,
                61.12239509
              ],
              [
                14.619505378,
                61.122484865
              ],
              [
                14.619134173,
                61.122483821
              ],
              [
                14.619132013,
                61.122663372
              ],
              [
                14.618946409,
                61.122662849
              ],
              [
                14.61894749,
                61.122573073
              ],
              [
                14.618390682,
                61.122571504
              ],
              [
                14.618391764,
                61.122481728
              ],
              [
                14.618206162,
                61.122481205
              ],
              [
                14.618207245,
                61.122391429
              ],
              [
                14.618021643,
                61.122390905
              ],
              [
                14.61802381,
                61.122211354
              ],
              [
                14.61783821,
                61.12221083
              ],
              [
                14.617839294,
                61.122121055
              ],
              [
                14.617468093,
                61.122120005
              ],
              [
                14.617470264,
                61.121940455
              ],
              [
                14.616913466,
                61.121938879
              ],
              [
                14.61690912,
                61.122297981
              ],
              [
                14.616537917,
                61.122296929
              ],
              [
                14.616539005,
                61.122207153
              ],
              [
                14.615796603,
                61.122205047
              ],
              [
                14.615795513,
                61.122294822
              ],
              [
                14.615609912,
                61.122294295
              ],
              [
                14.615611002,
                61.12220452
              ],
              [
                14.615425402,
                61.122203992
              ],
              [
                14.615426492,
                61.122114217
              ],
              [
                14.615055292,
                61.122113161
              ],
              [
                14.615056384,
                61.122023385
              ],
              [
                14.614870785,
                61.122022857
              ],
              [
                14.614871877,
                61.121933082
              ],
              [
                14.614129481,
                61.121930966
              ],
              [
                14.614130576,
                61.121841191
              ],
              [
                14.613573781,
                61.121839601
              ],
              [
                14.613577069,
                61.121570275
              ],
              [
                14.613391472,
                61.121569745
              ],
              [
                14.613390376,
                61.12165952
              ],
              [
                14.612647986,
                61.121657396
              ],
              [
                14.612649085,
                61.121567621
              ],
              [
                14.611721101,
                61.12156496
              ],
              [
                14.611725507,
                61.121205859
              ],
              [
                14.611354317,
                61.121204793
              ],
              [
                14.61135542,
                61.121115017
              ],
              [
                14.610984231,
                61.12111395
              ],
              [
                14.610983128,
                61.121203726
              ],
              [
                14.610797533,
                61.121203192
              ],
              [
                14.610793118,
                61.121562293
              ],
              [
                14.610978714,
                61.121562827
              ],
              [
                14.610964369,
                61.122729907
              ],
              [
                14.610778765,
                61.122729373
              ],
              [
                14.610768828,
                61.123537351
              ],
              [
                14.610954436,
                61.123537885
              ],
              [
                14.610947815,
                61.124076537
              ],
              [
                14.610762203,
                61.124076003
              ],
              [
                14.610763307,
                61.123986228
              ],
              [
                14.609649642,
                61.123983019
              ],
              [
                14.609650749,
                61.123893244
              ],
              [
                14.609465139,
                61.123892708
              ],
              [
                14.609466247,
                61.123802933
              ],
              [
                14.609095027,
                61.12380186
              ],
              [
                14.609096136,
                61.123712085
              ],
              [
                14.608724917,
                61.123711012
              ],
              [
                14.608722697,
                61.123890562
              ],
              [
                14.608165867,
                61.123888951
              ],
              [
                14.608163643,
                61.124068501
              ],
              [
                14.607235587,
                61.12406581
              ],
              [
                14.607236701,
                61.123976035
              ],
              [
                14.606865479,
                61.123974956
              ],
              [
                14.606864364,
                61.124064732
              ],
              [
                14.606493142,
                61.124063652
              ],
              [
                14.606492025,
                61.124153428
              ],
              [
                14.606120802,
                61.124152347
              ],
              [
                14.606119684,
                61.124242123
              ],
              [
                14.605191623,
                61.124239417
              ],
              [
                14.605190503,
                61.124329192
              ],
              [
                14.604448052,
                61.124327024
              ],
              [
                14.604449174,
                61.124237248
              ],
              [
                14.603521113,
                61.124234532
              ],
              [
                14.603519988,
                61.124324307
              ],
              [
                14.60296315,
                61.124322674
              ],
              [
                14.602962023,
                61.124412449
              ],
              [
                14.60277641,
                61.124411904
              ],
              [
                14.602777537,
                61.124322129
              ],
              [
                14.600735797,
                61.124316118
              ],
              [
                14.600734665,
                61.124405893
              ],
              [
                14.600363438,
                61.124404797
              ],
              [
                14.600362305,
                61.124494572
              ],
              [
                14.599805464,
                61.124492926
              ],
              [
                14.599806599,
                61.124403151
              ],
              [
                14.599620986,
                61.124402602
              ],
              [
                14.599622122,
                61.124312827
              ],
              [
                14.599065284,
                61.124311177
              ],
              [
                14.599066421,
                61.124221402
              ],
              [
                14.597767137,
                61.124217545
              ],
              [
                14.597764855,
                61.124397095
              ],
              [
                14.597208016,
                61.124395439
              ],
              [
                14.597206873,
                61.124485214
              ],
              [
                14.59702126,
                61.124484661
              ],
              [
                14.597018973,
                61.124664211
              ],
              [
                14.596833359,
                61.124663658
              ],
              [
                14.596832215,
                61.124753433
              ],
              [
                14.596460985,
                61.124752327
              ],
              [
                14.59645984,
                61.124842102
              ],
              [
                14.596088609,
                61.124840994
              ],
              [
                14.596087463,
                61.124930769
              ],
              [
                14.595901847,
                61.124930215
              ],
              [
                14.5959007,
                61.12501999
              ],
              [
                14.595715084,
                61.125019435
              ],
              [
                14.595711643,
                61.125288761
              ],
              [
                14.59496917,
                61.12528654
              ],
              [
                14.594968021,
                61.125376315
              ],
              [
                14.594225546,
                61.12537409
              ],
              [
                14.594224395,
                61.125463865
              ],
              [
                14.594038776,
                61.125463308
              ],
              [
                14.594037624,
                61.125553083
              ],
              [
                14.593480765,
                61.125551411
              ],
              [
                14.593478458,
                61.125730961
              ],
              [
                14.593292838,
                61.125730403
              ],
              [
                14.593291684,
                61.125820179
              ],
              [
                14.593106063,
                61.12581962
              ],
              [
                14.593103754,
                61.125999171
              ],
              [
                14.592918131,
                61.125998612
              ],
              [
                14.592916977,
                61.126088387
              ],
              [
                14.592731354,
                61.126087829
              ],
              [
                14.592729043,
                61.126267379
              ],
              [
                14.592543419,
                61.12626682
              ],
              [
                14.592541107,
                61.12644637
              ],
              [
                14.592355482,
                61.126445811
              ],
              [
                14.592350856,
                61.126804911
              ],
              [
                14.592165229,
                61.126804352
              ],
              [
                14.592161758,
                61.127073677
              ],
              [
                14.592347386,
                61.127074237
              ],
              [
                14.59234623,
                61.127164012
              ],
              [
                14.592717488,
                61.12716513
              ],
              [
                14.592716332,
                61.127254905
              ],
              [
                14.592530703,
                61.127254346
              ],
              [
                14.592529547,
                61.127344121
              ],
              [
                14.592343917,
                61.127343562
              ],
              [
                14.592341603,
                61.127523112
              ],
              [
                14.591970341,
                61.127521993
              ],
              [
                14.591969183,
                61.127611768
              ],
              [
                14.591783551,
                61.127611208
              ],
              [
                14.591782393,
                61.127700983
              ],
              [
                14.591225496,
                61.127699301
              ],
              [
                14.591226656,
                61.127609526
              ],
              [
                14.591041024,
                61.127608965
              ],
              [
                14.591037543,
                61.12787829
              ],
              [
                14.590480644,
                61.127876606
              ],
              [
                14.590479482,
                61.127966381
              ],
              [
                14.590108214,
                61.127965257
              ],
              [
                14.590109377,
                61.127875482
              ],
              [
                14.589552477,
                61.127873793
              ],
              [
                14.589553642,
                61.127784018
              ],
              [
                14.589182376,
                61.127782891
              ],
              [
                14.589185873,
                61.127513566
              ],
              [
                14.589371504,
                61.12751413
              ],
              [
                14.589373834,
                61.12733458
              ],
              [
                14.589188204,
                61.127334016
              ],
              [
                14.58918937,
                61.127244241
              ],
              [
                14.58900374,
                61.127243677
              ],
              [
                14.589004906,
                61.127153902
              ],
              [
                14.588633648,
                61.127152774
              ],
              [
                14.588634815,
                61.127062999
              ],
              [
                14.588263558,
                61.127061869
              ],
              [
                14.58826239,
                61.127151644
              ],
              [
                14.587891132,
                61.127150514
              ],
              [
                14.587892301,
                61.127060739
              ],
              [
                14.587521045,
                61.127059607
              ],
              [
                14.587519874,
                61.127149382
              ],
              [
                14.587334245,
                61.127148816
              ],
              [
                14.587333075,
                61.127238591
              ],
              [
                14.587147445,
                61.127238025
              ],
              [
                14.58714276,
                61.127597125
              ],
              [
                14.586400234,
                61.127594857
              ],
              [
                14.58639906,
                61.127684632
              ],
              [
                14.585656532,
                61.12768236
              ],
              [
                14.585657707,
                61.127592585
              ],
              [
                14.585286444,
                61.127591447
              ],
              [
                14.585287621,
                61.127501672
              ],
              [
                14.584730728,
                61.127499964
              ],
              [
                14.584731906,
                61.127410189
              ],
              [
                14.584546276,
                61.127409619
              ],
              [
                14.584547455,
                61.127319844
              ],
              [
                14.583804935,
                61.127317562
              ],
              [
                14.583806116,
                61.127227787
              ],
              [
                14.583620487,
                61.127227216
              ],
              [
                14.583621668,
                61.127137441
              ],
              [
                14.583436039,
                61.127136869
              ],
              [
                14.583437221,
                61.127047094
              ],
              [
                14.583065965,
                61.127045951
              ],
              [
                14.583067147,
                61.126956176
              ],
              [
                14.58288152,
                61.126955604
              ],
              [
                14.582880336,
                61.127045379
              ],
              [
                14.582694708,
                61.127044806
              ],
              [
                14.582693524,
                61.127134581
              ],
              [
                14.582322267,
                61.127133435
              ],
              [
                14.582321082,
                61.12722321
              ],
              [
                14.582135452,
                61.127222637
              ],
              [
                14.582131896,
                61.127491962
              ],
              [
                14.581760634,
                61.127490815
              ],
              [
                14.581759447,
                61.12758059
              ],
              [
                14.581573816,
                61.127580016
              ],
              [
                14.581570255,
                61.127849341
              ],
              [
                14.581755888,
                61.127849915
              ],
              [
                14.581751141,
                61.128209014
              ],
              [
                14.581936776,
                61.128209588
              ],
              [
                14.581934404,
                61.128389138
              ],
              [
                14.58212004,
                61.128389712
              ],
              [
                14.582115297,
                61.128748811
              ],
              [
                14.582300935,
                61.128749385
              ],
              [
                14.58229975,
                61.12883916
              ],
              [
                14.582671028,
                61.128840305
              ],
              [
                14.582669843,
                61.12893008
              ],
              [
                14.583041122,
                61.128931225
              ],
              [
                14.583042305,
                61.12884145
              ],
              [
                14.584341777,
                61.128845449
              ],
              [
                14.584340597,
                61.128935224
              ],
              [
                14.584154958,
                61.128934653
              ],
              [
                14.584152598,
                61.129114203
              ],
              [
                14.583966958,
                61.129113633
              ],
              [
                14.583965777,
                61.129203408
              ],
              [
                14.583780136,
                61.129202837
              ],
              [
                14.583777774,
                61.129382387
              ],
              [
                14.58340649,
                61.129381244
              ],
              [
                14.583405308,
                61.129471019
              ],
              [
                14.583219666,
                61.129470447
              ],
              [
                14.583216118,
                61.129739772
              ],
              [
                14.583401762,
                61.129740344
              ],
              [
                14.58340058,
                61.129830119
              ],
              [
                14.583214936,
                61.129829547
              ],
              [
                14.583211388,
                61.130098872
              ],
              [
                14.583025742,
                61.1300983
              ],
              [
                14.583024558,
                61.130188075
              ],
              [
                14.582838912,
                61.130187502
              ],
              [
                14.582837728,
                61.130277277
              ],
              [
                14.582652081,
                61.130276705
              ],
              [
                14.582650897,
                61.13036648
              ],
              [
                14.582465249,
                61.130365907
              ],
              [
                14.58246051,
                61.130725007
              ],
              [
                14.58264616,
                61.130725579
              ],
              [
                14.582643791,
                61.130905129
              ],
              [
                14.58245814,
                61.130904556
              ],
              [
                14.582456955,
                61.130994331
              ],
              [
                14.582271304,
                61.130993758
              ],
              [
                14.582270119,
                61.131083533
              ],
              [
                14.581898815,
                61.131082386
              ],
              [
                14.581896442,
                61.131261936
              ],
              [
                14.581710789,
                61.131261362
              ],
              [
                14.581709602,
                61.131351137
              ],
              [
                14.581523949,
                61.131350563
              ],
              [
                14.581522761,
                61.131440338
              ],
              [
                14.581151453,
                61.131439189
              ],
              [
                14.581150265,
                61.131528964
              ],
              [
                14.580778956,
                61.131527814
              ],
              [
                14.580777766,
                61.131617589
              ],
              [
                14.580592111,
                61.131617014
              ],
              [
                14.580589731,
                61.131796563
              ],
              [
                14.580775387,
                61.131797139
              ],
              [
                14.580773007,
                61.131976688
              ],
              [
                14.580958665,
                61.131977264
              ],
              [
                14.580956286,
                61.132156813
              ],
              [
                14.581141944,
                61.132157388
              ],
              [
                14.581136001,
                61.132606263
              ],
              [
                14.581321662,
                61.132606837
              ],
              [
                14.581318098,
                61.132876162
              ],
              [
                14.58150376,
                61.132876736
              ],
              [
                14.581502573,
                61.132966511
              ],
              [
                14.581688235,
                61.132967085
              ],
              [
                14.581687048,
                61.13305686
              ],
              [
                14.581872712,
                61.133057434
              ],
              [
                14.581871525,
                61.133147209
              ],
              [
                14.582428517,
                61.133148929
              ],
              [
                14.582427332,
                61.133238704
              ],
              [
                14.582612997,
                61.133239277
              ],
              [
                14.582607074,
                61.133688152
              ],
              [
                14.582978409,
                61.133689297
              ],
              [
                14.582977225,
                61.133779071
              ],
              [
                14.583162893,
                61.133779644
              ],
              [
                14.583164076,
                61.133689869
              ],
              [
                14.583906745,
                61.133692155
              ],
              [
                14.583904383,
                61.133871704
              ],
              [
                14.584090052,
                61.133872275
              ],
              [
                14.584088871,
                61.13396205
              ],
              [
                14.583903202,
                61.133961479
              ],
              [
                14.583900841,
                61.134141029
              ],
              [
                14.584086511,
                61.1341416
              ],
              [
                14.58408297,
                61.134410925
              ],
              [
                14.584268641,
                61.134411495
              ],
              [
                14.584267461,
                61.13450127
              ],
              [
                14.584453133,
                61.13450184
              ],
              [
                14.584449595,
                61.134771165
              ],
              [
                14.584263922,
                61.134770595
              ],
              [
                14.584262742,
                61.13486037
              ],
              [
                14.584077068,
                61.134859799
              ],
              [
                14.584075887,
                61.134949574
              ],
              [
                14.584447236,
                61.134950715
              ],
              [
                14.584443698,
                61.13522004
              ],
              [
                14.584629375,
                61.13522061
              ],
              [
                14.584628196,
                61.135310385
              ],
              [
                14.584813872,
                61.135310955
              ],
              [
                14.584811516,
                61.135490504
              ],
              [
                14.585182871,
                61.135491643
              ],
              [
                14.585181694,
                61.135581418
              ],
              [
                14.587224157,
                61.135587664
              ],
              [
                14.587220642,
                61.135856989
              ],
              [
                14.587406322,
                61.135857555
              ],
              [
                14.58740398,
                61.136037105
              ],
              [
                14.587032618,
                61.136035972
              ],
              [
                14.587031446,
                61.136125747
              ],
              [
                14.586845764,
                61.13612518
              ],
              [
                14.586844592,
                61.136214955
              ],
              [
                14.58665891,
                61.136214388
              ],
              [
                14.586656563,
                61.136393938
              ],
              [
                14.588142029,
                61.136398468
              ],
              [
                14.58814086,
                61.136488242
              ],
              [
                14.588326544,
                61.136488807
              ],
              [
                14.588325375,
                61.136578582
              ],
              [
                14.58851106,
                61.136579147
              ],
              [
                14.588516899,
                61.136130273
              ],
              [
                14.588702581,
                61.136130837
              ],
              [
                14.588704915,
                61.135951287
              ],
              [
                14.588890596,
                61.135951851
              ],
              [
                14.588888262,
                61.136131401
              ],
              [
                14.589073944,
                61.136131965
              ],
              [
                14.589071612,
                61.136311515
              ],
              [
                14.589257294,
                61.136312079
              ],
              [
                14.589256129,
                61.136401854
              ],
              [
                14.589441812,
                61.136402417
              ],
              [
                14.589440647,
                61.136492192
              ],
              [
                14.589812014,
                61.136493319
              ],
              [
                14.589813178,
                61.136403544
              ],
              [
                14.590184545,
                61.136404669
              ],
              [
                14.590182219,
                61.136584219
              ],
              [
                14.590367903,
                61.136584781
              ],
              [
                14.590364415,
                61.136854106
              ],
              [
                14.590550101,
                61.136854668
              ],
              [
                14.590548939,
                61.136944443
              ],
              [
                14.590734626,
                61.136945005
              ],
              [
                14.590733464,
                61.13703478
              ],
              [
                14.590919151,
                61.137035341
              ],
              [
                14.59091799,
                61.137125116
              ],
              [
                14.591103677,
                61.137125677
              ],
              [
                14.591102517,
                61.137215452
              ],
              [
                14.591288205,
                61.137216013
              ],
              [
                14.591284725,
                61.137485338
              ],
              [
                14.591099035,
                61.137484777
              ],
              [
                14.591097874,
                61.137574552
              ],
              [
                14.591283565,
                61.137575113
              ],
              [
                14.591282405,
                61.137664888
              ],
              [
                14.591468095,
                61.137665449
              ],
              [
                14.591466936,
                61.137755224
              ],
              [
                14.591652627,
                61.137755784
              ],
              [
                14.591651468,
                61.137845559
              ],
              [
                14.592022852,
                61.137846679
              ],
              [
                14.592021694,
                61.137936454
              ],
              [
                14.592207386,
                61.137937014
              ],
              [
                14.592205071,
                61.138116564
              ],
              [
                14.592390764,
                61.138117123
              ],
              [
                14.592389607,
                61.138206898
              ],
              [
                14.592575301,
                61.138207457
              ],
              [
                14.59256605,
                61.138925657
              ],
              [
                14.593308842,
                61.138927891
              ],
              [
                14.593307688,
                61.139017666
              ],
              [
                14.594050483,
                61.139019897
              ],
              [
                14.594049331,
                61.139109672
              ],
              [
                14.595163527,
                61.139113009
              ],
              [
                14.595165825,
                61.138933459
              ],
              [
                14.59572292,
                61.138935125
              ],
              [
                14.595721772,
                61.1390249
              ],
              [
                14.59609317,
                61.139026009
              ],
              [
                14.59608973,
                61.139295334
              ],
              [
                14.59590403,
                61.139294779
              ],
              [
                14.595901736,
                61.139474329
              ],
              [
                14.596087437,
                61.139474884
              ],
              [
                14.596085144,
                61.139654434
              ],
              [
                14.596642252,
                61.139656095
              ],
              [
                14.596639962,
                61.139835645
              ],
              [
                14.596454258,
                61.139835092
              ],
              [
                14.596453113,
                61.139924867
              ],
              [
                14.596638817,
                61.13992542
              ],
              [
                14.596635382,
                61.140194745
              ],
              [
                14.596821088,
                61.140195299
              ],
              [
                14.596818799,
                61.140374849
              ],
              [
                14.597004505,
                61.140375402
              ],
              [
                14.597001073,
                61.140644727
              ],
              [
                14.597186782,
                61.14064528
              ],
              [
                14.597182208,
                61.141004379
              ],
              [
                14.597367918,
                61.141004932
              ],
              [
                14.597366775,
                61.141094707
              ],
              [
                14.597181064,
                61.141094154
              ],
              [
                14.597178777,
                61.141273704
              ],
              [
                14.596993065,
                61.141273151
              ],
              [
                14.596978192,
                61.142440226
              ],
              [
                14.596792473,
                61.142439672
              ],
              [
                14.596789039,
                61.142708997
              ],
              [
                14.596974759,
                61.14270955
              ],
              [
                14.596963317,
                61.1436073
              ],
              [
                14.596777591,
                61.143606747
              ],
              [
                14.596776447,
                61.143696521
              ],
              [
                14.596962173,
                61.143697075
              ],
              [
                14.596957596,
                61.144056174
              ],
              [
                14.596771867,
                61.144055621
              ],
              [
                14.596766143,
                61.144504496
              ],
              [
                14.596580412,
                61.144503942
              ],
              [
                14.596579267,
                61.144593717
              ],
              [
                14.596393535,
                61.144593163
              ],
              [
                14.596392389,
                61.144682938
              ],
              [
                14.596206657,
                61.144682384
              ],
              [
                14.596205511,
                61.144772159
              ],
              [
                14.595834045,
                61.14477105
              ],
              [
                14.595832898,
                61.144860825
              ],
              [
                14.595275699,
                61.14485916
              ],
              [
                14.595272251,
                61.145128485
              ],
              [
                14.595457986,
                61.14512904
              ],
              [
                14.595456837,
                61.145218815
              ],
              [
                14.595642573,
                61.14521937
              ],
              [
                14.595640276,
                61.14539892
              ],
              [
                14.595826013,
                61.145399475
              ],
              [
                14.595823718,
                61.145579024
              ],
              [
                14.596009455,
                61.145579579
              ],
              [
                14.596008308,
                61.145669354
              ],
              [
                14.596194046,
                61.145669908
              ],
              [
                14.59618946,
                61.146029008
              ],
              [
                14.59600372,
                61.146028453
              ],
              [
                14.595999131,
                61.146387553
              ],
              [
                14.595813389,
                61.146386998
              ],
              [
                14.595809946,
                61.146656323
              ],
              [
                14.59599569,
                61.146656877
              ],
              [
                14.595992248,
                61.146926202
              ],
              [
                14.596177993,
                61.146926756
              ],
              [
                14.596164233,
                61.148004055
              ],
              [
                14.595978482,
                61.1480035
              ],
              [
                14.595972745,
                61.148452375
              ],
              [
                14.5961585,
                61.148452929
              ],
              [
                14.596157353,
                61.148542704
              ],
              [
                14.596343108,
                61.148543258
              ],
              [
                14.596340815,
                61.148722808
              ],
              [
                14.596526571,
                61.148723361
              ],
              [
                14.596524279,
                61.148902911
              ],
              [
                14.596710036,
                61.148903465
              ],
              [
                14.596708891,
                61.14899324
              ],
              [
                14.596894648,
                61.148993793
              ],
              [
                14.596891214,
                61.149263117
              ],
              [
                14.597262732,
                61.149264223
              ],
              [
                14.597258158,
                61.149623323
              ],
              [
                14.597443919,
                61.149623875
              ],
              [
                14.597442775,
                61.14971365
              ],
              [
                14.597257014,
                61.149713098
              ],
              [
                14.597254726,
                61.149892647
              ],
              [
                14.597068964,
                61.149892094
              ],
              [
                14.597067819,
                61.149981869
              ],
              [
                14.596882056,
                61.149981316
              ],
              [
                14.596879767,
                61.150160866
              ],
              [
                14.597065531,
                61.150161419
              ],
              [
                14.597064387,
                61.150251194
              ],
              [
                14.597250151,
                61.150251747
              ],
              [
                14.597249008,
                61.150341522
              ],
              [
                14.597434773,
                61.150342074
              ],
              [
                14.597432487,
                61.150521624
              ],
              [
                14.597618253,
                61.150522176
              ],
              [
                14.59761711,
                61.150611951
              ],
              [
                14.597802877,
                61.150612503
              ],
              [
                14.597793739,
                61.151330702
              ],
              [
                14.597607968,
                61.15133015
              ],
              [
                14.597606825,
                61.151419924
              ],
              [
                14.597421054,
                61.151419372
              ],
              [
                14.59741991,
                61.151509147
              ],
              [
                14.597234138,
                61.151508594
              ],
              [
                14.597232994,
                61.151598369
              ],
              [
                14.597047222,
                61.151597816
              ],
              [
                14.597044933,
                61.151777366
              ],
              [
                14.596859159,
                61.151776813
              ],
              [
                14.596858014,
                61.151866587
              ],
              [
                14.59667224,
                61.151866034
              ],
              [
                14.596669949,
                61.152045584
              ],
              [
                14.596484173,
                61.15204503
              ],
              [
                14.596483027,
                61.152134805
              ],
              [
                14.596297252,
                61.152134251
              ],
              [
                14.596296105,
                61.152224026
              ],
              [
                14.596110329,
                61.152223471
              ],
              [
                14.596106887,
                61.152492796
              ],
              [
                14.595921109,
                61.152492241
              ],
              [
                14.595917667,
                61.152761566
              ],
              [
                14.595360328,
                61.152759901
              ],
              [
                14.595359179,
                61.152849676
              ],
              [
                14.595173399,
                61.15284912
              ],
              [
                14.595172249,
                61.152938895
              ],
              [
                14.594986468,
                61.152938339
              ],
              [
                14.594983017,
                61.153207664
              ],
              [
                14.5951688,
                61.153208219
              ],
              [
                14.59516765,
                61.153297994
              ],
              [
                14.595353432,
                61.15329855
              ],
              [
                14.595352283,
                61.153388324
              ],
              [
                14.59572385,
                61.153389435
              ],
              [
                14.595721553,
                61.153568984
              ],
              [
                14.595907337,
                61.153569539
              ],
              [
                14.59590619,
                61.153659314
              ],
              [
                14.596277759,
                61.153660422
              ],
              [
                14.596274319,
                61.153929747
              ],
              [
                14.596460106,
                61.153930301
              ],
              [
                14.596453228,
                61.154468949
              ],
              [
                14.596824808,
                61.154470056
              ],
              [
                14.596815646,
                61.155188255
              ],
              [
                14.596629852,
                61.155187701
              ],
              [
                14.596628707,
                61.155277476
              ],
              [
                14.596257118,
                61.155276368
              ],
              [
                14.596255971,
                61.155366143
              ],
              [
                14.596070176,
                61.155365589
              ],
              [
                14.596063292,
                61.155904237
              ],
              [
                14.595691696,
                61.155903128
              ],
              [
                14.595690548,
                61.155992903
              ],
              [
                14.595504749,
                61.155992348
              ],
              [
                14.5955036,
                61.156082122
              ],
              [
                14.595132002,
                61.156081011
              ],
              [
                14.595130852,
                61.156170786
              ],
              [
                14.595316651,
                61.156171342
              ],
              [
                14.595314352,
                61.156350891
              ],
              [
                14.595871754,
                61.156352556
              ],
              [
                14.595870606,
                61.156442331
              ],
              [
                14.596242209,
                61.15644344
              ],
              [
                14.596241062,
                61.156533215
              ],
              [
                14.596426864,
                61.156533769
              ],
              [
                14.596425717,
                61.156623543
              ],
              [
                14.596611519,
                61.156624097
              ],
              [
                14.596610373,
                61.156713872
              ],
              [
                14.596796176,
                61.156714426
              ],
              [
                14.596791595,
                61.157073524
              ],
              [
                14.59660579,
                61.157072971
              ],
              [
                14.596603498,
                61.15725252
              ],
              [
                14.596789304,
                61.157253074
              ],
              [
                14.596788159,
                61.157342849
              ],
              [
                14.596973965,
                61.157343402
              ],
              [
                14.59697282,
                61.157433177
              ],
              [
                14.597158627,
                61.15743373
              ],
              [
                14.597155194,
                61.157703054
              ],
              [
                14.597341003,
                61.157703607
              ],
              [
                14.597338715,
                61.157883156
              ],
              [
                14.597524525,
                61.157883709
              ],
              [
                14.597523381,
                61.157973483
              ],
              [
                14.597709192,
                61.157974036
              ],
              [
                14.597710334,
                61.157884261
              ],
              [
                14.597896144,
                61.157884813
              ],
              [
                14.597897286,
                61.157795038
              ],
              [
                14.598083096,
                61.15779559
              ],
              [
                14.598084237,
                61.157705815
              ],
              [
                14.598641663,
                61.157707469
              ],
              [
                14.598639383,
                61.157887019
              ],
              [
                14.598453573,
                61.157886468
              ],
              [
                14.598450151,
                61.158155792
              ],
              [
                14.598635963,
                61.158156343
              ],
              [
                14.598633682,
                61.158335892
              ],
              [
                14.59844787,
                61.158335341
              ],
              [
                14.598445588,
                61.158514891
              ],
              [
                14.598259775,
                61.15851434
              ],
              [
                14.598252927,
                61.159052988
              ],
              [
                14.598438744,
                61.159053539
              ],
              [
                14.598437603,
                61.159143314
              ],
              [
                14.598995054,
                61.159144966
              ],
              [
                14.598992776,
                61.159324516
              ],
              [
                14.599178594,
                61.159325066
              ],
              [
                14.599177455,
                61.159414841
              ],
              [
                14.599363274,
                61.159415391
              ],
              [
                14.599360998,
                61.15959494
              ],
              [
                14.599732637,
                61.15959604
              ],
              [
                14.5997315,
                61.159685814
              ],
              [
                14.600103141,
                61.159686913
              ],
              [
                14.600102005,
                61.159776687
              ],
              [
                14.600287826,
                61.159777236
              ],
              [
                14.60028669,
                61.159867011
              ],
              [
                14.600844154,
                61.159868656
              ],
              [
                14.60084302,
                61.15995843
              ],
              [
                14.602143774,
                61.159962259
              ],
              [
                14.602142644,
                61.160052034
              ],
              [
                14.602328466,
                61.16005258
              ],
              [
                14.602327337,
                61.160142355
              ],
              [
                14.60251316,
                61.1601429
              ],
              [
                14.60251203,
                61.160232675
              ],
              [
                14.602697854,
                61.16023322
              ],
              [
                14.602696725,
                61.160322995
              ],
              [
                14.602882549,
                61.16032354
              ],
              [
                14.602881421,
                61.160413315
              ],
              [
                14.603067246,
                61.16041386
              ],
              [
                14.603059352,
                61.161042283
              ],
              [
                14.60324518,
                61.161042828
              ],
              [
                14.603241798,
                61.161312152
              ],
              [
                14.603427628,
                61.161312697
              ],
              [
                14.603420868,
                61.161851345
              ],
              [
                14.603792534,
                61.161852433
              ],
              [
                14.603790283,
                61.162031983
              ],
              [
                14.603976117,
                61.162032527
              ],
              [
                14.603974992,
                61.162122301
              ],
              [
                14.604718331,
                61.162124474
              ],
              [
                14.604717208,
                61.162214248
              ],
              [
                14.604903043,
                61.162214791
              ],
              [
                14.604900798,
                61.16239434
              ],
              [
                14.605086634,
                61.162394883
              ],
              [
                14.605083268,
                61.162664207
              ],
              [
                14.605269106,
                61.162664749
              ],
              [
                14.605266863,
                61.162844298
              ],
              [
                14.605452702,
                61.16284484
              ],
              [
                14.605449339,
                61.163114164
              ],
              [
                14.604891817,
                61.163112538
              ],
              [
                14.604890694,
                61.163202313
              ],
              [
                14.604704853,
                61.163201771
              ],
              [
                14.604702607,
                61.16338132
              ],
              [
                14.604516765,
                61.163380778
              ],
              [
                14.604515641,
                61.163470552
              ],
              [
                14.604329798,
                61.163470009
              ],
              [
                14.604324177,
                61.163918883
              ],
              [
                14.604510022,
                61.163919426
              ],
              [
                14.604507775,
                61.164098975
              ],
              [
                14.604321928,
                61.164098432
              ],
              [
                14.604320804,
                61.164188207
              ],
              [
                14.604134957,
                61.164187664
              ],
              [
                14.604128208,
                61.164726312
              ],
              [
                14.603942358,
                61.164725769
              ],
              [
                14.603940107,
                61.164905318
              ],
              [
                14.603754256,
                61.164904774
              ],
              [
                14.60375313,
                61.164994549
              ],
              [
                14.603567278,
                61.164994005
              ],
              [
                14.603566152,
                61.16508378
              ],
              [
                14.603380299,
                61.165083236
              ],
              [
                14.603373537,
                61.165621884
              ],
              [
                14.603187682,
                61.165621339
              ],
              [
                14.603184299,
                61.165890663
              ],
              [
                14.602812585,
                61.165889573
              ],
              [
                14.602811456,
                61.165979348
              ],
              [
                14.602625599,
                61.165978803
              ],
              [
                14.60262447,
                61.166068577
              ],
              [
                14.602066896,
                61.16606694
              ],
              [
                14.602065765,
                61.166156715
              ],
              [
                14.601879907,
                61.166156168
              ],
              [
                14.601877644,
                61.166335718
              ],
              [
                14.601691785,
                61.166335171
              ],
              [
                14.601690653,
                61.166424946
              ],
              [
                14.601504793,
                61.166424399
              ],
              [
                14.60150366,
                61.166514174
              ],
              [
                14.6013178,
                61.166513626
              ],
              [
                14.601316667,
                61.166603401
              ],
              [
                14.601130806,
                61.166602854
              ],
              [
                14.601129672,
                61.166692628
              ],
              [
                14.600572088,
                61.166690985
              ],
              [
                14.600570952,
                61.166780759
              ],
              [
                14.60038509,
                61.166780211
              ],
              [
                14.600383955,
                61.166869986
              ],
              [
                14.600198092,
                61.166869437
              ],
              [
                14.600196956,
                61.166959212
              ],
              [
                14.600382819,
                61.16695976
              ],
              [
                14.600377141,
                61.167408633
              ],
              [
                14.600191275,
                61.167408085
              ],
              [
                14.600190139,
                61.167497859
              ],
              [
                14.600004273,
                61.167497311
              ],
              [
                14.600000862,
                61.167766634
              ],
              [
                14.599814994,
                61.167766085
              ],
              [
                14.599813857,
                61.16785586
              ],
              [
                14.599999726,
                61.167856409
              ],
              [
                14.599992905,
                61.168395057
              ],
              [
                14.599807033,
                61.168394508
              ],
              [
                14.599805896,
                61.168484282
              ],
              [
                14.599620024,
                61.168483733
              ],
              [
                14.599618886,
                61.168573507
              ],
              [
                14.599433013,
                61.168572958
              ],
              [
                14.599431875,
                61.168662732
              ],
              [
                14.599246002,
                61.168662182
              ],
              [
                14.599244863,
                61.168751957
              ],
              [
                14.599058989,
                61.168751407
              ],
              [
                14.59905785,
                61.168841181
              ],
              [
                14.598871976,
                61.168840631
              ],
              [
                14.598859435,
                61.169828151
              ],
              [
                14.598673555,
                61.169827601
              ],
              [
                14.598672414,
                61.169917375
              ],
              [
                14.598486534,
                61.169916824
              ],
              [
                14.598485393,
                61.170006599
              ],
              [
                14.598299512,
                61.170006048
              ],
              [
                14.598297228,
                61.170185597
              ],
              [
                14.598111346,
                61.170185045
              ],
              [
                14.598110204,
                61.17027482
              ],
              [
                14.597924321,
                61.170274268
              ],
              [
                14.59791975,
                61.170633366
              ],
              [
                14.597733865,
                61.170632814
              ],
              [
                14.597732722,
                61.170722589
              ],
              [
                14.597546837,
                61.170722036
              ],
              [
                14.597545693,
                61.170811811
              ],
              [
                14.596988036,
                61.170810153
              ],
              [
                14.596989181,
                61.170720378
              ],
              [
                14.596803296,
                61.170719825
              ],
              [
                14.596804442,
                61.17063005
              ],
              [
                14.596618557,
                61.170629496
              ],
              [
                14.596619704,
                61.170539722
              ],
              [
                14.596247936,
                61.170538614
              ],
              [
                14.596249083,
                61.170448839
              ],
              [
                14.5960632,
                61.170448285
              ],
              [
                14.596064348,
                61.170358511
              ],
              [
                14.595878465,
                61.170357956
              ],
              [
                14.595879613,
                61.170268181
              ],
              [
                14.595136083,
                61.17026596
              ],
              [
                14.595139536,
                61.169996637
              ],
              [
                14.595325416,
                61.169997192
              ],
              [
                14.595327717,
                61.169817643
              ],
              [
                14.595699476,
                61.169818754
              ],
              [
                14.595704073,
                61.169459655
              ],
              [
                14.595518195,
                61.1694591
              ],
              [
                14.595520494,
                61.169279551
              ],
              [
                14.595334617,
                61.169278996
              ],
              [
                14.595335768,
                61.169189221
              ],
              [
                14.595149891,
                61.169188666
              ],
              [
                14.595151042,
                61.169098891
              ],
              [
                14.594779291,
                61.169097779
              ],
              [
                14.594780443,
                61.169008005
              ],
              [
                14.594594567,
                61.169007448
              ],
              [
                14.59459572,
                61.168917674
              ],
              [
                14.594223971,
                61.16891656
              ],
              [
                14.594225124,
                61.168826786
              ],
              [
                14.593295754,
                61.168823998
              ],
              [
                14.593294598,
                61.168913772
              ],
              [
                14.592922849,
                61.168912655
              ],
              [
                14.592920535,
                61.169092204
              ],
              [
                14.59273466,
                61.169091645
              ],
              [
                14.592733502,
                61.16918142
              ],
              [
                14.592547626,
                61.169180861
              ],
              [
                14.592546468,
                61.169270635
              ],
              [
                14.591431209,
                61.169267275
              ],
              [
                14.591430048,
                61.169357049
              ],
              [
                14.591244171,
                61.169356488
              ],
              [
                14.591243009,
                61.169446263
              ],
              [
                14.590499499,
                61.169444016
              ],
              [
                14.590498335,
                61.169533791
              ],
              [
                14.590312457,
                61.169533229
              ],
              [
                14.590311293,
                61.169623003
              ],
              [
                14.587151358,
                61.169613406
              ],
              [
                14.587152532,
                61.169523632
              ],
              [
                14.586966654,
                61.169523065
              ],
              [
                14.58696548,
                61.169612839
              ],
              [
                14.586779601,
                61.169612272
              ],
              [
                14.586778427,
                61.169702047
              ],
              [
                14.58622079,
                61.169700344
              ],
              [
                14.586223142,
                61.169520795
              ],
              [
                14.585851387,
                61.169519658
              ],
              [
                14.585850209,
                61.169609433
              ],
              [
                14.585106696,
                61.169607157
              ],
              [
                14.585111413,
                61.169248059
              ],
              [
                14.584553784,
                61.169246349
              ],
              [
                14.584552603,
                61.169336124
              ],
              [
                14.584366726,
                61.169335553
              ],
              [
                14.584367908,
                61.169245779
              ],
              [
                14.583810279,
                61.169244066
              ],
              [
                14.583813828,
                61.168974743
              ],
              [
                14.583070329,
                61.168972456
              ],
              [
                14.583071514,
                61.168882681
              ],
              [
                14.582513892,
                61.168880963
              ],
              [
                14.582512706,
                61.168970738
              ],
              [
                14.582140957,
                61.168969591
              ],
              [
                14.582139769,
                61.169059366
              ],
              [
                14.581768019,
                61.169058218
              ],
              [
                14.58176683,
                61.169147992
              ],
              [
                14.581395079,
                61.169146844
              ],
              [
                14.5813927,
                61.169326392
              ],
              [
                14.58083507,
                61.169324667
              ],
              [
                14.580836261,
                61.169234893
              ],
              [
                14.580278633,
                61.169233166
              ],
              [
                14.58027744,
                61.16932294
              ],
              [
                14.580091564,
                61.169322364
              ],
              [
                14.58009037,
                61.169412138
              ],
              [
                14.579346862,
                61.169409831
              ],
              [
                14.579344471,
                61.169589379
              ],
              [
                14.577857446,
                61.169584752
              ],
              [
                14.577859846,
                61.169405203
              ],
              [
                14.577116338,
                61.169402883
              ],
              [
                14.57711754,
                61.169313109
              ],
              [
                14.576931663,
                61.169312528
              ],
              [
                14.576929258,
                61.169492077
              ],
              [
                14.576743381,
                61.169491496
              ],
              [
                14.576742178,
                61.16958127
              ],
              [
                14.576370422,
                61.169580108
              ],
              [
                14.576369218,
                61.169669882
              ],
              [
                14.576183339,
                61.169669301
              ],
              [
                14.576182135,
                61.169759075
              ],
              [
                14.575810377,
                61.169757911
              ],
              [
                14.575809171,
                61.169847685
              ],
              [
                14.575623292,
                61.169847103
              ],
              [
                14.575622086,
                61.169936877
              ],
              [
                14.575250325,
                61.169935712
              ],
              [
                14.575249118,
                61.170025486
              ],
              [
                14.575063238,
                61.170024903
              ],
              [
                14.575060822,
                61.170204451
              ],
              [
                14.574874941,
                61.170203868
              ],
              [
                14.574873732,
                61.170293642
              ],
              [
                14.574316086,
                61.17029189
              ],
              [
                14.574317296,
                61.170202116
              ],
              [
                14.574131414,
                61.170201532
              ],
              [
                14.574130204,
                61.170291306
              ],
              [
                14.573944322,
                61.170290721
              ],
              [
                14.573940689,
                61.170560044
              ],
              [
                14.573568921,
                61.170558874
              ],
              [
                14.573564073,
                61.170917971
              ],
              [
                14.573378187,
                61.170917386
              ],
              [
                14.573375762,
                61.171096934
              ],
              [
                14.573189875,
                61.171096349
              ],
              [
                14.573188662,
                61.171186123
              ],
              [
                14.571143902,
                61.171179663
              ],
              [
                14.57114634,
                61.171000114
              ],
              [
                14.570588681,
                61.170998347
              ],
              [
                14.570587461,
                61.171088121
              ],
              [
                14.570401574,
                61.171087532
              ],
              [
                14.570400353,
                61.171177306
              ],
              [
                14.570214466,
                61.171176716
              ],
              [
                14.570213244,
                61.17126649
              ],
              [
                14.569841468,
                61.17126531
              ],
              [
                14.569840246,
                61.171355084
              ],
              [
                14.569468469,
                61.171353903
              ],
              [
                14.569467246,
                61.171443677
              ],
              [
                14.569095468,
                61.171442494
              ],
              [
                14.569091794,
                61.171711817
              ],
              [
                14.567604671,
                61.171707077
              ],
              [
                14.567607129,
                61.171527528
              ],
              [
                14.56742124,
                61.171526935
              ],
              [
                14.567422469,
                61.171437161
              ],
              [
                14.567236581,
                61.171436567
              ],
              [
                14.567235351,
                61.171526341
              ],
              [
                14.567049461,
                61.171525747
              ],
              [
                14.567047,
                61.171705295
              ],
              [
                14.56686111,
                61.171704701
              ],
              [
                14.566856185,
                61.172063797
              ],
              [
                14.566670293,
                61.172063203
              ],
              [
                14.566669061,
                61.172152977
              ],
              [
                14.566483168,
                61.172152382
              ],
              [
                14.566480704,
                61.17233193
              ],
              [
                14.566108916,
                61.17233074
              ],
              [
                14.566107683,
                61.172420514
              ],
              [
                14.565549999,
                61.172418726
              ],
              [
                14.565551234,
                61.172328952
              ],
              [
                14.56536534,
                61.172328355
              ],
              [
                14.565366576,
                61.172238581
              ],
              [
                14.565180682,
                61.172237984
              ],
              [
                14.565181918,
                61.17214821
              ],
              [
                14.564996026,
                61.172147613
              ],
              [
                14.564997262,
                61.172057839
              ],
              [
                14.563696016,
                61.172053653
              ],
              [
                14.563697256,
                61.171963879
              ],
              [
                14.561280665,
                61.171956071
              ],
              [
                14.561281912,
                61.171866297
              ],
              [
                14.56091013,
                61.171865092
              ],
              [
                14.560908882,
                61.171954866
              ],
              [
                14.56072299,
                61.171954263
              ],
              [
                14.560537098,
                61.17195366
              ],
              [
                14.560538348,
                61.171863886
              ],
              [
                14.560724239,
                61.171864489
              ],
              [
                14.560726736,
                61.171684941
              ],
              [
                14.561284406,
                61.171686749
              ],
              [
                14.561285653,
                61.171596975
              ],
              [
                14.561471542,
                61.171597577
              ],
              [
                14.561472789,
                61.171507803
              ],
              [
                14.561658678,
                61.171508404
              ],
              [
                14.561667399,
                61.170879985
              ],
              [
                14.561481514,
                61.170879384
              ],
              [
                14.56148276,
                61.170789609
              ],
              [
                14.561296875,
                61.170789007
              ],
              [
                14.561299369,
                61.170609459
              ],
              [
                14.561485253,
                61.170610061
              ],
              [
                14.561492731,
                61.170071416
              ],
              [
                14.56130685,
                61.170070814
              ],
              [
                14.561308097,
                61.16998104
              ],
              [
                14.561493977,
                61.169981642
              ],
              [
                14.561495223,
                61.169891868
              ],
              [
                14.561681103,
                61.16989247
              ],
              [
                14.561683594,
                61.169712921
              ],
              [
                14.561869473,
                61.169713523
              ],
              [
                14.561871963,
                61.169533974
              ],
              [
                14.562057841,
                61.169534576
              ],
              [
                14.562064064,
                61.169085705
              ],
              [
                14.561878189,
                61.169085104
              ],
              [
                14.561886905,
                61.168456684
              ],
              [
                14.561701034,
                61.168456083
              ],
              [
                14.56170228,
                61.168366309
              ],
              [
                14.561516409,
                61.168365707
              ],
              [
                14.561517656,
                61.168275933
              ],
              [
                14.561331786,
                61.168275331
              ],
              [
                14.561333032,
                61.168185556
              ],
              [
                14.561147163,
                61.168184954
              ],
              [
                14.56114841,
                61.16809518
              ],
              [
                14.560962541,
                61.168094578
              ],
              [
                14.560963789,
                61.168004803
              ],
              [
                14.560777921,
                61.168004201
              ],
              [
                14.560784162,
                61.16755533
              ],
              [
                14.560598296,
                61.167554727
              ],
              [
                14.560600793,
                61.167375178
              ],
              [
                14.560414929,
                61.167374575
              ],
              [
                14.560416178,
                61.167284801
              ],
              [
                14.560230314,
                61.167284197
              ],
              [
                14.560231564,
                61.167194423
              ],
              [
                14.5600457,
                61.167193819
              ],
              [
                14.560048201,
                61.167014271
              ],
              [
                14.559862338,
                61.167013667
              ],
              [
                14.559872344,
                61.166295473
              ],
              [
                14.560058202,
                61.166296077
              ],
              [
                14.560059453,
                61.166206303
              ],
              [
                14.56024531,
                61.166206907
              ],
              [
                14.560251559,
                61.165758036
              ],
              [
                14.560065704,
                61.165757432
              ],
              [
                14.560066954,
                61.165667658
              ],
              [
                14.559881099,
                61.165667054
              ],
              [
                14.55988235,
                61.16557728
              ],
              [
                14.559510642,
                61.165576071
              ],
              [
                14.559520655,
                61.164857878
              ],
              [
                14.559334805,
                61.164857273
              ],
              [
                14.559341066,
                61.164408402
              ],
              [
                14.559526913,
                61.164409006
              ],
              [
                14.55953192,
                61.16404991
              ],
              [
                14.559346075,
                61.164049305
              ],
              [
                14.559347327,
                61.163959531
              ],
              [
                14.559161482,
                61.163958926
              ],
              [
                14.559162735,
                61.163869152
              ],
              [
                14.558976891,
                61.163868546
              ],
              [
                14.558978144,
                61.163778772
              ],
              [
                14.558792301,
                61.163778167
              ],
              [
                14.558793554,
                61.163688392
              ],
              [
                14.558607711,
                61.163687787
              ],
              [
                14.558608966,
                61.163598012
              ],
              [
                14.558237281,
                61.1635968
              ],
              [
                14.558238536,
                61.163507026
              ],
              [
                14.558052694,
                61.16350642
              ],
              [
                14.55805395,
                61.163416645
              ],
              [
                14.557868109,
                61.163416039
              ],
              [
                14.55787439,
                61.162967168
              ],
              [
                14.558060229,
                61.162967774
              ],
              [
                14.558063996,
                61.162698452
              ],
              [
                14.558621507,
                61.16270027
              ],
              [
                14.558622761,
                61.162610496
              ],
              [
                14.558808598,
                61.162611102
              ],
              [
                14.558822386,
                61.161623585
              ],
              [
                14.558636556,
                61.16162298
              ],
              [
                14.558637809,
                61.161533205
              ],
              [
                14.558451979,
                61.161532599
              ],
              [
                14.558453234,
                61.161442825
              ],
              [
                14.558081574,
                61.161441612
              ],
              [
                14.558085341,
                61.16117229
              ],
              [
                14.558271169,
                61.161172896
              ],
              [
                14.558277444,
                61.160724025
              ],
              [
                14.55846327,
                61.160724631
              ],
              [
                14.558465778,
                61.160545083
              ],
              [
                14.558651603,
                61.160545689
              ],
              [
                14.558652857,
                61.160455914
              ],
              [
                14.558838681,
                61.16045652
              ],
              [
                14.558846201,
                61.159917874
              ],
              [
                14.559032021,
                61.15991848
              ],
              [
                14.559033274,
                61.159828705
              ],
              [
                14.559219094,
                61.159829311
              ],
              [
                14.559225355,
                61.159380439
              ],
              [
                14.559039538,
                61.159379834
              ],
              [
                14.559042043,
                61.159200286
              ],
              [
                14.558484594,
                61.159198469
              ],
              [
                14.558487102,
                61.15901892
              ],
              [
                14.558301287,
                61.159018314
              ],
              [
                14.558303797,
                61.158838766
              ],
              [
                14.558117982,
                61.158838159
              ],
              [
                14.558123004,
                61.158479062
              ],
              [
                14.558308816,
                61.158479668
              ],
              [
                14.558310071,
                61.158389894
              ],
              [
                14.558495882,
                61.1583905
              ],
              [
                14.558504662,
                61.15776208
              ],
              [
                14.55869047,
                61.157762686
              ],
              [
                14.558691723,
                61.157672912
              ],
              [
                14.559063338,
                61.157674123
              ],
              [
                14.559065844,
                61.157494574
              ],
              [
                14.55925165,
                61.157495179
              ],
              [
                14.559256658,
                61.157136082
              ],
              [
                14.559070854,
                61.157135477
              ],
              [
                14.559072106,
                61.157045703
              ],
              [
                14.558886302,
                61.157045097
              ],
              [
                14.558887555,
                61.156955323
              ],
              [
                14.558515949,
                61.156954112
              ],
              [
                14.558517203,
                61.156864337
              ],
              [
                14.5583314,
                61.156863731
              ],
              [
                14.558332655,
                61.156773957
              ],
              [
                14.558146853,
                61.156773351
              ],
              [
                14.558148108,
                61.156683576
              ],
              [
                14.557962306,
                61.15668297
              ],
              [
                14.557963562,
                61.156593195
              ],
              [
                14.557777761,
                61.156592589
              ],
              [
                14.557789066,
                61.15578462
              ],
              [
                14.557974862,
                61.155785227
              ],
              [
                14.557977373,
                61.155605678
              ],
              [
                14.557791578,
                61.155605071
              ],
              [
                14.557792834,
                61.155515297
              ],
              [
                14.557607039,
                61.15551469
              ],
              [
                14.557608296,
                61.155424916
              ],
              [
                14.557422502,
                61.155424308
              ],
              [
                14.557423759,
                61.155334534
              ],
              [
                14.557237965,
                61.155333926
              ],
              [
                14.557239223,
                61.155244152
              ],
              [
                14.557053429,
                61.155243544
              ],
              [
                14.557064753,
                61.154435576
              ],
              [
                14.557250541,
                61.154436183
              ],
              [
                14.557251799,
                61.154346409
              ],
              [
                14.557066011,
                61.154345801
              ],
              [
                14.557067269,
                61.154256027
              ],
              [
                14.557253056,
                61.154256635
              ],
              [
                14.557254314,
                61.15416686
              ],
              [
                14.557068527,
                61.154166253
              ],
              [
                14.557072301,
                61.15389693
              ],
              [
                14.557258086,
                61.153897537
              ],
              [
                14.557259344,
                61.153807763
              ],
              [
                14.557445128,
                61.153808371
              ],
              [
                14.557462725,
                61.15255153
              ],
              [
                14.557648503,
                61.152552137
              ],
              [
                14.557649759,
                61.152462363
              ],
              [
                14.557835536,
                61.15246297
              ],
              [
                14.557844326,
                61.151834549
              ],
              [
                14.558030099,
                61.151835156
              ],
              [
                14.55803261,
                61.151655607
              ],
              [
                14.558218382,
                61.151656214
              ],
              [
                14.558223401,
                61.151297116
              ],
              [
                14.558037631,
                61.15129651
              ],
              [
                14.558038886,
                61.151206735
              ],
              [
                14.557853116,
                61.151206129
              ],
              [
                14.557854372,
                61.151116354
              ],
              [
                14.557482834,
                61.15111514
              ],
              [
                14.557484091,
                61.151025366
              ],
              [
                14.557298322,
                61.151024758
              ],
              [
                14.55729958,
                61.150934984
              ],
              [
                14.556556508,
                61.150932552
              ],
              [
                14.556555249,
                61.151022326
              ],
              [
                14.55636948,
                61.151021717
              ],
              [
                14.556366961,
                61.151201266
              ],
              [
                14.556181191,
                61.151200657
              ],
              [
                14.556179931,
                61.151290431
              ],
              [
                14.555808391,
                61.151289213
              ],
              [
                14.555809652,
                61.151199438
              ],
              [
                14.555623883,
                61.151198829
              ],
              [
                14.555627669,
                61.150929506
              ],
              [
                14.555256133,
                61.150928285
              ],
              [
                14.555257396,
                61.150838511
              ],
              [
                14.554885862,
                61.15083729
              ],
              [
                14.554887126,
                61.150747515
              ],
              [
                14.554144059,
                61.15074507
              ],
              [
                14.554145325,
                61.150655295
              ],
              [
                14.554331092,
                61.150655907
              ],
              [
                14.554334889,
                61.150386584
              ],
              [
                14.554520653,
                61.150387196
              ],
              [
                14.554521918,
                61.150297421
              ],
              [
                14.554336154,
                61.15029681
              ],
              [
                14.554339951,
                61.150027487
              ],
              [
                14.554154189,
                61.150026875
              ],
              [
                14.554160519,
                61.149578003
              ],
              [
                14.554346279,
                61.149578615
              ],
              [
                14.554347544,
                61.149488841
              ],
              [
                14.554533304,
                61.149489452
              ],
              [
                14.554543424,
                61.148771257
              ],
              [
                14.554729179,
                61.148771869
              ],
              [
                14.554734236,
                61.148412771
              ],
              [
                14.554919989,
                61.148413382
              ],
              [
                14.554925045,
                61.148054285
              ],
              [
                14.554739294,
                61.148053674
              ],
              [
                14.554740558,
                61.147963899
              ],
              [
                14.554554808,
                61.147963288
              ],
              [
                14.554556073,
                61.147873514
              ],
              [
                14.554370323,
                61.147872902
              ],
              [
                14.554371588,
                61.147783128
              ],
              [
                14.553628591,
                61.14778068
              ],
              [
                14.553629859,
                61.147690905
              ],
              [
                14.55344411,
                61.147690293
              ],
              [
                14.553445378,
                61.147600518
              ],
              [
                14.553073882,
                61.147599292
              ],
              [
                14.553091648,
                61.146342451
              ],
              [
                14.553277389,
                61.146343064
              ],
              [
                14.553281194,
                61.146073741
              ],
              [
                14.553466933,
                61.146074354
              ],
              [
                14.553469469,
                61.145894805
              ],
              [
                14.553655207,
                61.145895418
              ],
              [
                14.553659009,
                61.145626095
              ],
              [
                14.553844746,
                61.145626707
              ],
              [
                14.553851079,
                61.145177835
              ],
              [
                14.553665345,
                61.145177223
              ],
              [
                14.553666613,
                61.145087448
              ],
              [
                14.553480879,
                61.145086835
              ],
              [
                14.553484682,
                61.144817512
              ],
              [
                14.553670414,
                61.144818125
              ],
              [
                14.553672949,
                61.144638576
              ],
              [
                14.55385868,
                61.144639189
              ],
              [
                14.553863746,
                61.144280091
              ],
              [
                14.553678017,
                61.144279478
              ],
              [
                14.553680552,
                61.14409993
              ],
              [
                14.553494824,
                61.144099317
              ],
              [
                14.553496092,
                61.144009543
              ],
              [
                14.553124638,
                61.144008317
              ],
              [
                14.553130981,
                61.143559445
              ],
              [
                14.552945257,
                61.143558831
              ],
              [
                14.552947795,
                61.143379282
              ],
              [
                14.553133519,
                61.143379896
              ],
              [
                14.553134787,
                61.143290121
              ],
              [
                14.55332051,
                61.143290734
              ],
              [
                14.553321778,
                61.14320096
              ],
              [
                14.553507501,
                61.143201573
              ],
              [
                14.553508768,
                61.143111798
              ],
              [
                14.553880212,
                61.143113023
              ],
              [
                14.553881478,
                61.143023249
              ],
              [
                14.5540672,
                61.143023861
              ],
              [
                14.554068466,
                61.142934087
              ],
              [
                14.554254187,
                61.142934698
              ],
              [
                14.554256717,
                61.14275515
              ],
              [
                14.554442437,
                61.142755761
              ],
              [
                14.554443702,
                61.142665987
              ],
              [
                14.554629421,
                61.142666598
              ],
              [
                14.554630686,
                61.142576824
              ],
              [
                14.554816404,
                61.142577435
              ],
              [
                14.554818932,
                61.142397886
              ],
              [
                14.55500465,
                61.142398497
              ],
              [
                14.555007176,
                61.142218948
              ],
              [
                14.555192893,
                61.142219558
              ],
              [
                14.555194156,
                61.142129784
              ],
              [
                14.555379872,
                61.142130394
              ],
              [
                14.555382396,
                61.141950845
              ],
              [
                14.555568111,
                61.141951455
              ],
              [
                14.555569373,
                61.141861681
              ],
              [
                14.555940802,
                61.1418629
              ],
              [
                14.555945845,
                61.141503802
              ],
              [
                14.556131557,
                61.141504411
              ],
              [
                14.556137857,
                61.141055539
              ],
              [
                14.555952148,
                61.14105493
              ],
              [
                14.555953408,
                61.140965155
              ],
              [
                14.555767699,
                61.140964546
              ],
              [
                14.555770221,
                61.140784997
              ],
              [
                14.555584513,
                61.140784387
              ],
              [
                14.555587036,
                61.140604838
              ],
              [
                14.555401329,
                61.140604228
              ],
              [
                14.555407639,
                61.140155356
              ],
              [
                14.555593344,
                61.140155966
              ],
              [
                14.555602174,
                61.139527544
              ],
              [
                14.555787875,
                61.139528154
              ],
              [
                14.555792919,
                61.139169056
              ],
              [
                14.55560722,
                61.139168446
              ],
              [
                14.555612266,
                61.138809348
              ],
              [
                14.555426569,
                61.138808738
              ],
              [
                14.555445497,
                61.13746212
              ],
              [
                14.555631186,
                61.13746273
              ],
              [
                14.555637492,
                61.137013858
              ],
              [
                14.555823178,
                61.137014467
              ],
              [
                14.555824439,
                61.136924693
              ],
              [
                14.555638753,
                61.136924083
              ],
              [
                14.555640014,
                61.136834309
              ],
              [
                14.555082959,
                61.136832478
              ],
              [
                14.555095587,
                61.135934733
              ],
              [
                14.554909907,
                61.135934122
              ],
              [
                14.554912434,
                61.135754573
              ],
              [
                14.554726755,
                61.135753962
              ],
              [
                14.554728019,
                61.135664188
              ],
              [
                14.554542341,
                61.135663577
              ],
              [
                14.554544869,
                61.135484028
              ],
              [
                14.554359192,
                61.135483416
              ],
              [
                14.554360457,
                61.135393642
              ],
              [
                14.553989104,
                61.135392418
              ],
              [
                14.55399037,
                61.135302644
              ],
              [
                14.553804694,
                61.135302031
              ],
              [
                14.55380596,
                61.135212257
              ],
              [
                14.553063258,
                61.135209806
              ],
              [
                14.55306199,
                61.13529958
              ],
              [
                14.552690638,
                61.135298353
              ],
              [
                14.552689368,
                61.135388128
              ],
              [
                14.552132339,
                61.135386285
              ],
              [
                14.552131068,
                61.13547606
              ],
              [
                14.551759714,
                61.13547483
              ],
              [
                14.551760986,
                61.135385055
              ],
              [
                14.55157531,
                61.13538444
              ],
              [
                14.551576583,
                61.135294666
              ],
              [
                14.551019555,
                61.135292818
              ],
              [
                14.551017006,
                61.135472367
              ],
              [
                14.55083133,
                61.135471751
              ],
              [
                14.550830055,
                61.135561526
              ],
              [
                14.550273023,
                61.135559676
              ],
              [
                14.550271746,
                61.13564945
              ],
              [
                14.549714712,
                61.135647597
              ],
              [
                14.54971599,
                61.135557823
              ],
              [
                14.549530313,
                61.135557205
              ],
              [
                14.54953287,
                61.135377656
              ],
              [
                14.549347194,
                61.135377038
              ],
              [
                14.549348473,
                61.135287263
              ],
              [
                14.549162797,
                61.135286645
              ],
              [
                14.549165356,
                61.135107096
              ],
              [
                14.549351031,
                61.135107714
              ],
              [
                14.549353589,
                61.134928165
              ],
              [
                14.549539262,
                61.134928784
              ],
              [
                14.549549489,
                61.134210588
              ],
              [
                14.54936382,
                61.134209969
              ],
              [
                14.549366378,
                61.13403042
              ],
              [
                14.549737715,
                61.134031657
              ],
              [
                14.549738992,
                61.133941882
              ],
              [
                14.549553325,
                61.133941264
              ],
              [
                14.549560994,
                61.133402617
              ],
              [
                14.549189665,
                61.13340138
              ],
              [
                14.549196062,
                61.132952508
              ],
              [
                14.549381724,
                61.132953126
              ],
              [
                14.549384281,
                61.132773577
              ],
              [
                14.549569942,
                61.132774196
              ],
              [
                14.549571221,
                61.132684421
              ],
              [
                14.54938556,
                61.132683803
              ],
              [
                14.549386839,
                61.132594028
              ],
              [
                14.548829859,
                61.132592172
              ],
              [
                14.548828579,
                61.132681947
              ],
              [
                14.548642918,
                61.132681328
              ],
              [
                14.548639075,
                61.132950651
              ],
              [
                14.548453413,
                61.132950032
              ],
              [
                14.548452132,
                61.133039806
              ],
              [
                14.548080807,
                61.133038566
              ],
              [
                14.548079524,
                61.133128341
              ],
              [
                14.547893861,
                61.133127721
              ],
              [
                14.547892578,
                61.133217495
              ],
              [
                14.547706915,
                61.133216875
              ],
              [
                14.547705631,
                61.133306649
              ],
              [
                14.546591647,
                61.133302921
              ],
              [
                14.54659036,
                61.133392695
              ],
              [
                14.546033366,
                61.133390827
              ],
              [
                14.546034655,
                61.133301053
              ],
              [
                14.545848991,
                61.13330043
              ],
              [
                14.545851568,
                61.133120881
              ],
              [
                14.545665905,
                61.133120258
              ],
              [
                14.545668484,
                61.132940709
              ],
              [
                14.545482822,
                61.132940085
              ],
              [
                14.545481532,
                61.13302986
              ],
              [
                14.54529587,
                61.133029236
              ],
              [
                14.54529716,
                61.132939461
              ],
              [
                14.543997527,
                61.132935088
              ],
              [
                14.543998821,
                61.132845313
              ],
              [
                14.543256176,
                61.132842808
              ],
              [
                14.543257472,
                61.132753034
              ],
              [
                14.542143508,
                61.132749269
              ],
              [
                14.542144807,
                61.132659494
              ],
              [
                14.541959147,
                61.132658866
              ],
              [
                14.541960447,
                61.132569092
              ],
              [
                14.541403468,
                61.132567205
              ],
              [
                14.541404769,
                61.13247743
              ],
              [
                14.54121911,
                61.132476801
              ],
              [
                14.541217808,
                61.132566575
              ],
              [
                14.54066083,
                61.132564686
              ],
              [
                14.540662133,
                61.132474911
              ],
              [
                14.540476474,
                61.132474281
              ],
              [
                14.540477778,
                61.132384506
              ],
              [
                14.54029212,
                61.132383876
              ],
              [
                14.540293424,
                61.132294101
              ],
              [
                14.539922108,
                61.132292839
              ],
              [
                14.539926025,
                61.132023516
              ],
              [
                14.539740368,
                61.132022885
              ],
              [
                14.539741675,
                61.13193311
              ],
              [
                14.539556019,
                61.131932478
              ],
              [
                14.539557325,
                61.131842704
              ],
              [
                14.53937167,
                61.131842072
              ],
              [
                14.539372977,
                61.131752298
              ],
              [
                14.539187322,
                61.131751666
              ],
              [
                14.53918863,
                61.131661891
              ],
              [
                14.538631667,
                61.131659993
              ],
              [
                14.538632977,
                61.131570219
              ],
              [
                14.538447323,
                61.131569585
              ],
              [
                14.538448633,
                61.131479811
              ],
              [
                14.537891673,
                61.13147791
              ],
              [
                14.537892985,
                61.131388136
              ],
              [
                14.537707332,
                61.131387501
              ],
              [
                14.53770602,
                61.131477276
              ],
              [
                14.537520367,
                61.131476641
              ],
              [
                14.537517742,
                61.13165619
              ],
              [
                14.53696078,
                61.131654285
              ],
              [
                14.536963408,
                61.131474736
              ],
              [
                14.536777755,
                61.131474101
              ],
              [
                14.536780384,
                61.131294552
              ],
              [
                14.536594732,
                61.131293916
              ],
              [
                14.536597361,
                61.131114368
              ],
              [
                14.53622606,
                61.131113095
              ],
              [
                14.536227376,
                61.131023321
              ],
              [
                14.536041725,
                61.131022684
              ],
              [
                14.536043042,
                61.13093291
              ],
              [
                14.535857392,
                61.130932273
              ],
              [
                14.535858709,
                61.130842499
              ],
              [
                14.53567306,
                61.130841862
              ],
              [
                14.535674377,
                61.130752088
              ],
              [
                14.535117431,
                61.130750175
              ],
              [
                14.535120069,
                61.130570626
              ],
              [
                14.534748774,
                61.13056935
              ],
              [
                14.534752734,
                61.130300027
              ],
              [
                14.531782397,
                61.13028978
              ],
              [
                14.531783726,
                61.130200006
              ],
              [
                14.53159808,
                61.130199363
              ],
              [
                14.531594093,
                61.130468686
              ],
              [
                14.531408446,
                61.130468043
              ],
              [
                14.531405787,
                61.130647592
              ],
              [
                14.53103449,
                61.130646305
              ],
              [
                14.531035821,
                61.130556531
              ],
              [
                14.529550641,
                61.130551375
              ],
              [
                14.529553311,
                61.130371826
              ],
              [
                14.529182018,
                61.130370535
              ],
              [
                14.529179346,
                61.130550083
              ],
              [
                14.528251109,
                61.13054685
              ],
              [
                14.528252448,
                61.130457076
              ],
              [
                14.528066801,
                61.130456428
              ],
              [
                14.52806814,
                61.130366654
              ],
              [
                14.527325555,
                61.130364062
              ],
              [
                14.527326896,
                61.130274287
              ],
              [
                14.52714125,
                61.130273639
              ],
              [
                14.527142592,
                61.130183864
              ],
              [
                14.526585656,
                61.130181917
              ],
              [
                14.526592373,
                61.129733046
              ],
              [
                14.525849802,
                61.129730445
              ],
              [
                14.525851148,
                61.129640671
              ],
              [
                14.525665506,
                61.12964002
              ],
              [
                14.52566416,
                61.129729794
              ],
              [
                14.525478517,
                61.129729143
              ],
              [
                14.525483903,
                61.129370046
              ],
              [
                14.525298262,
                61.129369395
              ],
              [
                14.525299609,
                61.129279621
              ],
              [
                14.52511397,
                61.129278969
              ],
              [
                14.525115317,
                61.129189195
              ],
              [
                14.524929678,
                61.129188543
              ],
              [
                14.524931026,
                61.129098769
              ],
              [
                14.524745387,
                61.129098117
              ],
              [
                14.52474269,
                61.129277666
              ],
              [
                14.52455705,
                61.129277013
              ],
              [
                14.524555701,
                61.129366788
              ],
              [
                14.523813139,
                61.129364176
              ],
              [
                14.523811788,
                61.12945395
              ],
              [
                14.522697943,
                61.129450025
              ],
              [
                14.522699298,
                61.129360251
              ],
              [
                14.521956736,
                61.129357629
              ],
              [
                14.521958093,
                61.129267855
              ],
              [
                14.521772453,
                61.129267199
              ],
              [
                14.52177381,
                61.129177425
              ],
              [
                14.520474336,
                61.129172825
              ],
              [
                14.520478418,
                61.128903503
              ],
              [
                14.52029278,
                61.128902845
              ],
              [
                14.520295502,
                61.128723296
              ],
              [
                14.519924229,
                61.128721979
              ],
              [
                14.519926954,
                61.128542431
              ],
              [
                14.519741318,
                61.128541772
              ],
              [
                14.519742681,
                61.128451998
              ],
              [
                14.519557046,
                61.128451339
              ],
              [
                14.519558409,
                61.128361565
              ],
              [
                14.51918714,
                61.128360246
              ],
              [
                14.51919669,
                61.127731826
              ],
              [
                14.519011059,
                61.127731166
              ],
              [
                14.519015153,
                61.127461844
              ],
              [
                14.518829524,
                61.127461184
              ],
              [
                14.518840445,
                61.12674299
              ],
              [
                14.51865482,
                61.12674233
              ],
              [
                14.518656186,
                61.126652556
              ],
              [
                14.517913689,
                61.126649912
              ],
              [
                14.517915056,
                61.126560138
              ],
              [
                14.517543809,
                61.126558814
              ],
              [
                14.517545178,
                61.12646904
              ],
              [
                14.516988308,
                61.126467053
              ],
              [
                14.516989678,
                61.126377279
              ],
              [
                14.516618433,
                61.126375953
              ],
              [
                14.516619805,
                61.126286178
              ],
              [
                14.516434182,
                61.126285515
              ],
              [
                14.516435554,
                61.126195741
              ],
              [
                14.516249933,
                61.126195077
              ],
              [
                14.516251305,
                61.126105303
              ],
              [
                14.516065684,
                61.126104639
              ],
              [
                14.516067057,
                61.126014865
              ],
              [
                14.515695816,
                61.126013537
              ],
              [
                14.515694442,
                61.126103311
              ],
              [
                14.515508821,
                61.126102646
              ],
              [
                14.515507447,
                61.12619242
              ],
              [
                14.514579339,
                61.126189093
              ],
              [
                14.514577962,
                61.126278867
              ],
              [
                14.514206718,
                61.126277535
              ],
              [
                14.514208096,
                61.126187761
              ],
              [
                14.512908746,
                61.126183088
              ],
              [
                14.512910128,
                61.126093314
              ],
              [
                14.512538887,
                61.126091977
              ],
              [
                14.512540269,
                61.126002203
              ],
              [
                14.512169029,
                61.126000865
              ],
              [
                14.512170413,
                61.125911091
              ],
              [
                14.511984793,
                61.125910421
              ],
              [
                14.511986178,
                61.125820647
              ],
              [
                14.512171797,
                61.125821317
              ],
              [
                14.512174565,
                61.125641768
              ],
              [
                14.511988947,
                61.125641099
              ],
              [
                14.511991715,
                61.125461551
              ],
              [
                14.511620481,
                61.125460211
              ],
              [
                14.511621867,
                61.125370437
              ],
              [
                14.51143625,
                61.125369767
              ],
              [
                14.511445952,
                61.124741348
              ],
              [
                14.511631565,
                61.124742018
              ],
              [
                14.511635721,
                61.124472695
              ],
              [
                14.51145011,
                61.124472025
              ],
              [
                14.511455654,
                61.124112929
              ],
              [
                14.511270044,
                61.124112258
              ],
              [
                14.511265885,
                61.124381581
              ],
              [
                14.511080274,
                61.12438091
              ],
              [
                14.511078887,
                61.124470684
              ],
              [
                14.510893276,
                61.124470013
              ],
              [
                14.510891889,
                61.124559787
              ],
              [
                14.510706277,
                61.124559116
              ],
              [
                14.510704889,
                61.12464889
              ],
              [
                14.510148052,
                61.124646875
              ],
              [
                14.510149441,
                61.124557101
              ],
              [
                14.509592606,
                61.124555083
              ],
              [
                14.509591215,
                61.124644857
              ],
              [
                14.509405603,
                61.124644184
              ],
              [
                14.509404211,
                61.124733958
              ],
              [
                14.509218598,
                61.124733285
              ],
              [
                14.509217206,
                61.124823059
              ],
              [
                14.508845979,
                61.124821712
              ],
              [
                14.508847373,
                61.124731938
              ],
              [
                14.50866176,
                61.124731264
              ],
              [
                14.508663154,
                61.12464149
              ],
              [
                14.508291929,
                61.124640141
              ],
              [
                14.508293324,
                61.124550367
              ],
              [
                14.507922101,
                61.124549017
              ],
              [
                14.507923497,
                61.124459243
              ],
              [
                14.507737886,
                61.124458568
              ],
              [
                14.507739282,
                61.124368794
              ],
              [
                14.506625619,
                61.124364736
              ],
              [
                14.506624219,
                61.124454511
              ],
              [
                14.505510553,
                61.124450444
              ],
              [
                14.505511955,
                61.12436067
              ],
              [
                14.505140734,
                61.124359313
              ],
              [
                14.505139331,
                61.124449087
              ],
              [
                14.50495372,
                61.124448408
              ],
              [
                14.504952315,
                61.124538182
              ],
              [
                14.504395481,
                61.124536143
              ],
              [
                14.504394075,
                61.124625917
              ],
              [
                14.503280403,
                61.124621832
              ],
              [
                14.503281812,
                61.124532058
              ],
              [
                14.502168144,
                61.124527964
              ],
              [
                14.502169556,
                61.12443819
              ],
              [
                14.501798334,
                61.124436824
              ],
              [
                14.501795508,
                61.124616372
              ],
              [
                14.501609896,
                61.124615688
              ],
              [
                14.501608482,
                61.124705462
              ],
              [
                14.501051645,
                61.124703409
              ],
              [
                14.50105306,
                61.124613635
              ],
              [
                14.500867448,
                61.124612951
              ],
              [
                14.500868864,
                61.124523177
              ],
              [
                14.500683253,
                61.124522492
              ],
              [
                14.500684669,
                61.124432718
              ],
              [
                14.500313448,
                61.124431347
              ],
              [
                14.500314865,
                61.124341573
              ],
              [
                14.499943645,
                61.124340201
              ],
              [
                14.499945063,
                61.124250427
              ],
              [
                14.499202625,
                61.124247681
              ],
              [
                14.499204045,
                61.124157907
              ],
              [
                14.499018436,
                61.12415722
              ],
              [
                14.499019857,
                61.124067446
              ],
              [
                14.498463032,
                61.124065382
              ],
              [
                14.498464454,
                61.123975608
              ],
              [
                14.498093238,
                61.123974232
              ],
              [
                14.498094662,
                61.123884458
              ],
              [
                14.497909055,
                61.123883769
              ],
              [
                14.497923297,
                61.122986029
              ],
              [
                14.497737695,
                61.12298534
              ],
              [
                14.497743394,
                61.122626244
              ],
              [
                14.497928994,
                61.122626933
              ],
              [
                14.497930418,
                61.122537159
              ],
              [
                14.498301618,
                61.122538536
              ],
              [
                14.498303041,
                61.122448763
              ],
              [
                14.49848864,
                61.122449451
              ],
              [
                14.498492907,
                61.122180129
              ],
              [
                14.498678505,
                61.122180817
              ],
              [
                14.498681349,
                61.122001269
              ],
              [
                14.499052542,
                61.122002644
              ],
              [
                14.499056805,
                61.121733322
              ],
              [
                14.49850002,
                61.121731259
              ],
              [
                14.498501443,
                61.121641485
              ],
              [
                14.498315848,
                61.121640797
              ],
              [
                14.498317271,
                61.121551023
              ],
              [
                14.497946084,
                61.121549645
              ],
              [
                14.497947508,
                61.121459871
              ],
              [
                14.497761914,
                61.121459182
              ],
              [
                14.497763339,
                61.121369408
              ],
              [
                14.497577746,
                61.121368719
              ],
              [
                14.497583447,
                61.121009623
              ],
              [
                14.497397856,
                61.121008934
              ],
              [
                14.497400707,
                61.120829386
              ],
              [
                14.497215118,
                61.120828696
              ],
              [
                14.497216544,
                61.120738922
              ],
              [
                14.497030955,
                61.120738232
              ],
              [
                14.497032381,
                61.120648458
              ],
              [
                14.496846793,
                61.120647768
              ],
              [
                14.49684822,
                61.120557994
              ],
              [
                14.496662632,
                61.120557304
              ],
              [
                14.49666406,
                61.12046753
              ],
              [
                14.49592171,
                61.120464765
              ],
              [
                14.495928859,
                61.120015895
              ],
              [
                14.49518652,
                61.120013127
              ],
              [
                14.495187952,
                61.119923353
              ],
              [
                14.495002367,
                61.11992266
              ],
              [
                14.4950038,
                61.119832886
              ],
              [
                14.494818216,
                61.119832193
              ],
              [
                14.494819649,
                61.119742419
              ],
              [
                14.494634066,
                61.119741726
              ],
              [
                14.494635499,
                61.119651952
              ],
              [
                14.494449917,
                61.119651258
              ],
              [
                14.494451351,
                61.119561484
              ],
              [
                14.494265769,
                61.119560791
              ],
              [
                14.494267203,
                61.119471017
              ],
              [
                14.494081621,
                61.119470323
              ],
              [
                14.494085926,
                61.119201001
              ],
              [
                14.494457086,
                61.119202389
              ],
              [
                14.49445852,
                61.119112615
              ],
              [
                14.494644099,
                61.119113308
              ],
              [
                14.494646966,
                61.11893376
              ],
              [
                14.494461387,
                61.118933067
              ],
              [
                14.494465689,
                61.118663745
              ],
              [
                14.494280112,
                61.118663051
              ],
              [
                14.494281546,
                61.118573277
              ],
              [
                14.494467122,
                61.118573971
              ],
              [
                14.494472857,
                61.118214875
              ],
              [
                14.494658432,
                61.118215568
              ],
              [
                14.494659865,
                61.118125794
              ],
              [
                14.494845438,
                61.118126487
              ],
              [
                14.494846871,
                61.118036713
              ],
              [
                14.494661298,
                61.11803602
              ],
              [
                14.494664164,
                61.117856472
              ],
              [
                14.494478592,
                61.117855779
              ],
              [
                14.494480026,
                61.117766005
              ],
              [
                14.494294454,
                61.117765311
              ],
              [
                14.494300191,
                61.117406215
              ],
              [
                14.494114622,
                61.117405521
              ],
              [
                14.494116056,
                61.117315747
              ],
              [
                14.493744919,
                61.117314359
              ],
              [
                14.49374779,
                61.117134811
              ],
              [
                14.493562222,
                61.117134116
              ],
              [
                14.493563659,
                61.117044342
              ],
              [
                14.493006957,
                61.117042256
              ],
              [
                14.493009833,
                61.116862708
              ],
              [
                14.492824266,
                61.116862013
              ],
              [
                14.492825705,
                61.116772239
              ],
              [
                14.49301127,
                61.116772934
              ],
              [
                14.493018459,
                61.116324064
              ],
              [
                14.492832896,
                61.116323369
              ],
              [
                14.492835773,
                61.116143821
              ],
              [
                14.492650211,
                61.116143125
              ],
              [
                14.492651649,
                61.116053351
              ],
              [
                14.492466088,
                61.116052655
              ],
              [
                14.492467527,
                61.115962881
              ],
              [
                14.492281966,
                61.115962184
              ],
              [
                14.492284846,
                61.115782636
              ],
              [
                14.491728167,
                61.115780545
              ],
              [
                14.491729608,
                61.115690771
              ],
              [
                14.491544049,
                61.115690074
              ],
              [
                14.491545491,
                61.1156003
              ],
              [
                14.490988814,
                61.115598206
              ],
              [
                14.490987371,
                61.11568798
              ],
              [
                14.490616253,
                61.115686583
              ],
              [
                14.490617697,
                61.115596809
              ],
              [
                14.490432138,
                61.11559611
              ],
              [
                14.490433583,
                61.115506336
              ],
              [
                14.490248025,
                61.115505637
              ],
              [
                14.490249471,
                61.115415863
              ],
              [
                14.490063913,
                61.115415163
              ],
              [
                14.490065359,
                61.115325389
              ],
              [
                14.489694245,
                61.115323989
              ],
              [
                14.489692798,
                61.115413763
              ],
              [
                14.488579453,
                61.115409558
              ],
              [
                14.488580903,
                61.115319784
              ],
              [
                14.488209789,
                61.11531838
              ],
              [
                14.488208338,
                61.115408154
              ],
              [
                14.48802278,
                61.115407452
              ],
              [
                14.488015521,
                61.115856322
              ],
              [
                14.487829961,
                61.115855619
              ],
              [
                14.487822698,
                61.116304489
              ],
              [
                14.487451573,
                61.116303083
              ],
              [
                14.487447212,
                61.116572405
              ],
              [
                14.487261648,
                61.116571701
              ],
              [
                14.487260194,
                61.116661475
              ],
              [
                14.487074629,
                61.116660772
              ],
              [
                14.487073174,
                61.116750545
              ],
              [
                14.486887609,
                61.116749842
              ],
              [
                14.486883244,
                61.117019163
              ],
              [
                14.486697677,
                61.117018459
              ],
              [
                14.486688942,
                61.117557103
              ],
              [
                14.486317802,
                61.117555694
              ],
              [
                14.486313432,
                61.117825015
              ],
              [
                14.48612786,
                61.11782431
              ],
              [
                14.486126403,
                61.117914084
              ],
              [
                14.485940831,
                61.117913379
              ],
              [
                14.485937915,
                61.118092927
              ],
              [
                14.485195622,
                61.118090104
              ],
              [
                14.485194162,
                61.118179877
              ],
              [
                14.485008588,
                61.118179171
              ],
              [
                14.485005667,
                61.118358719
              ],
              [
                14.484820093,
                61.118358012
              ],
              [
                14.484818632,
                61.118447786
              ],
              [
                14.484261906,
                61.118445664
              ],
              [
                14.484260443,
                61.118535438
              ],
              [
                14.484074867,
                61.11853473
              ],
              [
                14.484073404,
                61.118624504
              ],
              [
                14.483887828,
                61.118623796
              ],
              [
                14.483886364,
                61.11871357
              ],
              [
                14.483700787,
                61.118712862
              ],
              [
                14.483699323,
                61.118802636
              ],
              [
                14.483513746,
                61.118801927
              ],
              [
                14.483512281,
                61.118891701
              ],
              [
                14.483326703,
                61.118890992
              ],
              [
                14.483323772,
                61.11907054
              ],
              [
                14.482952615,
                61.119069122
              ],
              [
                14.482951148,
                61.119158895
              ],
              [
                14.482765569,
                61.119158186
              ],
              [
                14.482764102,
                61.11924796
              ],
              [
                14.482207363,
                61.11924583
              ],
              [
                14.482208831,
                61.119156056
              ],
              [
                14.482023252,
                61.119155345
              ],
              [
                14.48202619,
                61.118975798
              ],
              [
                14.480912721,
                61.118971529
              ],
              [
                14.480918609,
                61.118612434
              ],
              [
                14.480547457,
                61.118611009
              ],
              [
                14.480548931,
                61.118521235
              ],
              [
                14.480363355,
                61.118520522
              ],
              [
                14.480364829,
                61.118430749
              ],
              [
                14.479622529,
                61.118427895
              ],
              [
                14.479624005,
                61.118338121
              ],
              [
                14.479252856,
                61.118336693
              ],
              [
                14.479254333,
                61.118246919
              ],
              [
                14.478883185,
                61.118245489
              ],
              [
                14.478884663,
                61.118155716
              ],
              [
                14.47814237,
                61.118152854
              ],
              [
                14.47814385,
                61.11806308
              ],
              [
                14.477958277,
                61.118062364
              ],
              [
                14.477959757,
                61.11797259
              ],
              [
                14.477774185,
                61.117971874
              ],
              [
                14.477775666,
                61.1178821
              ],
              [
                14.477218951,
                61.117879949
              ],
              [
                14.477220434,
                61.117790176
              ],
              [
                14.477034863,
                61.117789458
              ],
              [
                14.477036346,
                61.117699684
              ],
              [
                14.476665205,
                61.117698249
              ],
              [
                14.476666689,
                61.117608475
              ],
              [
                14.476481119,
                61.117607757
              ],
              [
                14.476482603,
                61.117517983
              ],
              [
                14.476297034,
                61.117517265
              ],
              [
                14.476298519,
                61.117427491
              ],
              [
                14.475556243,
                61.117424615
              ],
              [
                14.475560705,
                61.117155294
              ],
              [
                14.474632868,
                61.117151693
              ],
              [
                14.474631378,
                61.117241467
              ],
              [
                14.474445811,
                61.117240746
              ],
              [
                14.47444432,
                61.11733052
              ],
              [
                14.473887615,
                61.117328355
              ],
              [
                14.473886123,
                61.117418129
              ],
              [
                14.473514985,
                61.117416685
              ],
              [
                14.473513492,
                61.117506459
              ],
              [
                14.473327923,
                61.117505736
              ],
              [
                14.473324935,
                61.117685284
              ],
              [
                14.471654802,
                61.11767877
              ],
              [
                14.4716563,
                61.117588996
              ],
              [
                14.471470731,
                61.117588271
              ],
              [
                14.471473729,
                61.117408724
              ],
              [
                14.47128816,
                61.117407999
              ],
              [
                14.471295657,
                61.11695913
              ],
              [
                14.471110091,
                61.116958405
              ],
              [
                14.471111591,
                61.116868631
              ],
              [
                14.470926025,
                61.116867905
              ],
              [
                14.470927525,
                61.116778132
              ],
              [
                14.47037083,
                61.116775953
              ],
              [
                14.470372332,
                61.116686179
              ],
              [
                14.469815639,
                61.116683998
              ],
              [
                14.469817143,
                61.116594224
              ],
              [
                14.469631579,
                61.116593497
              ],
              [
                14.469633083,
                61.116503723
              ],
              [
                14.469447519,
                61.116502995
              ],
              [
                14.469449024,
                61.116413222
              ],
              [
                14.469077898,
                61.116411766
              ],
              [
                14.469079404,
                61.116321992
              ],
              [
                14.468893842,
                61.116321263
              ],
              [
                14.46890589,
                61.115603074
              ],
              [
                14.469091449,
                61.115603803
              ],
              [
                14.469100482,
                61.115065161
              ],
              [
                14.469286037,
                61.115065889
              ],
              [
                14.469290551,
                61.114796568
              ],
              [
                14.469104998,
                61.11479584
              ],
              [
                14.469106503,
                61.114706066
              ],
              [
                14.468735398,
                61.114704609
              ],
              [
                14.468736904,
                61.114614835
              ],
              [
                14.467994695,
                61.114611917
              ],
              [
                14.467993187,
                61.114701691
              ],
              [
                14.467807634,
                61.114700961
              ],
              [
                14.467806125,
                61.114790735
              ],
              [
                14.467435018,
                61.114789274
              ],
              [
                14.467433508,
                61.114879048
              ],
              [
                14.467247954,
                61.114878317
              ],
              [
                14.467246443,
                61.114968091
              ],
              [
                14.466318672,
                61.114964433
              ],
              [
                14.466320185,
                61.114874659
              ],
              [
                14.464464649,
                61.114867325
              ],
              [
                14.464466167,
                61.114777551
              ],
              [
                14.464095061,
                61.114776081
              ],
              [
                14.464093541,
                61.114865855
              ],
              [
                14.46353688,
                61.114863648
              ],
              [
                14.463535359,
                61.114953421
              ],
              [
                14.462978697,
                61.114951212
              ],
              [
                14.462977174,
                61.115040986
              ],
              [
                14.462606065,
                61.115039512
              ],
              [
                14.462604541,
                61.115129285
              ],
              [
                14.462418986,
                61.115128548
              ],
              [
                14.462417461,
                61.115218321
              ],
              [
                14.46037635,
                61.115210193
              ],
              [
                14.46037788,
                61.11512042
              ],
              [
                14.46000677,
                61.115118938
              ],
              [
                14.460008302,
                61.115029165
              ],
              [
                14.459637193,
                61.115027683
              ],
              [
                14.45963566,
                61.115117456
              ],
              [
                14.459450105,
                61.115116715
              ],
              [
                14.459448573,
                61.115206488
              ],
              [
                14.458891906,
                61.115204262
              ],
              [
                14.458893441,
                61.115114489
              ],
              [
                14.457594557,
                61.115109286
              ],
              [
                14.457596095,
                61.115019512
              ],
              [
                14.457224986,
                61.115018023
              ],
              [
                14.457223447,
                61.115107797
              ],
              [
                14.457037892,
                61.115107052
              ],
              [
                14.457036352,
                61.115196826
              ],
              [
                14.456850797,
                61.115196081
              ],
              [
                14.456853877,
                61.115016534
              ],
              [
                14.456297215,
                61.115014297
              ],
              [
                14.456298756,
                61.114924524
              ],
              [
                14.455556542,
                61.114921538
              ],
              [
                14.455554998,
                61.115011311
              ],
              [
                14.454627227,
                61.115007573
              ],
              [
                14.45463032,
                61.114828026
              ],
              [
                14.454444767,
                61.114827278
              ],
              [
                14.454446314,
                61.114737505
              ],
              [
                14.454075209,
                61.114736007
              ],
              [
                14.454076757,
                61.114646234
              ],
              [
                14.453891205,
                61.114645485
              ],
              [
                14.453892753,
                61.114555711
              ],
              [
                14.453707202,
                61.114554962
              ],
              [
                14.453708751,
                61.114465188
              ],
              [
                14.4535232,
                61.114464439
              ],
              [
                14.45352475,
                61.114374665
              ],
              [
                14.453153649,
                61.114373165
              ],
              [
                14.45315675,
                61.114193618
              ],
              [
                14.452971201,
                61.114192868
              ],
              [
                14.452974303,
                61.114013321
              ],
              [
                14.452788755,
                61.11401257
              ],
              [
                14.452796513,
                61.113563703
              ],
              [
                14.452610967,
                61.113562952
              ],
              [
                14.452612519,
                61.113473179
              ],
              [
                14.452426974,
                61.113472428
              ],
              [
                14.452428527,
                61.113382654
              ],
              [
                14.451871893,
                61.1133804
              ],
              [
                14.451870339,
                61.113470173
              ],
              [
                14.451499249,
                61.113468668
              ],
              [
                14.451500804,
                61.113378895
              ],
              [
                14.450387537,
                61.113374375
              ],
              [
                14.450385979,
                61.113464149
              ],
              [
                14.450200434,
                61.113463395
              ],
              [
                14.450201993,
                61.113373621
              ],
              [
                14.450016449,
                61.113372867
              ],
              [
                14.450018008,
                61.113283093
              ],
              [
                14.448904745,
                61.113278562
              ],
              [
                14.448903182,
                61.113368335
              ],
              [
                14.448717638,
                61.113367579
              ],
              [
                14.448716075,
                61.113457352
              ],
              [
                14.44853053,
                61.113456596
              ],
              [
                14.448528966,
                61.113546369
              ],
              [
                14.448157875,
                61.113544855
              ],
              [
                14.44815631,
                61.113634629
              ],
              [
                14.447970764,
                61.113633872
              ],
              [
                14.447969199,
                61.113723645
              ],
              [
                14.447783653,
                61.113722888
              ],
              [
                14.447782087,
                61.113812661
              ],
              [
                14.44759654,
                61.113811903
              ],
              [
                14.447594974,
                61.113901677
              ],
              [
                14.447409426,
                61.113900919
              ],
              [
                14.447407859,
                61.113990692
              ],
              [
                14.447036763,
                61.113989175
              ],
              [
                14.447035195,
                61.114078949
              ],
              [
                14.446664098,
                61.114077431
              ],
              [
                14.446662529,
                61.114167204
              ],
              [
                14.446291431,
                61.114165685
              ],
              [
                14.446289861,
                61.114255459
              ],
              [
                14.446104312,
                61.114254699
              ],
              [
                14.446102741,
                61.114344472
              ],
              [
                14.445917191,
                61.114343712
              ],
              [
                14.44591562,
                61.114433485
              ],
              [
                14.445730069,
                61.114432725
              ],
              [
                14.445726926,
                61.114612272
              ],
              [
                14.445541374,
                61.114611511
              ],
              [
                14.445539802,
                61.114701285
              ],
              [
                14.44535425,
                61.114700524
              ],
              [
                14.445352677,
                61.114790297
              ],
              [
                14.44553823,
                61.114791058
              ],
              [
                14.445531941,
                61.115150151
              ],
              [
                14.445346386,
                61.11514939
              ],
              [
                14.445344813,
                61.115239164
              ],
              [
                14.444973703,
                61.115237641
              ],
              [
                14.444972129,
                61.115327415
              ],
              [
                14.444601017,
                61.115325891
              ],
              [
                14.444599442,
                61.115415664
              ],
              [
                14.44422833,
                61.11541414
              ],
              [
                14.444226754,
                61.115503913
              ],
              [
                14.444041197,
                61.115503151
              ],
              [
                14.444039621,
                61.115592924
              ],
              [
                14.443854063,
                61.115592161
              ],
              [
                14.443850909,
                61.115771708
              ],
              [
                14.442552001,
                61.11576636
              ],
              [
                14.442553582,
                61.115676587
              ],
              [
                14.442368024,
                61.115675822
              ],
              [
                14.442371187,
                61.115496275
              ],
              [
                14.442000074,
                61.115494745
              ],
              [
                14.442001656,
                61.115404972
              ],
              [
                14.4418161,
                61.115404206
              ],
              [
                14.441817683,
                61.115314433
              ],
              [
                14.441075461,
                61.115311367
              ],
              [
                14.441078631,
                61.115131821
              ],
              [
                14.440893076,
                61.115131054
              ],
              [
                14.440894662,
                61.115041281
              ],
              [
                14.439595784,
                61.115035905
              ],
              [
                14.439594195,
                61.115125678
              ],
              [
                14.439223086,
                61.11512414
              ],
              [
                14.439221496,
                61.115213913
              ],
              [
                14.438479277,
                61.115210834
              ],
              [
                14.438482461,
                61.115031287
              ],
              [
                14.438111354,
                61.115029746
              ],
              [
                14.438108167,
                61.115209293
              ],
              [
                14.437737058,
                61.11520775
              ],
              [
                14.437733869,
                61.115387297
              ],
              [
                14.43680609,
                61.115383436
              ],
              [
                14.436809284,
                61.11520389
              ],
              [
                14.436623729,
                61.115203117
              ],
              [
                14.436625326,
                61.115113344
              ],
              [
                14.436439772,
                61.115112571
              ],
              [
                14.43644137,
                61.115022798
              ],
              [
                14.436255817,
                61.115022025
              ],
              [
                14.436259014,
                61.114842478
              ],
              [
                14.436073461,
                61.114841705
              ],
              [
                14.43607506,
                61.114751931
              ],
              [
                14.435889508,
                61.114751158
              ],
              [
                14.435891108,
                61.114661384
              ],
              [
                14.435520005,
                61.114659836
              ],
              [
                14.435521606,
                61.114570063
              ],
              [
                14.435336055,
                61.114569288
              ],
              [
                14.435337656,
                61.114479515
              ],
              [
                14.435152105,
                61.11447874
              ],
              [
                14.435153707,
                61.114388967
              ],
              [
                14.434782607,
                61.114387417
              ],
              [
                14.434787415,
                61.114118097
              ],
              [
                14.434972964,
                61.114118873
              ],
              [
                14.434974566,
                61.114029099
              ],
              [
                14.434789018,
                61.114028324
              ],
              [
                14.434790621,
                61.113938551
              ],
              [
                14.434605074,
                61.113937775
              ],
              [
                14.434606677,
                61.113848002
              ],
              [
                14.43442113,
                61.113847226
              ],
              [
                14.434422734,
                61.113757453
              ],
              [
                14.433123911,
                61.113752015
              ],
              [
                14.43313034,
                61.113392923
              ],
              [
                14.433315884,
                61.1133937
              ],
              [
                14.433323918,
                61.112944835
              ],
              [
                14.43350946,
                61.112945612
              ],
              [
                14.433511066,
                61.112855839
              ],
              [
                14.433696607,
                61.112856616
              ],
              [
                14.433701424,
                61.112587296
              ],
              [
                14.433515885,
                61.112586519
              ],
              [
                14.433517491,
                61.112496746
              ],
              [
                14.433331952,
                61.112495969
              ],
              [
                14.433338379,
                61.112136876
              ],
              [
                14.433152842,
                61.112136099
              ],
              [
                14.43315445,
                61.112046325
              ],
              [
                14.432968914,
                61.112045548
              ],
              [
                14.432970521,
                61.111955774
              ],
              [
                14.43259945,
                61.111954218
              ],
              [
                14.432602668,
                61.111774672
              ],
              [
                14.432788202,
                61.11177545
              ],
              [
                14.43278981,
                61.111685677
              ],
              [
                14.432975344,
                61.111686455
              ],
              [
                14.43297856,
                61.111506909
              ],
              [
                14.433349626,
                61.111508464
              ],
              [
                14.433354446,
                61.111239144
              ],
              [
                14.433168914,
                61.111238367
              ],
              [
                14.433170521,
                61.111148594
              ],
              [
                14.43298499,
                61.111147816
              ],
              [
                14.432991421,
                61.110788723
              ],
              [
                14.433362478,
                61.110790278
              ],
              [
                14.433368904,
                61.110431186
              ],
              [
                14.433554431,
                61.110431963
              ],
              [
                14.433556037,
                61.11034219
              ],
              [
                14.433741563,
                61.110342967
              ],
              [
                14.433744774,
                61.11016342
              ],
              [
                14.433373724,
                61.110161866
              ],
              [
                14.43337533,
                61.110072093
              ],
              [
                14.433004281,
                61.110070538
              ],
              [
                14.433013926,
                61.109531898
              ],
              [
                14.432828405,
                61.10953112
              ],
              [
                14.432831621,
                61.109351574
              ],
              [
                14.4326461,
                61.109350796
              ],
              [
                14.432652534,
                61.108991703
              ],
              [
                14.431910461,
                61.108988588
              ],
              [
                14.431912072,
                61.108898815
              ],
              [
                14.430984484,
                61.108894915
              ],
              [
                14.430986097,
                61.108805141
              ],
              [
                14.43080058,
                61.108804361
              ],
              [
                14.430798966,
                61.108894134
              ],
              [
                14.430613449,
                61.108893353
              ],
              [
                14.430611834,
                61.108983126
              ],
              [
                14.429313208,
                61.108977652
              ],
              [
                14.42931159,
                61.109067425
              ],
              [
                14.428940553,
                61.109065859
              ],
              [
                14.428938934,
                61.109155632
              ],
              [
                14.428567896,
                61.109154065
              ],
              [
                14.428566276,
                61.109243838
              ],
              [
                14.428380756,
                61.109243054
              ],
              [
                14.428382377,
                61.10915328
              ],
              [
                14.428196858,
                61.109152496
              ],
              [
                14.428198479,
                61.109062723
              ],
              [
                14.427827442,
                61.109061154
              ],
              [
                14.427829064,
                61.10897138
              ],
              [
                14.42727251,
                61.108969024
              ],
              [
                14.427270887,
                61.109058798
              ],
              [
                14.427085368,
                61.109058012
              ],
              [
                14.42707075,
                61.10986597
              ],
              [
                14.426699704,
                61.109864397
              ],
              [
                14.426698078,
                61.10995417
              ],
              [
                14.426327031,
                61.109952597
              ],
              [
                14.426325404,
                61.11004237
              ],
              [
                14.425954356,
                61.110040795
              ],
              [
                14.425952729,
                61.110130568
              ],
              [
                14.425396155,
                61.110128205
              ],
              [
                14.425397784,
                61.110038432
              ],
              [
                14.42521226,
                61.110037643
              ],
              [
                14.425213889,
                61.10994787
              ],
              [
                14.424842842,
                61.109946293
              ],
              [
                14.424846103,
                61.109766746
              ],
              [
                14.424660581,
                61.109765957
              ],
              [
                14.424663843,
                61.109586411
              ],
              [
                14.424478322,
                61.109585622
              ],
              [
                14.424481585,
                61.109406076
              ],
              [
                14.424110544,
                61.109404496
              ],
              [
                14.42411381,
                61.10922495
              ],
              [
                14.423742771,
                61.109223369
              ],
              [
                14.423746038,
                61.109043823
              ],
              [
                14.423003966,
                61.109040659
              ],
              [
                14.423007237,
                61.108861113
              ],
              [
                14.42282172,
                61.108860321
              ],
              [
                14.422823356,
                61.108770548
              ],
              [
                14.42263784,
                61.108769756
              ],
              [
                14.422639476,
                61.108679983
              ],
              [
                14.42245396,
                61.108679191
              ],
              [
                14.422455598,
                61.108589418
              ],
              [
                14.422641113,
                61.10859021
              ],
              [
                14.422644387,
                61.108410664
              ],
              [
                14.421902329,
                61.108407494
              ],
              [
                14.421903968,
                61.108317721
              ],
              [
                14.421718454,
                61.108316927
              ],
              [
                14.421716814,
                61.1084067
              ],
              [
                14.421160271,
                61.108404319
              ],
              [
                14.421156989,
                61.108583865
              ],
              [
                14.421342505,
                61.108584659
              ],
              [
                14.421340864,
                61.108674432
              ],
              [
                14.420969832,
                61.108672844
              ],
              [
                14.420968191,
                61.108762617
              ],
              [
                14.420597158,
                61.108761028
              ],
              [
                14.420595515,
                61.108850801
              ],
              [
                14.420224481,
                61.108849211
              ],
              [
                14.420222838,
                61.108938984
              ],
              [
                14.42003732,
                61.108938188
              ],
              [
                14.420035676,
                61.109027961
              ],
              [
                14.419850158,
                61.109027165
              ],
              [
                14.419840289,
                61.109565803
              ],
              [
                14.419654768,
                61.109565007
              ],
              [
                14.419653123,
                61.10965478
              ],
              [
                14.419467601,
                61.109653984
              ],
              [
                14.419469247,
                61.109564211
              ],
              [
                14.419283726,
                61.109563415
              ],
              [
                14.419285372,
                61.109473642
              ],
              [
                14.418914331,
                61.109472048
              ],
              [
                14.418915978,
                61.109382275
              ],
              [
                14.416504219,
                61.10937189
              ],
              [
                14.416505873,
                61.109282117
              ],
              [
                14.415392757,
                61.10927731
              ],
              [
                14.415391099,
                61.109367083
              ],
              [
                14.415205579,
                61.10936628
              ],
              [
                14.415203921,
                61.109456053
              ],
              [
                14.415018401,
                61.109455251
              ],
              [
                14.415016743,
                61.109545024
              ],
              [
                14.414831222,
                61.109544221
              ],
              [
                14.414829563,
                61.109633994
              ],
              [
                14.414644041,
                61.109633191
              ],
              [
                14.414642382,
                61.109722964
              ],
              [
                14.41445686,
                61.109722161
              ],
              [
                14.41445022,
                61.110081253
              ],
              [
                14.414635744,
                61.110082056
              ],
              [
                14.414632424,
                61.110261602
              ],
              [
                14.414075849,
                61.110259191
              ],
              [
                14.41407751,
                61.110169418
              ],
              [
                14.413891986,
                61.110168614
              ],
              [
                14.413893648,
                61.110078841
              ],
              [
                14.413708124,
                61.110078037
              ],
              [
                14.413711448,
                61.109898491
              ],
              [
                14.412969357,
                61.109895272
              ],
              [
                14.412974349,
                61.109625953
              ],
              [
                14.413159871,
                61.109626759
              ],
              [
                14.413164862,
                61.10935744
              ],
              [
                14.412979342,
                61.109356635
              ],
              [
                14.412982671,
                61.109177089
              ],
              [
                14.412797152,
                61.109176284
              ],
              [
                14.412800481,
                61.108996738
              ],
              [
                14.412985999,
                61.108997543
              ],
              [
                14.412987663,
                61.10890777
              ],
              [
                14.412802146,
                61.108906965
              ],
              [
                14.41280714,
                61.108637646
              ],
              [
                14.412621625,
                61.108636841
              ],
              [
                14.412624955,
                61.108457295
              ],
              [
                14.412995984,
                61.108458906
              ],
              [
                14.412997648,
                61.108369133
              ],
              [
                14.413183162,
                61.108369938
              ],
              [
                14.413184825,
                61.108280165
              ],
              [
                14.413370339,
                61.10828097
              ],
              [
                14.413373665,
                61.108101424
              ],
              [
                14.413559177,
                61.108102229
              ],
              [
                14.41356084,
                61.108012456
              ],
              [
                14.413746352,
                61.10801326
              ],
              [
                14.413748014,
                61.107923488
              ],
              [
                14.413933525,
                61.107924292
              ],
              [
                14.413943493,
                61.107385654
              ],
              [
                14.413572477,
                61.107384046
              ],
              [
                14.413574139,
                61.107294273
              ],
              [
                14.413388632,
                61.107293468
              ],
              [
                14.413395283,
                61.106934376
              ],
              [
                14.413209778,
                61.106933572
              ],
              [
                14.413211441,
                61.106843799
              ],
              [
                14.413025936,
                61.106842993
              ],
              [
                14.4130276,
                61.106753221
              ],
              [
                14.412842096,
                61.106752415
              ],
              [
                14.412847089,
                61.106483096
              ],
              [
                14.412661586,
                61.106482291
              ],
              [
                14.412659921,
                61.106572064
              ],
              [
                14.411917908,
                61.106568839
              ],
              [
                14.411916241,
                61.106658612
              ],
              [
                14.411545233,
                61.106656998
              ],
              [
                14.411543565,
                61.106746771
              ],
              [
                14.41005953,
                61.106740304
              ],
              [
                14.410061203,
                61.106650531
              ],
              [
                14.409690195,
                61.106648912
              ],
              [
                14.409693542,
                61.106469366
              ],
              [
                14.409322536,
                61.106467746
              ],
              [
                14.409324211,
                61.106377973
              ],
              [
                14.409138709,
                61.106377163
              ],
              [
                14.409140384,
                61.10628739
              ],
              [
                14.40876938,
                61.106285769
              ],
              [
                14.408771056,
                61.106195996
              ],
              [
                14.408400054,
                61.106194373
              ],
              [
                14.408401731,
                61.1061046
              ],
              [
                14.408216231,
                61.106103788
              ],
              [
                14.408231328,
                61.105295833
              ],
              [
                14.408045832,
                61.105295021
              ],
              [
                14.40804751,
                61.105205248
              ],
              [
                14.408233005,
                61.10520606
              ],
              [
                14.40823636,
                61.105026514
              ],
              [
                14.408607348,
                61.105028137
              ],
              [
                14.408609025,
                61.104938364
              ],
              [
                14.408794518,
                61.104939175
              ],
              [
                14.408796194,
                61.104849403
              ],
              [
                14.408610701,
                61.104848591
              ],
              [
                14.408614054,
                61.104669046
              ],
              [
                14.408799546,
                61.104669857
              ],
              [
                14.408801222,
                61.104580084
              ],
              [
                14.408986713,
                61.104580895
              ],
              [
                14.408988388,
                61.104491122
              ],
              [
                14.409173879,
                61.104491933
              ],
              [
                14.409172205,
                61.104581705
              ],
              [
                14.409357696,
                61.104582516
              ],
              [
                14.409356022,
                61.104672289
              ],
              [
                14.409541514,
                61.104673099
              ],
              [
                14.409543188,
                61.104583326
              ],
              [
                14.40972868,
                61.104584136
              ],
              [
                14.409735372,
                61.104225044
              ],
              [
                14.409920862,
                61.104225854
              ],
              [
                14.409924207,
                61.104046308
              ],
              [
                14.409738718,
                61.104045498
              ],
              [
                14.409740391,
                61.103955726
              ],
              [
                14.409554903,
                61.103954916
              ],
              [
                14.409563271,
                61.103506051
              ],
              [
                14.409748756,
                61.103506861
              ],
              [
                14.409750429,
                61.103417088
              ],
              [
                14.410306884,
                61.103419516
              ],
              [
                14.410308555,
                61.103329743
              ],
              [
                14.410494039,
                61.103330552
              ],
              [
                14.41049571,
                61.103240779
              ],
              [
                14.410310227,
                61.10323997
              ],
              [
                14.410313569,
                61.103060424
              ],
              [
                14.410128087,
                61.103059615
              ],
              [
                14.41013143,
                61.102880069
              ],
              [
                14.409945949,
                61.10287926
              ],
              [
                14.409955983,
                61.102340622
              ],
              [
                14.410141461,
                61.102341432
              ],
              [
                14.410144805,
                61.102161886
              ],
              [
                14.410330282,
                61.102162695
              ],
              [
                14.410331954,
                61.102072922
              ],
              [
                14.41051743,
                61.102073731
              ],
              [
                14.41051576,
                61.102163504
              ],
              [
                14.410886715,
                61.10216512
              ],
              [
                14.410888384,
                61.102075348
              ],
              [
                14.411073861,
                61.102076156
              ],
              [
                14.411075531,
                61.101986383
              ],
              [
                14.411261007,
                61.10198719
              ],
              [
                14.411262676,
                61.101897417
              ],
              [
                14.411448152,
                61.101898225
              ],
              [
                14.41144982,
                61.101808452
              ],
              [
                14.411635295,
                61.101809259
              ],
              [
                14.411640298,
                61.10153994
              ],
              [
                14.411454824,
                61.101539133
              ],
              [
                14.41145816,
                61.101359587
              ],
              [
                14.411643633,
                61.101360394
              ],
              [
                14.411650302,
                61.101001302
              ],
              [
                14.411835773,
                61.101002109
              ],
              [
                14.41183744,
                61.100912336
              ],
              [
                14.412393851,
                61.100914756
              ],
              [
                14.412392185,
                61.101004529
              ],
              [
                14.412763127,
                61.10100614
              ],
              [
                14.412761463,
                61.101095913
              ],
              [
                14.413132405,
                61.101097524
              ],
              [
                14.413129079,
                61.10127707
              ],
              [
                14.413685496,
                61.101279484
              ],
              [
                14.413683834,
                61.101369257
              ],
              [
                14.413869307,
                61.101370061
              ],
              [
                14.413867646,
                61.101459834
              ],
              [
                14.414238593,
                61.101461442
              ],
              [
                14.414240253,
                61.101371669
              ],
              [
                14.414611199,
                61.101373275
              ],
              [
                14.414612858,
                61.101283502
              ],
              [
                14.414798331,
                61.101284305
              ],
              [
                14.414796672,
                61.101374078
              ],
              [
                14.414982145,
                61.101374881
              ],
              [
                14.414983803,
                61.101285108
              ],
              [
                14.415169276,
                61.10128591
              ],
              [
                14.415170933,
                61.101196137
              ],
              [
                14.415356405,
                61.101196939
              ],
              [
                14.415358062,
                61.101107166
              ],
              [
                14.415543534,
                61.101107968
              ],
              [
                14.415548503,
                61.100838649
              ],
              [
                14.415733973,
                61.10083945
              ],
              [
                14.415735629,
                61.100749677
              ],
              [
                14.416106567,
                61.10075128
              ],
              [
                14.416109877,
                61.100571734
              ],
              [
                14.416295345,
                61.100572535
              ],
              [
                14.416297,
                61.100482762
              ],
              [
                14.416482467,
                61.100483562
              ],
              [
                14.416484121,
                61.100393789
              ],
              [
                14.416669588,
                61.100394589
              ],
              [
                14.416676201,
                61.100035497
              ],
              [
                14.415748875,
                61.100031493
              ],
              [
                14.415755498,
                61.099672401
              ],
              [
                14.415940961,
                61.099673202
              ],
              [
                14.415942616,
                61.099583429
              ],
              [
                14.416128079,
                61.09958423
              ],
              [
                14.416133043,
                61.099314911
              ],
              [
                14.416318504,
                61.099315712
              ],
              [
                14.416320158,
                61.099225939
              ],
              [
                14.416876539,
                61.099228339
              ],
              [
                14.416874887,
                61.099318112
              ],
              [
                14.417060348,
                61.099318912
              ],
              [
                14.417062,
                61.099229139
              ],
              [
                14.41724746,
                61.099229939
              ],
              [
                14.417249112,
                61.099140166
              ],
              [
                14.417620032,
                61.099141764
              ],
              [
                14.417621682,
                61.099051991
              ],
              [
                14.417992601,
                61.099053588
              ],
              [
                14.4179959,
                61.098874042
              ],
              [
                14.418181358,
                61.09887484
              ],
              [
                14.418184656,
                61.098695294
              ],
              [
                14.417813741,
                61.098693697
              ],
              [
                14.417815391,
                61.098603924
              ],
              [
                14.418000848,
                61.098604722
              ],
              [
                14.418007445,
                61.09824563
              ],
              [
                14.417636535,
                61.098244033
              ],
              [
                14.417638185,
                61.09815426
              ],
              [
                14.41782364,
                61.098155058
              ],
              [
                14.417828589,
                61.097885739
              ],
              [
                14.418014041,
                61.097886537
              ],
              [
                14.418015691,
                61.097796764
              ],
              [
                14.418201143,
                61.097797563
              ],
              [
                14.418202791,
                61.097707789
              ],
              [
                14.418388243,
                61.097708587
              ],
              [
                14.418394835,
                61.097349495
              ],
              [
                14.418765735,
                61.09735109
              ],
              [
                14.418769029,
                61.097171544
              ],
              [
                14.418954477,
                61.097172341
              ],
              [
                14.418956124,
                61.097082568
              ],
              [
                14.419141572,
                61.097083365
              ],
              [
                14.419153093,
                61.096454952
              ],
              [
                14.419338537,
                61.096455749
              ],
              [
                14.419341828,
                61.096276203
              ],
              [
                14.419527271,
                61.096276999
              ],
              [
                14.419528916,
                61.096187226
              ],
              [
                14.419714359,
                61.096188022
              ],
              [
                14.419716003,
                61.096098249
              ],
              [
                14.419901445,
                61.096099045
              ],
              [
                14.419903089,
                61.096009272
              ],
              [
                14.420088531,
                61.096010067
              ],
              [
                14.42009346,
                61.095740748
              ],
              [
                14.420278901,
                61.095741543
              ],
              [
                14.420280543,
                61.09565177
              ],
              [
                14.420465983,
                61.095652565
              ],
              [
                14.420467625,
                61.095562792
              ],
              [
                14.420653064,
                61.095563586
              ],
              [
                14.420656347,
                61.09538404
              ],
              [
                14.420841785,
                61.095384835
              ],
              [
                14.420843426,
                61.095295061
              ],
              [
                14.421028864,
                61.095295856
              ],
              [
                14.421030504,
                61.095206083
              ],
              [
                14.421215942,
                61.095206877
              ],
              [
                14.421217581,
                61.095117103
              ],
              [
                14.421588455,
                61.095118691
              ],
              [
                14.421586816,
                61.095208464
              ],
              [
                14.421772253,
                61.095209257
              ],
              [
                14.421768976,
                61.095388804
              ],
              [
                14.421954414,
                61.095389597
              ],
              [
                14.421956052,
                61.095299823
              ],
              [
                14.42214149,
                61.095300616
              ],
              [
                14.422143127,
                61.095210843
              ],
              [
                14.422328565,
                61.095211635
              ],
              [
                14.422335112,
                61.094852543
              ],
              [
                14.422520547,
                61.094853335
              ],
              [
                14.422528727,
                61.094404469
              ],
              [
                14.42271416,
                61.094405261
              ],
              [
                14.422715796,
                61.094315487
              ],
              [
                14.422901228,
                61.094316279
              ],
              [
                14.422904498,
                61.094136733
              ],
              [
                14.423460791,
                61.094139106
              ],
              [
                14.423462424,
                61.094049333
              ],
              [
                14.423647854,
                61.094050124
              ],
              [
                14.42365112,
                61.093870577
              ],
              [
                14.423465691,
                61.093869786
              ],
              [
                14.423470591,
                61.093600467
              ],
              [
                14.423285163,
                61.093599676
              ],
              [
                14.423288431,
                61.093420129
              ],
              [
                14.423103005,
                61.093419338
              ],
              [
                14.423104639,
                61.093329565
              ],
              [
                14.422919213,
                61.093328773
              ],
              [
                14.422922483,
                61.093149227
              ],
              [
                14.422737058,
                61.093148435
              ],
              [
                14.422741964,
                61.092879115
              ],
              [
                14.422556541,
                61.092878323
              ],
              [
                14.422561448,
                61.092609004
              ],
              [
                14.42274687,
                61.092609795
              ],
              [
                14.422750141,
                61.092430249
              ],
              [
                14.422379299,
                61.092428665
              ],
              [
                14.422380936,
                61.092338892
              ],
              [
                14.422195515,
                61.092338099
              ],
              [
                14.422205337,
                61.09179946
              ],
              [
                14.422390754,
                61.091800252
              ],
              [
                14.422403845,
                61.091082066
              ],
              [
                14.422589258,
                61.091082858
              ],
              [
                14.422590894,
                61.090993085
              ],
              [
                14.422776306,
                61.090993876
              ],
              [
                14.422777941,
                61.090904103
              ],
              [
                14.422963353,
                61.090904895
              ],
              [
                14.422964988,
                61.090815121
              ],
              [
                14.423706634,
                61.090818285
              ],
              [
                14.423708267,
                61.090728512
              ],
              [
                14.423893678,
                61.090729302
              ],
              [
                14.42389531,
                61.090639529
              ],
              [
                14.42408072,
                61.090640319
              ],
              [
                14.424082352,
                61.090550546
              ],
              [
                14.424267762,
                61.090551336
              ],
              [
                14.424271023,
                61.090371789
              ],
              [
                14.423900206,
                61.090370209
              ],
              [
                14.423905102,
                61.090100889
              ],
              [
                14.42334888,
                61.090098517
              ],
              [
                14.423357047,
                61.089649651
              ],
              [
                14.423542452,
                61.089650442
              ],
              [
                14.423544085,
                61.089560668
              ],
              [
                14.423729489,
                61.089561459
              ],
              [
                14.423727857,
                61.089651232
              ],
              [
                14.424840285,
                61.08965597
              ],
              [
                14.424841914,
                61.089566197
              ],
              [
                14.425027318,
                61.089566986
              ],
              [
                14.425032205,
                61.089297666
              ],
              [
                14.425217607,
                61.089298454
              ],
              [
                14.425219236,
                61.089208681
              ],
              [
                14.425033833,
                61.089207892
              ],
              [
                14.425038719,
                61.088938572
              ],
              [
                14.424111717,
                61.088934626
              ],
              [
                14.424113348,
                61.088844853
              ],
              [
                14.424298748,
                61.088845642
              ],
              [
                14.424300379,
                61.088755869
              ],
              [
                14.424485778,
                61.088756659
              ],
              [
                14.424492299,
                61.088397565
              ],
              [
                14.424677696,
                61.088398354
              ],
              [
                14.424684215,
                61.088039261
              ],
              [
                14.42486961,
                61.08804005
              ],
              [
                14.424872868,
                61.087860503
              ],
              [
                14.425058263,
                61.087861292
              ],
              [
                14.42506152,
                61.087681745
              ],
              [
                14.425246913,
                61.087682534
              ],
              [
                14.425253425,
                61.08732344
              ],
              [
                14.425624207,
                61.087325016
              ],
              [
                14.425625834,
                61.087235243
              ],
              [
                14.425811225,
                61.087236031
              ],
              [
                14.425812851,
                61.087146257
              ],
              [
                14.425998241,
                61.087147045
              ],
              [
                14.425999867,
                61.087057271
              ],
              [
                14.426926815,
                61.087061204
              ],
              [
                14.426925192,
                61.087150978
              ],
              [
                14.428222924,
                61.087156474
              ],
              [
                14.428224543,
                61.0870667
              ],
              [
                14.428780712,
                61.087069052
              ],
              [
                14.42878233,
                61.086979279
              ],
              [
                14.428967719,
                61.086980062
              ],
              [
                14.428966102,
                61.087069835
              ],
              [
                14.429336882,
                61.087071401
              ],
              [
                14.429335265,
                61.087161175
              ],
              [
                14.429891436,
                61.087163522
              ],
              [
                14.429894666,
                61.086983975
              ],
              [
                14.430450834,
                61.086986319
              ],
              [
                14.430452447,
                61.086896546
              ],
              [
                14.430823225,
                61.086898108
              ],
              [
                14.430824837,
                61.086808334
              ],
              [
                14.431195613,
                61.086809895
              ],
              [
                14.431197225,
                61.086720122
              ],
              [
                14.432309551,
                61.086724798
              ],
              [
                14.432311159,
                61.086635025
              ],
              [
                14.432867321,
                61.086637359
              ],
              [
                14.432868928,
                61.086547586
              ],
              [
                14.433054315,
                61.086548364
              ],
              [
                14.43305592,
                61.08645859
              ],
              [
                14.433426693,
                61.086460145
              ],
              [
                14.433428298,
                61.086370371
              ],
              [
                14.433613684,
                61.086371148
              ],
              [
                14.433615288,
                61.086281375
              ],
              [
                14.433986059,
                61.086282928
              ],
              [
                14.433987662,
                61.086193154
              ],
              [
                14.434173047,
                61.086193931
              ],
              [
                14.434174649,
                61.086104157
              ],
              [
                14.434360033,
                61.086104933
              ],
              [
                14.434361636,
                61.086015159
              ],
              [
                14.435103171,
                61.086018261
              ],
              [
                14.435104771,
                61.085928487
              ],
              [
                14.435290154,
                61.085929262
              ],
              [
                14.435291753,
                61.085839488
              ],
              [
                14.435477136,
                61.085840263
              ],
              [
                14.435478735,
                61.085750489
              ],
              [
                14.435293353,
                61.085749715
              ],
              [
                14.435294952,
                61.085659941
              ],
              [
                14.435109571,
                61.085659167
              ],
              [
                14.43511277,
                61.085479619
              ],
              [
                14.43492739,
                61.085478844
              ],
              [
                14.434935392,
                61.085029977
              ],
              [
                14.434750014,
                61.085029202
              ],
              [
                14.434753215,
                61.084849654
              ],
              [
                14.434567839,
                61.084848879
              ],
              [
                14.434572643,
                61.084579558
              ],
              [
                14.434387267,
                61.084578783
              ],
              [
                14.434392073,
                61.084309462
              ],
              [
                14.434577447,
                61.084310238
              ],
              [
                14.434579048,
                61.084220464
              ],
              [
                14.434764421,
                61.084221239
              ],
              [
                14.434769224,
                61.083951919
              ],
              [
                14.434583852,
                61.083951143
              ],
              [
                14.434590257,
                61.083592049
              ],
              [
                14.434960996,
                61.0835936
              ],
              [
                14.434962597,
                61.083503826
              ],
              [
                14.434777228,
                61.083503051
              ],
              [
                14.434778828,
                61.083413277
              ],
              [
                14.43459346,
                61.083412502
              ],
              [
                14.434595061,
                61.083322728
              ],
              [
                14.434409693,
                61.083321953
              ],
              [
                14.434408091,
                61.083411726
              ],
              [
                14.434222723,
                61.083410951
              ],
              [
                14.434224325,
                61.083321177
              ],
              [
                14.433482853,
                61.083318071
              ],
              [
                14.433486062,
                61.083138524
              ],
              [
                14.433300695,
                61.083137747
              ],
              [
                14.4333023,
                61.083047973
              ],
              [
                14.432190102,
                61.083043305
              ],
              [
                14.43219171,
                61.082953532
              ],
              [
                14.431264881,
                61.082949635
              ],
              [
                14.431266491,
                61.082859861
              ],
              [
                14.430895761,
                61.0828583
              ],
              [
                14.430894149,
                61.082948074
              ],
              [
                14.430708783,
                61.082947293
              ],
              [
                14.430715232,
                61.082588199
              ],
              [
                14.430529869,
                61.082587418
              ],
              [
                14.430533094,
                61.082407871
              ],
              [
                14.430718457,
                61.082408652
              ],
              [
                14.430720069,
                61.082318879
              ],
              [
                14.430905431,
                61.082319659
              ],
              [
                14.430910266,
                61.082050339
              ],
              [
                14.431095626,
                61.082051119
              ],
              [
                14.431097237,
                61.081961345
              ],
              [
                14.431282597,
                61.081962126
              ],
              [
                14.431287429,
                61.081692805
              ],
              [
                14.431472787,
                61.081693585
              ],
              [
                14.431474397,
                61.081603811
              ],
              [
                14.431845113,
                61.08160537
              ],
              [
                14.431846722,
                61.081515597
              ],
              [
                14.432402794,
                61.081517933
              ],
              [
                14.432406008,
                61.081338386
              ],
              [
                14.432220652,
                61.081337608
              ],
              [
                14.43222226,
                61.081247834
              ],
              [
                14.432407616,
                61.081248613
              ],
              [
                14.432409223,
                61.081158839
              ],
              [
                14.432594578,
                61.081159617
              ],
              [
                14.432596185,
                61.081069844
              ],
              [
                14.43278154,
                61.081070622
              ],
              [
                14.432783146,
                61.080980848
              ],
              [
                14.432597792,
                61.08098007
              ],
              [
                14.432602612,
                61.080710749
              ],
              [
                14.432231907,
                61.080709193
              ],
              [
                14.432233514,
                61.080619419
              ],
              [
                14.432048162,
                61.08061864
              ],
              [
                14.43204977,
                61.080528867
              ],
              [
                14.432235122,
                61.080529645
              ],
              [
                14.432238338,
                61.080350098
              ],
              [
                14.432794389,
                61.080352433
              ],
              [
                14.432797602,
                61.080172886
              ],
              [
                14.432056203,
                61.080169772
              ],
              [
                14.43205942,
                61.079990225
              ],
              [
                14.431874071,
                61.079989446
              ],
              [
                14.43187568,
                61.079899672
              ],
              [
                14.431690332,
                61.079898893
              ],
              [
                14.431691941,
                61.07980912
              ],
              [
                14.431506594,
                61.07980834
              ],
              [
                14.431508204,
                61.079718566
              ],
              [
                14.43113751,
                61.079717007
              ],
              [
                14.431139121,
                61.079627233
              ],
              [
                14.430953774,
                61.079626453
              ],
              [
                14.430955386,
                61.079536679
              ],
              [
                14.43077004,
                61.079535899
              ],
              [
                14.430771652,
                61.079446125
              ],
              [
                14.430956997,
                61.079446906
              ],
              [
                14.430961831,
                61.079177585
              ],
              [
                14.431332518,
                61.079179145
              ],
              [
                14.431334128,
                61.079089372
              ],
              [
                14.431519472,
                61.079090151
              ],
              [
                14.431521081,
                61.079000378
              ],
              [
                14.431891767,
                61.079001937
              ],
              [
                14.431893375,
                61.078912163
              ],
              [
                14.43226406,
                61.078913721
              ],
              [
                14.432267275,
                61.078734174
              ],
              [
                14.432081934,
                61.078733395
              ],
              [
                14.43208515,
                61.078553848
              ],
              [
                14.43227049,
                61.078554626
              ],
              [
                14.432272097,
                61.078464853
              ],
              [
                14.432642776,
                61.078466409
              ],
              [
                14.432645989,
                61.078286862
              ],
              [
                14.432831328,
                61.07828764
              ],
              [
                14.432832934,
                61.078197867
              ],
              [
                14.432647596,
                61.078197089
              ],
              [
                14.432649202,
                61.078107315
              ],
              [
                14.432463865,
                61.078106537
              ],
              [
                14.432468685,
                61.077837216
              ],
              [
                14.432283349,
                61.077836437
              ],
              [
                14.432284957,
                61.077746664
              ],
              [
                14.432099621,
                61.077745885
              ],
              [
                14.432102837,
                61.077566338
              ],
              [
                14.431732169,
                61.07756478
              ],
              [
                14.431733778,
                61.077475006
              ],
              [
                14.431548444,
                61.077474227
              ],
              [
                14.431553272,
                61.077204906
              ],
              [
                14.431738604,
                61.077205685
              ],
              [
                14.431740213,
                61.077115912
              ],
              [
                14.431554882,
                61.077115132
              ],
              [
                14.4315581,
                61.076935585
              ],
              [
                14.43137277,
                61.076934805
              ],
              [
                14.43137599,
                61.076755258
              ],
              [
                14.431561319,
                61.076756038
              ],
              [
                14.431567757,
                61.076396943
              ],
              [
                14.431382429,
                61.076396163
              ],
              [
                14.431385649,
                61.076216616
              ],
              [
                14.431014996,
                61.076215056
              ],
              [
                14.431018218,
                61.076035509
              ],
              [
                14.430647567,
                61.076033948
              ],
              [
                14.430649179,
                61.075944174
              ],
              [
                14.430463855,
                61.075943393
              ],
              [
                14.430465467,
                61.075853619
              ],
              [
                14.430094819,
                61.075852057
              ],
              [
                14.430096432,
                61.075762283
              ],
              [
                14.429911108,
                61.075761501
              ],
              [
                14.429914336,
                61.075581954
              ],
              [
                14.429729014,
                61.075581172
              ],
              [
                14.429730628,
                61.075491399
              ],
              [
                14.429174662,
                61.075489051
              ],
              [
                14.429173046,
                61.075578825
              ],
              [
                14.428802401,
                61.075577259
              ],
              [
                14.428800784,
                61.075667032
              ],
              [
                14.42861546,
                61.075666249
              ],
              [
                14.428613843,
                61.075756022
              ],
              [
                14.428243196,
                61.075754455
              ],
              [
                14.428241577,
                61.075844228
              ],
              [
                14.428056253,
                61.075843444
              ],
              [
                14.428054634,
                61.075933217
              ],
              [
                14.427869309,
                61.075932433
              ],
              [
                14.427867689,
                61.076022207
              ],
              [
                14.427682364,
                61.076021422
              ],
              [
                14.427680744,
                61.076111195
              ],
              [
                14.427495418,
                61.07611041
              ],
              [
                14.427493797,
                61.076200184
              ],
              [
                14.427308471,
                61.076199399
              ],
              [
                14.427305228,
                61.076378946
              ],
              [
                14.426934574,
                61.076377374
              ],
              [
                14.426932951,
                61.076467148
              ],
              [
                14.426562296,
                61.076465576
              ],
              [
                14.426560672,
                61.076555349
              ],
              [
                14.426375344,
                61.076554562
              ],
              [
                14.42637372,
                61.076644336
              ],
              [
                14.425817734,
                61.076641975
              ],
              [
                14.425816108,
                61.076731748
              ],
              [
                14.425630779,
                61.076730961
              ],
              [
                14.425632405,
                61.076641187
              ],
              [
                14.425447077,
                61.076640399
              ],
              [
                14.42545521,
                61.076191532
              ],
              [
                14.425084558,
                61.076189955
              ],
              [
                14.425091068,
                61.075830861
              ],
              [
                14.424905744,
                61.075830073
              ],
              [
                14.424904116,
                61.075919846
              ],
              [
                14.424533467,
                61.075918268
              ],
              [
                14.424531838,
                61.076008042
              ],
              [
                14.423975863,
                61.076005673
              ],
              [
                14.423977494,
                61.075915899
              ],
              [
                14.42379217,
                61.075915109
              ],
              [
                14.423793801,
                61.075825336
              ],
              [
                14.42323783,
                61.075822964
              ],
              [
                14.423242728,
                61.075553643
              ],
              [
                14.423057406,
                61.075552852
              ],
              [
                14.423059039,
                61.075463079
              ],
              [
                14.422873718,
                61.075462287
              ],
              [
                14.422876985,
                61.07528274
              ],
              [
                14.422691665,
                61.075281949
              ],
              [
                14.422693299,
                61.075192175
              ],
              [
                14.422507979,
                61.075191383
              ],
              [
                14.422516153,
                61.074742516
              ],
              [
                14.422886788,
                61.074744099
              ],
              [
                14.422888422,
                61.074654326
              ],
              [
                14.423073739,
                61.074655117
              ],
              [
                14.423075373,
                61.074565344
              ],
              [
                14.423260689,
                61.074566135
              ],
              [
                14.423268853,
                61.074117267
              ],
              [
                14.422898225,
                61.074115685
              ],
              [
                14.422899859,
                61.074025911
              ],
              [
                14.422714545,
                61.07402512
              ],
              [
                14.42271618,
                61.073935346
              ],
              [
                14.422530867,
                61.073934554
              ],
              [
                14.422534136,
                61.073755007
              ],
              [
                14.422719448,
                61.073755799
              ],
              [
                14.422721082,
                61.073666026
              ],
              [
                14.422535771,
                61.073665234
              ],
              [
                14.422543945,
                61.073216366
              ],
              [
                14.422914562,
                61.07321795
              ],
              [
                14.422919463,
                61.072948629
              ],
              [
                14.423290077,
                61.072950211
              ],
              [
                14.423291709,
                61.072860438
              ],
              [
                14.423477016,
                61.072861228
              ],
              [
                14.423478648,
                61.072771455
              ],
              [
                14.423663954,
                61.072772245
              ],
              [
                14.423665585,
                61.072682472
              ],
              [
                14.424036196,
                61.072684052
              ],
              [
                14.424037827,
                61.072594279
              ],
              [
                14.424223132,
                61.072595068
              ],
              [
                14.424226391,
                61.072415521
              ],
              [
                14.424411695,
                61.072416311
              ],
              [
                14.424418213,
                61.072057216
              ],
              [
                14.42515942,
                61.072060372
              ],
              [
                14.425161047,
                61.071970598
              ],
              [
                14.425716952,
                61.071972962
              ],
              [
                14.425715326,
                61.072062736
              ],
              [
                14.426827138,
                61.072067457
              ],
              [
                14.426825515,
                61.07215723
              ],
              [
                14.427010818,
                61.072158016
              ],
              [
                14.42701244,
                61.072068242
              ],
              [
                14.428124252,
                61.072072953
              ],
              [
                14.428125871,
                61.071983179
              ],
              [
                14.428311172,
                61.071983963
              ],
              [
                14.428312791,
                61.071894189
              ],
              [
                14.429424597,
                61.071898889
              ],
              [
                14.429426212,
                61.071809115
              ],
              [
                14.429611513,
                61.071809898
              ],
              [
                14.429609898,
                61.071899671
              ],
              [
                14.430536404,
                61.071903579
              ],
              [
                14.430534792,
                61.071993353
              ],
              [
                14.430905395,
                61.071994914
              ],
              [
                14.430903784,
                61.072084688
              ],
              [
                14.431644993,
                61.072087808
              ],
              [
                14.431648211,
                61.07190826
              ],
              [
                14.431833512,
                61.07190904
              ],
              [
                14.431839945,
                61.071549945
              ],
              [
                14.432581142,
                61.07155306
              ],
              [
                14.432579536,
                61.071642833
              ],
              [
                14.433320735,
                61.071645944
              ],
              [
                14.433319131,
                61.071735718
              ],
              [
                14.433875032,
                61.071738048
              ],
              [
                14.433873429,
                61.071827822
              ],
              [
                14.43405873,
                61.071828598
              ],
              [
                14.434057128,
                61.071918372
              ],
              [
                14.434242429,
                61.071919148
              ],
              [
                14.434240828,
                61.072008921
              ],
              [
                14.43442613,
                61.072009697
              ],
              [
                14.434424529,
                61.072099471
              ],
              [
                14.434609831,
                61.072100246
              ],
              [
                14.43460663,
                61.072279794
              ],
              [
                14.434791934,
                61.072280569
              ],
              [
                14.434788734,
                61.072460116
              ],
              [
                14.435159343,
                61.072461666
              ],
              [
                14.435157744,
                61.07255144
              ],
              [
                14.435343049,
                61.072552214
              ],
              [
                14.435339852,
                61.072731762
              ],
              [
                14.435525158,
                61.072732536
              ],
              [
                14.43552356,
                61.07282231
              ],
              [
                14.435894174,
                61.072823858
              ],
              [
                14.435892577,
                61.072913631
              ],
              [
                14.436263191,
                61.072915178
              ],
              [
                14.436261596,
                61.073004952
              ],
              [
                14.436446903,
                61.073005725
              ],
              [
                14.436445308,
                61.073095499
              ],
              [
                14.436630616,
                61.073096271
              ],
              [
                14.436629022,
                61.073186045
              ],
              [
                14.436814331,
                61.073186818
              ],
              [
                14.436812736,
                61.073276591
              ],
              [
                14.436998046,
                61.073277364
              ],
              [
                14.436996452,
                61.073367137
              ],
              [
                14.437181762,
                61.073367909
              ],
              [
                14.437180169,
                61.073457683
              ],
              [
                14.437365479,
                61.073458455
              ],
              [
                14.437362293,
                61.073638002
              ],
              [
                14.437176982,
                61.073637231
              ],
              [
                14.437173795,
                61.073816778
              ],
              [
                14.437359108,
                61.07381755
              ],
              [
                14.437357515,
                61.073907324
              ],
              [
                14.437728141,
                61.073908866
              ],
              [
                14.43772655,
                61.07399864
              ],
              [
                14.437911863,
                61.073999411
              ],
              [
                14.437910272,
                61.074089185
              ],
              [
                14.438095586,
                61.074089955
              ],
              [
                14.438093995,
                61.074179729
              ],
              [
                14.43864994,
                61.07418204
              ],
              [
                14.438651529,
                61.074092266
              ],
              [
                14.438836843,
                61.074093036
              ],
              [
                14.438841609,
                61.073823715
              ],
              [
                14.439397547,
                61.073826022
              ],
              [
                14.439399134,
                61.073736248
              ],
              [
                14.439584446,
                61.073737017
              ],
              [
                14.439586032,
                61.073647243
              ],
              [
                14.440697902,
                61.07365185
              ],
              [
                14.440699486,
                61.073562076
              ],
              [
                14.441255419,
                61.073564376
              ],
              [
                14.441257001,
                61.073474602
              ],
              [
                14.441442312,
                61.073475369
              ],
              [
                14.441443893,
                61.073385595
              ],
              [
                14.441999823,
                61.073387892
              ],
              [
                14.442001403,
                61.073298118
              ],
              [
                14.442372022,
                61.073299648
              ],
              [
                14.442373601,
                61.073209874
              ],
              [
                14.459978018,
                61.073281377
              ],
              [
                14.459987191,
                61.072742732
              ],
              [
                14.461469647,
                61.072748649
              ],
              [
                14.461471171,
                61.072658875
              ],
              [
                14.462397704,
                61.072662564
              ],
              [
                14.462408357,
                61.072034145
              ],
              [
                14.462223054,
                61.072033408
              ],
              [
                14.462226098,
                61.07185386
              ],
              [
                14.462040796,
                61.071853122
              ],
              [
                14.462049933,
                61.071314477
              ],
              [
                14.462235232,
                61.071315215
              ],
              [
                14.462242843,
                61.070866344
              ],
              [
                14.462428139,
                61.070867081
              ],
              [
                14.46242966,
                61.070777307
              ],
              [
                14.462614956,
                61.070778044
              ],
              [
                14.462617998,
                61.070598496
              ],
              [
                14.462803293,
                61.070599233
              ],
              [
                14.462804813,
                61.070509458
              ],
              [
                14.462990107,
                61.070510195
              ],
              [
                14.462991627,
                61.070420421
              ],
              [
                14.463918095,
                61.0704241
              ],
              [
                14.463916578,
                61.070513874
              ],
              [
                14.46447246,
                61.070516078
              ],
              [
                14.464469428,
                61.070695627
              ],
              [
                14.464654723,
                61.070696361
              ],
              [
                14.464653208,
                61.070786135
              ],
              [
                14.464838504,
                61.070786869
              ],
              [
                14.464835474,
                61.070966418
              ],
              [
                14.467614927,
                61.070977398
              ],
              [
                14.46761342,
                61.071067172
              ],
              [
                14.467798717,
                61.071067902
              ],
              [
                14.467797211,
                61.071157676
              ],
              [
                14.467982509,
                61.071158406
              ],
              [
                14.467981003,
                61.07124818
              ],
              [
                14.468166301,
                61.07124891
              ],
              [
                14.468164796,
                61.071338684
              ],
              [
                14.468535394,
                61.071340142
              ],
              [
                14.468536898,
                61.071250368
              ],
              [
                14.468722197,
                61.071251097
              ],
              [
                14.468723701,
                61.071161322
              ],
              [
                14.468908999,
                61.071162051
              ],
              [
                14.468910502,
                61.071072277
              ],
              [
                14.470022287,
                61.071076642
              ],
              [
                14.470020787,
                61.071166416
              ],
              [
                14.470206085,
                61.071167143
              ],
              [
                14.470207585,
                61.071077369
              ],
              [
                14.470392882,
                61.071078095
              ],
              [
                14.470394381,
                61.070988321
              ],
              [
                14.470579678,
                61.070989047
              ],
              [
                14.470581177,
                61.070899273
              ],
              [
                14.470766473,
                61.070899999
              ],
              [
                14.470769469,
                61.07072045
              ],
              [
                14.470954765,
                61.070721176
              ],
              [
                14.470956262,
                61.070631401
              ],
              [
                14.471141557,
                61.070632127
              ],
              [
                14.471144551,
                61.070452578
              ],
              [
                14.470959257,
                61.070451853
              ],
              [
                14.47096375,
                61.07018253
              ],
              [
                14.470778457,
                61.070181804
              ],
              [
                14.470779955,
                61.07009203
              ],
              [
                14.470409372,
                61.070090578
              ],
              [
                14.470410871,
                61.070000804
              ],
              [
                14.468928541,
                61.069994985
              ],
              [
                14.468930044,
                61.069905211
              ],
              [
                14.468559463,
                61.069903754
              ],
              [
                14.468560967,
                61.06981398
              ],
              [
                14.468005096,
                61.069811792
              ],
              [
                14.468003591,
                61.069901567
              ],
              [
                14.466521266,
                61.069895722
              ],
              [
                14.466519756,
                61.069985496
              ],
              [
                14.466334465,
                61.069984764
              ],
              [
                14.466335975,
                61.06989499
              ],
              [
                14.465965394,
                61.069893526
              ],
              [
                14.465968417,
                61.069713978
              ],
              [
                14.465783128,
                61.069713245
              ],
              [
                14.46578464,
                61.069623471
              ],
              [
                14.465599351,
                61.069622738
              ],
              [
                14.465600864,
                61.069532964
              ],
              [
                14.465415575,
                61.069532231
              ],
              [
                14.465420114,
                61.069262908
              ],
              [
                14.465234828,
                61.069262175
              ],
              [
                14.465236341,
                61.069172401
              ],
              [
                14.464865769,
                61.069170934
              ],
              [
                14.464867283,
                61.069081159
              ],
              [
                14.464681997,
                61.069080425
              ],
              [
                14.464683513,
                61.068990651
              ],
              [
                14.464127657,
                61.068988448
              ],
              [
                14.464129174,
                61.068898673
              ],
              [
                14.463943889,
                61.068897938
              ],
              [
                14.463945406,
                61.068808164
              ],
              [
                14.463760122,
                61.068807429
              ],
              [
                14.463763158,
                61.068627881
              ],
              [
                14.463392591,
                61.068626409
              ],
              [
                14.46339411,
                61.068536635
              ],
              [
                14.463208828,
                61.068535899
              ],
              [
                14.463210347,
                61.068446125
              ],
              [
                14.463025065,
                61.068445389
              ],
              [
                14.463028105,
                61.06826584
              ],
              [
                14.462842824,
                61.068265104
              ],
              [
                14.462845864,
                61.068085555
              ],
              [
                14.463031144,
                61.068086292
              ],
              [
                14.463035703,
                61.067816969
              ],
              [
                14.463220982,
                61.067817705
              ],
              [
                14.463222501,
                61.067727931
              ],
              [
                14.464890001,
                61.067734546
              ],
              [
                14.464891516,
                61.067644772
              ],
              [
                14.465076793,
                61.067645505
              ],
              [
                14.465075279,
                61.067735279
              ],
              [
                14.465260557,
                61.067736013
              ],
              [
                14.465259044,
                61.067825787
              ],
              [
                14.465814879,
                61.067827986
              ],
              [
                14.465816391,
                61.067738212
              ],
              [
                14.466186947,
                61.067739676
              ],
              [
                14.466188458,
                61.067649902
              ],
              [
                14.466559012,
                61.067651366
              ],
              [
                14.466560522,
                61.067561591
              ],
              [
                14.467116353,
                61.067563785
              ],
              [
                14.467128418,
                61.066845591
              ],
              [
                14.466943145,
                61.06684486
              ],
              [
                14.466944654,
                61.066755085
              ],
              [
                14.466759381,
                61.066754354
              ],
              [
                14.466760891,
                61.06666458
              ],
              [
                14.466205076,
                61.066662385
              ],
              [
                14.466206586,
                61.066572611
              ],
              [
                14.466021315,
                61.066571879
              ],
              [
                14.466022826,
                61.066482104
              ],
              [
                14.465837556,
                61.066481372
              ],
              [
                14.465839067,
                61.066391598
              ],
              [
                14.465468527,
                61.066390132
              ],
              [
                14.46547004,
                61.066300358
              ],
              [
                14.465284771,
                61.066299625
              ],
              [
                14.46528931,
                61.066030302
              ],
              [
                14.465104042,
                61.066029569
              ],
              [
                14.465108584,
                61.065760246
              ],
              [
                14.464923317,
                61.065759512
              ],
              [
                14.464926346,
                61.065579964
              ],
              [
                14.464555815,
                61.065578496
              ],
              [
                14.46455733,
                61.065488721
              ],
              [
                14.462519419,
                61.065480629
              ],
              [
                14.46252094,
                61.065390855
              ],
              [
                14.462335676,
                61.065390118
              ],
              [
                14.462341762,
                61.065031021
              ],
              [
                14.4621565,
                61.065030283
              ],
              [
                14.462159544,
                61.064850735
              ],
              [
                14.461233239,
                61.064847044
              ],
              [
                14.461234764,
                61.06475727
              ],
              [
                14.461049503,
                61.064756531
              ],
              [
                14.461051029,
                61.064666757
              ],
              [
                14.460865769,
                61.064666017
              ],
              [
                14.46086882,
                61.064486469
              ],
              [
                14.460498302,
                61.06448499
              ],
              [
                14.460501356,
                61.064305441
              ],
              [
                14.46013084,
                61.064303961
              ],
              [
                14.460132368,
                61.064214187
              ],
              [
                14.459761854,
                61.064212706
              ],
              [
                14.459760325,
                61.06430248
              ],
              [
                14.459019294,
                61.064299515
              ],
              [
                14.459020825,
                61.064209741
              ],
              [
                14.458465054,
                61.064207514
              ],
              [
                14.458466586,
                61.06411774
              ],
              [
                14.45828133,
                61.064116997
              ],
              [
                14.458284396,
                61.063937449
              ],
              [
                14.458469651,
                61.063938191
              ],
              [
                14.458471184,
                61.063848417
              ],
              [
                14.458656439,
                61.06384916
              ],
              [
                14.458659502,
                61.063669611
              ],
              [
                14.458844756,
                61.063670353
              ],
              [
                14.458846288,
                61.063580579
              ],
              [
                14.459031541,
                61.063581321
              ],
              [
                14.459034603,
                61.063401773
              ],
              [
                14.459219855,
                61.063402514
              ],
              [
                14.459232097,
                61.062684321
              ],
              [
                14.459046848,
                61.062683579
              ],
              [
                14.45905144,
                61.062414256
              ],
              [
                14.458866194,
                61.062413514
              ],
              [
                14.458867725,
                61.06232374
              ],
              [
                14.458311987,
                61.062321513
              ],
              [
                14.458315052,
                61.062141964
              ],
              [
                14.458129807,
                61.062141221
              ],
              [
                14.458132874,
                61.061961673
              ],
              [
                14.45794763,
                61.06196093
              ],
              [
                14.457949163,
                61.061871156
              ],
              [
                14.457578677,
                61.061869669
              ],
              [
                14.457581746,
                61.06169012
              ],
              [
                14.457396504,
                61.061689376
              ],
              [
                14.457398039,
                61.061599602
              ],
              [
                14.45647183,
                61.061595879
              ],
              [
                14.456474906,
                61.06141633
              ],
              [
                14.456660147,
                61.061417075
              ],
              [
                14.456663221,
                61.061237527
              ],
              [
                14.456477982,
                61.061236782
              ],
              [
                14.456481057,
                61.061057233
              ],
              [
                14.456295819,
                61.061056488
              ],
              [
                14.456297357,
                61.060966714
              ],
              [
                14.455926881,
                61.060965222
              ],
              [
                14.45592842,
                61.060875448
              ],
              [
                14.455372708,
                61.060873209
              ],
              [
                14.455374249,
                61.060783434
              ],
              [
                14.455189012,
                61.060782687
              ],
              [
                14.455199802,
                61.060154268
              ],
              [
                14.454829335,
                61.060152773
              ],
              [
                14.454830878,
                61.060062999
              ],
              [
                14.454460412,
                61.060061504
              ],
              [
                14.454461955,
                61.059971729
              ],
              [
                14.454276723,
                61.059970981
              ],
              [
                14.454278267,
                61.059881207
              ],
              [
                14.454093036,
                61.059880459
              ],
              [
                14.45409458,
                61.059790684
              ],
              [
                14.453909349,
                61.059789936
              ],
              [
                14.453910894,
                61.059700162
              ],
              [
                14.454096125,
                61.05970091
              ],
              [
                14.454105391,
                61.059162265
              ],
              [
                14.454290619,
                61.059163013
              ],
              [
                14.454295251,
                61.058893691
              ],
              [
                14.454480477,
                61.058894439
              ],
              [
                14.454488193,
                61.058445568
              ],
              [
                14.454673417,
                61.058446316
              ],
              [
                14.454674959,
                61.058356542
              ],
              [
                14.454860182,
                61.058357289
              ],
              [
                14.454861724,
                61.058267515
              ],
              [
                14.455046947,
                61.058268262
              ],
              [
                14.455048489,
                61.058178488
              ],
              [
                14.455418932,
                61.058179982
              ],
              [
                14.455420473,
                61.058090208
              ],
              [
                14.455605694,
                61.058090955
              ],
              [
                14.455613395,
                61.057642083
              ],
              [
                14.455428176,
                61.057641337
              ],
              [
                14.455429717,
                61.057551563
              ],
              [
                14.45505928,
                61.057550069
              ],
              [
                14.455060822,
                61.057460294
              ],
              [
                14.454690387,
                61.057458799
              ],
              [
                14.454691929,
                61.057369025
              ],
              [
                14.454321495,
                61.057367529
              ],
              [
                14.454324583,
                61.057187981
              ],
              [
                14.453954151,
                61.057186484
              ],
              [
                14.453952606,
                61.057276258
              ],
              [
                14.45376739,
                61.057275509
              ],
              [
                14.453765844,
                61.057365283
              ],
              [
                14.453580627,
                61.057364534
              ],
              [
                14.453579081,
                61.057454308
              ],
              [
                14.453393864,
                61.057453559
              ],
              [
                14.453390771,
                61.057633107
              ],
              [
                14.453205553,
                61.057632358
              ],
              [
                14.453204006,
                61.057722132
              ],
              [
                14.453018787,
                61.057721382
              ],
              [
                14.453017239,
                61.057811156
              ],
              [
                14.45283202,
                61.057810406
              ],
              [
                14.452828924,
                61.057989955
              ],
              [
                14.452643703,
                61.057989204
              ],
              [
                14.452637509,
                61.058348301
              ],
              [
                14.452452286,
                61.05834755
              ],
              [
                14.452449188,
                61.058527099
              ],
              [
                14.452078741,
                61.058525596
              ],
              [
                14.452077191,
                61.058615371
              ],
              [
                14.451706742,
                61.058613867
              ],
              [
                14.451705191,
                61.058703642
              ],
              [
                14.450223393,
                61.058697619
              ],
              [
                14.450221838,
                61.058787393
              ],
              [
                14.449851388,
                61.058785885
              ],
              [
                14.449852944,
                61.058696111
              ],
              [
                14.44929727,
                61.058693846
              ],
              [
                14.449295712,
                61.05878362
              ],
              [
                14.449110487,
                61.058782865
              ],
              [
                14.449105811,
                61.059052188
              ],
              [
                14.448920585,
                61.059051432
              ],
              [
                14.448919025,
                61.059141206
              ],
              [
                14.448733798,
                61.05914045
              ],
              [
                14.448732239,
                61.059230225
              ],
              [
                14.447991328,
                61.059227199
              ],
              [
                14.447988204,
                61.059406747
              ],
              [
                14.446876832,
                61.059402201
              ],
              [
                14.446875267,
                61.059491975
              ],
              [
                14.446504809,
                61.059490458
              ],
              [
                14.446503243,
                61.059580232
              ],
              [
                14.445762324,
                61.059577194
              ],
              [
                14.445760756,
                61.059666968
              ],
              [
                14.445390296,
                61.059665447
              ],
              [
                14.445388726,
                61.059755221
              ],
              [
                14.445203496,
                61.059754461
              ],
              [
                14.445201926,
                61.059844235
              ],
              [
                14.444646233,
                61.059841951
              ],
              [
                14.444644661,
                61.059931725
              ],
              [
                14.44445943,
                61.059930964
              ],
              [
                14.444457858,
                61.060020738
              ],
              [
                14.443902161,
                61.060018451
              ],
              [
                14.443900588,
                61.060108225
              ],
              [
                14.443715355,
                61.060107463
              ],
              [
                14.443716929,
                61.060017689
              ],
              [
                14.443531697,
                61.060016926
              ],
              [
                14.443542718,
                61.059388507
              ],
              [
                14.443357489,
                61.059387744
              ],
              [
                14.443362214,
                61.059118422
              ],
              [
                14.443547441,
                61.059119185
              ],
              [
                14.443549015,
                61.059029411
              ],
              [
                14.443919468,
                61.059030937
              ],
              [
                14.443922614,
                61.058851389
              ],
              [
                14.443737389,
                61.058850626
              ],
              [
                14.44374211,
                61.058581304
              ],
              [
                14.443556886,
                61.058580541
              ],
              [
                14.44355846,
                61.058490767
              ],
              [
                14.442261898,
                61.05848542
              ],
              [
                14.442263476,
                61.058395646
              ],
              [
                14.442078253,
                61.058394881
              ],
              [
                14.442076675,
                61.058484655
              ],
              [
                14.440965336,
                61.05848006
              ],
              [
                14.440968499,
                61.058300512
              ],
              [
                14.440412833,
                61.058298211
              ],
              [
                14.440414416,
                61.058208437
              ],
              [
                14.440229195,
                61.05820767
              ],
              [
                14.440227611,
                61.058297444
              ],
              [
                14.439857167,
                61.058295908
              ],
              [
                14.439855582,
                61.058385682
              ],
              [
                14.43967036,
                61.058384914
              ],
              [
                14.439668775,
                61.058474688
              ],
              [
                14.439113105,
                61.058472382
              ],
              [
                14.439114692,
                61.058382608
              ],
              [
                14.43892947,
                61.058381839
              ],
              [
                14.438931057,
                61.058292065
              ],
              [
                14.438745835,
                61.058291295
              ],
              [
                14.438753774,
                61.057842425
              ],
              [
                14.438568555,
                61.057841656
              ],
              [
                14.438570143,
                61.057751882
              ],
              [
                14.438755362,
                61.057752651
              ],
              [
                14.43875695,
                61.057662877
              ],
              [
                14.439312605,
                61.057665185
              ],
              [
                14.439314191,
                61.057575411
              ],
              [
                14.439499409,
                61.05757618
              ],
              [
                14.439500994,
                61.057486406
              ],
              [
                14.439686212,
                61.057487174
              ],
              [
                14.439687797,
                61.0573974
              ],
              [
                14.439873013,
                61.057398168
              ],
              [
                14.439874598,
                61.057308394
              ],
              [
                14.440059814,
                61.057309162
              ],
              [
                14.440061398,
                61.057219388
              ],
              [
                14.440617046,
                61.05722169
              ],
              [
                14.440615463,
                61.057311464
              ],
              [
                14.440800679,
                61.057312231
              ],
              [
                14.440802261,
                61.057222457
              ],
              [
                14.440987477,
                61.057223224
              ],
              [
                14.44099064,
                61.057043676
              ],
              [
                14.441546284,
                61.057045974
              ],
              [
                14.441547864,
                61.0569562
              ],
              [
                14.441918292,
                61.056957731
              ],
              [
                14.441919871,
                61.056867957
              ],
              [
                14.442105085,
                61.056868722
              ],
              [
                14.44210982,
                61.0565994
              ],
              [
                14.442480244,
                61.05660093
              ],
              [
                14.442484975,
                61.056331607
              ],
              [
                14.442670186,
                61.056332372
              ],
              [
                14.442671763,
                61.056242598
              ],
              [
                14.442856973,
                61.056243362
              ],
              [
                14.442860125,
                61.056063814
              ],
              [
                14.443045334,
                61.056064577
              ],
              [
                14.443046909,
                61.055974803
              ],
              [
                14.443232118,
                61.055975567
              ],
              [
                14.443230543,
                61.056065341
              ],
              [
                14.443415752,
                61.056066104
              ],
              [
                14.443414178,
                61.056155878
              ],
              [
                14.443784597,
                61.056157404
              ],
              [
                14.44378617,
                61.05606763
              ],
              [
                14.443971379,
                61.056068393
              ],
              [
                14.443972952,
                61.055978619
              ],
              [
                14.444158161,
                61.055979381
              ],
              [
                14.444159733,
                61.055889607
              ],
              [
                14.444344941,
                61.055890369
              ],
              [
                14.444346513,
                61.055800595
              ],
              [
                14.444531721,
                61.055801356
              ],
              [
                14.444533292,
                61.055711582
              ],
              [
                14.444718499,
                61.055712344
              ],
              [
                14.44472007,
                61.05562257
              ],
              [
                14.446201723,
                61.055628653
              ],
              [
                14.446204856,
                61.055449105
              ],
              [
                14.445834445,
                61.055447585
              ],
              [
                14.44584385,
                61.054908941
              ],
              [
                14.445658648,
                61.054908181
              ],
              [
                14.445661784,
                61.054728632
              ],
              [
                14.445476582,
                61.054727872
              ],
              [
                14.44547972,
                61.054548324
              ],
              [
                14.445294519,
                61.054547563
              ],
              [
                14.445296088,
                61.054457789
              ],
              [
                14.446407287,
                61.054462348
              ],
              [
                14.446411985,
                61.054193026
              ],
              [
                14.446597183,
                61.054193785
              ],
              [
                14.446598748,
                61.054104011
              ],
              [
                14.446783946,
                61.054104769
              ],
              [
                14.446785511,
                61.054014995
              ],
              [
                14.446970708,
                61.054015753
              ],
              [
                14.446972273,
                61.053925979
              ],
              [
                14.447157469,
                61.053926737
              ],
              [
                14.44717467,
                61.052939222
              ],
              [
                14.447359861,
                61.052939979
              ],
              [
                14.447366114,
                61.052580883
              ],
              [
                14.447180925,
                61.052580125
              ],
              [
                14.447184052,
                61.052400577
              ],
              [
                14.446998864,
                61.052399818
              ],
              [
                14.447001992,
                61.05222027
              ],
              [
                14.446816805,
                61.052219512
              ],
              [
                14.446819935,
                61.052039963
              ],
              [
                14.446634749,
                61.052039205
              ],
              [
                14.446636314,
                61.051949431
              ],
              [
                14.446821499,
                61.051950189
              ],
              [
                14.446823064,
                61.051860415
              ],
              [
                14.449045281,
                61.051869498
              ],
              [
                14.449043722,
                61.051959273
              ],
              [
                14.449228908,
                61.051960028
              ],
              [
                14.44922735,
                61.052049802
              ],
              [
                14.449968093,
                61.052052821
              ],
              [
                14.449966537,
                61.052142595
              ],
              [
                14.450522097,
                61.052144856
              ],
              [
                14.450523651,
                61.052055082
              ],
              [
                14.450708837,
                61.052055836
              ],
              [
                14.45071039,
                61.051966061
              ],
              [
                14.450895576,
                61.051966814
              ],
              [
                14.450897129,
                61.05187704
              ],
              [
                14.451082314,
                61.051877793
              ],
              [
                14.451083866,
                61.051788019
              ],
              [
                14.451269051,
                61.051788771
              ],
              [
                14.451270603,
                61.051698997
              ],
              [
                14.451455786,
                61.051699749
              ],
              [
                14.451457338,
                61.051609975
              ],
              [
                14.451827705,
                61.051611479
              ],
              [
                14.451829255,
                61.051521704
              ],
              [
                14.452014438,
                61.051522456
              ],
              [
                14.452015988,
                61.051432681
              ],
              [
                14.45220117,
                61.051433433
              ],
              [
                14.452202719,
                61.051343658
              ],
              [
                14.452573083,
                61.05134516
              ],
              [
                14.452574631,
                61.051255386
              ],
              [
                14.452759813,
                61.051256136
              ],
              [
                14.45276136,
                61.051166362
              ],
              [
                14.45257618,
                61.051165612
              ],
              [
                14.452577728,
                61.051075837
              ],
              [
                14.452392548,
                61.051075087
              ],
              [
                14.452397194,
                61.050805764
              ],
              [
                14.452212015,
                61.050805013
              ],
              [
                14.452213564,
                61.050715238
              ],
              [
                14.452028386,
                61.050714487
              ],
              [
                14.452029936,
                61.050624713
              ],
              [
                14.451844759,
                61.050623962
              ],
              [
                14.451847859,
                61.050444413
              ],
              [
                14.451107153,
                61.050441405
              ],
              [
                14.451113362,
                61.050082308
              ],
              [
                14.452594758,
                61.05008832
              ],
              [
                14.452596306,
                61.049998546
              ],
              [
                14.45278148,
                61.049999296
              ],
              [
                14.452783028,
                61.049909522
              ],
              [
                14.45500511,
                61.049918507
              ],
              [
                14.455008193,
                61.049738958
              ],
              [
                14.456119228,
                61.049743437
              ],
              [
                14.456120766,
                61.049653663
              ],
              [
                14.457046627,
                61.049657388
              ],
              [
                14.457048162,
                61.049567614
              ],
              [
                14.45797402,
                61.049571333
              ],
              [
                14.457975553,
                61.049481559
              ],
              [
                14.458160724,
                61.049482302
              ],
              [
                14.458162257,
                61.049392527
              ],
              [
                14.458717769,
                61.049394755
              ],
              [
                14.458719299,
                61.049304981
              ],
              [
                14.45927481,
                61.049307206
              ],
              [
                14.459273281,
                61.04939698
              ],
              [
                14.459828793,
                61.049399203
              ],
              [
                14.45983032,
                61.049309429
              ],
              [
                14.46001549,
                61.049310169
              ],
              [
                14.460020072,
                61.049040846
              ],
              [
                14.460390409,
                61.049042326
              ],
              [
                14.460391935,
                61.048952552
              ],
              [
                14.460762271,
                61.048954031
              ],
              [
                14.460763796,
                61.048864257
              ],
              [
                14.461319299,
                61.048866474
              ],
              [
                14.461320823,
                61.048776699
              ],
              [
                14.46150599,
                61.048777438
              ],
              [
                14.461509035,
                61.048597889
              ],
              [
                14.461694201,
                61.048598627
              ],
              [
                14.461695724,
                61.048508852
              ],
              [
                14.46225122,
                61.048511065
              ],
              [
                14.462248179,
                61.048690614
              ],
              [
                14.462433346,
                61.048691352
              ],
              [
                14.462431825,
                61.048781126
              ],
              [
                14.462987327,
                61.048783336
              ],
              [
                14.462985808,
                61.048873111
              ],
              [
                14.463170976,
                61.048873847
              ],
              [
                14.463172494,
                61.048784072
              ],
              [
                14.463357661,
                61.048784808
              ],
              [
                14.463359179,
                61.048695034
              ],
              [
                14.463544346,
                61.048695769
              ],
              [
                14.463545863,
                61.048605995
              ],
              [
                14.463731029,
                61.04860673
              ],
              [
                14.463732546,
                61.048516956
              ],
              [
                14.464473208,
                61.048519895
              ],
              [
                14.464474723,
                61.04843012
              ],
              [
                14.465585714,
                61.048434521
              ],
              [
                14.465584203,
                61.048524296
              ],
              [
                14.465954534,
                61.048525761
              ],
              [
                14.465953024,
                61.048615535
              ],
              [
                14.46613819,
                61.048616267
              ],
              [
                14.466136681,
                61.048706042
              ],
              [
                14.466321848,
                61.048706774
              ],
              [
                14.466318829,
                61.048886323
              ],
              [
                14.467244669,
                61.048889978
              ],
              [
                14.467246175,
                61.048800204
              ],
              [
                14.467986845,
                61.048803123
              ],
              [
                14.46798835,
                61.048713349
              ],
              [
                14.468173517,
                61.048714078
              ],
              [
                14.468181037,
                61.048265205
              ],
              [
                14.467995872,
                61.048264476
              ],
              [
                14.467997377,
                61.048174702
              ],
              [
                14.467812213,
                61.048173972
              ],
              [
                14.467813718,
                61.048084198
              ],
              [
                14.467628555,
                61.048083468
              ],
              [
                14.467633071,
                61.047814144
              ],
              [
                14.468003394,
                61.047815603
              ],
              [
                14.468004899,
                61.047725829
              ],
              [
                14.469301027,
                61.047730929
              ],
              [
                14.46930553,
                61.047461605
              ],
              [
                14.469490689,
                61.047462332
              ],
              [
                14.469504191,
                61.046654361
              ],
              [
                14.469319036,
                61.046653634
              ],
              [
                14.469323538,
                61.04638431
              ],
              [
                14.468582924,
                61.046381397
              ],
              [
                14.468584427,
                61.046291623
              ],
              [
                14.468399274,
                61.046290894
              ],
              [
                14.468400777,
                61.046201119
              ],
              [
                14.468215625,
                61.04620039
              ],
              [
                14.468217128,
                61.046110616
              ],
              [
                14.467661673,
                61.046108427
              ],
              [
                14.467663178,
                61.046018653
              ],
              [
                14.467107725,
                61.046016462
              ],
              [
                14.467109232,
                61.045926688
              ],
              [
                14.466924081,
                61.045925957
              ],
              [
                14.466925588,
                61.045836182
              ],
              [
                14.466555288,
                61.04583472
              ],
              [
                14.466559813,
                61.045565396
              ],
              [
                14.466744962,
                61.045566128
              ],
              [
                14.46674647,
                61.045476353
              ],
              [
                14.466931618,
                61.045477084
              ],
              [
                14.466933125,
                61.045387309
              ],
              [
                14.467118273,
                61.04538804
              ],
              [
                14.467119779,
                61.045298266
              ],
              [
                14.467490073,
                61.045299726
              ],
              [
                14.467491579,
                61.045209952
              ],
              [
                14.468047019,
                61.045212141
              ],
              [
                14.468050027,
                61.045032592
              ],
              [
                14.468235172,
                61.045033321
              ],
              [
                14.468238179,
                61.044853772
              ],
              [
                14.468793613,
                61.044855958
              ],
              [
                14.468796617,
                61.044676408
              ],
              [
                14.469352047,
                61.044678592
              ],
              [
                14.469353548,
                61.044588818
              ],
              [
                14.469168405,
                61.04458809
              ],
              [
                14.469181913,
                61.043780118
              ],
              [
                14.468996774,
                61.04377939
              ],
              [
                14.468998276,
                61.043689616
              ],
              [
                14.468628,
                61.043688159
              ],
              [
                14.468638517,
                61.043059737
              ],
              [
                14.468823651,
                61.043060465
              ],
              [
                14.468825153,
                61.042970691
              ],
              [
                14.46919542,
                61.042972147
              ],
              [
                14.469196921,
                61.042882372
              ],
              [
                14.469382054,
                61.0428831
              ],
              [
                14.469383554,
                61.042793325
              ],
              [
                14.469568686,
                61.042794052
              ],
              [
                14.469570186,
                61.042704278
              ],
              [
                14.469755318,
                61.042705005
              ],
              [
                14.469756817,
                61.04261523
              ],
              [
                14.469941948,
                61.042615957
              ],
              [
                14.469947943,
                61.042256858
              ],
              [
                14.470133072,
                61.042257585
              ],
              [
                14.47013457,
                61.04216781
              ],
              [
                14.470504828,
                61.042169263
              ],
              [
                14.470506325,
                61.042079488
              ],
              [
                14.471246838,
                61.04208239
              ],
              [
                14.471248333,
                61.041992615
              ],
              [
                14.471618589,
                61.041994064
              ],
              [
                14.471617095,
                61.042083839
              ],
              [
                14.471802224,
                61.042084563
              ],
              [
                14.471803717,
                61.041994789
              ],
              [
                14.472359101,
                61.04199696
              ],
              [
                14.472357609,
                61.042086735
              ],
              [
                14.473098123,
                61.042089626
              ],
              [
                14.473099612,
                61.041999852
              ],
              [
                14.473469868,
                61.042001296
              ],
              [
                14.473471357,
                61.041911521
              ],
              [
                14.474211867,
                61.041914407
              ],
              [
                14.474213353,
                61.041824632
              ],
              [
                14.475694369,
                61.041830391
              ],
              [
                14.475700299,
                61.041471292
              ],
              [
                14.475515174,
                61.041470573
              ],
              [
                14.475525553,
                61.040842149
              ],
              [
                14.475710674,
                61.040842868
              ],
              [
                14.475716603,
                61.040483769
              ],
              [
                14.475531484,
                61.04048305
              ],
              [
                14.475532966,
                61.040393276
              ],
              [
                14.475347848,
                61.040392556
              ],
              [
                14.475350814,
                61.040213007
              ],
              [
                14.475165697,
                61.040212288
              ],
              [
                14.475170148,
                61.039942963
              ],
              [
                14.475355264,
                61.039943683
              ],
              [
                14.475365645,
                61.039315259
              ],
              [
                14.475180533,
                61.03931454
              ],
              [
                14.475187951,
                61.038865666
              ],
              [
                14.475002841,
                61.038864946
              ],
              [
                14.475004325,
                61.038775172
              ],
              [
                14.475189435,
                61.038775891
              ],
              [
                14.475190918,
                61.038686116
              ],
              [
                14.475376027,
                61.038686836
              ],
              [
                14.47537751,
                61.038597061
              ],
              [
                14.475562618,
                61.03859778
              ],
              [
                14.4755641,
                61.038508005
              ],
              [
                14.475749208,
                61.038508724
              ],
              [
                14.475752172,
                61.038329175
              ],
              [
                14.475937279,
                61.038329893
              ],
              [
                14.47593876,
                61.038240118
              ],
              [
                14.476123866,
                61.038240837
              ],
              [
                14.476125347,
                61.038151062
              ],
              [
                14.476310453,
                61.03815178
              ],
              [
                14.476311933,
                61.038062005
              ],
              [
                14.476497038,
                61.038062723
              ],
              [
                14.476498518,
                61.037972948
              ],
              [
                14.476683623,
                61.037973666
              ],
              [
                14.476685102,
                61.037883891
              ],
              [
                14.476870206,
                61.037884608
              ],
              [
                14.476871685,
                61.037794833
              ],
              [
                14.477056788,
                61.037795551
              ],
              [
                14.477058266,
                61.037705776
              ],
              [
                14.477243369,
                61.037706493
              ],
              [
                14.477244847,
                61.037616718
              ],
              [
                14.477615052,
                61.037618151
              ],
              [
                14.477616529,
                61.037528376
              ],
              [
                14.477801631,
                61.037529092
              ],
              [
                14.477803107,
                61.037439317
              ],
              [
                14.477988208,
                61.037440033
              ],
              [
                14.477989684,
                61.037350258
              ],
              [
                14.478174785,
                61.037350973
              ],
              [
                14.47817626,
                61.037261199
              ],
              [
                14.47836136,
                61.037261914
              ],
              [
                14.478362835,
                61.037172139
              ],
              [
                14.478547935,
                61.037172854
              ],
              [
                14.478549409,
                61.037083079
              ],
              [
                14.478734508,
                61.037083794
              ],
              [
                14.478735982,
                61.036994019
              ],
              [
                14.47910618,
                61.036995448
              ],
              [
                14.479107652,
                61.036905673
              ],
              [
                14.479662947,
                61.036907814
              ],
              [
                14.479664418,
                61.036818039
              ],
              [
                14.479849516,
                61.036818752
              ],
              [
                14.479850986,
                61.036728978
              ],
              [
                14.480221181,
                61.036730403
              ],
              [
                14.48022265,
                61.036640628
              ],
              [
                14.480592844,
                61.036642053
              ],
              [
                14.480594313,
                61.036552278
              ],
              [
                14.480779409,
                61.03655299
              ],
              [
                14.480780877,
                61.036463215
              ],
              [
                14.480965972,
                61.036463927
              ],
              [
                14.480970374,
                61.036194602
              ],
              [
                14.480785279,
                61.03619389
              ],
              [
                14.480789682,
                61.035924566
              ],
              [
                14.480974775,
                61.035925277
              ],
              [
                14.480976242,
                61.035835503
              ],
              [
                14.481346426,
                61.035836925
              ],
              [
                14.481349358,
                61.035657375
              ],
              [
                14.481719541,
                61.035658797
              ],
              [
                14.481723935,
                61.035389472
              ],
              [
                14.481909025,
                61.035390182
              ],
              [
                14.481910489,
                61.035300408
              ],
              [
                14.482095579,
                61.035301118
              ],
              [
                14.482098506,
                61.035121568
              ],
              [
                14.482468682,
                61.035122987
              ],
              [
                14.482465757,
                61.035302537
              ],
              [
                14.482650846,
                61.035303247
              ],
              [
                14.482647922,
                61.035482796
              ],
              [
                14.482833012,
                61.035483506
              ],
              [
                14.48283155,
                61.03557328
              ],
              [
                14.482646459,
                61.035572571
              ],
              [
                14.482644997,
                61.035662346
              ],
              [
                14.482459906,
                61.035661637
              ],
              [
                14.482458443,
                61.035751412
              ],
              [
                14.482273351,
                61.035750702
              ],
              [
                14.482270424,
                61.035930252
              ],
              [
                14.482455517,
                61.035930962
              ],
              [
                14.482452592,
                61.036110512
              ],
              [
                14.482637686,
                61.036111221
              ],
              [
                14.482634761,
                61.036290771
              ],
              [
                14.483004951,
                61.036292189
              ],
              [
                14.483003489,
                61.036381964
              ],
              [
                14.483928967,
                61.036385504
              ],
              [
                14.483927508,
                61.036475279
              ],
              [
                14.484297701,
                61.036476694
              ],
              [
                14.484300616,
                61.036297144
              ],
              [
                14.484485711,
                61.036297851
              ],
              [
                14.484484254,
                61.036387626
              ],
              [
                14.484669349,
                61.036388332
              ],
              [
                14.484667893,
                61.036478107
              ],
              [
                14.484852989,
                61.036478814
              ],
              [
                14.484851533,
                61.036568589
              ],
              [
                14.485036629,
                61.036569295
              ],
              [
                14.485035174,
                61.03665907
              ],
              [
                14.485405368,
                61.036660481
              ],
              [
                14.485402459,
                61.036840031
              ],
              [
                14.485587557,
                61.036840736
              ],
              [
                14.485586103,
                61.036930511
              ],
              [
                14.485771202,
                61.036931216
              ],
              [
                14.485768295,
                61.037110766
              ],
              [
                14.485953395,
                61.037111471
              ],
              [
                14.485951942,
                61.037201246
              ],
              [
                14.486507243,
                61.037203359
              ],
              [
                14.486505791,
                61.037293134
              ],
              [
                14.486690892,
                61.037293838
              ],
              [
                14.486689441,
                61.037383613
              ],
              [
                14.486874543,
                61.037384317
              ],
              [
                14.486873092,
                61.037474092
              ],
              [
                14.487058194,
                61.037474795
              ],
              [
                14.487056744,
                61.03756457
              ],
              [
                14.487241847,
                61.037565273
              ],
              [
                14.487240398,
                61.037655048
              ],
              [
                14.48798081,
                61.037657858
              ],
              [
                14.487979362,
                61.037747633
              ],
              [
                14.488164466,
                61.037748335
              ],
              [
                14.488163019,
                61.03783811
              ],
              [
                14.488348123,
                61.037838811
              ],
              [
                14.488346677,
                61.037928586
              ],
              [
                14.488531782,
                61.037929287
              ],
              [
                14.488530336,
                61.038019062
              ],
              [
                14.488715441,
                61.038019763
              ],
              [
                14.488713996,
                61.038109538
              ],
              [
                14.488899102,
                61.038110239
              ],
              [
                14.488897657,
                61.038200014
              ],
              [
                14.489267869,
                61.038201415
              ],
              [
                14.489266426,
                61.03829119
              ],
              [
                14.489451533,
                61.03829189
              ],
              [
                14.489450089,
                61.038381665
              ],
              [
                14.490005411,
                61.038383764
              ],
              [
                14.49000397,
                61.038473539
              ],
              [
                14.490559293,
                61.038475635
              ],
              [
                14.490557853,
                61.03856541
              ],
              [
                14.49092807,
                61.038566807
              ],
              [
                14.490926631,
                61.038656582
              ],
              [
                14.491296849,
                61.038657977
              ],
              [
                14.491295411,
                61.038747752
              ],
              [
                14.492220959,
                61.038751236
              ],
              [
                14.492219524,
                61.038841011
              ],
              [
                14.493145074,
                61.038844488
              ],
              [
                14.493143641,
                61.038934264
              ],
              [
                14.494069195,
                61.038937735
              ],
              [
                14.494072055,
                61.038758185
              ],
              [
                14.494257165,
                61.038758878
              ],
              [
                14.494258595,
                61.038669103
              ],
              [
                14.49518414,
                61.038672567
              ],
              [
                14.495185567,
                61.038582792
              ],
              [
                14.496111111,
                61.038586249
              ],
              [
                14.496106838,
                61.038855574
              ],
              [
                14.496291948,
                61.038856265
              ],
              [
                14.496290524,
                61.03894604
              ],
              [
                14.496845857,
                61.03894811
              ],
              [
                14.496847279,
                61.038858335
              ],
              [
                14.4972175,
                61.038859714
              ],
              [
                14.497218921,
                61.038769939
              ],
              [
                14.497589141,
                61.038771317
              ],
              [
                14.497576358,
                61.039579293
              ],
              [
                14.497946587,
                61.03958067
              ],
              [
                14.497945168,
                61.039670445
              ],
              [
                14.498315398,
                61.039671822
              ],
              [
                14.498316816,
                61.039582046
              ],
              [
                14.498501931,
                61.039582734
              ],
              [
                14.498503349,
                61.039492959
              ],
              [
                14.499058691,
                61.039495021
              ],
              [
                14.499060107,
                61.039405245
              ],
              [
                14.499615448,
                61.039407305
              ],
              [
                14.499616862,
                61.039317529
              ],
              [
                14.499987089,
                61.039318901
              ],
              [
                14.499988502,
                61.039229126
              ],
              [
                14.500173615,
                61.039229811
              ],
              [
                14.500175028,
                61.039140036
              ],
              [
                14.50036014,
                61.039140721
              ],
              [
                14.500358727,
                61.039230496
              ],
              [
                14.50054384,
                61.039231181
              ],
              [
                14.500541016,
                61.039410731
              ],
              [
                14.50072613,
                61.039411416
              ],
              [
                14.500723307,
                61.039590966
              ],
              [
                14.501278651,
                61.039593019
              ],
              [
                14.501280061,
                61.039503244
              ],
              [
                14.502390746,
                61.039507341
              ],
              [
                14.502385119,
                61.039866442
              ],
              [
                14.502570236,
                61.039867124
              ],
              [
                14.502567423,
                61.040046674
              ],
              [
                14.502382306,
                61.040045992
              ],
              [
                14.502380899,
                61.040135767
              ],
              [
                14.502566017,
                61.04013645
              ],
              [
                14.502564611,
                61.040226225
              ],
              [
                14.502749729,
                61.040226907
              ],
              [
                14.502746918,
                61.040406457
              ],
              [
                14.502932037,
                61.040407138
              ],
              [
                14.502930632,
                61.040496914
              ],
              [
                14.503115752,
                61.040497595
              ],
              [
                14.503112943,
                61.040677145
              ],
              [
                14.503853427,
                61.040679868
              ],
              [
                14.503852025,
                61.040769643
              ],
              [
                14.503666903,
                61.040768963
              ],
              [
                14.503662694,
                61.041038288
              ],
              [
                14.50403294,
                61.041039649
              ],
              [
                14.504031538,
                61.041129424
              ],
              [
                14.504401785,
                61.041130783
              ],
              [
                14.504403187,
                61.041041008
              ],
              [
                14.50458831,
                61.041041688
              ],
              [
                14.504581307,
                61.041490563
              ],
              [
                14.504211055,
                61.041489204
              ],
              [
                14.504209653,
                61.04157898
              ],
              [
                14.504024527,
                61.0415783
              ],
              [
                14.504021723,
                61.04175785
              ],
              [
                14.503836595,
                61.04175717
              ],
              [
                14.503832387,
                61.042026495
              ],
              [
                14.503647258,
                61.042025815
              ],
              [
                14.503645855,
                61.04211559
              ],
              [
                14.504201243,
                61.04211763
              ],
              [
                14.504199841,
                61.042207406
              ],
              [
                14.504570102,
                61.042208765
              ],
              [
                14.504568701,
                61.04229854
              ],
              [
                14.504938962,
                61.042299898
              ],
              [
                14.504937562,
                61.042389673
              ],
              [
                14.505307825,
                61.04239103
              ],
              [
                14.505306426,
                61.042480805
              ],
              [
                14.505491558,
                61.042481483
              ],
              [
                14.50549016,
                61.042571258
              ],
              [
                14.505860424,
                61.042572614
              ],
              [
                14.505859027,
                61.042662389
              ],
              [
                14.50604416,
                61.042663066
              ],
              [
                14.506042763,
                61.042752841
              ],
              [
                14.50641303,
                61.042754195
              ],
              [
                14.506411634,
                61.04284397
              ],
              [
                14.506781902,
                61.042845323
              ],
              [
                14.506780508,
                61.042935098
              ],
              [
                14.507150776,
                61.04293645
              ],
              [
                14.507147989,
                61.043116001
              ],
              [
                14.50751826,
                61.043117352
              ],
              [
                14.507516868,
                61.043207127
              ],
              [
                14.507702004,
                61.043207802
              ],
              [
                14.507700612,
                61.043297577
              ],
              [
                14.508441158,
                61.043300275
              ],
              [
                14.508442548,
                61.0432105
              ],
              [
                14.50881282,
                61.043211847
              ],
              [
                14.508814209,
                61.043122072
              ],
              [
                14.50918448,
                61.043123418
              ],
              [
                14.509185867,
                61.043033643
              ],
              [
                14.509371003,
                61.043034316
              ],
              [
                14.50937239,
                61.042944541
              ],
              [
                14.509557524,
                61.042945213
              ],
              [
                14.509558911,
                61.042855438
              ],
              [
                14.509744045,
                61.04285611
              ],
              [
                14.509745431,
                61.042766335
              ],
              [
                14.509930564,
                61.042767007
              ],
              [
                14.50993195,
                61.042677232
              ],
              [
                14.510117083,
                61.042677904
              ],
              [
                14.510118468,
                61.042588128
              ],
              [
                14.5103036,
                61.0425888
              ],
              [
                14.510304985,
                61.042499025
              ],
              [
                14.510490117,
                61.042499696
              ],
              [
                14.510491501,
                61.042409921
              ],
              [
                14.510676632,
                61.042410592
              ],
              [
                14.510678016,
                61.042320816
              ],
              [
                14.510863147,
                61.042321487
              ],
              [
                14.510864529,
                61.042231712
              ],
              [
                14.51104966,
                61.042232382
              ],
              [
                14.511051042,
                61.042142607
              ],
              [
                14.511236172,
                61.042143277
              ],
              [
                14.511237554,
                61.042053502
              ],
              [
                14.511422683,
                61.042054172
              ],
              [
                14.511426827,
                61.041784846
              ],
              [
                14.511611955,
                61.041785516
              ],
              [
                14.511616097,
                61.04151619
              ],
              [
                14.51198635,
                61.041517529
              ],
              [
                14.51198497,
                61.041607304
              ],
              [
                14.512170097,
                61.041607973
              ],
              [
                14.512168718,
                61.041697749
              ],
              [
                14.512353845,
                61.041698417
              ],
              [
                14.512351088,
                61.041877968
              ],
              [
                14.512536216,
                61.041878636
              ],
              [
                14.512532082,
                61.042147962
              ],
              [
                14.513272601,
                61.042150633
              ],
              [
                14.513271225,
                61.042240408
              ],
              [
                14.513456356,
                61.042241076
              ],
              [
                14.513453605,
                61.042420626
              ],
              [
                14.513638736,
                61.042421293
              ],
              [
                14.513637361,
                61.042511068
              ],
              [
                14.514563022,
                61.042514399
              ],
              [
                14.514564394,
                61.042424624
              ],
              [
                14.514749526,
                61.042425289
              ],
              [
                14.514750898,
                61.042335514
              ],
              [
                14.515491422,
                61.042338173
              ],
              [
                14.515492792,
                61.042248398
              ],
              [
                14.516233315,
                61.042251053
              ],
              [
                14.516237418,
                61.041981727
              ],
              [
                14.516422547,
                61.04198239
              ],
              [
                14.516423914,
                61.041892615
              ],
              [
                14.516609042,
                61.041893278
              ],
              [
                14.516610409,
                61.041803502
              ],
              [
                14.516795537,
                61.041804165
              ],
              [
                14.516799635,
                61.041534839
              ],
              [
                14.516984762,
                61.041535501
              ],
              [
                14.516987493,
                61.041355951
              ],
              [
                14.516802368,
                61.041355288
              ],
              [
                14.5168051,
                61.041175738
              ],
              [
                14.516990224,
                61.0411764
              ],
              [
                14.516992955,
                61.040996849
              ],
              [
                14.516807832,
                61.040996187
              ],
              [
                14.516813296,
                61.040637086
              ],
              [
                14.516628175,
                61.040636423
              ],
              [
                14.516629541,
                61.040546648
              ],
              [
                14.5162593,
                61.040545322
              ],
              [
                14.516262035,
                61.040365771
              ],
              [
                14.516076915,
                61.040365108
              ],
              [
                14.516085123,
                61.039826456
              ],
              [
                14.515529774,
                61.039824465
              ],
              [
                14.515528404,
                61.03991424
              ],
              [
                14.514047468,
                61.039908918
              ],
              [
                14.514048842,
                61.039819143
              ],
              [
                14.513493493,
                61.039817143
              ],
              [
                14.51350037,
                61.039368267
              ],
              [
                14.513870597,
                61.0393696
              ],
              [
                14.513871971,
                61.039279825
              ],
              [
                14.514057085,
                61.039280491
              ],
              [
                14.514058458,
                61.039190716
              ],
              [
                14.514243571,
                61.039191382
              ],
              [
                14.514244944,
                61.039101607
              ],
              [
                14.514430057,
                61.039102272
              ],
              [
                14.514431429,
                61.039012497
              ],
              [
                14.514616541,
                61.039013163
              ],
              [
                14.514620657,
                61.038743837
              ],
              [
                14.514805767,
                61.038744502
              ],
              [
                14.514807139,
                61.038654727
              ],
              [
                14.514992249,
                61.038655392
              ],
              [
                14.514994991,
                61.038475841
              ],
              [
                14.515550316,
                61.038477835
              ],
              [
                14.515551686,
                61.038388059
              ],
              [
                14.515736794,
                61.038388723
              ],
              [
                14.515738163,
                61.038298948
              ],
              [
                14.517219024,
                61.038304251
              ],
              [
                14.517217659,
                61.038394026
              ],
              [
                14.517772984,
                61.038396011
              ],
              [
                14.517774347,
                61.038306236
              ],
              [
                14.518144562,
                61.038307557
              ],
              [
                14.518148649,
                61.038038231
              ],
              [
                14.518333755,
                61.038038892
              ],
              [
                14.518340563,
                61.037590015
              ],
              [
                14.51871077,
                61.037591335
              ],
              [
                14.51871213,
                61.037501559
              ],
              [
                14.519082336,
                61.037502879
              ],
              [
                14.519080977,
                61.037592654
              ],
              [
                14.51926608,
                61.037593313
              ],
              [
                14.519267439,
                61.037503538
              ],
              [
                14.519452542,
                61.037504197
              ],
              [
                14.519453901,
                61.037414421
              ],
              [
                14.519639003,
                61.03741508
              ],
              [
                14.519641719,
                61.037235529
              ],
              [
                14.520011922,
                61.037236846
              ],
              [
                14.520013279,
                61.03714707
              ],
              [
                14.52019838,
                61.037147728
              ],
              [
                14.520199736,
                61.037057953
              ],
              [
                14.520569937,
                61.037059268
              ],
              [
                14.520568582,
                61.037149043
              ],
              [
                14.520753683,
                61.0371497
              ],
              [
                14.520752328,
                61.037239476
              ],
              [
                14.521307633,
                61.037241446
              ],
              [
                14.521308986,
                61.03715167
              ],
              [
                14.521679188,
                61.037152982
              ],
              [
                14.52168054,
                61.037063207
              ],
              [
                14.521865641,
                61.037063863
              ],
              [
                14.521864289,
                61.037153638
              ],
              [
                14.52204939,
                61.037154293
              ],
              [
                14.522048039,
                61.037244069
              ],
              [
                14.522418242,
                61.037245379
              ],
              [
                14.522419592,
                61.037155603
              ],
              [
                14.522789795,
                61.037156912
              ],
              [
                14.522792492,
                61.036977361
              ],
              [
                14.522977592,
                61.036978016
              ],
              [
                14.522978941,
                61.03688824
              ],
              [
                14.52316404,
                61.036888894
              ],
              [
                14.523165388,
                61.036799118
              ],
              [
                14.523350487,
                61.036799772
              ],
              [
                14.523351835,
                61.036709997
              ],
              [
                14.523536933,
                61.03671065
              ],
              [
                14.523535586,
                61.036800425
              ],
              [
                14.524461082,
                61.036803688
              ],
              [
                14.524462426,
                61.036713913
              ],
              [
                14.524647525,
                61.036714565
              ],
              [
                14.524650212,
                61.036535014
              ],
              [
                14.525020407,
                61.036536316
              ],
              [
                14.525023092,
                61.036356765
              ],
              [
                14.525208189,
                61.036357416
              ],
              [
                14.525209531,
                61.036267641
              ],
              [
                14.525394627,
                61.036268292
              ],
              [
                14.525395968,
                61.036178516
              ],
              [
                14.525581064,
                61.036179167
              ],
              [
                14.525582405,
                61.036089391
              ],
              [
                14.52650788,
                61.03609264
              ],
              [
                14.526509218,
                61.036002865
              ],
              [
                14.526879407,
                61.036004162
              ],
              [
                14.526880744,
                61.035914387
              ],
              [
                14.527065838,
                61.035915035
              ],
              [
                14.527068512,
                61.035735484
              ],
              [
                14.527253605,
                61.035736132
              ],
              [
                14.527254941,
                61.035646357
              ],
              [
                14.527440033,
                61.035647005
              ],
              [
                14.52744404,
                61.035377678
              ],
              [
                14.527629131,
                61.035378326
              ],
              [
                14.527631802,
                61.035198775
              ],
              [
                14.527261622,
                61.035197479
              ],
              [
                14.527262958,
                61.035107704
              ],
              [
                14.525412065,
                61.03510121
              ],
              [
                14.525413407,
                61.035011435
              ],
              [
                14.525228318,
                61.035010784
              ],
              [
                14.52522966,
                61.034921008
              ],
              [
                14.525044572,
                61.034920357
              ],
              [
                14.525047257,
                61.034740806
              ],
              [
                14.525602518,
                61.034742759
              ],
              [
                14.525603859,
                61.034652983
              ],
              [
                14.525788945,
                61.034653633
              ],
              [
                14.525795647,
                61.034204756
              ],
              [
                14.526165815,
                61.034206055
              ],
              [
                14.526169832,
                61.033936729
              ],
              [
                14.526354915,
                61.033937378
              ],
              [
                14.526357592,
                61.033757827
              ],
              [
                14.526542673,
                61.033758476
              ],
              [
                14.526546688,
                61.03348915
              ],
              [
                14.526731768,
                61.033489798
              ],
              [
                14.52673578,
                61.033220472
              ],
              [
                14.526550702,
                61.033219823
              ],
              [
                14.52655204,
                61.033130047
              ],
              [
                14.526366962,
                61.033129398
              ],
              [
                14.526368301,
                61.033039623
              ],
              [
                14.526553378,
                61.033040272
              ],
              [
                14.526556054,
                61.032860721
              ],
              [
                14.52674113,
                61.03286137
              ],
              [
                14.526742468,
                61.032771594
              ],
              [
                14.526557392,
                61.032770945
              ],
              [
                14.52656542,
                61.032232292
              ],
              [
                14.526750493,
                61.032232941
              ],
              [
                14.52675718,
                61.031784063
              ],
              [
                14.52694225,
                61.031784711
              ],
              [
                14.526959628,
                61.030617629
              ],
              [
                14.527514818,
                61.030619573
              ],
              [
                14.527516153,
                61.030529797
              ],
              [
                14.527701216,
                61.030530445
              ],
              [
                14.52770255,
                61.030440669
              ],
              [
                14.527887612,
                61.030441317
              ],
              [
                14.527888946,
                61.030351541
              ],
              [
                14.527703885,
                61.030350894
              ],
              [
                14.527705219,
                61.030261118
              ],
              [
                14.528075342,
                61.030262413
              ],
              [
                14.528076675,
                61.030172637
              ],
              [
                14.528631857,
                61.030174577
              ],
              [
                14.528633189,
                61.030084801
              ],
              [
                14.529373429,
                61.030087384
              ],
              [
                14.5293721,
                61.030177159
              ],
              [
                14.52955716,
                61.030177804
              ],
              [
                14.529554501,
                61.030357356
              ],
              [
                14.529924625,
                61.030358645
              ],
              [
                14.529923296,
                61.030448421
              ],
              [
                14.530293421,
                61.030449709
              ],
              [
                14.530296076,
                61.030270158
              ],
              [
                14.530666198,
                61.030271445
              ],
              [
                14.530667524,
                61.030181669
              ],
              [
                14.530482464,
                61.030181026
              ],
              [
                14.530486444,
                61.029911699
              ],
              [
                14.530671503,
                61.029912342
              ],
              [
                14.530676808,
                61.02955324
              ],
              [
                14.530861865,
                61.029553883
              ],
              [
                14.530863191,
                61.029464107
              ],
              [
                14.531048247,
                61.02946475
              ],
              [
                14.531046922,
                61.029554526
              ],
              [
                14.531602093,
                61.029556453
              ],
              [
                14.531603417,
                61.029466678
              ],
              [
                14.531788473,
                61.02946732
              ],
              [
                14.531797734,
                61.02883889
              ],
              [
                14.531612682,
                61.028838248
              ],
              [
                14.531616652,
                61.028568921
              ],
              [
                14.531431601,
                61.028568279
              ],
              [
                14.531432925,
                61.028478503
              ],
              [
                14.531803026,
                61.028479787
              ],
              [
                14.531804349,
                61.028390011
              ],
              [
                14.53217445,
                61.028391295
              ],
              [
                14.532177094,
                61.028211743
              ],
              [
                14.532362143,
                61.028212384
              ],
              [
                14.532363464,
                61.028122609
              ],
              [
                14.532548513,
                61.02812325
              ],
              [
                14.532549834,
                61.028033474
              ],
              [
                14.53291993,
                61.028034755
              ],
              [
                14.53292125,
                61.027944979
              ],
              [
                14.533291346,
                61.027946259
              ],
              [
                14.533293983,
                61.027766708
              ],
              [
                14.53347903,
                61.027767347
              ],
              [
                14.533480348,
                61.027677572
              ],
              [
                14.533665394,
                61.027678211
              ],
              [
                14.533666712,
                61.027588435
              ],
              [
                14.533851757,
                61.027589075
              ],
              [
                14.533857026,
                61.027229972
              ],
              [
                14.533671982,
                61.027229333
              ],
              [
                14.5336733,
                61.027139557
              ],
              [
                14.533488257,
                61.027138917
              ],
              [
                14.533489575,
                61.027049142
              ],
              [
                14.533674618,
                61.027049781
              ],
              [
                14.533677253,
                61.02687023
              ],
              [
                14.534047336,
                61.026871508
              ],
              [
                14.534049969,
                61.026691956
              ],
              [
                14.533864928,
                61.026691317
              ],
              [
                14.533867562,
                61.026511766
              ],
              [
                14.533682523,
                61.026511127
              ],
              [
                14.533685158,
                61.026331575
              ],
              [
                14.53350012,
                61.026330936
              ],
              [
                14.533502756,
                61.026151384
              ],
              [
                14.533317718,
                61.026150745
              ],
              [
                14.533319037,
                61.026060969
              ],
              [
                14.533874147,
                61.026062887
              ],
              [
                14.533875464,
                61.025973111
              ],
              [
                14.534060501,
                61.02597375
              ],
              [
                14.534065766,
                61.025614647
              ],
              [
                14.5342508,
                61.025615286
              ],
              [
                14.534252116,
                61.02552551
              ],
              [
                14.534807217,
                61.025527424
              ],
              [
                14.534808532,
                61.025437648
              ],
              [
                14.534993565,
                61.025438286
              ],
              [
                14.534994879,
                61.02534851
              ],
              [
                14.535179911,
                61.025349147
              ],
              [
                14.535181225,
                61.025259372
              ],
              [
                14.535366257,
                61.025260009
              ],
              [
                14.535370195,
                61.024990681
              ],
              [
                14.535185164,
                61.024990044
              ],
              [
                14.535186477,
                61.024900269
              ],
              [
                14.534816417,
                61.024898994
              ],
              [
                14.534819046,
                61.024719442
              ],
              [
                14.534634017,
                61.024718804
              ],
              [
                14.534636646,
                61.024539253
              ],
              [
                14.534451618,
                61.024538615
              ],
              [
                14.534450303,
                61.024628391
              ],
              [
                14.533710189,
                61.024625836
              ],
              [
                14.533714141,
                61.024356509
              ],
              [
                14.533529115,
                61.024355869
              ],
              [
                14.53353175,
                61.024176318
              ],
              [
                14.533346724,
                61.024175678
              ],
              [
                14.533349361,
                61.023996127
              ],
              [
                14.533164336,
                61.023995487
              ],
              [
                14.533168293,
                61.02372616
              ],
              [
                14.533538339,
                61.023727439
              ],
              [
                14.533539657,
                61.023637663
              ],
              [
                14.53372468,
                61.023638302
              ],
              [
                14.533728632,
                61.023368975
              ],
              [
                14.533173568,
                61.023367057
              ],
              [
                14.533174887,
                61.023277281
              ],
              [
                14.532989866,
                61.023276641
              ],
              [
                14.532997782,
                61.022737986
              ],
              [
                14.532812765,
                61.022737346
              ],
              [
                14.532814085,
                61.02264757
              ],
              [
                14.532629068,
                61.022646929
              ],
              [
                14.532634349,
                61.022287826
              ],
              [
                14.532819364,
                61.022288467
              ],
              [
                14.532822003,
                61.022108915
              ],
              [
                14.533007017,
                61.022109556
              ],
              [
                14.533009655,
                61.021930004
              ],
              [
                14.532824643,
                61.021929364
              ],
              [
                14.532825962,
                61.021839588
              ],
              [
                14.53264095,
                61.021838947
              ],
              [
                14.532643591,
                61.021659396
              ],
              [
                14.531903546,
                61.021656831
              ],
              [
                14.531904868,
                61.021567056
              ],
              [
                14.531719858,
                61.021566414
              ],
              [
                14.531721181,
                61.021476638
              ],
              [
                14.531536171,
                61.021475996
              ],
              [
                14.531538817,
                61.021296444
              ],
              [
                14.531353808,
                61.021295802
              ],
              [
                14.531355132,
                61.021206026
              ],
              [
                14.531170124,
                61.021205384
              ],
              [
                14.53117807,
                61.020666729
              ],
              [
                14.530068038,
                61.020662869
              ],
              [
                14.530069365,
                61.020573093
              ],
              [
                14.529884361,
                61.020572449
              ],
              [
                14.529885689,
                61.020482673
              ],
              [
                14.529700684,
                61.020482029
              ],
              [
                14.529702013,
                61.020392253
              ],
              [
                14.529332005,
                61.020390963
              ],
              [
                14.529334664,
                61.020211411
              ],
              [
                14.528964659,
                61.020210121
              ],
              [
                14.52896599,
                61.020120345
              ],
              [
                14.528780988,
                61.020119699
              ],
              [
                14.528779657,
                61.020209475
              ],
              [
                14.528594654,
                61.020208829
              ],
              [
                14.528595986,
                61.020119053
              ],
              [
                14.528410984,
                61.020118407
              ],
              [
                14.528412316,
                61.020028631
              ],
              [
                14.528227314,
                61.020027984
              ],
              [
                14.528228647,
                61.019938209
              ],
              [
                14.528043646,
                61.019937562
              ],
              [
                14.528044979,
                61.019847786
              ],
              [
                14.527859978,
                61.019847139
              ],
              [
                14.527858645,
                61.019936915
              ],
              [
                14.527303642,
                61.019934972
              ],
              [
                14.527304977,
                61.019845196
              ],
              [
                14.527119977,
                61.019844548
              ],
              [
                14.527123984,
                61.019575221
              ],
              [
                14.526753986,
                61.019573924
              ],
              [
                14.526757996,
                61.019304597
              ],
              [
                14.527127991,
                61.019305894
              ],
              [
                14.527129326,
                61.019216118
              ],
              [
                14.527684317,
                61.019218062
              ],
              [
                14.527685651,
                61.019128286
              ],
              [
                14.527870647,
                61.019128933
              ],
              [
                14.527871981,
                61.019039157
              ],
              [
                14.528056976,
                61.019039804
              ],
              [
                14.528060975,
                61.018770477
              ],
              [
                14.526766016,
                61.018765943
              ],
              [
                14.52676869,
                61.018586391
              ],
              [
                14.526583697,
                61.018585742
              ],
              [
                14.526587708,
                61.018316415
              ],
              [
                14.526402716,
                61.018315766
              ],
              [
                14.526404054,
                61.01822599
              ],
              [
                14.526589045,
                61.018226639
              ],
              [
                14.526590382,
                61.018136863
              ],
              [
                14.526960363,
                61.018138161
              ],
              [
                14.526961699,
                61.018048385
              ],
              [
                14.527146689,
                61.018049033
              ],
              [
                14.527148025,
                61.017959258
              ],
              [
                14.527333014,
                61.017959906
              ],
              [
                14.527334349,
                61.01787013
              ],
              [
                14.52714936,
                61.017869482
              ],
              [
                14.527157373,
                61.017330827
              ],
              [
                14.526787402,
                61.01732953
              ],
              [
                14.526786065,
                61.017419306
              ],
              [
                14.526601079,
                61.017418657
              ],
              [
                14.526602416,
                61.017328882
              ],
              [
                14.52641743,
                61.017328233
              ],
              [
                14.526418768,
                61.017238457
              ],
              [
                14.526048797,
                61.017237158
              ],
              [
                14.526051474,
                61.017057607
              ],
              [
                14.526236459,
                61.017058256
              ],
              [
                14.526239135,
                61.016878705
              ],
              [
                14.526424118,
                61.016879354
              ],
              [
                14.526425455,
                61.016789578
              ],
              [
                14.526610438,
                61.016790227
              ],
              [
                14.526611775,
                61.016700451
              ],
              [
                14.526796757,
                61.0167011
              ],
              [
                14.526800766,
                61.016431773
              ],
              [
                14.526985747,
                61.016432421
              ],
              [
                14.526987083,
                61.016342645
              ],
              [
                14.527172063,
                61.016343293
              ],
              [
                14.527173398,
                61.016253518
              ],
              [
                14.527543357,
                61.016254813
              ],
              [
                14.527544692,
                61.016165038
              ],
              [
                14.527729671,
                61.016165685
              ],
              [
                14.527731004,
                61.016075909
              ],
              [
                14.527915983,
                61.016076556
              ],
              [
                14.527917316,
                61.015986781
              ],
              [
                14.528102294,
                61.015987428
              ],
              [
                14.528103627,
                61.015897652
              ],
              [
                14.528288604,
                61.015898298
              ],
              [
                14.528289937,
                61.015808523
              ],
              [
                14.528474914,
                61.015809169
              ],
              [
                14.528476245,
                61.015719393
              ],
              [
                14.528661222,
                61.015720039
              ],
              [
                14.528662553,
                61.015630264
              ],
              [
                14.529217481,
                61.015632201
              ],
              [
                14.52921881,
                61.015542425
              ],
              [
                14.529403786,
                61.01554307
              ],
              [
                14.529405115,
                61.015453294
              ],
              [
                14.530145014,
                61.015455872
              ],
              [
                14.530146341,
                61.015366096
              ],
              [
                14.530886239,
                61.01536867
              ],
              [
                14.530887564,
                61.015278895
              ],
              [
                14.531257512,
                61.01528018
              ],
              [
                14.531258836,
                61.015190404
              ],
              [
                14.531443809,
                61.015191046
              ],
              [
                14.531446456,
                61.015011495
              ],
              [
                14.532186345,
                61.015014062
              ],
              [
                14.532183703,
                61.015193613
              ],
              [
                14.532368676,
                61.015194254
              ],
              [
                14.532366035,
                61.015373806
              ],
              [
                14.53255101,
                61.015374447
              ],
              [
                14.53254969,
                61.015464223
              ],
              [
                14.532734665,
                61.015464864
              ],
              [
                14.532735984,
                61.015375088
              ],
              [
                14.533475883,
                61.015377647
              ],
              [
                14.533478518,
                61.015198096
              ],
              [
                14.534958306,
                61.015203203
              ],
              [
                14.534956993,
                61.015292979
              ],
              [
                14.536991709,
                61.015299975
              ],
              [
                14.536989094,
                61.015479527
              ],
              [
                14.537174069,
                61.015480162
              ],
              [
                14.537175376,
                61.015390386
              ],
              [
                14.537360351,
                61.01539102
              ],
              [
                14.537361657,
                61.015301244
              ],
              [
                14.53791658,
                61.015303145
              ],
              [
                14.537917885,
                61.015213369
              ],
              [
                14.538102859,
                61.015214003
              ],
              [
                14.538105468,
                61.015034451
              ],
              [
                14.538845359,
                61.015036981
              ],
              [
                14.538846661,
                61.014947205
              ],
              [
                14.539031633,
                61.014947837
              ],
              [
                14.53903684,
                61.014588733
              ],
              [
                14.539221811,
                61.014589365
              ],
              [
                14.539223112,
                61.014499589
              ]
            ]
          ]
        ]
      },
      "properties": {
        "area": 127991800,
        "name": "Orsasjön",
        "ms_cd": "WA80906681",
        "varoid": "SEFDDBA9D1-B3DB-45C1-8829-A7396DD11E6B",
        "ogc_fid": 5995,
        "category": "LW",
        "language": "(1:swe)",
        "varo_down": "SE30DFF941-DADD-4FE9-ABB7-72C485EBD76F",
        "version_svar": "2022_1_2"
      }
    }
  ]
}