{
"type": "FeatureCollection",
"name": "orsa_stackmora_3_12_topografi_vagar_2km",
"crs": { "type": "name", "properties": { "name": "urn:ogc:def:crs:OGC:1.3:CRS84" } },
"features": [
{ "type": "Feature", "properties": { "objektidentitet": "b620ecc5-7753-472f-ac65-88de4a673a11", "skapad": "2026-03-17T21:00:01", "objekttypnr": 1807, "objekttyp": "Småväg enkel standard", "avfartsvag_pafartsvag": "Ingen information", "cirkulationsplats": "Nej", "bro_och_tunnel": "Ingen information", "gagata": "Nej", "bussgata": "Nej", "industrivag": "Nej", "gatunamn": null, "vardvagnummer": null, "gastvag1nummer": null, "gastvag2nummer": null, "alternativt_manér": "Nej", "vagutforande": null, "skoterkorning_tillaten": null, "ruskmarkering": null, "rotation": null, "trafikplatsnummer": null }, "geometry": { "type": "LineString", "coordinates": [ [ 14.696533271049759, 61.135434188971509 ], [ 14.696914753057236, 61.135599445154085 ], [ 14.697592261325791, 61.135851908199129 ], [ 14.697791255381752, 61.135914730456136 ], [ 14.698449358294534, 61.136079127703894 ], [ 14.699131501384173, 61.136182454269445 ], [ 14.699176897931546, 61.136264899466831 ], [ 14.699179065423676, 61.136331788932324 ], [ 14.699097002387377, 61.136488708757192 ], [ 14.699001544161316, 61.136527208787022 ], [ 14.698930283341381, 61.136567432226379 ], [ 14.698830892148537, 61.136558709163559 ], [ 14.698603645742885, 61.136558544299888 ], [ 14.698222506084887, 61.136507059957864 ], [ 14.69785753156067, 61.136446893400567 ], [ 14.697196440690902, 61.136444760286523 ] ] } },
{ "type": "Feature", "properties": { "objektidentitet": "33f60729-2716-4e60-b43c-a1ca0982ebf1", "skapad": "2026-03-17T21:00:01", "objekttypnr": 1805, "objekttyp": "Landsväg liten", "avfartsvag_pafartsvag": "Ingen information", "cirkulationsplats": "Nej", "bro_och_tunnel": "Ingen information", "gagata": "Nej", "bussgata": "Nej", "industrivag": "Nej", "gatunamn": null, "vardvagnummer": "987", "gastvag1nummer": null, "gastvag2nummer": null, "alternativt_manér": "Nej", "vagutforande": null, "skoterkorning_tillaten": null, "ruskmarkering": null, "rotation": null, "trafikplatsnummer": null }, "geometry": { "type": "LineString", "coordinates": [ [ 14.697196440690902, 61.136444760286523 ], [ 14.697366444560702, 61.136601462061208 ], [ 14.697850513945891, 61.137008519499616 ], [ 14.698380055887506, 61.137493253523374 ], [ 14.699629476625979, 61.138595730845076 ], [ 14.700416308882003, 61.139298335014239 ], [ 14.700670875550934, 61.139504336967519 ], [ 14.700957259131769, 61.139700326544443 ], [ 14.701876884939157, 61.140228759043367 ], [ 14.702792017732831, 61.140750388299608 ], [ 14.703061022319787, 61.140916906149414 ], [ 14.703632367708487, 61.141229086076812 ], [ 14.703948121405935, 61.141396141133477 ] ] } },
{ "type": "Feature", "properties": { "objektidentitet": "fdff85b0-5db1-4d13-81e1-7fb4d70c4183", "skapad": "2026-03-17T21:00:01", "objekttypnr": 1807, "objekttyp": "Småväg enkel standard", "avfartsvag_pafartsvag": "Ingen information", "cirkulationsplats": "Nej", "bro_och_tunnel": "Ingen information", "gagata": "Nej", "bussgata": "Nej", "industrivag": "Nej", "gatunamn": null, "vardvagnummer": null, "gastvag1nummer": null, "gastvag2nummer": null, "alternativt_manér": "Nej", "vagutforande": null, "skoterkorning_tillaten": null, "ruskmarkering": null, "rotation": null, "trafikplatsnummer": null }, "geometry": { "type": "LineString", "coordinates": [ [ 14.650971255775449, 61.126276756835182 ], [ 14.651140643825791, 61.126244748031539 ], [ 14.651317893086462, 61.126227033715118 ], [ 14.651865813892069, 61.126207140566983 ], [ 14.652421043306999, 61.126207921635952 ], [ 14.653831360709242, 61.126220425982467 ], [ 14.654585817652727, 61.126225505465833 ], [ 14.655000318174279, 61.126228259922193 ], [ 14.655414759963211, 61.126233006173905 ], [ 14.65582933579479, 61.126240803924041 ], [ 14.656244168924911, 61.126248870380898 ], [ 14.656658858449948, 61.126253065487106 ], [ 14.657162624826688, 61.126247672719217 ], [ 14.657377759281006, 61.126240101864788 ], [ 14.657776211026952, 61.126214697497439 ], [ 14.657946781105716, 61.126201455559212 ], [ 14.658713831316014, 61.126136966009319 ], [ 14.659214707451548, 61.126101509402282 ], [ 14.659919336270463, 61.126068852685187 ], [ 14.660408812853779, 61.126048948434956 ], [ 14.660926088283249, 61.126019353149786 ], [ 14.661443262969836, 61.125983462284054 ], [ 14.661927148758123, 61.125944523697711 ], [ 14.662403090394674, 61.125893227821344 ], [ 14.662775760531991, 61.125840685455223 ], [ 14.66314402976351, 61.125781173075502 ], [ 14.663609117614543, 61.125692273777567 ], [ 14.663726664313609, 61.125668837861049 ], [ 14.664079382601305, 61.125605073738633 ], [ 14.664373353371737, 61.125572351902548 ], [ 14.664670626382879, 61.125548534884075 ], [ 14.66476352586394, 61.125542112585094 ], [ 14.664821602632029, 61.125540900830394 ], [ 14.665353396830925, 61.125555486562156 ], [ 14.66641654530105, 61.125635339401448 ], [ 14.667035303295808, 61.125678592735078 ], [ 14.667960811931662, 61.125735955254783 ], [ 14.668423421484112, 61.125765298187673 ], [ 14.66934803564957, 61.125827039290975 ], [ 14.669800335436978, 61.125855562423617 ], [ 14.670480693172275, 61.125888158747685 ], [ 14.670660671168195, 61.125888821678416 ] ] } },
{ "type": "Feature", "properties": { "objektidentitet": "50f5d769-16ef-4338-a361-4bc16e91d4a9", "skapad": "2026-03-17T21:00:01", "objekttypnr": 1807, "objekttyp": "Småväg enkel standard", "avfartsvag_pafartsvag": "Ingen information", "cirkulationsplats": "Nej", "bro_och_tunnel": "Ingen information", "gagata": "Nej", "bussgata": "Nej", "industrivag": "Nej", "gatunamn": null, "vardvagnummer": null, "gastvag1nummer": null, "gastvag2nummer": null, "alternativt_manér": "Nej", "vagutforande": null, "skoterkorning_tillaten": null, "ruskmarkering": null, "rotation": null, "trafikplatsnummer": null }, "geometry": { "type": "LineString", "coordinates": [ [ 14.660808407028682, 61.118466021257348 ], [ 14.661174943715057, 61.118590196605034 ], [ 14.661406016046618, 61.118680391901243 ], [ 14.661796055973102, 61.118840751333231 ], [ 14.661839665596769, 61.118858429987704 ], [ 14.662238228240419, 61.11901529891275 ], [ 14.662513047298431, 61.119114462647403 ], [ 14.662971593250987, 61.119249196116129 ], [ 14.663166392636862, 61.119308019157536 ], [ 14.663610460503525, 61.119352684858725 ], [ 14.663722868888133, 61.119358234124846 ], [ 14.664264036933137, 61.11936460626999 ], [ 14.664626440521458, 61.119359130845893 ], [ 14.665176128743616, 61.119354818745542 ], [ 14.665311383070117, 61.119325302089422 ], [ 14.665430564075226, 61.119283589801519 ], [ 14.665757472443723, 61.119115570004027 ], [ 14.66608391577595, 61.118947278672287 ], [ 14.666149140195216, 61.118918270771346 ], [ 14.666236989866654, 61.118908396555256 ], [ 14.666767371765046, 61.11896375971574 ], [ 14.66697426694766, 61.118988239912646 ] ] } },
{ "type": "Feature", "properties": { "objektidentitet": "bbf33d91-9ee2-4ea1-8dca-b1e8fc60cda5", "skapad": "2026-03-17T21:00:01", "objekttypnr": 1805, "objekttyp": "Landsväg liten", "avfartsvag_pafartsvag": "Ingen information", "cirkulationsplats": "Nej", "bro_och_tunnel": "Ingen information", "gagata": "Nej", "bussgata": "Nej", "industrivag": "Nej", "gatunamn": null, "vardvagnummer": "980", "gastvag1nummer": null, "gastvag2nummer": null, "alternativt_manér": "Nej", "vagutforande": null, "skoterkorning_tillaten": null, "ruskmarkering": null, "rotation": null, "trafikplatsnummer": null }, "geometry": { "type": "LineString", "coordinates": [ [ 14.661006396165025, 61.122113069542849 ], [ 14.661219590442919, 61.122297927457026 ], [ 14.661449747621647, 61.122477961568507 ], [ 14.661696445028305, 61.122652802228693 ], [ 14.661782236530525, 61.122709864356075 ], [ 14.66204523682619, 61.122858368655997 ], [ 14.662351188582688, 61.122986159799275 ], [ 14.662518169436785, 61.123041377164213 ], [ 14.662908980016736, 61.123159332635502 ], [ 14.663693154837551, 61.123393280427464 ], [ 14.66448061747292, 61.123624619113244 ], [ 14.665007918721603, 61.123788810614037 ], [ 14.665805130931172, 61.124030328750884 ], [ 14.666340680244625, 61.124188143139932 ], [ 14.667150023157797, 61.124420040995723 ], [ 14.667220422343538, 61.124441805841002 ] ] } },
{ "type": "Feature", "properties": { "objektidentitet": "66d31385-235b-4d7e-84f5-c508fab2fd5c", "skapad": "2025-06-15T05:00:01", "objekttypnr": 1806, "objekttyp": "Småväg", "avfartsvag_pafartsvag": "Ingen information", "cirkulationsplats": "Nej", "bro_och_tunnel": "Ingen information", "gagata": "Nej", "bussgata": "Nej", "industrivag": "Nej", "gatunamn": null, "vardvagnummer": null, "gastvag1nummer": null, "gastvag2nummer": null, "alternativt_manér": "Nej", "vagutforande": null, "skoterkorning_tillaten": null, "ruskmarkering": null, "rotation": null, "trafikplatsnummer": null }, "geometry": { "type": "LineString", "coordinates": [ [ 14.698902424287599, 61.115704157108929 ], [ 14.698918708358335, 61.115706087548837 ], [ 14.699426716767357, 61.115784543454076 ], [ 14.701223946664093, 61.116152288714169 ], [ 14.702099798874288, 61.116332169771866 ], [ 14.702935129347336, 61.116506398984903 ], [ 14.70417839852594, 61.11677582351264 ] ] } },
{ "type": "Feature", "properties": { "objektidentitet": "94b2e88e-4533-4c6c-a4d8-a2e7893e5d2e", "skapad": "2026-03-17T21:00:01", "objekttypnr": 1807, "objekttyp": "Småväg enkel standard", "avfartsvag_pafartsvag": "Ingen information", "cirkulationsplats": "Nej", "bro_och_tunnel": "Ingen information", "gagata": "Nej", "bussgata": "Nej", "industrivag": "Nej", "gatunamn": null, "vardvagnummer": null, "gastvag1nummer": null, "gastvag2nummer": null, "alternativt_manér": "Nej", "vagutforande": null, "skoterkorning_tillaten": null, "ruskmarkering": null, "rotation": null, "trafikplatsnummer": null }, "geometry": { "type": "LineString", "coordinates": [ [ 14.661823357462733, 61.132823390702576 ], [ 14.661899964696993, 61.132960610503325 ], [ 14.662016150860959, 61.133207925131309 ], [ 14.662131932601653, 61.133455050412429 ], [ 14.662181508644943, 61.133562701350897 ], [ 14.662287402230252, 61.133718838443457 ], [ 14.662374689048574, 61.13381785712631 ], [ 14.662971301208696, 61.13434918791134 ], [ 14.663255694746358, 61.134575041515383 ], [ 14.663531979713889, 61.134802481242623 ], [ 14.663701764889574, 61.134944052577659 ], [ 14.663949601486999, 61.135158295114842 ], [ 14.664165036703668, 61.135350057458574 ] ] } },
{ "type": "Feature", "properties": { "objektidentitet": "8be92309-6d96-4e44-8fd6-32f58b12ada0", "skapad": "2026-03-17T21:00:01", "objekttypnr": 1805, "objekttyp": "Landsväg liten", "avfartsvag_pafartsvag": "Ingen information", "cirkulationsplats": "Nej", "bro_och_tunnel": "Ingen information", "gagata": "Nej", "bussgata": "Nej", "industrivag": "Nej", "gatunamn": null, "vardvagnummer": "992", "gastvag1nummer": null, "gastvag2nummer": null, "alternativt_manér": "Nej", "vagutforande": null, "skoterkorning_tillaten": null, "ruskmarkering": null, "rotation": null, "trafikplatsnummer": null }, "geometry": { "type": "LineString", "coordinates": [ [ 14.670931845279258, 61.131389433692597 ], [ 14.670864736997508, 61.131518936903255 ], [ 14.670749991052732, 61.131780118338916 ], [ 14.670661359835062, 61.132043670706821 ], [ 14.670630770489188, 61.132124944214425 ], [ 14.670531502941332, 61.132282918600694 ], [ 14.670383518254306, 61.13243169752333 ], [ 14.670296136995425, 61.132505389894554 ], [ 14.670094838847207, 61.132638749342668 ], [ 14.669842977234461, 61.132763599932581 ], [ 14.669335994162205, 61.132971158675211 ], [ 14.668962337539631, 61.133130516742533 ], [ 14.668462637467549, 61.1333506769992 ], [ 14.668065239872618, 61.133522723029486 ], [ 14.667664958292089, 61.133693180763871 ], [ 14.666811537866645, 61.134050014811763 ], [ 14.666131836451312, 61.134329506312682 ], [ 14.665227653353172, 61.134721461002499 ], [ 14.664784204524315, 61.134916725559073 ], [ 14.664591350512532, 61.135004822677708 ], [ 14.664486035874059, 61.135062208271329 ], [ 14.664404049803798, 61.135115431789707 ], [ 14.664336661550806, 61.135163062533074 ], [ 14.664272158463348, 61.135213528432878 ], [ 14.664228065218481, 61.135258406696039 ], [ 14.664192713338959, 61.135301906322169 ], [ 14.664165036703668, 61.135350057458574 ] ] } },
{ "type": "Feature", "properties": { "objektidentitet": "abf1e662-d727-4561-b3a1-a49b726855a6", "skapad": "2026-03-17T21:00:01", "objekttypnr": 1807, "objekttyp": "Småväg enkel standard", "avfartsvag_pafartsvag": "Ingen information", "cirkulationsplats": "Nej", "bro_och_tunnel": "Ingen information", "gagata": "Nej", "bussgata": "Nej", "industrivag": "Nej", "gatunamn": null, "vardvagnummer": null, "gastvag1nummer": null, "gastvag2nummer": null, "alternativt_manér": "Nej", "vagutforande": null, "skoterkorning_tillaten": null, "ruskmarkering": null, "rotation": null, "trafikplatsnummer": null }, "geometry": { "type": "LineString", "coordinates": [ [ 14.666456730411085, 61.124931173598334 ], [ 14.666485866753943, 61.124922976676146 ], [ 14.666566080379384, 61.124895962581036 ], [ 14.666627952355933, 61.124814524793649 ], [ 14.666917128094761, 61.124649165232206 ], [ 14.667220422343538, 61.124441805841002 ] ] } },
{ "type": "Feature", "properties": { "objektidentitet": "1f831d45-8925-4955-9174-0df274a2f7ee", "skapad": "2026-03-17T21:00:01", "objekttypnr": 1805, "objekttyp": "Landsväg liten", "avfartsvag_pafartsvag": "Ingen information", "cirkulationsplats": "Nej", "bro_och_tunnel": "Ingen information", "gagata": "Nej", "bussgata": "Nej", "industrivag": "Nej", "gatunamn": null, "vardvagnummer": "980", "gastvag1nummer": null, "gastvag2nummer": null, "alternativt_manér": "Nej", "vagutforande": null, "skoterkorning_tillaten": null, "ruskmarkering": null, "rotation": null, "trafikplatsnummer": null }, "geometry": { "type": "LineString", "coordinates": [ [ 14.667220422343538, 61.124441805841002 ], [ 14.668543077660125, 61.124850769790051 ], [ 14.668962524700612, 61.124978788005542 ], [ 14.66936828383181, 61.125116736980615 ], [ 14.669741726683027, 61.125274509484754 ], [ 14.670070563989476, 61.125453997517539 ], [ 14.670660671168195, 61.125888821678416 ] ] } },
{ "type": "Feature", "properties": { "objektidentitet": "113fb20f-746d-439e-b729-cbe626bdcf0c", "skapad": "2026-03-17T21:00:01", "objekttypnr": 1805, "objekttyp": "Landsväg liten", "avfartsvag_pafartsvag": "Ingen information", "cirkulationsplats": "Nej", "bro_och_tunnel": "Ingen information", "gagata": "Nej", "bussgata": "Nej", "industrivag": "Nej", "gatunamn": null, "vardvagnummer": "980", "gastvag1nummer": null, "gastvag2nummer": null, "alternativt_manér": "Nej", "vagutforande": null, "skoterkorning_tillaten": null, "ruskmarkering": null, "rotation": null, "trafikplatsnummer": null }, "geometry": { "type": "LineString", "coordinates": [ [ 14.670660671168195, 61.125888821678416 ], [ 14.67206317204746, 61.126912701003292 ] ] } },
{ "type": "Feature", "properties": { "objektidentitet": "42c2aa15-55f5-4182-a9f4-97c1356fdd7e", "skapad": "2026-03-17T21:00:01", "objekttypnr": 1807, "objekttyp": "Småväg enkel standard", "avfartsvag_pafartsvag": "Ingen information", "cirkulationsplats": "Nej", "bro_och_tunnel": "Ingen information", "gagata": "Nej", "bussgata": "Nej", "industrivag": "Nej", "gatunamn": null, "vardvagnummer": null, "gastvag1nummer": null, "gastvag2nummer": null, "alternativt_manér": "Nej", "vagutforande": null, "skoterkorning_tillaten": null, "ruskmarkering": null, "rotation": null, "trafikplatsnummer": null }, "geometry": { "type": "LineString", "coordinates": [ [ 14.67206317204746, 61.126912701003292 ], [ 14.672562828815522, 61.126802873814313 ], [ 14.672789092048937, 61.126763873719632 ], [ 14.67295394362745, 61.126728855067867 ] ] } },
{ "type": "Feature", "properties": { "objektidentitet": "c967ff75-3e22-42ec-947d-0a89cab41138", "skapad": "2026-03-17T21:00:01", "objekttypnr": 1805, "objekttyp": "Landsväg liten", "avfartsvag_pafartsvag": "Ingen information", "cirkulationsplats": "Nej", "bro_och_tunnel": "Ingen information", "gagata": "Nej", "bussgata": "Nej", "industrivag": "Nej", "gatunamn": null, "vardvagnummer": "980", "gastvag1nummer": null, "gastvag2nummer": null, "alternativt_manér": "Nej", "vagutforande": null, "skoterkorning_tillaten": null, "ruskmarkering": null, "rotation": null, "trafikplatsnummer": null }, "geometry": { "type": "LineString", "coordinates": [ [ 14.67206317204746, 61.126912701003292 ], [ 14.673101818687355, 61.127668641772928 ], [ 14.673665000070542, 61.128081661329524 ] ] } },
{ "type": "Feature", "properties": { "objektidentitet": "32065c31-4c57-4994-8923-6ccf87a3a146", "skapad": "2026-03-17T21:00:01", "objekttypnr": 1805, "objekttyp": "Landsväg liten", "avfartsvag_pafartsvag": "Ingen information", "cirkulationsplats": "Nej", "bro_och_tunnel": "Ingen information", "gagata": "Nej", "bussgata": "Nej", "industrivag": "Nej", "gatunamn": null, "vardvagnummer": "980", "gastvag1nummer": null, "gastvag2nummer": null, "alternativt_manér": "Nej", "vagutforande": null, "skoterkorning_tillaten": null, "ruskmarkering": null, "rotation": null, "trafikplatsnummer": null }, "geometry": { "type": "LineString", "coordinates": [ [ 14.673665000070542, 61.128081661329524 ], [ 14.674686775182607, 61.128824800361926 ] ] } },
{ "type": "Feature", "properties": { "objektidentitet": "332b1fbd-ee2f-4db7-a1a7-4b9cd83bda66", "skapad": "2026-03-17T21:00:01", "objekttypnr": 1807, "objekttyp": "Småväg enkel standard", "avfartsvag_pafartsvag": "Ingen information", "cirkulationsplats": "Nej", "bro_och_tunnel": "Ingen information", "gagata": "Nej", "bussgata": "Nej", "industrivag": "Nej", "gatunamn": null, "vardvagnummer": null, "gastvag1nummer": null, "gastvag2nummer": null, "alternativt_manér": "Nej", "vagutforande": null, "skoterkorning_tillaten": null, "ruskmarkering": null, "rotation": null, "trafikplatsnummer": null }, "geometry": { "type": "LineString", "coordinates": [ [ 14.673665000070542, 61.128081661329524 ], [ 14.674076684434977, 61.127922354789057 ], [ 14.674711172692891, 61.127697640846584 ], [ 14.674940059480038, 61.127624097183919 ], [ 14.675039411804056, 61.127593470247746 ], [ 14.675252552529656, 61.127531029402633 ], [ 14.675311246667135, 61.127518798937317 ], [ 14.67574380288359, 61.127400817612163 ], [ 14.675860664467207, 61.127380592360659 ] ] } },
{ "type": "Feature", "properties": { "objektidentitet": "b51ea151-505c-4e55-8cfb-00a7bac257ca", "skapad": "2026-03-17T21:00:01", "objekttypnr": 1807, "objekttyp": "Småväg enkel standard", "avfartsvag_pafartsvag": "Ingen information", "cirkulationsplats": "Nej", "bro_och_tunnel": "Ingen information", "gagata": "Nej", "bussgata": "Nej", "industrivag": "Nej", "gatunamn": null, "vardvagnummer": null, "gastvag1nummer": null, "gastvag2nummer": null, "alternativt_manér": "Nej", "vagutforande": null, "skoterkorning_tillaten": null, "ruskmarkering": null, "rotation": null, "trafikplatsnummer": null }, "geometry": { "type": "LineString", "coordinates": [ [ 14.674686775182607, 61.128824800361926 ], [ 14.675518575280257, 61.128560677627064 ], [ 14.675996414566407, 61.128443567126538 ], [ 14.676207817093818, 61.12840077327634 ], [ 14.676718280670585, 61.12832061917134 ], [ 14.676849329947776, 61.128305661099276 ], [ 14.677389204464662, 61.12826293120748 ] ] } },
{ "type": "Feature", "properties": { "objektidentitet": "8c56e84b-3862-4a1e-a0c7-db56820f1c88", "skapad": "2026-03-17T21:00:01", "objekttypnr": 1807, "objekttyp": "Småväg enkel standard", "avfartsvag_pafartsvag": "Ingen information", "cirkulationsplats": "Nej", "bro_och_tunnel": "Ingen information", "gagata": "Nej", "bussgata": "Nej", "industrivag": "Nej", "gatunamn": null, "vardvagnummer": null, "gastvag1nummer": null, "gastvag2nummer": null, "alternativt_manér": "Nej", "vagutforande": null, "skoterkorning_tillaten": null, "ruskmarkering": null, "rotation": null, "trafikplatsnummer": null }, "geometry": { "type": "LineString", "coordinates": [ [ 14.704119295122261, 61.123099146449256 ], [ 14.703322602480712, 61.123201338343158 ], [ 14.702757055643781, 61.123302748988863 ], [ 14.702245921412732, 61.12339488635665 ], [ 14.701734949670138, 61.123487165994639 ], [ 14.701053680986389, 61.123610175267608 ], [ 14.700561440444815, 61.123701441156399 ], [ 14.69941032327063, 61.123911375232346 ], [ 14.698600317501393, 61.124029785648361 ], [ 14.698126222668698, 61.124093189120707 ], [ 14.698044073582453, 61.124114067789286 ], [ 14.697639534127761, 61.124217567105838 ], [ 14.697239965047169, 61.124348386758051 ], [ 14.69687505333277, 61.124501880293991 ], [ 14.696087109239524, 61.124906600668105 ], [ 14.69523913285825, 61.125351787670567 ], [ 14.69408878821438, 61.125925063844747 ], [ 14.691039757144516, 61.127449667605966 ], [ 14.690431324060246, 61.127757885560037 ], [ 14.689492350476939, 61.128237788035996 ], [ 14.689159266655718, 61.128408427238448 ], [ 14.688485836347589, 61.128747128305797 ], [ 14.68813137298924, 61.128906592404121 ], [ 14.687718272135879, 61.129070463118623 ], [ 14.687272591100255, 61.129213159099685 ], [ 14.686300631889427, 61.129501762931675 ], [ 14.686023766100687, 61.129596061093146 ], [ 14.685689151351873, 61.129741819796834 ], [ 14.685386375862526, 61.129904063170855 ], [ 14.684943561241335, 61.130164951315471 ] ] } },
{ "type": "Feature", "properties": { "objektidentitet": "f3040392-8b99-4660-86c7-81f61027490b", "skapad": "2026-03-17T21:00:01", "objekttypnr": 1805, "objekttyp": "Landsväg liten", "avfartsvag_pafartsvag": "Ingen information", "cirkulationsplats": "Nej", "bro_och_tunnel": "Ingen information", "gagata": "Nej", "bussgata": "Nej", "industrivag": "Nej", "gatunamn": null, "vardvagnummer": "987", "gastvag1nummer": null, "gastvag2nummer": null, "alternativt_manér": "Nej", "vagutforande": null, "skoterkorning_tillaten": null, "ruskmarkering": null, "rotation": null, "trafikplatsnummer": null }, "geometry": { "type": "LineString", "coordinates": [ [ 14.694195102667946, 61.133730622214181 ], [ 14.694576548792028, 61.134100094227463 ], [ 14.695479504527595, 61.134897193805664 ], [ 14.695682591344045, 61.13508166862416 ] ] } },
{ "type": "Feature", "properties": { "objektidentitet": "8cc6e8ab-0fab-46a6-b70e-a430ecf08963", "skapad": "2026-03-17T21:00:01", "objekttypnr": 1805, "objekttyp": "Landsväg liten", "avfartsvag_pafartsvag": "Ingen information", "cirkulationsplats": "Nej", "bro_och_tunnel": "Ingen information", "gagata": "Nej", "bussgata": "Nej", "industrivag": "Nej", "gatunamn": null, "vardvagnummer": "980", "gastvag1nummer": null, "gastvag2nummer": null, "alternativt_manér": "Nej", "vagutforande": null, "skoterkorning_tillaten": null, "ruskmarkering": null, "rotation": null, "trafikplatsnummer": null }, "geometry": { "type": "LineString", "coordinates": [ [ 14.694195102667946, 61.133730622214181 ], [ 14.695141880466199, 61.133920466623522 ], [ 14.696256224295263, 61.134141195777175 ], [ 14.697698184194302, 61.134421120713171 ], [ 14.698533529561558, 61.134580939665547 ], [ 14.699380460062688, 61.134753509960014 ] ] } },
{ "type": "Feature", "properties": { "objektidentitet": "d7a2bf2a-912f-4df7-b6a9-2bbe3a0553a4", "skapad": "2026-03-17T21:00:01", "objekttypnr": 1805, "objekttyp": "Landsväg liten", "avfartsvag_pafartsvag": "Ingen information", "cirkulationsplats": "Nej", "bro_och_tunnel": "Ingen information", "gagata": "Nej", "bussgata": "Nej", "industrivag": "Nej", "gatunamn": null, "vardvagnummer": "987", "gastvag1nummer": null, "gastvag2nummer": null, "alternativt_manér": "Nej", "vagutforande": null, "skoterkorning_tillaten": null, "ruskmarkering": null, "rotation": null, "trafikplatsnummer": null }, "geometry": { "type": "LineString", "coordinates": [ [ 14.695682591344045, 61.13508166862416 ], [ 14.696071744352501, 61.135437121169211 ], [ 14.696232806268908, 61.135578281685454 ] ] } },
{ "type": "Feature", "properties": { "objektidentitet": "7aa0672c-9e26-4b24-967c-bbf7ae4379ca", "skapad": "2026-03-17T21:00:01", "objekttypnr": 1807, "objekttyp": "Småväg enkel standard", "avfartsvag_pafartsvag": "Ingen information", "cirkulationsplats": "Nej", "bro_och_tunnel": "Ingen information", "gagata": "Nej", "bussgata": "Nej", "industrivag": "Nej", "gatunamn": null, "vardvagnummer": null, "gastvag1nummer": null, "gastvag2nummer": null, "alternativt_manér": "Nej", "vagutforande": null, "skoterkorning_tillaten": null, "ruskmarkering": null, "rotation": null, "trafikplatsnummer": null }, "geometry": { "type": "LineString", "coordinates": [ [ 14.696533271049759, 61.135434188971509 ], [ 14.696726705728334, 61.135257131518046 ], [ 14.69681380172749, 61.135223049546966 ], [ 14.696923551460388, 61.135212171806018 ], [ 14.697487931787327, 61.135218175164034 ], [ 14.697887495609496, 61.135176055125548 ], [ 14.698373652491046, 61.135088062078609 ], [ 14.698573735450125, 61.135040135594053 ], [ 14.698919042413991, 61.134933359372731 ], [ 14.699380460062688, 61.134753509960014 ] ] } },
{ "type": "Feature", "properties": { "objektidentitet": "7f4f3b52-3967-4aca-b8b1-72b2b25f0219", "skapad": "2026-03-17T21:00:01", "objekttypnr": 1805, "objekttyp": "Landsväg liten", "avfartsvag_pafartsvag": "Ingen information", "cirkulationsplats": "Nej", "bro_och_tunnel": "Ingen information", "gagata": "Nej", "bussgata": "Nej", "industrivag": "Nej", "gatunamn": null, "vardvagnummer": "980", "gastvag1nummer": null, "gastvag2nummer": null, "alternativt_manér": "Nej", "vagutforande": null, "skoterkorning_tillaten": null, "ruskmarkering": null, "rotation": null, "trafikplatsnummer": null }, "geometry": { "type": "LineString", "coordinates": [ [ 14.699380460062688, 61.134753509960014 ], [ 14.700369674562616, 61.134946966835969 ], [ 14.701695057693266, 61.135203688538759 ] ] } },
{ "type": "Feature", "properties": { "objektidentitet": "b10b1780-691a-43ff-b8d1-7c6986a63374", "skapad": "2026-03-17T21:00:01", "objekttypnr": 1805, "objekttyp": "Landsväg liten", "avfartsvag_pafartsvag": "Ingen information", "cirkulationsplats": "Nej", "bro_och_tunnel": "Ingen information", "gagata": "Nej", "bussgata": "Nej", "industrivag": "Nej", "gatunamn": null, "vardvagnummer": "980", "gastvag1nummer": null, "gastvag2nummer": null, "alternativt_manér": "Nej", "vagutforande": null, "skoterkorning_tillaten": null, "ruskmarkering": null, "rotation": null, "trafikplatsnummer": null }, "geometry": { "type": "LineString", "coordinates": [ [ 14.701695057693266, 61.135203688538759 ], [ 14.70273728228897, 61.135402389159772 ], [ 14.703890996398695, 61.135627792528211 ], [ 14.704001900917776, 61.135650207151755 ] ] } },
{ "type": "Feature", "properties": { "objektidentitet": "4d079eab-c384-4ed8-964b-c418e1105000", "skapad": "2026-03-17T21:00:01", "objekttypnr": 1807, "objekttyp": "Småväg enkel standard", "avfartsvag_pafartsvag": "Ingen information", "cirkulationsplats": "Nej", "bro_och_tunnel": "Ingen information", "gagata": "Nej", "bussgata": "Nej", "industrivag": "Nej", "gatunamn": null, "vardvagnummer": null, "gastvag1nummer": null, "gastvag2nummer": null, "alternativt_manér": "Nej", "vagutforande": null, "skoterkorning_tillaten": null, "ruskmarkering": null, "rotation": null, "trafikplatsnummer": null }, "geometry": { "type": "LineString", "coordinates": [ [ 14.695682591344045, 61.13508166862416 ], [ 14.696066363206068, 61.135239624488811 ], [ 14.696533271049759, 61.135434188971509 ] ] } },
{ "type": "Feature", "properties": { "objektidentitet": "a7c369ec-039d-40d1-9616-5c46bd17167d", "skapad": "2026-03-17T21:00:01", "objekttypnr": 1807, "objekttyp": "Småväg enkel standard", "avfartsvag_pafartsvag": "Ingen information", "cirkulationsplats": "Nej", "bro_och_tunnel": "Ingen information", "gagata": "Nej", "bussgata": "Nej", "industrivag": "Nej", "gatunamn": null, "vardvagnummer": null, "gastvag1nummer": null, "gastvag2nummer": null, "alternativt_manér": "Nej", "vagutforande": null, "skoterkorning_tillaten": null, "ruskmarkering": null, "rotation": null, "trafikplatsnummer": null }, "geometry": { "type": "LineString", "coordinates": [ [ 14.696232806268908, 61.135578281685454 ], [ 14.696449594664445, 61.135485264401837 ], [ 14.696533271049759, 61.135434188971509 ] ] } },
{ "type": "Feature", "properties": { "objektidentitet": "9af5d01a-5728-4c67-9445-4daec4797b9b", "skapad": "2026-03-17T21:00:01", "objekttypnr": 1805, "objekttyp": "Landsväg liten", "avfartsvag_pafartsvag": "Ingen information", "cirkulationsplats": "Nej", "bro_och_tunnel": "Ingen information", "gagata": "Nej", "bussgata": "Nej", "industrivag": "Nej", "gatunamn": null, "vardvagnummer": "992", "gastvag1nummer": null, "gastvag2nummer": null, "alternativt_manér": "Nej", "vagutforande": null, "skoterkorning_tillaten": null, "ruskmarkering": null, "rotation": null, "trafikplatsnummer": null }, "geometry": { "type": "LineString", "coordinates": [ [ 14.664165036703668, 61.135350057458574 ], [ 14.664124249761457, 61.13545076805962 ], [ 14.664105885165977, 61.135536487276262 ], [ 14.664096366917088, 61.135610979614796 ], [ 14.66409861014273, 61.135674260533335 ], [ 14.664112395148559, 61.135745291432684 ], [ 14.664137725288271, 61.135825499209943 ], [ 14.664185899661824, 61.135943721816467 ], [ 14.664242465977608, 61.136093602899251 ], [ 14.664310522339475, 61.136256153390576 ], [ 14.664370001322105, 61.136408151563771 ], [ 14.664383887814235, 61.136467942337397 ], [ 14.664389073242143, 61.136527011233539 ], [ 14.664387407135267, 61.136582534809747 ], [ 14.664381881418525, 61.136657036784527 ], [ 14.664369451979764, 61.136732931266494 ], [ 14.664342494293544, 61.136805970719969 ], [ 14.664299799967015, 61.136879797180356 ] ] } },
{ "type": "Feature", "properties": { "objektidentitet": "ce102ee2-dd43-432b-be87-f658982730f3", "skapad": "2026-03-17T21:00:01", "objekttypnr": 1807, "objekttyp": "Småväg enkel standard", "avfartsvag_pafartsvag": "Ingen information", "cirkulationsplats": "Nej", "bro_och_tunnel": "Ingen information", "gagata": "Nej", "bussgata": "Nej", "industrivag": "Nej", "gatunamn": null, "vardvagnummer": null, "gastvag1nummer": null, "gastvag2nummer": null, "alternativt_manér": "Nej", "vagutforande": null, "skoterkorning_tillaten": null, "ruskmarkering": null, "rotation": null, "trafikplatsnummer": null }, "geometry": { "type": "LineString", "coordinates": [ [ 14.665302868588208, 61.137201460601226 ], [ 14.66498176740156, 61.137082087354571 ], [ 14.664761719465893, 61.13700682012356 ], [ 14.664631330918397, 61.13696604293262 ], [ 14.664526825746345, 61.136934262933799 ], [ 14.664299799967015, 61.136879797180356 ] ] } },
{ "type": "Feature", "properties": { "objektidentitet": "0cc867b9-7b85-4455-848c-173895c3406c", "skapad": "2026-03-17T21:00:01", "objekttypnr": 1807, "objekttyp": "Småväg enkel standard", "avfartsvag_pafartsvag": "Ingen information", "cirkulationsplats": "Nej", "bro_och_tunnel": "Ingen information", "gagata": "Nej", "bussgata": "Nej", "industrivag": "Nej", "gatunamn": null, "vardvagnummer": null, "gastvag1nummer": null, "gastvag2nummer": null, "alternativt_manér": "Nej", "vagutforande": null, "skoterkorning_tillaten": null, "ruskmarkering": null, "rotation": null, "trafikplatsnummer": null }, "geometry": { "type": "LineString", "coordinates": [ [ 14.665302868588208, 61.137201460601226 ], [ 14.665544305310517, 61.137052478535736 ], [ 14.665920589931149, 61.136838443498 ], [ 14.665985677898593, 61.136808295044105 ], [ 14.666059720091253, 61.136775987221398 ], [ 14.666132511216556, 61.136746091138832 ], [ 14.666211353166537, 61.136714701678542 ], [ 14.666314416657647, 61.136679053692063 ], [ 14.666449494591276, 61.136643259882 ], [ 14.6681056353926, 61.136337238947704 ], [ 14.668772845130189, 61.13622640878414 ], [ 14.668904849992968, 61.136196359973837 ], [ 14.66900617888097, 61.136169872001318 ], [ 14.669093948654547, 61.136143718751612 ], [ 14.669172496252097, 61.136120514768479 ], [ 14.669218687912869, 61.13610168438462 ], [ 14.669262522470161, 61.136080981044337 ], [ 14.669302387620084, 61.136054540145416 ], [ 14.669347211177417, 61.13602269748975 ], [ 14.669480882572161, 61.135904122130249 ], [ 14.669727106619529, 61.13564770683513 ], [ 14.669886555677238, 61.135471466496654 ], [ 14.670086441710817, 61.13525633407653 ], [ 14.670188729843041, 61.135169525740864 ], [ 14.670352827280704, 61.135036730914557 ], [ 14.670413728244254, 61.134992412174029 ], [ 14.670485506867252, 61.134943083305956 ], [ 14.670661638869472, 61.134838328120239 ], [ 14.671454139725, 61.134484563155894 ], [ 14.671769927954704, 61.134337357418843 ], [ 14.671857600654073, 61.134291226474481 ], [ 14.671922205454493, 61.134252904438476 ], [ 14.671964852412495, 61.134219179417336 ], [ 14.672010520882232, 61.134185919528989 ], [ 14.672051941396569, 61.134152281373161 ], [ 14.672073407331132, 61.134128811592085 ], [ 14.672097270008372, 61.13409089320637 ], [ 14.672295825470263, 61.133679293006345 ], [ 14.672324178657158, 61.133639760474061 ], [ 14.672437385489232, 61.133580439902147 ], [ 14.672574694405638, 61.133531645824405 ], [ 14.67275792254361, 61.133478976250636 ], [ 14.673181200908056, 61.133392654192789 ], [ 14.67360477120144, 61.133315596729695 ], [ 14.673868204585057, 61.133270310560484 ], [ 14.674385943648112, 61.133171616393454 ], [ 14.675026664305387, 61.133015372014803 ], [ 14.675306530073426, 61.132929794174792 ], [ 14.67557529200087, 61.132833280858662 ], [ 14.675927646112958, 61.132670935666404 ], [ 14.67621615016542, 61.132482760385777 ] ] } },
{ "type": "Feature", "properties": { "objektidentitet": "ebdc5afe-14c2-4fc0-8c33-628940ccecaf", "skapad": "2026-03-17T21:00:01", "objekttypnr": 1807, "objekttyp": "Småväg enkel standard", "avfartsvag_pafartsvag": "Ingen information", "cirkulationsplats": "Nej", "bro_och_tunnel": "Ingen information", "gagata": "Nej", "bussgata": "Nej", "industrivag": "Nej", "gatunamn": null, "vardvagnummer": null, "gastvag1nummer": null, "gastvag2nummer": null, "alternativt_manér": "Nej", "vagutforande": null, "skoterkorning_tillaten": null, "ruskmarkering": null, "rotation": null, "trafikplatsnummer": null }, "geometry": { "type": "LineString", "coordinates": [ [ 14.701695057693266, 61.135203688538759 ], [ 14.701788081594149, 61.135513214190247 ], [ 14.701761552823786, 61.135579582546093 ], [ 14.701750921544336, 61.135604292969006 ], [ 14.702251406174287, 61.136122192618217 ] ] } },
{ "type": "Feature", "properties": { "objektidentitet": "cd4ad1f3-fc22-4f50-81c7-9b0048fc01b7", "skapad": "2026-03-17T21:00:01", "objekttypnr": 1805, "objekttyp": "Landsväg liten", "avfartsvag_pafartsvag": "Ingen information", "cirkulationsplats": "Nej", "bro_och_tunnel": "Ingen information", "gagata": "Nej", "bussgata": "Nej", "industrivag": "Nej", "gatunamn": null, "vardvagnummer": "987", "gastvag1nummer": null, "gastvag2nummer": null, "alternativt_manér": "Nej", "vagutforande": null, "skoterkorning_tillaten": null, "ruskmarkering": null, "rotation": null, "trafikplatsnummer": null }, "geometry": { "type": "LineString", "coordinates": [ [ 14.696232806268908, 61.135578281685454 ], [ 14.696757541395964, 61.136040270520695 ], [ 14.697196440690902, 61.136444760286523 ] ] } },
{ "type": "Feature", "properties": { "objektidentitet": "b6ab12de-5527-46e3-9f5d-b0a6e9e38a08", "skapad": "2026-03-17T21:00:01", "objekttypnr": 1807, "objekttyp": "Småväg enkel standard", "avfartsvag_pafartsvag": "Ingen information", "cirkulationsplats": "Nej", "bro_och_tunnel": "Ingen information", "gagata": "Nej", "bussgata": "Nej", "industrivag": "Nej", "gatunamn": null, "vardvagnummer": null, "gastvag1nummer": null, "gastvag2nummer": null, "alternativt_manér": "Nej", "vagutforande": null, "skoterkorning_tillaten": null, "ruskmarkering": null, "rotation": null, "trafikplatsnummer": null }, "geometry": { "type": "LineString", "coordinates": [ [ 14.679036454396858, 61.131338040648401 ], [ 14.679067883184718, 61.131294465113122 ], [ 14.679177411355866, 61.131200332150428 ], [ 14.679239543442211, 61.131142527846407 ], [ 14.679408904900827, 61.130958965051917 ], [ 14.679620678351741, 61.130719408998132 ], [ 14.679683361979748, 61.130661964710093 ], [ 14.679850133451671, 61.13050632511564 ], [ 14.679926361365244, 61.130440473877137 ], [ 14.680182886103587, 61.130236027423841 ], [ 14.680396945259631, 61.130094441540749 ], [ 14.68070010570632, 61.129907808363484 ], [ 14.680737434145396, 61.129888172293128 ], [ 14.681076548298403, 61.129703660980617 ], [ 14.681541878383769, 61.129441985803957 ], [ 14.681752249620558, 61.129320741771927 ], [ 14.681883071308901, 61.129236263022023 ], [ 14.682196641782129, 61.12901883030797 ], [ 14.68247741867299, 61.128798150494845 ], [ 14.68249197949442, 61.128777167588773 ], [ 14.682553483558442, 61.128708712564205 ], [ 14.682583217446856, 61.128677898647126 ] ] } },
{ "type": "Feature", "properties": { "objektidentitet": "8ce507dd-798f-488f-aff1-94e6ab7f5fe3", "skapad": "2026-03-17T21:00:01", "objekttypnr": 1805, "objekttyp": "Landsväg liten", "avfartsvag_pafartsvag": "Ingen information", "cirkulationsplats": "Nej", "bro_och_tunnel": "Ingen information", "gagata": "Nej", "bussgata": "Nej", "industrivag": "Nej", "gatunamn": null, "vardvagnummer": "980", "gastvag1nummer": null, "gastvag2nummer": null, "alternativt_manér": "Nej", "vagutforande": null, "skoterkorning_tillaten": null, "ruskmarkering": null, "rotation": null, "trafikplatsnummer": null }, "geometry": { "type": "LineString", "coordinates": [ [ 14.674686775182607, 61.128824800361926 ], [ 14.675177438941908, 61.12917890605307 ], [ 14.67687505279198, 61.130418703791172 ], [ 14.677063272662403, 61.130556594357628 ], [ 14.677332989267359, 61.13076265015092 ], [ 14.677642745878899, 61.130955073805595 ], [ 14.677807054478308, 61.131036965740243 ] ] } },
{ "type": "Feature", "properties": { "objektidentitet": "db147ee0-b7b7-445a-9fca-057150183ad0", "skapad": "2026-03-17T21:00:01", "objekttypnr": 1807, "objekttyp": "Småväg enkel standard", "avfartsvag_pafartsvag": "Ingen information", "cirkulationsplats": "Nej", "bro_och_tunnel": "Ingen information", "gagata": "Nej", "bussgata": "Nej", "industrivag": "Nej", "gatunamn": null, "vardvagnummer": null, "gastvag1nummer": null, "gastvag2nummer": null, "alternativt_manér": "Nej", "vagutforande": null, "skoterkorning_tillaten": null, "ruskmarkering": null, "rotation": null, "trafikplatsnummer": null }, "geometry": { "type": "LineString", "coordinates": [ [ 14.677807054478308, 61.131036965740243 ], [ 14.677927057525169, 61.130795021081028 ], [ 14.677993881637626, 61.130694090213922 ], [ 14.67822900451176, 61.130527186422043 ], [ 14.678374578189382, 61.130426586195469 ], [ 14.678422845555163, 61.130311793867349 ], [ 14.678363355863382, 61.130222933864211 ], [ 14.678276356977667, 61.130029560304578 ], [ 14.678268425542738, 61.129916771153894 ], [ 14.678353116413554, 61.129822130996985 ], [ 14.678458262730384, 61.129609050303721 ], [ 14.678538879402875, 61.129467607956364 ], [ 14.678542828702092, 61.129287199219064 ], [ 14.678543951696216, 61.129269847931617 ] ] } },
{ "type": "Feature", "properties": { "objektidentitet": "62b3f6dd-7bd6-4f1b-86e1-bbd1d6c81be9", "skapad": "2026-03-17T21:00:01", "objekttypnr": 1805, "objekttyp": "Landsväg liten", "avfartsvag_pafartsvag": "Ingen information", "cirkulationsplats": "Nej", "bro_och_tunnel": "Ingen information", "gagata": "Nej", "bussgata": "Nej", "industrivag": "Nej", "gatunamn": null, "vardvagnummer": "991", "gastvag1nummer": null, "gastvag2nummer": null, "alternativt_manér": "Nej", "vagutforande": null, "skoterkorning_tillaten": null, "ruskmarkering": null, "rotation": null, "trafikplatsnummer": null }, "geometry": { "type": "LineString", "coordinates": [ [ 14.66330065858387, 61.12935443860701 ], [ 14.663369127770377, 61.129369934124874 ], [ 14.66371044768696, 61.129482978524635 ], [ 14.664040225398361, 61.129669216785693 ], [ 14.664323467929835, 61.129872585074715 ], [ 14.664527330944155, 61.130014482261288 ], [ 14.664855044190913, 61.130219548766746 ], [ 14.664964683127808, 61.130279917801658 ], [ 14.665330773184676, 61.130443205627806 ], [ 14.665676751902636, 61.130554613749965 ] ] } },
{ "type": "Feature", "properties": { "objektidentitet": "ace80bfc-6b20-4a13-a80a-59ff5e2755a4", "skapad": "2026-03-17T21:00:01", "objekttypnr": 1807, "objekttyp": "Småväg enkel standard", "avfartsvag_pafartsvag": "Ingen information", "cirkulationsplats": "Nej", "bro_och_tunnel": "Ingen information", "gagata": "Nej", "bussgata": "Nej", "industrivag": "Nej", "gatunamn": null, "vardvagnummer": null, "gastvag1nummer": null, "gastvag2nummer": null, "alternativt_manér": "Nej", "vagutforande": null, "skoterkorning_tillaten": null, "ruskmarkering": null, "rotation": null, "trafikplatsnummer": null }, "geometry": { "type": "LineString", "coordinates": [ [ 14.684943561241335, 61.130164951315471 ], [ 14.684637168224729, 61.129951759845213 ], [ 14.684439320039274, 61.129804609991908 ], [ 14.684351606252992, 61.129776089456442 ], [ 14.684305451109966, 61.129776314105619 ], [ 14.684247819318719, 61.129782481998738 ], [ 14.68419791574898, 61.129790005481276 ], [ 14.683831575032297, 61.12990291661022 ], [ 14.683607297552882, 61.13000051089881 ], [ 14.683311261148166, 61.130103951844859 ] ] } },
{ "type": "Feature", "properties": { "objektidentitet": "27c9d56b-5ece-430a-81c4-ba44a6e8441e", "skapad": "2026-03-17T21:00:01", "objekttypnr": 1807, "objekttyp": "Småväg enkel standard", "avfartsvag_pafartsvag": "Ingen information", "cirkulationsplats": "Nej", "bro_och_tunnel": "Ingen information", "gagata": "Nej", "bussgata": "Nej", "industrivag": "Nej", "gatunamn": null, "vardvagnummer": null, "gastvag1nummer": null, "gastvag2nummer": null, "alternativt_manér": "Nej", "vagutforande": null, "skoterkorning_tillaten": null, "ruskmarkering": null, "rotation": null, "trafikplatsnummer": null }, "geometry": { "type": "LineString", "coordinates": [ [ 14.684943561241335, 61.130164951315471 ], [ 14.684858489607047, 61.130215836918509 ], [ 14.68461458635506, 61.130352835467605 ], [ 14.684355528027618, 61.130482786504011 ], [ 14.683764862282896, 61.130747024525235 ], [ 14.682888211932212, 61.131097055330542 ] ] } },
{ "type": "Feature", "properties": { "objektidentitet": "26691f63-4742-46ee-b7d2-e014b9d5ee2b", "skapad": "2026-03-17T21:00:01", "objekttypnr": 1805, "objekttyp": "Landsväg liten", "avfartsvag_pafartsvag": "Ingen information", "cirkulationsplats": "Nej", "bro_och_tunnel": "Ingen information", "gagata": "Nej", "bussgata": "Nej", "industrivag": "Nej", "gatunamn": null, "vardvagnummer": "991", "gastvag1nummer": null, "gastvag2nummer": null, "alternativt_manér": "Nej", "vagutforande": null, "skoterkorning_tillaten": null, "ruskmarkering": null, "rotation": null, "trafikplatsnummer": null }, "geometry": { "type": "LineString", "coordinates": [ [ 14.665676751902636, 61.130554613749965 ], [ 14.665745322464698, 61.130576689059119 ], [ 14.666198042869722, 61.130677056415323 ], [ 14.66655281275496, 61.130747563251468 ], [ 14.666901273138347, 61.130810907097377 ], [ 14.667274813319469, 61.13087283934712 ], [ 14.667641376363033, 61.130927490458987 ], [ 14.668011172057758, 61.130976752998066 ], [ 14.669180747040516, 61.131139656150012 ], [ 14.670931845279258, 61.131389433692597 ] ] } },
{ "type": "Feature", "properties": { "objektidentitet": "6141f30f-16be-4a9c-87f4-df27a8bb5bab", "skapad": "2026-03-17T21:00:01", "objekttypnr": 1807, "objekttyp": "Småväg enkel standard", "avfartsvag_pafartsvag": "Ingen information", "cirkulationsplats": "Nej", "bro_och_tunnel": "Ingen information", "gagata": "Nej", "bussgata": "Nej", "industrivag": "Nej", "gatunamn": null, "vardvagnummer": null, "gastvag1nummer": null, "gastvag2nummer": null, "alternativt_manér": "Nej", "vagutforande": null, "skoterkorning_tillaten": null, "ruskmarkering": null, "rotation": null, "trafikplatsnummer": null }, "geometry": { "type": "LineString", "coordinates": [ [ 14.665676751902636, 61.130554613749965 ], [ 14.665400165641113, 61.130757950878888 ], [ 14.665264794329142, 61.130836001205388 ], [ 14.66501692784456, 61.130951345044508 ], [ 14.664841833241052, 61.131023272843805 ], [ 14.664740411214789, 61.131063277885005 ], [ 14.66447260189743, 61.131166289833764 ], [ 14.664196924160624, 61.131265286532589 ], [ 14.663839465305955, 61.131390124150272 ], [ 14.663500496830553, 61.131525331518475 ], [ 14.663097914146247, 61.131727120356985 ], [ 14.66288787114105, 61.131812784242385 ], [ 14.662771681398059, 61.131933156526863 ], [ 14.662547685648454, 61.132129140314937 ], [ 14.662359531636499, 61.132338042342369 ], [ 14.662101995340569, 61.132612614536789 ], [ 14.661986765866866, 61.132717277095743 ], [ 14.661823357462733, 61.132823390702576 ] ] } },
{ "type": "Feature", "properties": { "objektidentitet": "2c340e7f-9d33-41f0-b016-700ffffb67d9", "skapad": "2026-03-17T21:00:01", "objekttypnr": 1805, "objekttyp": "Landsväg liten", "avfartsvag_pafartsvag": "Ingen information", "cirkulationsplats": "Nej", "bro_och_tunnel": "Ingen information", "gagata": "Nej", "bussgata": "Nej", "industrivag": "Nej", "gatunamn": null, "vardvagnummer": "980", "gastvag1nummer": null, "gastvag2nummer": null, "alternativt_manér": "Nej", "vagutforande": null, "skoterkorning_tillaten": null, "ruskmarkering": null, "rotation": null, "trafikplatsnummer": null }, "geometry": { "type": "LineString", "coordinates": [ [ 14.677807054478308, 61.131036965740243 ], [ 14.677872759614058, 61.13106972948264 ], [ 14.67802595707685, 61.131130676250535 ], [ 14.678212522531707, 61.131189395288679 ] ] } },
{ "type": "Feature", "properties": { "objektidentitet": "32ec1097-7d0e-444c-9085-78eef91720d7", "skapad": "2026-03-17T21:00:01", "objekttypnr": 1807, "objekttyp": "Småväg enkel standard", "avfartsvag_pafartsvag": "Ingen information", "cirkulationsplats": "Nej", "bro_och_tunnel": "Ingen information", "gagata": "Nej", "bussgata": "Nej", "industrivag": "Nej", "gatunamn": null, "vardvagnummer": null, "gastvag1nummer": null, "gastvag2nummer": null, "alternativt_manér": "Nej", "vagutforande": null, "skoterkorning_tillaten": null, "ruskmarkering": null, "rotation": null, "trafikplatsnummer": null }, "geometry": { "type": "LineString", "coordinates": [ [ 14.682888211932212, 61.131097055330542 ], [ 14.683344625107505, 61.131109131202614 ], [ 14.683795642085865, 61.131118750657997 ], [ 14.684021183663715, 61.131123973062081 ], [ 14.684475545213623, 61.131133346820775 ], [ 14.684930012908124, 61.13113954112287 ], [ 14.685157300997879, 61.131140923118622 ], [ 14.685539371848272, 61.131136820006908 ] ] } },
{ "type": "Feature", "properties": { "objektidentitet": "efa8bfda-68a4-4b43-906e-e1a42fbd4279", "skapad": "2026-03-17T21:00:01", "objekttypnr": 1807, "objekttyp": "Småväg enkel standard", "avfartsvag_pafartsvag": "Ingen information", "cirkulationsplats": "Nej", "bro_och_tunnel": "Ingen information", "gagata": "Nej", "bussgata": "Nej", "industrivag": "Nej", "gatunamn": null, "vardvagnummer": null, "gastvag1nummer": null, "gastvag2nummer": null, "alternativt_manér": "Nej", "vagutforande": null, "skoterkorning_tillaten": null, "ruskmarkering": null, "rotation": null, "trafikplatsnummer": null }, "geometry": { "type": "LineString", "coordinates": [ [ 14.682888211932212, 61.131097055330542 ], [ 14.682830797699379, 61.131120137340986 ], [ 14.682269377512407, 61.131355636535872 ], [ 14.681925029786248, 61.13150931757967 ], [ 14.681660688183561, 61.131616115282284 ] ] } },
{ "type": "Feature", "properties": { "objektidentitet": "6532a4d5-a08f-4834-8688-ca90d667c44e", "skapad": "2026-03-17T21:00:01", "objekttypnr": 1805, "objekttyp": "Landsväg liten", "avfartsvag_pafartsvag": "Ingen information", "cirkulationsplats": "Nej", "bro_och_tunnel": "Ingen information", "gagata": "Nej", "bussgata": "Nej", "industrivag": "Nej", "gatunamn": null, "vardvagnummer": "980", "gastvag1nummer": null, "gastvag2nummer": null, "alternativt_manér": "Nej", "vagutforande": null, "skoterkorning_tillaten": null, "ruskmarkering": null, "rotation": null, "trafikplatsnummer": null }, "geometry": { "type": "LineString", "coordinates": [ [ 14.678212522531707, 61.131189395288679 ], [ 14.678321138102882, 61.131223571584862 ], [ 14.678518907953471, 61.131270537849197 ], [ 14.679036454396858, 61.131338040648401 ] ] } },
{ "type": "Feature", "properties": { "objektidentitet": "a4725698-4ca0-4cb8-8f9b-67a70cb7e5e6", "skapad": "2026-03-17T21:00:01", "objekttypnr": 1807, "objekttyp": "Småväg enkel standard", "avfartsvag_pafartsvag": "Ingen information", "cirkulationsplats": "Nej", "bro_och_tunnel": "Ingen information", "gagata": "Nej", "bussgata": "Nej", "industrivag": "Nej", "gatunamn": null, "vardvagnummer": null, "gastvag1nummer": null, "gastvag2nummer": null, "alternativt_manér": "Nej", "vagutforande": null, "skoterkorning_tillaten": null, "ruskmarkering": null, "rotation": null, "trafikplatsnummer": null }, "geometry": { "type": "LineString", "coordinates": [ [ 14.677483261330631, 61.132000931213696 ], [ 14.677540286607249, 61.13196187909741 ], [ 14.677692154546067, 61.131869437324909 ], [ 14.677885580942029, 61.131701393680338 ], [ 14.677978421417933, 61.131587381080926 ], [ 14.67812289342934, 61.131345629300618 ], [ 14.678212522531707, 61.131189395288679 ] ] } },
{ "type": "Feature", "properties": { "objektidentitet": "7e89994b-cc61-4217-9276-bed16350ea3b", "skapad": "2026-03-17T21:00:01", "objekttypnr": 1805, "objekttyp": "Landsväg liten", "avfartsvag_pafartsvag": "Ingen information", "cirkulationsplats": "Nej", "bro_och_tunnel": "Ingen information", "gagata": "Nej", "bussgata": "Nej", "industrivag": "Nej", "gatunamn": null, "vardvagnummer": "980", "gastvag1nummer": null, "gastvag2nummer": null, "alternativt_manér": "Nej", "vagutforande": null, "skoterkorning_tillaten": null, "ruskmarkering": null, "rotation": null, "trafikplatsnummer": null }, "geometry": { "type": "LineString", "coordinates": [ [ 14.679036454396858, 61.131338040648401 ], [ 14.679549768894811, 61.131376344804671 ], [ 14.679868531973341, 61.131396195048417 ] ] } },
{ "type": "Feature", "properties": { "objektidentitet": "dd2546c8-348f-4ed5-b33b-825803d66065", "skapad": "2026-03-17T21:00:01", "objekttypnr": 1805, "objekttyp": "Landsväg liten", "avfartsvag_pafartsvag": "Ingen information", "cirkulationsplats": "Nej", "bro_och_tunnel": "Ingen information", "gagata": "Nej", "bussgata": "Nej", "industrivag": "Nej", "gatunamn": null, "vardvagnummer": "980", "gastvag1nummer": null, "gastvag2nummer": null, "alternativt_manér": "Nej", "vagutforande": null, "skoterkorning_tillaten": null, "ruskmarkering": null, "rotation": null, "trafikplatsnummer": null }, "geometry": { "type": "LineString", "coordinates": [ [ 14.679868531973341, 61.131396195048417 ], [ 14.680615994257149, 61.131442751939908 ], [ 14.680933664606231, 61.131464311938579 ], [ 14.681240117919391, 61.131510201662593 ], [ 14.681437077862817, 61.131551523489215 ], [ 14.681660688183561, 61.131616115282284 ] ] } },
{ "type": "Feature", "properties": { "objektidentitet": "b346918b-ab7a-42be-8db5-eec101bc4797", "skapad": "2026-03-17T21:00:01", "objekttypnr": 1807, "objekttyp": "Småväg enkel standard", "avfartsvag_pafartsvag": "Ingen information", "cirkulationsplats": "Nej", "bro_och_tunnel": "Ingen information", "gagata": "Nej", "bussgata": "Nej", "industrivag": "Nej", "gatunamn": null, "vardvagnummer": null, "gastvag1nummer": null, "gastvag2nummer": null, "alternativt_manér": "Nej", "vagutforande": null, "skoterkorning_tillaten": null, "ruskmarkering": null, "rotation": null, "trafikplatsnummer": null }, "geometry": { "type": "LineString", "coordinates": [ [ 14.679868531973341, 61.131396195048417 ], [ 14.679905335153913, 61.131650739943524 ], [ 14.679949899498006, 61.131908966301097 ], [ 14.679904676438222, 61.131980080370305 ], [ 14.679839295858049, 61.13213502623956 ], [ 14.67965651979004, 61.132267815164141 ] ] } },
{ "type": "Feature", "properties": { "objektidentitet": "ed3a9a52-fdbe-4990-ae21-e131d665b093", "skapad": "2026-03-17T21:00:01", "objekttypnr": 1805, "objekttyp": "Landsväg liten", "avfartsvag_pafartsvag": "Ingen information", "cirkulationsplats": "Nej", "bro_och_tunnel": "Ingen information", "gagata": "Nej", "bussgata": "Nej", "industrivag": "Nej", "gatunamn": null, "vardvagnummer": "991", "gastvag1nummer": null, "gastvag2nummer": null, "alternativt_manér": "Nej", "vagutforande": null, "skoterkorning_tillaten": null, "ruskmarkering": null, "rotation": null, "trafikplatsnummer": null }, "geometry": { "type": "LineString", "coordinates": [ [ 14.670931845279258, 61.131389433692597 ], [ 14.672213463445825, 61.131569901363001 ], [ 14.674622144707163, 61.131903449974743 ], [ 14.67507616068213, 61.131954538458778 ], [ 14.67553915973723, 61.131980751682505 ], [ 14.675772185613331, 61.131984425454625 ], [ 14.676273650191789, 61.131985697986096 ], [ 14.676516539615829, 61.131981664526165 ] ] } },
{ "type": "Feature", "properties": { "objektidentitet": "0fff33d0-89f2-4971-87de-73056782fc84", "skapad": "2026-03-17T21:00:01", "objekttypnr": 1807, "objekttyp": "Småväg enkel standard", "avfartsvag_pafartsvag": "Ingen information", "cirkulationsplats": "Nej", "bro_och_tunnel": "Ingen information", "gagata": "Nej", "bussgata": "Nej", "industrivag": "Nej", "gatunamn": null, "vardvagnummer": null, "gastvag1nummer": null, "gastvag2nummer": null, "alternativt_manér": "Nej", "vagutforande": null, "skoterkorning_tillaten": null, "ruskmarkering": null, "rotation": null, "trafikplatsnummer": null }, "geometry": { "type": "LineString", "coordinates": [ [ 14.681660688183561, 61.131616115282284 ], [ 14.681341320557058, 61.131759152197681 ], [ 14.681019014664461, 61.131883992119498 ], [ 14.680636783354291, 61.132011553763668 ], [ 14.680222373957033, 61.13211886534787 ], [ 14.680106957335269, 61.132147150912338 ], [ 14.67965651979004, 61.132267815164141 ] ] } },
{ "type": "Feature", "properties": { "objektidentitet": "b6d69c93-b625-4a04-91d8-782b8389e627", "skapad": "2026-03-17T21:00:01", "objekttypnr": 1805, "objekttyp": "Landsväg liten", "avfartsvag_pafartsvag": "Ingen information", "cirkulationsplats": "Nej", "bro_och_tunnel": "Ingen information", "gagata": "Nej", "bussgata": "Nej", "industrivag": "Nej", "gatunamn": null, "vardvagnummer": "980", "gastvag1nummer": null, "gastvag2nummer": null, "alternativt_manér": "Nej", "vagutforande": null, "skoterkorning_tillaten": null, "ruskmarkering": null, "rotation": null, "trafikplatsnummer": null }, "geometry": { "type": "LineString", "coordinates": [ [ 14.681660688183561, 61.131616115282284 ], [ 14.681805436325304, 61.13165793318511 ], [ 14.682130636732772, 61.131793275056729 ], [ 14.683683138812372, 61.132418015935976 ], [ 14.68399553074072, 61.13257887396459 ] ] } },
{ "type": "Feature", "properties": { "objektidentitet": "143caa34-81f2-4592-b41e-b1fbfd147747", "skapad": "2026-03-17T21:00:01", "objekttypnr": 1807, "objekttyp": "Småväg enkel standard", "avfartsvag_pafartsvag": "Ingen information", "cirkulationsplats": "Nej", "bro_och_tunnel": "Ingen information", "gagata": "Nej", "bussgata": "Nej", "industrivag": "Nej", "gatunamn": null, "vardvagnummer": null, "gastvag1nummer": null, "gastvag2nummer": null, "alternativt_manér": "Nej", "vagutforande": null, "skoterkorning_tillaten": null, "ruskmarkering": null, "rotation": null, "trafikplatsnummer": null }, "geometry": { "type": "LineString", "coordinates": [ [ 14.68399553074072, 61.13257887396459 ], [ 14.684427071729361, 61.132456516925785 ], [ 14.684844584098911, 61.132323756761856 ], [ 14.685158669932049, 61.132212310395175 ], [ 14.685463334784849, 61.132095804811911 ], [ 14.685611962656083, 61.132035639948285 ], [ 14.685761433824013, 61.131972774333974 ], [ 14.685924715836416, 61.131919466378363 ] ] } },
{ "type": "Feature", "properties": { "objektidentitet": "af7e5f7e-87b6-4c94-ae6f-71ea475503b1", "skapad": "2026-03-17T21:00:01", "objekttypnr": 1807, "objekttyp": "Småväg enkel standard", "avfartsvag_pafartsvag": "Ingen information", "cirkulationsplats": "Nej", "bro_och_tunnel": "Ingen information", "gagata": "Nej", "bussgata": "Nej", "industrivag": "Nej", "gatunamn": null, "vardvagnummer": null, "gastvag1nummer": null, "gastvag2nummer": null, "alternativt_manér": "Nej", "vagutforande": null, "skoterkorning_tillaten": null, "ruskmarkering": null, "rotation": null, "trafikplatsnummer": null }, "geometry": { "type": "LineString", "coordinates": [ [ 14.67621615016542, 61.132482760385777 ], [ 14.676433525948289, 61.132279726568967 ], [ 14.676502864843872, 61.132173289965678 ], [ 14.676528326440092, 61.132047320447889 ], [ 14.676516539615829, 61.131981664526165 ] ] } },
{ "type": "Feature", "properties": { "objektidentitet": "bcf07c1d-c79b-4162-83ce-0b7221e485c6", "skapad": "2026-03-17T21:00:01", "objekttypnr": 1805, "objekttyp": "Landsväg liten", "avfartsvag_pafartsvag": "Ingen information", "cirkulationsplats": "Nej", "bro_och_tunnel": "Ingen information", "gagata": "Nej", "bussgata": "Nej", "industrivag": "Nej", "gatunamn": null, "vardvagnummer": "991", "gastvag1nummer": null, "gastvag2nummer": null, "alternativt_manér": "Nej", "vagutforande": null, "skoterkorning_tillaten": null, "ruskmarkering": null, "rotation": null, "trafikplatsnummer": null }, "geometry": { "type": "LineString", "coordinates": [ [ 14.676516539615829, 61.131981664526165 ], [ 14.676953260364984, 61.131981415032691 ], [ 14.677417304055416, 61.131994579268039 ], [ 14.677483261330631, 61.132000931213696 ] ] } },
{ "type": "Feature", "properties": { "objektidentitet": "2906aaad-8b68-4932-9611-d6917c31111e", "skapad": "2026-03-17T21:00:01", "objekttypnr": 1805, "objekttyp": "Landsväg liten", "avfartsvag_pafartsvag": "Ingen information", "cirkulationsplats": "Nej", "bro_och_tunnel": "Ingen information", "gagata": "Nej", "bussgata": "Nej", "industrivag": "Nej", "gatunamn": null, "vardvagnummer": "991", "gastvag1nummer": null, "gastvag2nummer": null, "alternativt_manér": "Nej", "vagutforande": null, "skoterkorning_tillaten": null, "ruskmarkering": null, "rotation": null, "trafikplatsnummer": null }, "geometry": { "type": "LineString", "coordinates": [ [ 14.677483261330631, 61.132000931213696 ], [ 14.677916287630994, 61.132042605318979 ], [ 14.678406363453053, 61.132108662598291 ], [ 14.678922582716519, 61.132171063316079 ], [ 14.679436609287963, 61.132237515069782 ], [ 14.67965651979004, 61.132267815164141 ] ] } },
{ "type": "Feature", "properties": { "objektidentitet": "1b416065-2c79-443d-9c26-c1adae0f029e", "skapad": "2026-03-17T21:00:01", "objekttypnr": 1805, "objekttyp": "Landsväg liten", "avfartsvag_pafartsvag": "Ingen information", "cirkulationsplats": "Nej", "bro_och_tunnel": "Ingen information", "gagata": "Nej", "bussgata": "Nej", "industrivag": "Nej", "gatunamn": null, "vardvagnummer": "991", "gastvag1nummer": null, "gastvag2nummer": null, "alternativt_manér": "Nej", "vagutforande": null, "skoterkorning_tillaten": null, "ruskmarkering": null, "rotation": null, "trafikplatsnummer": null }, "geometry": { "type": "LineString", "coordinates": [ [ 14.67965651979004, 61.132267815164141 ], [ 14.680118359206332, 61.132332398782715 ], [ 14.681103062662539, 61.13249014707165 ], [ 14.681519643452557, 61.132549097955582 ], [ 14.681949580407524, 61.132577994214103 ], [ 14.68237175617314, 61.132595909187934 ], [ 14.682794705772508, 61.132608913826154 ], [ 14.683218187641456, 61.132617007282278 ], [ 14.683359445655936, 61.132618621805612 ], [ 14.683681353945445, 61.132613242796907 ], [ 14.68399553074072, 61.13257887396459 ] ] } },
{ "type": "Feature", "properties": { "objektidentitet": "3c6683cc-e855-4cc2-980e-cf7f6ce0405a", "skapad": "2026-03-17T21:00:01", "objekttypnr": 1807, "objekttyp": "Småväg enkel standard", "avfartsvag_pafartsvag": "Ingen information", "cirkulationsplats": "Nej", "bro_och_tunnel": "Ingen information", "gagata": "Nej", "bussgata": "Nej", "industrivag": "Nej", "gatunamn": null, "vardvagnummer": null, "gastvag1nummer": null, "gastvag2nummer": null, "alternativt_manér": "Nej", "vagutforande": null, "skoterkorning_tillaten": null, "ruskmarkering": null, "rotation": null, "trafikplatsnummer": null }, "geometry": { "type": "LineString", "coordinates": [ [ 14.67965651979004, 61.132267815164141 ], [ 14.679582473342339, 61.132326794487724 ], [ 14.679591988529959, 61.132401045555511 ], [ 14.679557444694934, 61.132554179040874 ], [ 14.67960716928242, 61.132784882627035 ], [ 14.679673752646012, 61.132883634468705 ], [ 14.679841827847776, 61.133066326781204 ], [ 14.680055332103654, 61.133236853336484 ], [ 14.680192104805938, 61.133327951178693 ], [ 14.680485969205501, 61.133500534409364 ], [ 14.681395909979353, 61.133967290378358 ], [ 14.681977787179557, 61.134274945886233 ], [ 14.682291813187463, 61.134492210286574 ], [ 14.682462996156788, 61.134584086882981 ], [ 14.682523282884333, 61.13470465656917 ], [ 14.682699086355028, 61.134882182945674 ], [ 14.68273552784045, 61.134969945506498 ], [ 14.682937478365611, 61.135114063659977 ], [ 14.683376606846466, 61.135404401539034 ], [ 14.683641482644871, 61.135543871736793 ], [ 14.683916796353895, 61.135679586229116 ], [ 14.684186456571604, 61.135816399869213 ], [ 14.684449038383443, 61.135955701737608 ], [ 14.684548238629953, 61.136009072401102 ], [ 14.684836832912739, 61.136173167747259 ], [ 14.685118949034228, 61.136342903449972 ], [ 14.685357727390199, 61.136523903601876 ], [ 14.685405470447703, 61.136581580122758 ], [ 14.685460448663157, 61.136621264152176 ], [ 14.685489114243955, 61.136696474889909 ], [ 14.685549430539272, 61.136815660727414 ], [ 14.685569852814744, 61.136901966859121 ], [ 14.685570577843128, 61.137163401901141 ], [ 14.685564538833452, 61.137425315202584 ], [ 14.685614975798744, 61.137653028309693 ], [ 14.685640972748192, 61.137709128138376 ], [ 14.685696212164533, 61.137793782464392 ], [ 14.685787070827013, 61.137872611911057 ], [ 14.686721223771153, 61.138262753113366 ], [ 14.687923054945287, 61.138752458640965 ], [ 14.688246081672268, 61.138905484568255 ], [ 14.688548085981861, 61.139068318875971 ], [ 14.688661365246459, 61.139132555349875 ], [ 14.68934370427387, 61.139523795440162 ], [ 14.689628961625184, 61.139732833461046 ], [ 14.689679569246188, 61.139781833653061 ], [ 14.689836691745716, 61.139867671368002 ], [ 14.68990806911658, 61.139974724559913 ], [ 14.690000160355014, 61.140185276047077 ], [ 14.690032531290663, 61.140336715862801 ], [ 14.690146519362298, 61.140475351514176 ], [ 14.690441531642183, 61.140700462340625 ], [ 14.690645983713768, 61.140939801822057 ], [ 14.690651736345586, 61.140970653925393 ], [ 14.690696760912269, 61.141061091171146 ], [ 14.690710876066994, 61.141154052629325 ], [ 14.690706031317845, 61.14124874806366 ], [ 14.690515741299977, 61.141590699111646 ], [ 14.690147957698823, 61.142097039477733 ], [ 14.690038146259027, 61.142335112514495 ], [ 14.689979423435695, 61.142577279323298 ], [ 14.689956253788095, 61.142813153403502 ], [ 14.689958979439654, 61.143135650862952 ], [ 14.68997201107679, 61.14339204130318 ], [ 14.689977908868169, 61.143650561203678 ], [ 14.68994985144314, 61.14390749477343 ], [ 14.689884716580556, 61.144102352060543 ], [ 14.689760327743395, 61.144286201412633 ], [ 14.68963517485072, 61.144405857523296 ], [ 14.689512296572769, 61.144471535592615 ], [ 14.689459780038268, 61.144508358593789 ], [ 14.689343740350582, 61.144564167543372 ], [ 14.689077283721121, 61.144656493583959 ], [ 14.688780838496346, 61.144730830742716 ], [ 14.687759269195471, 61.14498181273914 ], [ 14.687652342394232, 61.145017154121248 ], [ 14.687464209010606, 61.145101433939978 ], [ 14.687312030653709, 61.145202980337025 ], [ 14.687181241618038, 61.145310851519199 ], [ 14.686959720075695, 61.145545961213855 ], [ 14.686757773799355, 61.145790318023074 ], [ 14.686627244326161, 61.145946543758861 ], [ 14.68648929868437, 61.146183677442721 ], [ 14.686463558087235, 61.146230122937617 ], [ 14.68646062514021, 61.146295492198639 ], [ 14.686519914853235, 61.146391126149872 ], [ 14.686600717756665, 61.146495832605005 ], [ 14.686658669848043, 61.146724630905105 ], [ 14.686695343313984, 61.146939563097327 ], [ 14.686666769955982, 61.14719682732602 ], [ 14.68658985108903, 61.147333488341836 ], [ 14.686226711374873, 61.147708807175462 ], [ 14.686163955652336, 61.147825552284125 ], [ 14.686200409479351, 61.147950113919748 ], [ 14.686222626171999, 61.148146617113369 ], [ 14.68626836710995, 61.14828817715658 ], [ 14.68632713293699, 61.148523064164245 ], [ 14.686295417939169, 61.148617212415473 ], [ 14.686259267263253, 61.148697856857261 ], [ 14.686224537438456, 61.148745762592526 ], [ 14.686164459203736, 61.148802192246777 ], [ 14.686093892506983, 61.148863472751586 ], [ 14.685662120491637, 61.149076832997743 ], [ 14.685523839325569, 61.149140164210735 ], [ 14.685433998240054, 61.149181791930339 ], [ 14.685302597463423, 61.149238728870039 ], [ 14.685172335262207, 61.14928574778606 ], [ 14.685027822750817, 61.149331063508264 ], [ 14.684848594813115, 61.149368460776991 ], [ 14.68467290501132, 61.149393790927427 ], [ 14.684472700606413, 61.149420329493658 ], [ 14.684274461989101, 61.149452707851438 ], [ 14.684127952354924, 61.149483904968406 ], [ 14.683996685381757, 61.149523379109127 ], [ 14.683880163420902, 61.149568875943345 ], [ 14.683688022084013, 61.149658231705565 ], [ 14.683489718690751, 61.149745122034716 ], [ 14.683363276893237, 61.149788583940513 ], [ 14.683185537262139, 61.149830884271289 ], [ 14.683011189013762, 61.149855434292263 ], [ 14.682790337947656, 61.149867467927663 ], [ 14.682542895605767, 61.149858071679979 ], [ 14.682316227073889, 61.149827859057964 ], [ 14.682107482987321, 61.149779436695376 ], [ 14.681853668521907, 61.149692608949309 ], [ 14.681496205733648, 61.1495293780659 ], [ 14.681355308298931, 61.149410764293059 ], [ 14.681146232408794, 61.149331186471976 ], [ 14.680791601838889, 61.14913107991071 ], [ 14.680649785070944, 61.149037717615677 ], [ 14.68034540663049, 61.148826874149655 ], [ 14.680234499530481, 61.148739384017695 ], [ 14.680144311367219, 61.148682529902949 ], [ 14.679993939634674, 61.148596041676328 ], [ 14.679871777088589, 61.148541589928449 ], [ 14.679679920480956, 61.148472195480466 ], [ 14.679446595771225, 61.148403501755396 ], [ 14.679225894901766, 61.148333876969623 ], [ 14.679085904071874, 61.14829200479511 ], [ 14.678992075018826, 61.148257451479139 ], [ 14.678823539680828, 61.148180246515004 ], [ 14.678640676585117, 61.148068981717778 ], [ 14.678260828331979, 61.147814421019511 ], [ 14.677608592318434, 61.147363360292502 ], [ 14.677392182037201, 61.147202016577843 ], [ 14.677343279876672, 61.147139468670318 ], [ 14.677266507094954, 61.147046796461019 ], [ 14.677079751043468, 61.146794066126461 ], [ 14.676935304430865, 61.14660567284438 ], [ 14.676783803283355, 61.146418914106604 ], [ 14.67670398702877, 61.146338991914106 ], [ 14.676333687331429, 61.146038868299385 ], [ 14.676067868784141, 61.145842767921643 ], [ 14.676031739069311, 61.145824860391571 ], [ 14.675743745481387, 61.145607123753734 ], [ 14.675626848286583, 61.145504784307889 ], [ 14.675416328893116, 61.145294693099814 ], [ 14.675233418863478, 61.145078670651138 ], [ 14.674995765447756, 61.144717103038104 ], [ 14.674886769917604, 61.144535041000381 ], [ 14.674751528424554, 61.144308116707656 ], [ 14.674557321634744, 61.143992421651831 ], [ 14.674436049517903, 61.143814423517185 ], [ 14.674204226166582, 61.143456648274487 ], [ 14.674115579077538, 61.143276196787127 ], [ 14.674081597818999, 61.143187189933258 ], [ 14.674043477422995, 61.143007838444554 ], [ 14.67404589710001, 61.142827148381329 ], [ 14.67407191504644, 61.142694061176954 ], [ 14.674161348918702, 61.142424861909639 ], [ 14.674217448510932, 61.14216061015064 ], [ 14.674213499697464, 61.142105845088558 ], [ 14.674191046696132, 61.141995785934704 ], [ 14.67414642964521, 61.141882872506677 ], [ 14.673720624924218, 61.141470672726534 ], [ 14.673669450977377, 61.141442682225957 ], [ 14.673510373914572, 61.141367962405248 ], [ 14.673362113447331, 61.141283563563526 ], [ 14.672949412126204, 61.141198947395559 ], [ 14.672487970804248, 61.141077681635828 ], [ 14.672402634503504, 61.141057885745987 ], [ 14.672161884010288, 61.140990328176095 ], [ 14.671945072375676, 61.140908553819102 ], [ 14.671744745450752, 61.140816817710274 ], [ 14.671234156282834, 61.140523961485108 ], [ 14.670857449981945, 61.140312022603474 ], [ 14.670729558129386, 61.140250554617552 ], [ 14.670441222691705, 61.140147048076692 ], [ 14.670131271210696, 61.140056119832138 ], [ 14.669579797826554, 61.139926742172676 ], [ 14.669454143892294, 61.139891430713845 ], [ 14.669381932850564, 61.1398636836348 ], [ 14.66932963062288, 61.139839414582454 ], [ 14.66928243483656, 61.139802786391073 ], [ 14.669232262809059, 61.139773728392292 ], [ 14.669195536751404, 61.13973752084032 ], [ 14.66915975145516, 61.139698371107464 ], [ 14.669125911149401, 61.139654386799243 ], [ 14.668946066133044, 61.139351457999879 ], [ 14.668789147592065, 61.139046062243423 ], [ 14.668670687553449, 61.138827898934956 ], [ 14.668401857074906, 61.138412178785536 ], [ 14.668362561359288, 61.138364499973903 ], [ 14.668308566025489, 61.138310743296174 ], [ 14.668186425936947, 61.13823507530806 ], [ 14.668111307560576, 61.138198136023277 ], [ 14.667998136226188, 61.138149144627235 ], [ 14.667711389342186, 61.138043795758264 ], [ 14.667351185403858, 61.137916952206503 ], [ 14.667208613280403, 61.137854493219024 ], [ 14.667021878955268, 61.137755349801324 ], [ 14.666944526596437, 61.137703312679662 ], [ 14.666883002779114, 61.137664754060381 ], [ 14.666827965211509, 61.137641536499871 ], [ 14.666774177111835, 61.137616077816688 ], [ 14.66671467845473, 61.137588010174703 ], [ 14.666583485449458, 61.137549082539955 ], [ 14.666397486301996, 61.137509112796906 ], [ 14.666106517644184, 61.137452930198016 ], [ 14.666013840482199, 61.137431495918648 ], [ 14.665921220097063, 61.137408185494905 ], [ 14.665811673117076, 61.137378790832088 ], [ 14.665347527180177, 61.137219086923906 ], [ 14.665302868588208, 61.137201460601226 ] ] } },
{ "type": "Feature", "properties": { "objektidentitet": "a2ea6af3-de06-41bf-98bf-c8e5fd422068", "skapad": "2026-03-17T21:00:01", "objekttypnr": 1807, "objekttyp": "Småväg enkel standard", "avfartsvag_pafartsvag": "Ingen information", "cirkulationsplats": "Nej", "bro_och_tunnel": "Ingen information", "gagata": "Nej", "bussgata": "Nej", "industrivag": "Nej", "gatunamn": null, "vardvagnummer": null, "gastvag1nummer": null, "gastvag2nummer": null, "alternativt_manér": "Nej", "vagutforande": null, "skoterkorning_tillaten": null, "ruskmarkering": null, "rotation": null, "trafikplatsnummer": null }, "geometry": { "type": "LineString", "coordinates": [ [ 14.67621615016542, 61.132482760385777 ], [ 14.676404581813252, 61.132711624380676 ], [ 14.676684645369837, 61.132940321325101 ], [ 14.676892670140795, 61.133092955983841 ], [ 14.677094131568426, 61.13324119369895 ], [ 14.677134492626232, 61.133279786789068 ] ] } },
{ "type": "Feature", "properties": { "objektidentitet": "4ac29f4e-7e5b-4bfe-90f3-052909d6fd2e", "skapad": "2026-03-17T21:00:01", "objekttypnr": 1805, "objekttyp": "Landsväg liten", "avfartsvag_pafartsvag": "Ingen information", "cirkulationsplats": "Nej", "bro_och_tunnel": "Ingen information", "gagata": "Nej", "bussgata": "Nej", "industrivag": "Nej", "gatunamn": null, "vardvagnummer": "980", "gastvag1nummer": null, "gastvag2nummer": null, "alternativt_manér": "Nej", "vagutforande": null, "skoterkorning_tillaten": null, "ruskmarkering": null, "rotation": null, "trafikplatsnummer": null }, "geometry": { "type": "LineString", "coordinates": [ [ 14.68399553074072, 61.13257887396459 ], [ 14.684533446931678, 61.132601065453024 ], [ 14.686226964605257, 61.132731132326114 ], [ 14.686660596716269, 61.132753181147436 ], [ 14.687095286291498, 61.132769745655366 ], [ 14.687530735834706, 61.132780834194513 ], [ 14.688105290447496, 61.132791694098536 ], [ 14.688533714048893, 61.132807413761164 ], [ 14.688960729245805, 61.132830445483329 ], [ 14.689396710499606, 61.132861280230856 ], [ 14.689639965877454, 61.132879093730807 ], [ 14.69014805413455, 61.132944898487096 ] ] } },
{ "type": "Feature", "properties": { "objektidentitet": "42d6362e-0dab-4bc3-985c-c7fa93862cf5", "skapad": "2026-03-17T21:00:01", "objekttypnr": 1807, "objekttyp": "Småväg enkel standard", "avfartsvag_pafartsvag": "Ingen information", "cirkulationsplats": "Nej", "bro_och_tunnel": "Ingen information", "gagata": "Nej", "bussgata": "Nej", "industrivag": "Nej", "gatunamn": null, "vardvagnummer": null, "gastvag1nummer": null, "gastvag2nummer": null, "alternativt_manér": "Nej", "vagutforande": null, "skoterkorning_tillaten": null, "ruskmarkering": null, "rotation": null, "trafikplatsnummer": null }, "geometry": { "type": "LineString", "coordinates": [ [ 14.69014805413455, 61.132944898487096 ], [ 14.690388745083355, 61.133147063890931 ], [ 14.690612944847407, 61.13338599990071 ], [ 14.690796867960829, 61.133582010727594 ] ] } },
{ "type": "Feature", "properties": { "objektidentitet": "46c81a58-f386-4ac5-9d7a-43a60ef069da", "skapad": "2026-03-17T21:00:01", "objekttypnr": 1805, "objekttyp": "Landsväg liten", "avfartsvag_pafartsvag": "Ingen information", "cirkulationsplats": "Nej", "bro_och_tunnel": "Ingen information", "gagata": "Nej", "bussgata": "Nej", "industrivag": "Nej", "gatunamn": null, "vardvagnummer": "980", "gastvag1nummer": null, "gastvag2nummer": null, "alternativt_manér": "Nej", "vagutforande": null, "skoterkorning_tillaten": null, "ruskmarkering": null, "rotation": null, "trafikplatsnummer": null }, "geometry": { "type": "LineString", "coordinates": [ [ 14.69014805413455, 61.132944898487096 ], [ 14.690420679652711, 61.132991560602214 ], [ 14.690918499542764, 61.133080573346028 ], [ 14.691490426473088, 61.13319784475415 ], [ 14.692213521986046, 61.133342768354439 ], [ 14.692909792812639, 61.133476404678298 ], [ 14.693564493460068, 61.133612340597814 ], [ 14.694195102667946, 61.133730622214181 ] ] } },
{ "type": "Feature", "properties": { "objektidentitet": "5222abd6-927e-44f2-b037-06e19a698ba6", "skapad": "2026-03-17T21:00:01", "objekttypnr": 1805, "objekttyp": "Landsväg liten", "avfartsvag_pafartsvag": "Ingen information", "cirkulationsplats": "Nej", "bro_och_tunnel": "Ingen information", "gagata": "Nej", "bussgata": "Nej", "industrivag": "Nej", "gatunamn": null, "vardvagnummer": "992", "gastvag1nummer": null, "gastvag2nummer": null, "alternativt_manér": "Nej", "vagutforande": null, "skoterkorning_tillaten": null, "ruskmarkering": null, "rotation": null, "trafikplatsnummer": null }, "geometry": { "type": "LineString", "coordinates": [ [ 14.664299799967015, 61.136879797180356 ], [ 14.664253840669899, 61.136939322491081 ], [ 14.664180344996575, 61.137014365127207 ], [ 14.664089312362929, 61.137097094286993 ], [ 14.663267373637234, 61.137763592696729 ], [ 14.663000540580619, 61.137969606448571 ], [ 14.662524308111038, 61.138351457445779 ], [ 14.66227613870625, 61.13854607870752 ], [ 14.661907066849572, 61.13884550970301 ], [ 14.661777674141376, 61.138947416559319 ], [ 14.661532159414852, 61.139148201631762 ] ] } },
{ "type": "Feature", "properties": { "objektidentitet": "0551870d-6b02-46b6-a37c-ffcd6422ddd7", "skapad": "2026-03-17T21:00:01", "objekttypnr": 1807, "objekttyp": "Småväg enkel standard", "avfartsvag_pafartsvag": "Ingen information", "cirkulationsplats": "Nej", "bro_och_tunnel": "Ingen information", "gagata": "Nej", "bussgata": "Nej", "industrivag": "Nej", "gatunamn": null, "vardvagnummer": null, "gastvag1nummer": null, "gastvag2nummer": null, "alternativt_manér": "Nej", "vagutforande": null, "skoterkorning_tillaten": null, "ruskmarkering": null, "rotation": null, "trafikplatsnummer": null }, "geometry": { "type": "LineString", "coordinates": [ [ 14.666417966891498, 61.148176913477251 ], [ 14.666112528995839, 61.148280167969894 ], [ 14.666010442745826, 61.148328719406756 ], [ 14.665792869482816, 61.148447551224315 ], [ 14.665682435635041, 61.148510697560305 ], [ 14.665587196089035, 61.148563377213648 ], [ 14.665514213376134, 61.148601738518721 ], [ 14.665292104754622, 61.148692386017309 ], [ 14.665087494333076, 61.148756672412695 ], [ 14.66497029052041, 61.148787059664741 ], [ 14.664860956840268, 61.148809260315957 ], [ 14.664814106643378, 61.148814602815357 ], [ 14.664764036123298, 61.148818824140236 ], [ 14.664669078083298, 61.148814961690825 ], [ 14.66453335098033, 61.148807039118864 ], [ 14.664421986899749, 61.148799993825719 ], [ 14.663772622375376, 61.148743537172152 ], [ 14.66339846961495, 61.14869554560439 ], [ 14.663261039296152, 61.148674949760547 ], [ 14.663135960610818, 61.148654528358001 ], [ 14.662942711217886, 61.148618082121736 ], [ 14.662741198130643, 61.148563982733137 ], [ 14.662271955236157, 61.148472783539624 ], [ 14.662212214500709, 61.14847278706808 ], [ 14.662160053558113, 61.148477926896589 ], [ 14.662113611162688, 61.148486833416982 ], [ 14.662061042681268, 61.148502305636569 ], [ 14.662001828534612, 61.148548626781555 ] ] } },
{ "type": "Feature", "properties": { "objektidentitet": "bd9dbc45-5624-46c9-bc8a-226fd848d593", "skapad": "2025-12-17T01:00:01", "objekttypnr": 1804, "objekttyp": "Landsväg", "avfartsvag_pafartsvag": "Ingen information", "cirkulationsplats": "Nej", "bro_och_tunnel": "Ingen information", "gagata": "Nej", "bussgata": "Nej", "industrivag": "Nej", "gatunamn": null, "vardvagnummer": "296", "gastvag1nummer": null, "gastvag2nummer": null, "alternativt_manér": "Nej", "vagutforande": null, "skoterkorning_tillaten": null, "ruskmarkering": null, "rotation": null, "trafikplatsnummer": null }, "geometry": { "type": "LineString", "coordinates": [ [ 14.662001828534612, 61.148548626781555 ], [ 14.662112886636294, 61.148598066572738 ], [ 14.662288482890567, 61.148681926376476 ], [ 14.662575517179942, 61.148826861431395 ], [ 14.662875884589415, 61.148995108647462 ], [ 14.663184902737944, 61.149183423860286 ], [ 14.663370163708702, 61.149312734159693 ], [ 14.663534722233683, 61.149437701110664 ], [ 14.663672656081681, 61.1495597287444 ], [ 14.663778473523477, 61.149665830805041 ], [ 14.663916964809054, 61.149819461558337 ], [ 14.664066080611086, 61.150003086504533 ], [ 14.664226609094504, 61.150228252543926 ], [ 14.664278495393381, 61.150312180051962 ], [ 14.664354589971532, 61.15045190147184 ], [ 14.664426740576294, 61.150632471205135 ], [ 14.664466699678412, 61.150774302476457 ], [ 14.664548759329357, 61.15113814212247 ], [ 14.664591691939304, 61.151279989754556 ], [ 14.664626258369214, 61.151371693864888 ], [ 14.664692805338504, 61.151522182671165 ], [ 14.664795708722206, 61.151707837802434 ], [ 14.664877260768469, 61.151839752733586 ], [ 14.664964785338894, 61.151967382274471 ], [ 14.665055431261839, 61.152079272189596 ], [ 14.665157964277016, 61.152189764009286 ], [ 14.665237111089048, 61.152270131596019 ], [ 14.665313467903289, 61.152333317511101 ], [ 14.665413405474647, 61.15240657181247 ], [ 14.66549992648787, 61.152462627475366 ], [ 14.665594150604619, 61.152515820114189 ], [ 14.665745902910537, 61.15259279349376 ], [ 14.665906598045325, 61.152670964696483 ], [ 14.666655722084025, 61.152988021665855 ], [ 14.667051719366523, 61.153149303434851 ] ] } },
{ "type": "Feature", "properties": { "objektidentitet": "0933b99b-0d2e-4ad3-a2ec-68a9d65e1242", "skapad": "2026-03-17T21:00:01", "objekttypnr": 1807, "objekttyp": "Småväg enkel standard", "avfartsvag_pafartsvag": "Ingen information", "cirkulationsplats": "Nej", "bro_och_tunnel": "Ingen information", "gagata": "Nej", "bussgata": "Nej", "industrivag": "Nej", "gatunamn": null, "vardvagnummer": null, "gastvag1nummer": null, "gastvag2nummer": null, "alternativt_manér": "Nej", "vagutforande": null, "skoterkorning_tillaten": null, "ruskmarkering": null, "rotation": null, "trafikplatsnummer": null }, "geometry": { "type": "LineString", "coordinates": [ [ 14.670764491571211, 61.152942235631578 ], [ 14.670468178767914, 61.152721388275417 ], [ 14.670387727981524, 61.152695201821381 ], [ 14.670316609338837, 61.152682746919318 ], [ 14.670250486216759, 61.152693619586323 ], [ 14.67018016621263, 61.152711457803974 ], [ 14.670100233917932, 61.152733509936112 ], [ 14.670005498610534, 61.152762304203712 ], [ 14.669595643320687, 61.152925157708758 ], [ 14.669427216570714, 61.153013276610366 ], [ 14.669355722070662, 61.153054471628487 ], [ 14.669192987304758, 61.153157758258644 ], [ 14.668831666960356, 61.1534183975972 ], [ 14.668816368365562, 61.153431566559767 ], [ 14.668604939404119, 61.153573347006052 ], [ 14.668482016464027, 61.153658756869831 ] ] } },
{ "type": "Feature", "properties": { "objektidentitet": "6be9062b-37da-4cc9-bea0-66a41c0d4c1d", "skapad": "2026-03-17T21:00:01", "objekttypnr": 1807, "objekttyp": "Småväg enkel standard", "avfartsvag_pafartsvag": "Ingen information", "cirkulationsplats": "Nej", "bro_och_tunnel": "Ingen information", "gagata": "Nej", "bussgata": "Nej", "industrivag": "Nej", "gatunamn": null, "vardvagnummer": null, "gastvag1nummer": null, "gastvag2nummer": null, "alternativt_manér": "Nej", "vagutforande": null, "skoterkorning_tillaten": null, "ruskmarkering": null, "rotation": null, "trafikplatsnummer": null }, "geometry": { "type": "LineString", "coordinates": [ [ 14.667051719366523, 61.153149303434851 ], [ 14.666973771399974, 61.153252499754394 ] ] } },
{ "type": "Feature", "properties": { "objektidentitet": "405ae179-f7fe-447a-8226-3699e9ebccd3", "skapad": "2025-12-17T01:00:01", "objekttypnr": 1804, "objekttyp": "Landsväg", "avfartsvag_pafartsvag": "Ingen information", "cirkulationsplats": "Nej", "bro_och_tunnel": "Ingen information", "gagata": "Nej", "bussgata": "Nej", "industrivag": "Nej", "gatunamn": null, "vardvagnummer": "296", "gastvag1nummer": null, "gastvag2nummer": null, "alternativt_manér": "Nej", "vagutforande": null, "skoterkorning_tillaten": null, "ruskmarkering": null, "rotation": null, "trafikplatsnummer": null }, "geometry": { "type": "LineString", "coordinates": [ [ 14.667051719366523, 61.153149303434851 ], [ 14.667257528830392, 61.153232880832867 ], [ 14.667472339154276, 61.153315726032737 ], [ 14.667737968517766, 61.153412305874902 ], [ 14.6680154524334, 61.153508905498043 ], [ 14.668219753003862, 61.153577403879936 ], [ 14.668482016464027, 61.153658756869831 ] ] } },
{ "type": "Feature", "properties": { "objektidentitet": "4beee094-0a60-4479-adf5-dca4a5157e1f", "skapad": "2026-03-17T21:00:01", "objekttypnr": 1805, "objekttyp": "Landsväg liten", "avfartsvag_pafartsvag": "Ingen information", "cirkulationsplats": "Nej", "bro_och_tunnel": "Ingen information", "gagata": "Nej", "bussgata": "Nej", "industrivag": "Nej", "gatunamn": null, "vardvagnummer": "985", "gastvag1nummer": "990", "gastvag2nummer": null, "alternativt_manér": "Nej", "vagutforande": null, "skoterkorning_tillaten": null, "ruskmarkering": null, "rotation": null, "trafikplatsnummer": null }, "geometry": { "type": "LineString", "coordinates": [ [ 14.657631171137401, 61.11560598279528 ], [ 14.657790465155301, 61.115765930919707 ], [ 14.657914397600864, 61.115885254743468 ] ] } },
{ "type": "Feature", "properties": { "objektidentitet": "8ff0220a-3fad-4789-85a6-03e8709fe45d", "skapad": "2026-03-17T21:00:01", "objekttypnr": 1807, "objekttyp": "Småväg enkel standard", "avfartsvag_pafartsvag": "Ingen information", "cirkulationsplats": "Nej", "bro_och_tunnel": "Ingen information", "gagata": "Nej", "bussgata": "Nej", "industrivag": "Nej", "gatunamn": null, "vardvagnummer": null, "gastvag1nummer": null, "gastvag2nummer": null, "alternativt_manér": "Nej", "vagutforande": null, "skoterkorning_tillaten": null, "ruskmarkering": null, "rotation": null, "trafikplatsnummer": null }, "geometry": { "type": "LineString", "coordinates": [ [ 14.657914397600864, 61.115885254743468 ], [ 14.658070437673976, 61.115914943999485 ], [ 14.658242614729536, 61.115931610945005 ], [ 14.658495384242748, 61.11592771555452 ], [ 14.658716217825347, 61.115891042120992 ], [ 14.658809046468335, 61.115864585014165 ], [ 14.658982344403952, 61.115797894876245 ], [ 14.659124920382185, 61.115714850106173 ], [ 14.659249077116598, 61.115610068579954 ] ] } },
{ "type": "Feature", "properties": { "objektidentitet": "53af2220-9356-47b8-8c19-7838550056a4", "skapad": "2026-03-17T21:00:01", "objekttypnr": 1807, "objekttyp": "Småväg enkel standard", "avfartsvag_pafartsvag": "Ingen information", "cirkulationsplats": "Nej", "bro_och_tunnel": "Ingen information", "gagata": "Nej", "bussgata": "Nej", "industrivag": "Nej", "gatunamn": null, "vardvagnummer": null, "gastvag1nummer": null, "gastvag2nummer": null, "alternativt_manér": "Nej", "vagutforande": null, "skoterkorning_tillaten": null, "ruskmarkering": null, "rotation": null, "trafikplatsnummer": null }, "geometry": { "type": "LineString", "coordinates": [ [ 14.652476068613568, 61.116384886993259 ], [ 14.652359507938943, 61.116374981371855 ], [ 14.652220106333269, 61.116324284031151 ], [ 14.652198989258231, 61.116268441535205 ], [ 14.652117316511053, 61.116155532594618 ], [ 14.652121410111651, 61.116026181465784 ], [ 14.652264787946892, 61.115778968318686 ], [ 14.652339926690741, 61.115592485378727 ] ] } },
{ "type": "Feature", "properties": { "objektidentitet": "d8a0f43c-45bd-494f-8fb5-a1ee90fe8695", "skapad": "2026-03-17T21:00:01", "objekttypnr": 1805, "objekttyp": "Landsväg liten", "avfartsvag_pafartsvag": "Ingen information", "cirkulationsplats": "Nej", "bro_och_tunnel": "Ingen information", "gagata": "Nej", "bussgata": "Nej", "industrivag": "Nej", "gatunamn": null, "vardvagnummer": "990", "gastvag1nummer": null, "gastvag2nummer": null, "alternativt_manér": "Nej", "vagutforande": null, "skoterkorning_tillaten": null, "ruskmarkering": null, "rotation": null, "trafikplatsnummer": null }, "geometry": { "type": "LineString", "coordinates": [ [ 14.657914397600864, 61.115885254743468 ], [ 14.65781158498811, 61.11592537685106 ], [ 14.6574213348198, 61.116096601890099 ], [ 14.656645157892939, 61.11641907479197 ], [ 14.656377774427277, 61.116541410035701 ], [ 14.656201420657935, 61.116639125466399 ] ] } },
{ "type": "Feature", "properties": { "objektidentitet": "fe746304-d24d-48a4-a35c-a57ab883c99e", "skapad": "2026-03-17T21:00:01", "objekttypnr": 1805, "objekttyp": "Landsväg liten", "avfartsvag_pafartsvag": "Ingen information", "cirkulationsplats": "Nej", "bro_och_tunnel": "Ingen information", "gagata": "Nej", "bussgata": "Nej", "industrivag": "Nej", "gatunamn": null, "vardvagnummer": "985", "gastvag1nummer": null, "gastvag2nummer": null, "alternativt_manér": "Nej", "vagutforande": null, "skoterkorning_tillaten": null, "ruskmarkering": null, "rotation": null, "trafikplatsnummer": null }, "geometry": { "type": "LineString", "coordinates": [ [ 14.657914397600864, 61.115885254743468 ], [ 14.6581533237207, 61.116108141109237 ], [ 14.658343548502323, 61.116277001119705 ], [ 14.658539545095682, 61.116444304140671 ], [ 14.658733238497796, 61.116625741258986 ], [ 14.65893084166127, 61.11680619147851 ], [ 14.659132318018683, 61.116985636607197 ], [ 14.659337649217186, 61.117164049731251 ], [ 14.659546835399235, 61.117341421792119 ], [ 14.659778892824116, 61.117554546762868 ], [ 14.660048629101379, 61.117757010875586 ], [ 14.660197001428152, 61.117853769652783 ], [ 14.660373139571576, 61.117922641164903 ], [ 14.660580612240677, 61.117966596824473 ], [ 14.660873657711084, 61.117993187801851 ] ] } },
{ "type": "Feature", "properties": { "objektidentitet": "5cb67a81-643c-455e-a932-5ec8e7af5f24", "skapad": "2026-03-17T21:00:01", "objekttypnr": 1807, "objekttyp": "Småväg enkel standard", "avfartsvag_pafartsvag": "Ingen information", "cirkulationsplats": "Nej", "bro_och_tunnel": "Ingen information", "gagata": "Nej", "bussgata": "Nej", "industrivag": "Nej", "gatunamn": null, "vardvagnummer": null, "gastvag1nummer": null, "gastvag2nummer": null, "alternativt_manér": "Nej", "vagutforande": null, "skoterkorning_tillaten": null, "ruskmarkering": null, "rotation": null, "trafikplatsnummer": null }, "geometry": { "type": "LineString", "coordinates": [ [ 14.652476068613568, 61.116384886993259 ], [ 14.652321045693652, 61.11655176385171 ], [ 14.652088722225292, 61.116722679120848 ], [ 14.6520151266614, 61.116756147648005 ], [ 14.6518141071739, 61.116785283925367 ], [ 14.651353206160744, 61.116801127641665 ], [ 14.651163659509791, 61.116737174571092 ], [ 14.650837328556808, 61.116649526029491 ], [ 14.650502792312565, 61.116580771479953 ], [ 14.650034669369363, 61.116503087758709 ], [ 14.649539103817196, 61.116425304457735 ], [ 14.649112196102651, 61.116341367939761 ] ] } },
{ "type": "Feature", "properties": { "objektidentitet": "7e31eff2-5a32-4db0-8c92-dcb31a076b9c", "skapad": "2026-03-17T21:00:01", "objekttypnr": 1807, "objekttyp": "Småväg enkel standard", "avfartsvag_pafartsvag": "Ingen information", "cirkulationsplats": "Nej", "bro_och_tunnel": "Ingen information", "gagata": "Nej", "bussgata": "Nej", "industrivag": "Nej", "gatunamn": null, "vardvagnummer": null, "gastvag1nummer": null, "gastvag2nummer": null, "alternativt_manér": "Nej", "vagutforande": null, "skoterkorning_tillaten": null, "ruskmarkering": null, "rotation": null, "trafikplatsnummer": null }, "geometry": { "type": "LineString", "coordinates": [ [ 14.656201420657935, 61.116639125466399 ], [ 14.655686908783503, 61.116598942763339 ], [ 14.655192340235718, 61.116520204079016 ], [ 14.654671530841247, 61.116441791668002 ], [ 14.654345730650091, 61.11638480303229 ], [ 14.65400470279492, 61.116390009091376 ], [ 14.653484674124455, 61.116394989250942 ], [ 14.652939326106871, 61.116414177175301 ], [ 14.652544664436371, 61.116399356040041 ], [ 14.652476068613568, 61.116384886993259 ] ] } },
{ "type": "Feature", "properties": { "objektidentitet": "85ec8c44-c1ce-4310-bcec-c38478168223", "skapad": "2026-03-17T21:00:01", "objekttypnr": 1805, "objekttyp": "Landsväg liten", "avfartsvag_pafartsvag": "Ingen information", "cirkulationsplats": "Nej", "bro_och_tunnel": "Ingen information", "gagata": "Nej", "bussgata": "Nej", "industrivag": "Nej", "gatunamn": null, "vardvagnummer": "980", "gastvag1nummer": null, "gastvag2nummer": null, "alternativt_manér": "Nej", "vagutforande": null, "skoterkorning_tillaten": null, "ruskmarkering": null, "rotation": null, "trafikplatsnummer": null }, "geometry": { "type": "LineString", "coordinates": [ [ 14.661218610520242, 61.115615016227132 ], [ 14.661185819279696, 61.115873190303738 ], [ 14.660997532135401, 61.117211780534319 ], [ 14.660958479924457, 61.117472327223879 ], [ 14.660873657711084, 61.117993187801851 ] ] } },
{ "type": "Feature", "properties": { "objektidentitet": "cc7d749f-1057-48f4-918d-20f839922324", "skapad": "2026-03-17T21:00:01", "objekttypnr": 1805, "objekttyp": "Landsväg liten", "avfartsvag_pafartsvag": "Ingen information", "cirkulationsplats": "Nej", "bro_och_tunnel": "Ingen information", "gagata": "Nej", "bussgata": "Nej", "industrivag": "Nej", "gatunamn": null, "vardvagnummer": "980", "gastvag1nummer": null, "gastvag2nummer": null, "alternativt_manér": "Nej", "vagutforande": null, "skoterkorning_tillaten": null, "ruskmarkering": null, "rotation": null, "trafikplatsnummer": null }, "geometry": { "type": "LineString", "coordinates": [ [ 14.660873657711084, 61.117993187801851 ], [ 14.660841473749459, 61.118296701569214 ], [ 14.660808407028682, 61.118466021257348 ] ] } },
{ "type": "Feature", "properties": { "objektidentitet": "95c4c7c6-4e57-4015-a1a3-cb9e2ffcf2b3", "skapad": "2026-03-17T21:00:01", "objekttypnr": 1805, "objekttyp": "Landsväg liten", "avfartsvag_pafartsvag": "Ingen information", "cirkulationsplats": "Nej", "bro_och_tunnel": "Ingen information", "gagata": "Nej", "bussgata": "Nej", "industrivag": "Nej", "gatunamn": null, "vardvagnummer": "980", "gastvag1nummer": null, "gastvag2nummer": null, "alternativt_manér": "Nej", "vagutforande": null, "skoterkorning_tillaten": null, "ruskmarkering": null, "rotation": null, "trafikplatsnummer": null }, "geometry": { "type": "LineString", "coordinates": [ [ 14.660808407028682, 61.118466021257348 ], [ 14.66070393624388, 61.118637918368954 ], [ 14.660480700439312, 61.11897830018782 ] ] } },
{ "type": "Feature", "properties": { "objektidentitet": "05c4489a-7655-46c0-a5a5-538580148b92", "skapad": "2026-03-17T21:00:01", "objekttypnr": 1807, "objekttyp": "Småväg enkel standard", "avfartsvag_pafartsvag": "Ingen information", "cirkulationsplats": "Nej", "bro_och_tunnel": "Ingen information", "gagata": "Nej", "bussgata": "Nej", "industrivag": "Nej", "gatunamn": null, "vardvagnummer": null, "gastvag1nummer": null, "gastvag2nummer": null, "alternativt_manér": "Nej", "vagutforande": null, "skoterkorning_tillaten": null, "ruskmarkering": null, "rotation": null, "trafikplatsnummer": null }, "geometry": { "type": "LineString", "coordinates": [ [ 14.660480700439312, 61.11897830018782 ], [ 14.660086936799724, 61.118924952516139 ], [ 14.659904923866723, 61.118944641417436 ], [ 14.659472677037913, 61.118992501014596 ], [ 14.659340179076652, 61.118981079617065 ], [ 14.659242616207477, 61.118951718930418 ], [ 14.659190530178941, 61.11891647530571 ], [ 14.659204793173055, 61.118820744776542 ], [ 14.659345290171638, 61.118578598308176 ], [ 14.659357446184616, 61.118533739759897 ] ] } },
{ "type": "Feature", "properties": { "objektidentitet": "c99ac2e2-9a8c-4f25-9ba0-2199141a68f9", "skapad": "2026-03-17T21:00:01", "objekttypnr": 1807, "objekttyp": "Småväg enkel standard", "avfartsvag_pafartsvag": "Ingen information", "cirkulationsplats": "Nej", "bro_och_tunnel": "Ingen information", "gagata": "Nej", "bussgata": "Nej", "industrivag": "Nej", "gatunamn": null, "vardvagnummer": null, "gastvag1nummer": null, "gastvag2nummer": null, "alternativt_manér": "Nej", "vagutforande": null, "skoterkorning_tillaten": null, "ruskmarkering": null, "rotation": null, "trafikplatsnummer": null }, "geometry": { "type": "LineString", "coordinates": [ [ 14.646992108355278, 61.1219593716148 ], [ 14.647391230955995, 61.121989617399493 ], [ 14.647905683294971, 61.1220154220848 ], [ 14.648455018120176, 61.122030604701678 ], [ 14.648954242036531, 61.122037252032641 ] ] } },
{ "type": "Feature", "properties": { "objektidentitet": "5505b323-123d-4a20-898f-95f798f43686", "skapad": "2026-03-17T21:00:01", "objekttypnr": 1805, "objekttyp": "Landsväg liten", "avfartsvag_pafartsvag": "Ingen information", "cirkulationsplats": "Nej", "bro_och_tunnel": "Ingen information", "gagata": "Nej", "bussgata": "Nej", "industrivag": "Nej", "gatunamn": null, "vardvagnummer": "990", "gastvag1nummer": null, "gastvag2nummer": null, "alternativt_manér": "Nej", "vagutforande": null, "skoterkorning_tillaten": null, "ruskmarkering": null, "rotation": null, "trafikplatsnummer": null }, "geometry": { "type": "LineString", "coordinates": [ [ 14.656201420657935, 61.116639125466399 ], [ 14.656014797383481, 61.116742524605748 ], [ 14.655737862845083, 61.116901401007709 ], [ 14.655466634495268, 61.117062562962374 ], [ 14.655201169203574, 61.117225965441847 ], [ 14.65494159727626, 61.11739155511183 ], [ 14.654669731106706, 61.117571333648549 ], [ 14.653271367236467, 61.118430732661686 ], [ 14.65256965439456, 61.118861852358584 ], [ 14.651955717016088, 61.119244749940002 ], [ 14.651651015995157, 61.119437051775186 ], [ 14.651355934445862, 61.11965544051084 ], [ 14.651101217407971, 61.119885433383267 ], [ 14.649714624810231, 61.121222814891858 ], [ 14.649489330415868, 61.121436747766502 ], [ 14.649117106847175, 61.121784840963528 ], [ 14.648971530527428, 61.12199967975446 ], [ 14.648954242036531, 61.122037252032641 ] ] } },
{ "type": "Feature", "properties": { "objektidentitet": "84a0b3a1-43a7-40ef-96e1-b08b0de5297c", "skapad": "2026-03-17T21:00:01", "objekttypnr": 1805, "objekttyp": "Landsväg liten", "avfartsvag_pafartsvag": "Ingen information", "cirkulationsplats": "Nej", "bro_och_tunnel": "Ingen information", "gagata": "Nej", "bussgata": "Nej", "industrivag": "Nej", "gatunamn": null, "vardvagnummer": "980", "gastvag1nummer": null, "gastvag2nummer": null, "alternativt_manér": "Nej", "vagutforande": null, "skoterkorning_tillaten": null, "ruskmarkering": null, "rotation": null, "trafikplatsnummer": null }, "geometry": { "type": "LineString", "coordinates": [ [ 14.660480700439312, 61.11897830018782 ], [ 14.660211629704939, 61.119388584702662 ], [ 14.660089667019058, 61.119593583412232 ], [ 14.660021871153207, 61.119804347116329 ], [ 14.660008644842769, 61.119910871908687 ], [ 14.660011400167981, 61.120132954375215 ], [ 14.66006335389922, 61.120353607281331 ], [ 14.660107598736774, 61.120462610541757 ], [ 14.660245151400373, 61.120821548714986 ], [ 14.660317616923239, 61.121000685623102 ], [ 14.660469889081956, 61.121358224007551 ], [ 14.66059111543057, 61.121590946250798 ], [ 14.660746750775218, 61.121818825746729 ], [ 14.660936010507903, 61.122040666671602 ], [ 14.661006396165025, 61.122113069542849 ] ] } },
{ "type": "Feature", "properties": { "objektidentitet": "4bcbd4ab-e616-47de-81b9-38897115e256", "skapad": "2026-03-17T21:00:01", "objekttypnr": 1805, "objekttyp": "Landsväg liten", "avfartsvag_pafartsvag": "Ingen information", "cirkulationsplats": "Nej", "bro_och_tunnel": "Ingen information", "gagata": "Nej", "bussgata": "Nej", "industrivag": "Nej", "gatunamn": null, "vardvagnummer": "991", "gastvag1nummer": null, "gastvag2nummer": null, "alternativt_manér": "Nej", "vagutforande": null, "skoterkorning_tillaten": null, "ruskmarkering": null, "rotation": null, "trafikplatsnummer": null }, "geometry": { "type": "LineString", "coordinates": [ [ 14.662302342290232, 61.129184944924852 ], [ 14.662797581120406, 61.129254088595246 ], [ 14.662994389783606, 61.129285148428728 ], [ 14.66330065858387, 61.12935443860701 ] ] } },
{ "type": "Feature", "properties": { "objektidentitet": "9a6a498c-c193-41ff-bad5-4e213040f9a6", "skapad": "2026-03-17T21:00:01", "objekttypnr": 1807, "objekttyp": "Småväg enkel standard", "avfartsvag_pafartsvag": "Ingen information", "cirkulationsplats": "Nej", "bro_och_tunnel": "Ingen information", "gagata": "Nej", "bussgata": "Nej", "industrivag": "Nej", "gatunamn": null, "vardvagnummer": null, "gastvag1nummer": null, "gastvag2nummer": null, "alternativt_manér": "Nej", "vagutforande": null, "skoterkorning_tillaten": null, "ruskmarkering": null, "rotation": null, "trafikplatsnummer": null }, "geometry": { "type": "LineString", "coordinates": [ [ 14.648954242036531, 61.122037252032641 ], [ 14.648790312604074, 61.122122798420044 ], [ 14.648702323233341, 61.122187434567124 ], [ 14.648522744612004, 61.122343254384155 ], [ 14.648353089971346, 61.122502780430878 ], [ 14.648036524267866, 61.122795828551588 ] ] } },
{ "type": "Feature", "properties": { "objektidentitet": "ff13d9ab-a7a0-4dab-86cf-f3611dd3cfc0", "skapad": "2026-03-17T21:00:01", "objekttypnr": 1807, "objekttyp": "Småväg enkel standard", "avfartsvag_pafartsvag": "Ingen information", "cirkulationsplats": "Nej", "bro_och_tunnel": "Ingen information", "gagata": "Nej", "bussgata": "Nej", "industrivag": "Nej", "gatunamn": null, "vardvagnummer": null, "gastvag1nummer": null, "gastvag2nummer": null, "alternativt_manér": "Nej", "vagutforande": null, "skoterkorning_tillaten": null, "ruskmarkering": null, "rotation": null, "trafikplatsnummer": null }, "geometry": { "type": "LineString", "coordinates": [ [ 14.648036524267866, 61.122795828551588 ], [ 14.648350008036196, 61.122846991529215 ], [ 14.648760190035894, 61.122878617658436 ] ] } },
{ "type": "Feature", "properties": { "objektidentitet": "1d43c6ca-8f7f-4395-a29c-e5c9ccd53293", "skapad": "2026-03-17T21:00:01", "objekttypnr": 1805, "objekttyp": "Landsväg liten", "avfartsvag_pafartsvag": "Ingen information", "cirkulationsplats": "Nej", "bro_och_tunnel": "Ingen information", "gagata": "Nej", "bussgata": "Nej", "industrivag": "Nej", "gatunamn": null, "vardvagnummer": "990", "gastvag1nummer": null, "gastvag2nummer": null, "alternativt_manér": "Nej", "vagutforande": null, "skoterkorning_tillaten": null, "ruskmarkering": null, "rotation": null, "trafikplatsnummer": null }, "geometry": { "type": "LineString", "coordinates": [ [ 14.648954242036531, 61.122037252032641 ], [ 14.648899858265221, 61.122223086667638 ], [ 14.648760190035894, 61.122878617658436 ] ] } },
{ "type": "Feature", "properties": { "objektidentitet": "97b9aa1d-81ec-4e42-9253-dad4ea67ae0a", "skapad": "2026-03-17T21:00:01", "objekttypnr": 1805, "objekttyp": "Landsväg liten", "avfartsvag_pafartsvag": "Ingen information", "cirkulationsplats": "Nej", "bro_och_tunnel": "Ingen information", "gagata": "Nej", "bussgata": "Nej", "industrivag": "Nej", "gatunamn": null, "vardvagnummer": "990", "gastvag1nummer": null, "gastvag2nummer": null, "alternativt_manér": "Nej", "vagutforande": null, "skoterkorning_tillaten": null, "ruskmarkering": null, "rotation": null, "trafikplatsnummer": null }, "geometry": { "type": "LineString", "coordinates": [ [ 14.648760190035894, 61.122878617658436 ], [ 14.648547690071331, 61.123926110847371 ], [ 14.648524913541864, 61.124049909734772 ], [ 14.648431174202214, 61.124230587465163 ], [ 14.648273858584018, 61.124399608231506 ], [ 14.648028649857137, 61.124572000279066 ] ] } },
{ "type": "Feature", "properties": { "objektidentitet": "fa5f686a-d4eb-4ce7-beb6-f13399df373b", "skapad": "2026-03-17T21:00:01", "objekttypnr": 1807, "objekttyp": "Småväg enkel standard", "avfartsvag_pafartsvag": "Ingen information", "cirkulationsplats": "Nej", "bro_och_tunnel": "Ingen information", "gagata": "Nej", "bussgata": "Nej", "industrivag": "Nej", "gatunamn": null, "vardvagnummer": null, "gastvag1nummer": null, "gastvag2nummer": null, "alternativt_manér": "Nej", "vagutforande": null, "skoterkorning_tillaten": null, "ruskmarkering": null, "rotation": null, "trafikplatsnummer": null }, "geometry": { "type": "LineString", "coordinates": [ [ 14.648036524267866, 61.122795828551588 ], [ 14.647824229701857, 61.122985408643174 ], [ 14.647599932581143, 61.123209189503179 ], [ 14.647497942545865, 61.123362139270043 ], [ 14.647392139737509, 61.12346571025946 ], [ 14.647379532615709, 61.123582685386943 ], [ 14.647479612929958, 61.12375459355767 ], [ 14.647580900648689, 61.123928201287995 ], [ 14.64762171787093, 61.123968187292959 ], [ 14.647793393451467, 61.124166792980155 ], [ 14.647841126035988, 61.124225946320614 ], [ 14.647987862980747, 61.124464061281699 ], [ 14.648028649857137, 61.124572000279066 ] ] } },
{ "type": "Feature", "properties": { "objektidentitet": "cea79781-3e34-4ef0-8c1f-16b6085510f3", "skapad": "2026-03-17T21:00:01", "objekttypnr": 1805, "objekttyp": "Landsväg liten", "avfartsvag_pafartsvag": "Ingen information", "cirkulationsplats": "Nej", "bro_och_tunnel": "Ingen information", "gagata": "Nej", "bussgata": "Nej", "industrivag": "Nej", "gatunamn": null, "vardvagnummer": "990", "gastvag1nummer": null, "gastvag2nummer": null, "alternativt_manér": "Nej", "vagutforande": null, "skoterkorning_tillaten": null, "ruskmarkering": null, "rotation": null, "trafikplatsnummer": null }, "geometry": { "type": "LineString", "coordinates": [ [ 14.648028649857137, 61.124572000279066 ], [ 14.647350045035227, 61.125076250201808 ] ] } },
{ "type": "Feature", "properties": { "objektidentitet": "2a25a596-c10b-4ea1-8aa5-f609bb36766c", "skapad": "2026-03-17T21:00:01", "objekttypnr": 1805, "objekttyp": "Landsväg liten", "avfartsvag_pafartsvag": "Ingen information", "cirkulationsplats": "Nej", "bro_och_tunnel": "Ingen information", "gagata": "Nej", "bussgata": "Nej", "industrivag": "Nej", "gatunamn": null, "vardvagnummer": "991", "gastvag1nummer": null, "gastvag2nummer": null, "alternativt_manér": "Nej", "vagutforande": null, "skoterkorning_tillaten": null, "ruskmarkering": null, "rotation": null, "trafikplatsnummer": null }, "geometry": { "type": "LineString", "coordinates": [ [ 14.647350045035227, 61.125076250201808 ], [ 14.647823550743027, 61.125176437376467 ], [ 14.64847172660151, 61.12533560345954 ], [ 14.648884982382082, 61.125462859989263 ], [ 14.649857068323161, 61.125835185276351 ], [ 14.650971255775449, 61.126276756835182 ] ] } },
{ "type": "Feature", "properties": { "objektidentitet": "ab63e97d-4e0b-4fda-832f-7a124523a4a8", "skapad": "2026-03-17T21:00:01", "objekttypnr": 1807, "objekttyp": "Småväg enkel standard", "avfartsvag_pafartsvag": "Ingen information", "cirkulationsplats": "Nej", "bro_och_tunnel": "Ingen information", "gagata": "Nej", "bussgata": "Nej", "industrivag": "Nej", "gatunamn": null, "vardvagnummer": null, "gastvag1nummer": null, "gastvag2nummer": null, "alternativt_manér": "Nej", "vagutforande": null, "skoterkorning_tillaten": null, "ruskmarkering": null, "rotation": null, "trafikplatsnummer": null }, "geometry": { "type": "LineString", "coordinates": [ [ 14.661006396165025, 61.122113069542849 ], [ 14.66073992574181, 61.122204460119235 ], [ 14.660672157591494, 61.122227264588616 ], [ 14.659824655590869, 61.122574705476687 ], [ 14.659637515845507, 61.12268944726484 ], [ 14.659499304314933, 61.122822913937647 ], [ 14.658902555943227, 61.123378565394894 ], [ 14.658781806889795, 61.123451573942219 ], [ 14.658630252230076, 61.12350844302901 ], [ 14.658451704705236, 61.123546767579434 ], [ 14.658389228806513, 61.123556907419633 ], [ 14.658145859067705, 61.123595687329313 ], [ 14.657881900952178, 61.123600415819851 ], [ 14.657396311980536, 61.123588628999016 ], [ 14.656256343730561, 61.123518313512754 ], [ 14.655744390631869, 61.123503921899825 ], [ 14.655246909814311, 61.123519048662573 ], [ 14.655041850350811, 61.123514979492072 ], [ 14.654840118845, 61.123547862451161 ], [ 14.654686078224998, 61.123632857600022 ], [ 14.654513603524331, 61.123700989876959 ], [ 14.654096551106418, 61.124016239944496 ], [ 14.653675060403351, 61.124319033943571 ], [ 14.653467294537062, 61.124471834293281 ], [ 14.653091851291856, 61.124735071347409 ], [ 14.652826838551828, 61.12491959535101 ], [ 14.652530330078813, 61.125130468393934 ], [ 14.651975712035881, 61.125528142862301 ], [ 14.65160690311952, 61.125793494030006 ], [ 14.651341590677122, 61.12598341864016 ], [ 14.651085247870482, 61.126176059376839 ], [ 14.650971255775449, 61.126276756835182 ] ] } },
{ "type": "Feature", "properties": { "objektidentitet": "e702a250-2dd3-4bf9-a596-c7bbe308c9cf", "skapad": "2026-03-17T21:00:01", "objekttypnr": 1805, "objekttyp": "Landsväg liten", "avfartsvag_pafartsvag": "Ingen information", "cirkulationsplats": "Nej", "bro_och_tunnel": "Ingen information", "gagata": "Nej", "bussgata": "Nej", "industrivag": "Nej", "gatunamn": null, "vardvagnummer": "991", "gastvag1nummer": null, "gastvag2nummer": null, "alternativt_manér": "Nej", "vagutforande": null, "skoterkorning_tillaten": null, "ruskmarkering": null, "rotation": null, "trafikplatsnummer": null }, "geometry": { "type": "LineString", "coordinates": [ [ 14.650971255775449, 61.126276756835182 ], [ 14.651920228305821, 61.126643656671426 ], [ 14.652275849503569, 61.126791870487395 ], [ 14.652636910145986, 61.126936972841222 ], [ 14.653003336675503, 61.127078901033151 ], [ 14.653374962137898, 61.127217636235336 ], [ 14.653751675855125, 61.127353115654238 ], [ 14.654337203320743, 61.127539080265826 ], [ 14.655209529045147, 61.127822348157032 ], [ 14.655415058681875, 61.12790342972896 ], [ 14.655793070815639, 61.128083221296038 ], [ 14.656122311454062, 61.128284201120834 ], [ 14.656324918884563, 61.128419446008685 ], [ 14.656667863301267, 61.128607091470691 ] ] } },
{ "type": "Feature", "properties": { "objektidentitet": "410dd780-1e3d-48ea-b5b5-bccf70adfc1d", "skapad": "2026-03-17T21:00:01", "objekttypnr": 1805, "objekttyp": "Landsväg liten", "avfartsvag_pafartsvag": "Ingen information", "cirkulationsplats": "Nej", "bro_och_tunnel": "Ingen information", "gagata": "Nej", "bussgata": "Nej", "industrivag": "Nej", "gatunamn": null, "vardvagnummer": "991", "gastvag1nummer": null, "gastvag2nummer": null, "alternativt_manér": "Nej", "vagutforande": null, "skoterkorning_tillaten": null, "ruskmarkering": null, "rotation": null, "trafikplatsnummer": null }, "geometry": { "type": "LineString", "coordinates": [ [ 14.656667863301267, 61.128607091470691 ], [ 14.656915322839955, 61.128681085950397 ], [ 14.657188060799069, 61.128730078025946 ], [ 14.658019581597914, 61.12884007765031 ], [ 14.658167802464641, 61.12885712426683 ], [ 14.658614689265576, 61.128903500655923 ], [ 14.65906449468476, 61.128942736941269 ], [ 14.661851532872117, 61.129139962481503 ], [ 14.662302342290232, 61.129184944924852 ] ] } },
{ "type": "Feature", "properties": { "objektidentitet": "6f157fd5-c064-48b0-b506-1cc245a63b1a", "skapad": "2026-03-17T21:00:01", "objekttypnr": 1807, "objekttyp": "Småväg enkel standard", "avfartsvag_pafartsvag": "Ingen information", "cirkulationsplats": "Nej", "bro_och_tunnel": "Ingen information", "gagata": "Nej", "bussgata": "Nej", "industrivag": "Nej", "gatunamn": null, "vardvagnummer": null, "gastvag1nummer": null, "gastvag2nummer": null, "alternativt_manér": "Nej", "vagutforande": null, "skoterkorning_tillaten": null, "ruskmarkering": null, "rotation": null, "trafikplatsnummer": null }, "geometry": { "type": "LineString", "coordinates": [ [ 14.662522751943426, 61.128660193962382 ], [ 14.662720948811883, 61.128715659531366 ], [ 14.662796649294696, 61.128785839203225 ], [ 14.662980114323231, 61.128922534613444 ], [ 14.663272474441166, 61.12915582414292 ], [ 14.663346435704522, 61.129258822118956 ], [ 14.66330065858387, 61.12935443860701 ] ] } },
{ "type": "Feature", "properties": { "objektidentitet": "388e47fc-3994-4775-ab6b-4ae1b28ef2f3", "skapad": "2026-03-17T21:00:01", "objekttypnr": 1807, "objekttyp": "Småväg enkel standard", "avfartsvag_pafartsvag": "Ingen information", "cirkulationsplats": "Nej", "bro_och_tunnel": "Ingen information", "gagata": "Nej", "bussgata": "Nej", "industrivag": "Nej", "gatunamn": null, "vardvagnummer": null, "gastvag1nummer": null, "gastvag2nummer": null, "alternativt_manér": "Nej", "vagutforande": null, "skoterkorning_tillaten": null, "ruskmarkering": null, "rotation": null, "trafikplatsnummer": null }, "geometry": { "type": "LineString", "coordinates": [ [ 14.662628411325331, 61.13002434940767 ], [ 14.66235267932306, 61.130008785206911 ], [ 14.662085264065029, 61.129995064012853 ], [ 14.661906328827682, 61.129974542655873 ], [ 14.661747710753355, 61.12993778586749 ], [ 14.661650020071166, 61.129897940625305 ], [ 14.661656184212703, 61.129847536374413 ], [ 14.661704341534852, 61.129797246445932 ], [ 14.661766605584042, 61.129745465418111 ], [ 14.661945758226537, 61.12962211805327 ], [ 14.662083496496946, 61.129527836155617 ], [ 14.662273172065518, 61.129293243467842 ], [ 14.662302342290232, 61.129184944924852 ] ] } },
{ "type": "Feature", "properties": { "objektidentitet": "8e541cd3-3f8d-4e7e-bb55-6c75e2bc8139", "skapad": "2026-03-17T21:00:01", "objekttypnr": 1807, "objekttyp": "Småväg enkel standard", "avfartsvag_pafartsvag": "Ingen information", "cirkulationsplats": "Nej", "bro_och_tunnel": "Ingen information", "gagata": "Nej", "bussgata": "Nej", "industrivag": "Nej", "gatunamn": null, "vardvagnummer": null, "gastvag1nummer": null, "gastvag2nummer": null, "alternativt_manér": "Nej", "vagutforande": null, "skoterkorning_tillaten": null, "ruskmarkering": null, "rotation": null, "trafikplatsnummer": null }, "geometry": { "type": "LineString", "coordinates": [ [ 14.66330065858387, 61.12935443860701 ], [ 14.663163830833936, 61.129562401272331 ], [ 14.662998496008802, 61.129750191613248 ], [ 14.662782947503205, 61.129923410946013 ], [ 14.66265864223155, 61.130004574850631 ], [ 14.662628411325331, 61.13002434940767 ] ] } },
{ "type": "Feature", "properties": { "objektidentitet": "52ecf1cd-d733-4cf9-ad4a-02af94a089a8", "skapad": "2026-03-17T21:00:01", "objekttypnr": 1807, "objekttyp": "Småväg enkel standard", "avfartsvag_pafartsvag": "Ingen information", "cirkulationsplats": "Nej", "bro_och_tunnel": "Ingen information", "gagata": "Nej", "bussgata": "Nej", "industrivag": "Nej", "gatunamn": null, "vardvagnummer": null, "gastvag1nummer": null, "gastvag2nummer": null, "alternativt_manér": "Nej", "vagutforande": null, "skoterkorning_tillaten": null, "ruskmarkering": null, "rotation": null, "trafikplatsnummer": null }, "geometry": { "type": "LineString", "coordinates": [ [ 14.644814003535789, 61.130389633725244 ], [ 14.645075783573649, 61.130307913390723 ], [ 14.645181710368426, 61.130278788909372 ], [ 14.645379116963639, 61.130230700518105 ], [ 14.645515099733336, 61.130201627427965 ], [ 14.645700218674165, 61.13016647035429 ], [ 14.645766651114707, 61.130154380621647 ], [ 14.645942331220937, 61.130126497643815 ], [ 14.646195915607796, 61.130091563703516 ], [ 14.646616388109429, 61.130044496669193 ], [ 14.647031352970428, 61.130006741933208 ], [ 14.64744798548452, 61.129974188247211 ], [ 14.648046699351715, 61.129937115396636 ], [ 14.649110226868578, 61.129854947726017 ], [ 14.649335242493853, 61.129830958825373 ], [ 14.649633378920905, 61.12979248914246 ], [ 14.649973839155095, 61.129735930463752 ], [ 14.651377574124073, 61.129441769414861 ], [ 14.65181882561634, 61.129347228941242 ], [ 14.652264142081883, 61.129257554621795 ], [ 14.652713686559769, 61.129173186574889 ], [ 14.652864340467911, 61.129146020271186 ], [ 14.653797030914756, 61.128990059347331 ], [ 14.654425833019339, 61.128896627742577 ], [ 14.654890220710612, 61.128832445555915 ], [ 14.655356922373745, 61.128772101219681 ], [ 14.655591182725923, 61.128743564788913 ], [ 14.656088828073143, 61.128683287933626 ], [ 14.656419417910339, 61.1286410791202 ], [ 14.656667863301267, 61.128607091470691 ] ] } },
{ "type": "Feature", "properties": { "objektidentitet": "689f0335-1be9-419a-9787-c8d2f6cc0d21", "skapad": "2026-03-17T21:00:01", "objekttypnr": 1807, "objekttyp": "Småväg enkel standard", "avfartsvag_pafartsvag": "Ingen information", "cirkulationsplats": "Nej", "bro_och_tunnel": "Ingen information", "gagata": "Nej", "bussgata": "Nej", "industrivag": "Nej", "gatunamn": null, "vardvagnummer": null, "gastvag1nummer": null, "gastvag2nummer": null, "alternativt_manér": "Nej", "vagutforande": null, "skoterkorning_tillaten": null, "ruskmarkering": null, "rotation": null, "trafikplatsnummer": null }, "geometry": { "type": "LineString", "coordinates": [ [ 14.662628411325331, 61.13002434940767 ], [ 14.662291235984711, 61.130202885065735 ], [ 14.662118439064685, 61.130281996956114 ], [ 14.661509611062034, 61.130520964040194 ], [ 14.660887212199039, 61.130759032159723 ], [ 14.660616265756927, 61.130897392207679 ], [ 14.660509398145646, 61.130972088910958 ], [ 14.660486730057876, 61.130991064955083 ], [ 14.660436317948379, 61.131078095144794 ], [ 14.660408951624968, 61.131095407551882 ], [ 14.660390778533094, 61.131207584627617 ], [ 14.660433432563073, 61.131320982625986 ], [ 14.660506416300151, 61.131429914107386 ], [ 14.660701338008868, 61.131643150254476 ], [ 14.660908825461865, 61.131851794170466 ], [ 14.661208960840941, 61.132136837625502 ], [ 14.661427068833845, 61.132351252970871 ], [ 14.661629313368088, 61.132568357681428 ], [ 14.661782928434381, 61.13276171075497 ], [ 14.661823357462733, 61.132823390702576 ] ] } },
{ "type": "Feature", "properties": { "objektidentitet": "163b4ebd-95d9-4f32-b877-511bae68fd17", "skapad": "2025-12-17T01:00:01", "objekttypnr": 1811, "objekttyp": "Lokalgata liten", "avfartsvag_pafartsvag": "Ingen information", "cirkulationsplats": "Nej", "bro_och_tunnel": "Ingen information", "gagata": "Nej", "bussgata": "Nej", "industrivag": "Nej", "gatunamn": null, "vardvagnummer": null, "gastvag1nummer": null, "gastvag2nummer": null, "alternativt_manér": "Nej", "vagutforande": null, "skoterkorning_tillaten": null, "ruskmarkering": null, "rotation": null, "trafikplatsnummer": null }, "geometry": { "type": "LineString", "coordinates": [ [ 14.626632865582845, 61.117122163899033 ], [ 14.62665739626347, 61.117178999153467 ], [ 14.626815771167296, 61.117548659381043 ] ] } },
{ "type": "Feature", "properties": { "objektidentitet": "c779f6a7-865c-46ba-a2bb-5ef12ca9fc85", "skapad": "2025-12-17T01:00:01", "objekttypnr": 1811, "objekttyp": "Lokalgata liten", "avfartsvag_pafartsvag": "Ingen information", "cirkulationsplats": "Nej", "bro_och_tunnel": "Ingen information", "gagata": "Nej", "bussgata": "Nej", "industrivag": "Nej", "gatunamn": null, "vardvagnummer": null, "gastvag1nummer": null, "gastvag2nummer": null, "alternativt_manér": "Nej", "vagutforande": null, "skoterkorning_tillaten": null, "ruskmarkering": null, "rotation": null, "trafikplatsnummer": null }, "geometry": { "type": "LineString", "coordinates": [ [ 14.626998484234361, 61.117960438679759 ], [ 14.626622445911091, 61.11800556590638 ] ] } },
{ "type": "Feature", "properties": { "objektidentitet": "04a0840c-0a3b-4c6c-9f81-15d7df061fef", "skapad": "2025-12-17T01:00:01", "objekttypnr": 1811, "objekttyp": "Lokalgata liten", "avfartsvag_pafartsvag": "Ingen information", "cirkulationsplats": "Nej", "bro_och_tunnel": "Ingen information", "gagata": "Nej", "bussgata": "Nej", "industrivag": "Nej", "gatunamn": null, "vardvagnummer": null, "gastvag1nummer": null, "gastvag2nummer": null, "alternativt_manér": "Nej", "vagutforande": null, "skoterkorning_tillaten": null, "ruskmarkering": null, "rotation": null, "trafikplatsnummer": null }, "geometry": { "type": "LineString", "coordinates": [ [ 14.627178113474187, 61.115680011931452 ], [ 14.627109950914758, 61.115573158317332 ], [ 14.627076595409612, 61.115525187506869 ] ] } },
{ "type": "Feature", "properties": { "objektidentitet": "22a36bd3-01ed-4833-b5b6-7729daf0fa89", "skapad": "2025-12-17T01:00:01", "objekttypnr": 1811, "objekttyp": "Lokalgata liten", "avfartsvag_pafartsvag": "Ingen information", "cirkulationsplats": "Nej", "bro_och_tunnel": "Ingen information", "gagata": "Nej", "bussgata": "Nej", "industrivag": "Nej", "gatunamn": null, "vardvagnummer": null, "gastvag1nummer": null, "gastvag2nummer": null, "alternativt_manér": "Nej", "vagutforande": null, "skoterkorning_tillaten": null, "ruskmarkering": null, "rotation": null, "trafikplatsnummer": null }, "geometry": { "type": "LineString", "coordinates": [ [ 14.628421694822258, 61.115528889598657 ], [ 14.628414570549035, 61.11553815297799 ], [ 14.628324067900877, 61.115606225905161 ], [ 14.628210388869109, 61.115656772802197 ], [ 14.628106396729445, 61.115680448847655 ], [ 14.627978341686431, 61.115692576029673 ], [ 14.627861035933716, 61.115693240752655 ], [ 14.627702437054793, 61.115681626900873 ], [ 14.627572336261215, 61.115667308225142 ], [ 14.627420205265445, 61.115658019056795 ], [ 14.627303669310406, 61.115664233832902 ], [ 14.627178113474187, 61.115680011931452 ] ] } },
{ "type": "Feature", "properties": { "objektidentitet": "e3720b80-a46b-4a00-bed6-8b8c7d252854", "skapad": "2025-12-17T01:00:01", "objekttypnr": 1811, "objekttyp": "Lokalgata liten", "avfartsvag_pafartsvag": "Ingen information", "cirkulationsplats": "Nej", "bro_och_tunnel": "Ingen information", "gagata": "Nej", "bussgata": "Nej", "industrivag": "Nej", "gatunamn": null, "vardvagnummer": null, "gastvag1nummer": null, "gastvag2nummer": null, "alternativt_manér": "Nej", "vagutforande": null, "skoterkorning_tillaten": null, "ruskmarkering": null, "rotation": null, "trafikplatsnummer": null }, "geometry": { "type": "LineString", "coordinates": [ [ 14.627395577523513, 61.116082379144856 ], [ 14.627247044134647, 61.115798889148095 ], [ 14.627178113474187, 61.115680011931452 ] ] } },
{ "type": "Feature", "properties": { "objektidentitet": "b669347d-9750-4a55-9cce-dae41633f546", "skapad": "2025-12-17T01:00:01", "objekttypnr": 1805, "objekttyp": "Landsväg liten", "avfartsvag_pafartsvag": "Ingen information", "cirkulationsplats": "Nej", "bro_och_tunnel": "Ingen information", "gagata": "Nej", "bussgata": "Nej", "industrivag": "Nej", "gatunamn": null, "vardvagnummer": "1000", "gastvag1nummer": null, "gastvag2nummer": null, "alternativt_manér": "Nej", "vagutforande": null, "skoterkorning_tillaten": null, "ruskmarkering": null, "rotation": null, "trafikplatsnummer": null }, "geometry": { "type": "LineString", "coordinates": [ [ 14.627959772127788, 61.116011050213075 ], [ 14.627395577523513, 61.116082379144856 ] ] } },
{ "type": "Feature", "properties": { "objektidentitet": "ca0d1d2a-f6ae-42bb-bb76-e026020c29af", "skapad": "2025-12-17T01:00:01", "objekttypnr": 1805, "objekttyp": "Landsväg liten", "avfartsvag_pafartsvag": "Ingen information", "cirkulationsplats": "Nej", "bro_och_tunnel": "Ingen information", "gagata": "Nej", "bussgata": "Nej", "industrivag": "Nej", "gatunamn": null, "vardvagnummer": "1000", "gastvag1nummer": null, "gastvag2nummer": null, "alternativt_manér": "Nej", "vagutforande": null, "skoterkorning_tillaten": null, "ruskmarkering": null, "rotation": null, "trafikplatsnummer": null }, "geometry": { "type": "LineString", "coordinates": [ [ 14.627959772127788, 61.116011050213075 ], [ 14.62826377602179, 61.115941320033194 ], [ 14.628362308957984, 61.115914854795143 ], [ 14.62845061715179, 61.115888370439194 ], [ 14.62852869363641, 61.115860870218597 ], [ 14.62858835052254, 61.115834298037839 ], [ 14.628690848070871, 61.115781430458192 ], [ 14.628756288439414, 61.115737977866168 ], [ 14.628865704840871, 61.115671078784651 ], [ 14.628922954623659, 61.115636069690048 ] ] } },
{ "type": "Feature", "properties": { "objektidentitet": "6bd96e94-9d89-4ccc-beb4-0160a4eb56f5", "skapad": "2025-12-17T01:00:01", "objekttypnr": 1805, "objekttyp": "Landsväg liten", "avfartsvag_pafartsvag": "Ingen information", "cirkulationsplats": "Nej", "bro_och_tunnel": "Ingen information", "gagata": "Nej", "bussgata": "Nej", "industrivag": "Nej", "gatunamn": null, "vardvagnummer": "1000", "gastvag1nummer": null, "gastvag2nummer": null, "alternativt_manér": "Nej", "vagutforande": null, "skoterkorning_tillaten": null, "ruskmarkering": null, "rotation": null, "trafikplatsnummer": null }, "geometry": { "type": "LineString", "coordinates": [ [ 14.629268413419858, 61.116058769496924 ], [ 14.628861555008671, 61.116025055266725 ], [ 14.628837824789706, 61.116023086793319 ], [ 14.628661981848738, 61.116011713882287 ], [ 14.628511418195048, 61.116007826056084 ], [ 14.628301907866083, 61.116004781594917 ], [ 14.627959772127788, 61.116011050213075 ] ] } },
{ "type": "Feature", "properties": { "objektidentitet": "105f23c2-d555-4d23-91f6-9128060046bd", "skapad": "2026-03-17T21:00:01", "objekttypnr": 1809, "objekttyp": "Huvudgata", "avfartsvag_pafartsvag": "Ingen information", "cirkulationsplats": "Ja", "bro_och_tunnel": "Ingen information", "gagata": "Nej", "bussgata": "Nej", "industrivag": "Nej", "gatunamn": null, "vardvagnummer": "E45", "gastvag1nummer": null, "gastvag2nummer": null, "alternativt_manér": "Nej", "vagutforande": null, "skoterkorning_tillaten": null, "ruskmarkering": null, "rotation": null, "trafikplatsnummer": null }, "geometry": { "type": "LineString", "coordinates": [ [ 14.629268413419858, 61.116058769496924 ], [ 14.629218573478747, 61.116044124691797 ], [ 14.629171479110397, 61.116027979123331 ], [ 14.629087982373512, 61.115992296589631 ], [ 14.629043338526122, 61.115968158509396 ], [ 14.628998794027945, 61.115937143457181 ], [ 14.628941504195407, 61.115882086821841 ], [ 14.628920573820654, 61.11585343496256 ], [ 14.628904396957255, 61.11582136643181 ], [ 14.628894107647072, 61.115790445600226 ], [ 14.628889724428275, 61.115760707863735 ], [ 14.628891287441352, 61.115728679237549 ], [ 14.628897555557947, 61.115698952643186 ], [ 14.628922954623659, 61.115636069690048 ] ] } },
{ "type": "Feature", "properties": { "objektidentitet": "091dce45-d558-4b29-a179-40c267eeb0b0", "skapad": "2026-03-17T21:00:01", "objekttypnr": 1809, "objekttyp": "Huvudgata", "avfartsvag_pafartsvag": "Ingen information", "cirkulationsplats": "Ja", "bro_och_tunnel": "Ingen information", "gagata": "Nej", "bussgata": "Nej", "industrivag": "Nej", "gatunamn": null, "vardvagnummer": "E45", "gastvag1nummer": null, "gastvag2nummer": null, "alternativt_manér": "Nej", "vagutforande": null, "skoterkorning_tillaten": null, "ruskmarkering": null, "rotation": null, "trafikplatsnummer": null }, "geometry": { "type": "LineString", "coordinates": [ [ 14.628922954623659, 61.115636069690048 ], [ 14.628944607710297, 61.115617302401489 ], [ 14.628957488238971, 61.115599705332471 ] ] } },
{ "type": "Feature", "properties": { "objektidentitet": "fbdb506d-7bc1-4da4-b3f9-d099b5e7ade0", "skapad": "2026-03-17T21:00:01", "objekttypnr": 1804, "objekttyp": "Landsväg", "avfartsvag_pafartsvag": "Ingen information", "cirkulationsplats": "Nej", "bro_och_tunnel": "Ingen information", "gagata": "Nej", "bussgata": "Nej", "industrivag": "Nej", "gatunamn": null, "vardvagnummer": "E45", "gastvag1nummer": null, "gastvag2nummer": null, "alternativt_manér": "Nej", "vagutforande": null, "skoterkorning_tillaten": null, "ruskmarkering": null, "rotation": null, "trafikplatsnummer": null }, "geometry": { "type": "LineString", "coordinates": [ [ 14.628957488238971, 61.115599705332471 ], [ 14.628985528452732, 61.115530437448186 ] ] } },
{ "type": "Feature", "properties": { "objektidentitet": "2cf3aa65-4e37-45b0-9c0f-69689b08daa1", "skapad": "2026-03-17T21:00:01", "objekttypnr": 1809, "objekttyp": "Huvudgata", "avfartsvag_pafartsvag": "Ingen information", "cirkulationsplats": "Ja", "bro_och_tunnel": "Ingen information", "gagata": "Nej", "bussgata": "Nej", "industrivag": "Nej", "gatunamn": null, "vardvagnummer": "E45", "gastvag1nummer": null, "gastvag2nummer": null, "alternativt_manér": "Nej", "vagutforande": null, "skoterkorning_tillaten": null, "ruskmarkering": null, "rotation": null, "trafikplatsnummer": null }, "geometry": { "type": "LineString", "coordinates": [ [ 14.628957488238971, 61.115599705332471 ], [ 14.629019387400037, 61.115551170390134 ], [ 14.629053638110381, 61.115530624265318 ] ] } },
{ "type": "Feature", "properties": { "objektidentitet": "06ea6a34-7f16-4631-8642-27edcf5848b9", "skapad": "2026-03-17T21:00:01", "objekttypnr": 1809, "objekttyp": "Huvudgata", "avfartsvag_pafartsvag": "Ingen information", "cirkulationsplats": "Ja", "bro_och_tunnel": "Ingen information", "gagata": "Nej", "bussgata": "Nej", "industrivag": "Nej", "gatunamn": null, "vardvagnummer": "E45", "gastvag1nummer": null, "gastvag2nummer": null, "alternativt_manér": "Nej", "vagutforande": null, "skoterkorning_tillaten": null, "ruskmarkering": null, "rotation": null, "trafikplatsnummer": null }, "geometry": { "type": "LineString", "coordinates": [ [ 14.630279396475924, 61.115889296788914 ], [ 14.630249725952817, 61.115914551094576 ], [ 14.630229455485937, 61.115935746291342 ], [ 14.630164037176288, 61.115977449179354 ], [ 14.630124100385071, 61.11599828536707 ], [ 14.630073334804271, 61.116019962641666 ], [ 14.630030790901873, 61.116035198323196 ], [ 14.629921682327234, 61.11606634942887 ], [ 14.629860057449608, 61.116078767543343 ], [ 14.629793739364937, 61.116089449435528 ], [ 14.62973576459488, 61.116094435029787 ], [ 14.629674233267066, 61.116098845088018 ], [ 14.629615117491802, 61.116099823529574 ], [ 14.629509702917591, 61.116094345591641 ], [ 14.629444836905686, 61.116087182988977 ], [ 14.629358393613883, 61.116076469049425 ], [ 14.629268413419858, 61.116058769496924 ] ] } },
{ "type": "Feature", "properties": { "objektidentitet": "4fd8c05b-fd73-4e4f-9823-436bec025e4f", "skapad": "2026-03-17T21:00:01", "objekttypnr": 1809, "objekttyp": "Huvudgata", "avfartsvag_pafartsvag": "Ingen information", "cirkulationsplats": "Ja", "bro_och_tunnel": "Ingen information", "gagata": "Nej", "bussgata": "Nej", "industrivag": "Nej", "gatunamn": null, "vardvagnummer": "E45", "gastvag1nummer": null, "gastvag2nummer": null, "alternativt_manér": "Nej", "vagutforande": null, "skoterkorning_tillaten": null, "ruskmarkering": null, "rotation": null, "trafikplatsnummer": null }, "geometry": { "type": "LineString", "coordinates": [ [ 14.630178212155494, 61.11553370388684 ], [ 14.630183215844774, 61.115536626321578 ], [ 14.630213697823976, 61.115557870412566 ], [ 14.630265216457278, 61.115600332753402 ], [ 14.630304834926955, 61.115649621693414 ], [ 14.630328983557979, 61.115706311068664 ], [ 14.630334589257057, 61.115733197202061 ], [ 14.630334208513251, 61.115765803614288 ], [ 14.630326700852486, 61.115800096634857 ], [ 14.630313330919545, 61.115832649461161 ], [ 14.63029763553185, 61.115860922902066 ] ] } },
{ "type": "Feature", "properties": { "objektidentitet": "f311ce00-1778-40ce-aa71-825167ff1f9a", "skapad": "2026-03-17T21:00:01", "objekttypnr": 1804, "objekttyp": "Landsväg", "avfartsvag_pafartsvag": "Ingen information", "cirkulationsplats": "Nej", "bro_och_tunnel": "Ingen information", "gagata": "Nej", "bussgata": "Nej", "industrivag": "Nej", "gatunamn": null, "vardvagnummer": "E45", "gastvag1nummer": null, "gastvag2nummer": null, "alternativt_manér": "Nej", "vagutforande": null, "skoterkorning_tillaten": null, "ruskmarkering": null, "rotation": null, "trafikplatsnummer": null }, "geometry": { "type": "LineString", "coordinates": [ [ 14.63029763553185, 61.115860922902066 ], [ 14.630279396475924, 61.115889296788914 ] ] } },
{ "type": "Feature", "properties": { "objektidentitet": "e7799e14-1e6d-4583-8e5d-f06f54533940", "skapad": "2026-03-17T21:00:01", "objekttypnr": 1805, "objekttyp": "Landsväg liten", "avfartsvag_pafartsvag": "Ingen information", "cirkulationsplats": "Nej", "bro_och_tunnel": "Ingen information", "gagata": "Nej", "bussgata": "Nej", "industrivag": "Nej", "gatunamn": null, "vardvagnummer": "985", "gastvag1nummer": null, "gastvag2nummer": null, "alternativt_manér": "Nej", "vagutforande": null, "skoterkorning_tillaten": null, "ruskmarkering": null, "rotation": null, "trafikplatsnummer": null }, "geometry": { "type": "LineString", "coordinates": [ [ 14.63082182021969, 61.115535462186251 ], [ 14.630685816108008, 61.115601104881833 ], [ 14.630589082036016, 61.115658155335602 ], [ 14.630411586331919, 61.115785272743786 ], [ 14.63029763553185, 61.115860922902066 ] ] } },
{ "type": "Feature", "properties": { "objektidentitet": "c7b6e6a4-b75f-47b7-a9dd-267410ccfdf7", "skapad": "2026-03-17T21:00:01", "objekttypnr": 1805, "objekttyp": "Landsväg liten", "avfartsvag_pafartsvag": "Ingen information", "cirkulationsplats": "Nej", "bro_och_tunnel": "Ingen information", "gagata": "Nej", "bussgata": "Nej", "industrivag": "Nej", "gatunamn": null, "vardvagnummer": "983", "gastvag1nummer": null, "gastvag2nummer": null, "alternativt_manér": "Nej", "vagutforande": null, "skoterkorning_tillaten": null, "ruskmarkering": null, "rotation": null, "trafikplatsnummer": null }, "geometry": { "type": "LineString", "coordinates": [ [ 14.63302719657057, 61.115541463916358 ], [ 14.633142905245014, 61.115721164005066 ] ] } },
{ "type": "Feature", "properties": { "objektidentitet": "c44b6f32-c894-4a36-a77c-3bea513ea9b5", "skapad": "2026-03-17T21:00:01", "objekttypnr": 1811, "objekttyp": "Lokalgata liten", "avfartsvag_pafartsvag": "Ingen information", "cirkulationsplats": "Nej", "bro_och_tunnel": "Ingen information", "gagata": "Nej", "bussgata": "Nej", "industrivag": "Nej", "gatunamn": null, "vardvagnummer": null, "gastvag1nummer": null, "gastvag2nummer": null, "alternativt_manér": "Nej", "vagutforande": null, "skoterkorning_tillaten": null, "ruskmarkering": null, "rotation": null, "trafikplatsnummer": null }, "geometry": { "type": "LineString", "coordinates": [ [ 14.633142905245014, 61.115721164005066 ], [ 14.633961547987449, 61.115677298743456 ], [ 14.634159984444612, 61.115649295180383 ], [ 14.634238684850034, 61.115636373324548 ], [ 14.634311953201717, 61.115623006036159 ] ] } },
{ "type": "Feature", "properties": { "objektidentitet": "eb02fc6c-7487-49a1-894f-3c47b75a18bd", "skapad": "2026-03-17T21:00:01", "objekttypnr": 1811, "objekttyp": "Lokalgata liten", "avfartsvag_pafartsvag": "Ingen information", "cirkulationsplats": "Nej", "bro_och_tunnel": "Ingen information", "gagata": "Nej", "bussgata": "Nej", "industrivag": "Nej", "gatunamn": null, "vardvagnummer": null, "gastvag1nummer": null, "gastvag2nummer": null, "alternativt_manér": "Nej", "vagutforande": null, "skoterkorning_tillaten": null, "ruskmarkering": null, "rotation": null, "trafikplatsnummer": null }, "geometry": { "type": "LineString", "coordinates": [ [ 14.634311953201717, 61.115623006036159 ], [ 14.634472020039201, 61.115589619179509 ], [ 14.63455879647978, 61.11557152974045 ], [ 14.634648600226845, 61.115545853479261 ] ] } },
{ "type": "Feature", "properties": { "objektidentitet": "14554e37-ab11-4110-b19b-375cc713c1d8", "skapad": "2026-03-17T21:00:01", "objekttypnr": 1811, "objekttyp": "Lokalgata liten", "avfartsvag_pafartsvag": "Ingen information", "cirkulationsplats": "Nej", "bro_och_tunnel": "Ingen information", "gagata": "Nej", "bussgata": "Nej", "industrivag": "Nej", "gatunamn": null, "vardvagnummer": null, "gastvag1nummer": null, "gastvag2nummer": null, "alternativt_manér": "Nej", "vagutforande": null, "skoterkorning_tillaten": null, "ruskmarkering": null, "rotation": null, "trafikplatsnummer": null }, "geometry": { "type": "LineString", "coordinates": [ [ 14.636031941342807, 61.115549583177881 ], [ 14.636483435534155, 61.116049588696171 ] ] } },
{ "type": "Feature", "properties": { "objektidentitet": "822c7807-72b9-49b5-a46a-a7f56a1f6bb4", "skapad": "2026-03-17T21:00:01", "objekttypnr": 1811, "objekttyp": "Lokalgata liten", "avfartsvag_pafartsvag": "Ingen information", "cirkulationsplats": "Nej", "bro_och_tunnel": "Ingen information", "gagata": "Nej", "bussgata": "Nej", "industrivag": "Nej", "gatunamn": null, "vardvagnummer": null, "gastvag1nummer": null, "gastvag2nummer": null, "alternativt_manér": "Nej", "vagutforande": null, "skoterkorning_tillaten": null, "ruskmarkering": null, "rotation": null, "trafikplatsnummer": null }, "geometry": { "type": "LineString", "coordinates": [ [ 14.637944297758555, 61.115554715881984 ], [ 14.638377629849897, 61.116023557921885 ] ] } },
{ "type": "Feature", "properties": { "objektidentitet": "4ee43af0-a39b-4321-8f79-2f7354d8b12d", "skapad": "2026-03-17T21:00:01", "objekttypnr": 1811, "objekttyp": "Lokalgata liten", "avfartsvag_pafartsvag": "Ingen information", "cirkulationsplats": "Nej", "bro_och_tunnel": "Ingen information", "gagata": "Nej", "bussgata": "Nej", "industrivag": "Nej", "gatunamn": null, "vardvagnummer": null, "gastvag1nummer": null, "gastvag2nummer": null, "alternativt_manér": "Nej", "vagutforande": null, "skoterkorning_tillaten": null, "ruskmarkering": null, "rotation": null, "trafikplatsnummer": null }, "geometry": { "type": "LineString", "coordinates": [ [ 14.639543368146484, 61.115558986977703 ], [ 14.639767659324052, 61.115818496442188 ] ] } },
{ "type": "Feature", "properties": { "objektidentitet": "4198269c-b368-4acf-9afd-4142366fc286", "skapad": "2025-12-17T01:00:01", "objekttypnr": 1811, "objekttyp": "Lokalgata liten", "avfartsvag_pafartsvag": "Ingen information", "cirkulationsplats": "Nej", "bro_och_tunnel": "Ingen information", "gagata": "Nej", "bussgata": "Nej", "industrivag": "Nej", "gatunamn": null, "vardvagnummer": null, "gastvag1nummer": null, "gastvag2nummer": null, "alternativt_manér": "Nej", "vagutforande": null, "skoterkorning_tillaten": null, "ruskmarkering": null, "rotation": null, "trafikplatsnummer": null }, "geometry": { "type": "LineString", "coordinates": [ [ 14.626815771167296, 61.117548659381043 ], [ 14.626957781412022, 61.117875808932951 ], [ 14.626998484234361, 61.117960438679759 ] ] } },
{ "type": "Feature", "properties": { "objektidentitet": "003ece2f-8f9f-40d4-9672-51ab22f713d1", "skapad": "2026-03-17T21:00:01", "objekttypnr": 1805, "objekttyp": "Landsväg liten", "avfartsvag_pafartsvag": "Ingen information", "cirkulationsplats": "Nej", "bro_och_tunnel": "Ingen information", "gagata": "Nej", "bussgata": "Nej", "industrivag": "Nej", "gatunamn": null, "vardvagnummer": "983", "gastvag1nummer": null, "gastvag2nummer": null, "alternativt_manér": "Nej", "vagutforande": null, "skoterkorning_tillaten": null, "ruskmarkering": null, "rotation": null, "trafikplatsnummer": null }, "geometry": { "type": "LineString", "coordinates": [ [ 14.633633588030044, 61.117773465757111 ], [ 14.633685398650936, 61.118190734564735 ] ] } },
{ "type": "Feature", "properties": { "objektidentitet": "c1dcf6c9-21f1-4e41-a645-239fcb49dd86", "skapad": "2026-03-17T21:00:01", "objekttypnr": 1811, "objekttyp": "Lokalgata liten", "avfartsvag_pafartsvag": "Ingen information", "cirkulationsplats": "Nej", "bro_och_tunnel": "Ingen information", "gagata": "Nej", "bussgata": "Nej", "industrivag": "Nej", "gatunamn": null, "vardvagnummer": null, "gastvag1nummer": null, "gastvag2nummer": null, "alternativt_manér": "Nej", "vagutforande": null, "skoterkorning_tillaten": null, "ruskmarkering": null, "rotation": null, "trafikplatsnummer": null }, "geometry": { "type": "LineString", "coordinates": [ [ 14.633633588030044, 61.117773465757111 ], [ 14.633005017468607, 61.117770971561811 ], [ 14.632773178474009, 61.117776761445654 ], [ 14.63264631466379, 61.117786418395674 ], [ 14.632561254707451, 61.117796727171132 ], [ 14.632486266051982, 61.117809110453159 ], [ 14.632443180742978, 61.117822944823949 ], [ 14.632371892798684, 61.117841056928761 ], [ 14.632242280857009, 61.117885943972709 ], [ 14.632197210492386, 61.117902879551906 ], [ 14.632132219606632, 61.117922076910332 ], [ 14.632064957493894, 61.117937066542964 ], [ 14.631723949259394, 61.1179882548332 ], [ 14.631485562542874, 61.118038240749406 ] ] } },
{ "type": "Feature", "properties": { "objektidentitet": "694eb1f5-4f8a-4f01-b572-0bc20734f220", "skapad": "2026-03-17T21:00:01", "objekttypnr": 1811, "objekttyp": "Lokalgata liten", "avfartsvag_pafartsvag": "Ingen information", "cirkulationsplats": "Nej", "bro_och_tunnel": "Ingen information", "gagata": "Nej", "bussgata": "Nej", "industrivag": "Nej", "gatunamn": null, "vardvagnummer": null, "gastvag1nummer": null, "gastvag2nummer": null, "alternativt_manér": "Nej", "vagutforande": null, "skoterkorning_tillaten": null, "ruskmarkering": null, "rotation": null, "trafikplatsnummer": null }, "geometry": { "type": "LineString", "coordinates": [ [ 14.634830619518324, 61.117920015982172 ], [ 14.634795948085008, 61.117936513359588 ], [ 14.634731331131096, 61.117968443826591 ], [ 14.634649636265758, 61.118007196044246 ], [ 14.634570188173127, 61.118040971370085 ], [ 14.63448579817651, 61.118073620379533 ], [ 14.634397638333642, 61.118100019204093 ], [ 14.634309677616846, 61.118122037535692 ], [ 14.634195425451919, 61.118145160913812 ], [ 14.634088519119279, 61.118162127141282 ], [ 14.634009216036047, 61.118172057593192 ], [ 14.633897656319681, 61.118182169745189 ], [ 14.63379195481391, 61.118188006558192 ], [ 14.633685398650936, 61.118190734564735 ] ] } },
{ "type": "Feature", "properties": { "objektidentitet": "9f75c364-ca1b-49e1-8851-5f32dc104a56", "skapad": "2025-12-17T01:00:01", "objekttypnr": 1805, "objekttyp": "Landsväg liten", "avfartsvag_pafartsvag": "Ingen information", "cirkulationsplats": "Nej", "bro_och_tunnel": "Ingen information", "gagata": "Nej", "bussgata": "Nej", "industrivag": "Nej", "gatunamn": null, "vardvagnummer": "1000", "gastvag1nummer": null, "gastvag2nummer": null, "alternativt_manér": "Nej", "vagutforande": null, "skoterkorning_tillaten": null, "ruskmarkering": null, "rotation": null, "trafikplatsnummer": null }, "geometry": { "type": "LineString", "coordinates": [ [ 14.627395577523513, 61.116082379144856 ], [ 14.626643980184962, 61.116179781450064 ] ] } },
{ "type": "Feature", "properties": { "objektidentitet": "eccb2222-2d92-4141-b950-5da323bd1752", "skapad": "2026-03-17T21:00:01", "objekttypnr": 1811, "objekttyp": "Lokalgata liten", "avfartsvag_pafartsvag": "Ingen information", "cirkulationsplats": "Nej", "bro_och_tunnel": "Ingen information", "gagata": "Nej", "bussgata": "Nej", "industrivag": "Nej", "gatunamn": null, "vardvagnummer": null, "gastvag1nummer": null, "gastvag2nummer": null, "alternativt_manér": "Nej", "vagutforande": null, "skoterkorning_tillaten": null, "ruskmarkering": null, "rotation": null, "trafikplatsnummer": null }, "geometry": { "type": "LineString", "coordinates": [ [ 14.636058788007585, 61.117809568000325 ], [ 14.637283396041397, 61.117911945874468 ], [ 14.637708211103284, 61.117952434263351 ] ] } },
{ "type": "Feature", "properties": { "objektidentitet": "5af3da3d-6695-4c7b-9925-97a2eb9d634c", "skapad": "2026-03-17T21:00:01", "objekttypnr": 1811, "objekttyp": "Lokalgata liten", "avfartsvag_pafartsvag": "Ingen information", "cirkulationsplats": "Nej", "bro_och_tunnel": "Ingen information", "gagata": "Nej", "bussgata": "Nej", "industrivag": "Nej", "gatunamn": null, "vardvagnummer": null, "gastvag1nummer": null, "gastvag2nummer": null, "alternativt_manér": "Nej", "vagutforande": null, "skoterkorning_tillaten": null, "ruskmarkering": null, "rotation": null, "trafikplatsnummer": null }, "geometry": { "type": "LineString", "coordinates": [ [ 14.634830619518324, 61.117920015982172 ], [ 14.634965067765348, 61.117862570587462 ], [ 14.635028600645526, 61.117840898810158 ], [ 14.635097675989178, 61.117821414907887 ], [ 14.635173438852012, 61.11780457019546 ], [ 14.635248898754726, 61.117791450780445 ], [ 14.635327181653899, 61.117781346162268 ], [ 14.635391008512997, 61.117776032835955 ], [ 14.635466912688639, 61.117772664150614 ], [ 14.635544412622837, 61.117772558739745 ], [ 14.63561662692897, 61.117775347913238 ], [ 14.635758938881038, 61.117782671190199 ], [ 14.636058788007585, 61.117809568000325 ] ] } },
{ "type": "Feature", "properties": { "objektidentitet": "83d9a5d0-db9f-48b5-b35c-00cac78c2ec8", "skapad": "2026-03-17T21:00:01", "objekttypnr": 1811, "objekttyp": "Lokalgata liten", "avfartsvag_pafartsvag": "Ingen information", "cirkulationsplats": "Nej", "bro_och_tunnel": "Ingen information", "gagata": "Nej", "bussgata": "Nej", "industrivag": "Nej", "gatunamn": null, "vardvagnummer": null, "gastvag1nummer": null, "gastvag2nummer": null, "alternativt_manér": "Nej", "vagutforande": null, "skoterkorning_tillaten": null, "ruskmarkering": null, "rotation": null, "trafikplatsnummer": null }, "geometry": { "type": "LineString", "coordinates": [ [ 14.637850733058425, 61.117965842958903 ], [ 14.63867392756511, 61.118038233235623 ], [ 14.638815352739355, 61.118048612125463 ], [ 14.638957699748266, 61.11805789822165 ], [ 14.639115090979917, 61.118066156052095 ], [ 14.639182284075178, 61.118068328258239 ] ] } },
{ "type": "Feature", "properties": { "objektidentitet": "29c528e9-e122-49fb-ba71-36db07029bce", "skapad": "2026-03-17T21:00:01", "objekttypnr": 1811, "objekttyp": "Lokalgata liten", "avfartsvag_pafartsvag": "Ingen information", "cirkulationsplats": "Nej", "bro_och_tunnel": "Ingen information", "gagata": "Nej", "bussgata": "Nej", "industrivag": "Nej", "gatunamn": null, "vardvagnummer": null, "gastvag1nummer": null, "gastvag2nummer": null, "alternativt_manér": "Nej", "vagutforande": null, "skoterkorning_tillaten": null, "ruskmarkering": null, "rotation": null, "trafikplatsnummer": null }, "geometry": { "type": "LineString", "coordinates": [ [ 14.637708211103284, 61.117952434263351 ], [ 14.637850733058425, 61.117965842958903 ] ] } },
{ "type": "Feature", "properties": { "objektidentitet": "655ee463-acbd-44c5-a4e2-d6d5d90dca28", "skapad": "2026-03-17T21:00:01", "objekttypnr": 1811, "objekttyp": "Lokalgata liten", "avfartsvag_pafartsvag": "Ingen information", "cirkulationsplats": "Nej", "bro_och_tunnel": "Ingen information", "gagata": "Nej", "bussgata": "Nej", "industrivag": "Nej", "gatunamn": null, "vardvagnummer": null, "gastvag1nummer": null, "gastvag2nummer": null, "alternativt_manér": "Nej", "vagutforande": null, "skoterkorning_tillaten": null, "ruskmarkering": null, "rotation": null, "trafikplatsnummer": null }, "geometry": { "type": "LineString", "coordinates": [ [ 14.634311953201717, 61.115623006036159 ], [ 14.6346013557135, 61.116281415618566 ], [ 14.634636259516055, 61.116435955857646 ], [ 14.634644736233573, 61.116502226276388 ], [ 14.634650423532895, 61.116564179693569 ], [ 14.634656675235117, 61.11667853838226 ], [ 14.634651848366378, 61.117003514492602 ], [ 14.634629282572757, 61.117231796290319 ], [ 14.634597818155266, 61.117497850421458 ], [ 14.634632878752102, 61.117695224324798 ], [ 14.634654312780308, 61.117746716338679 ], [ 14.634671523481982, 61.117784676197772 ], [ 14.634689735538275, 61.117819469881681 ], [ 14.634745803734882, 61.117872186414317 ], [ 14.634830619518324, 61.117920015982172 ] ] } },
{ "type": "Feature", "properties": { "objektidentitet": "09252ff5-3e7f-49ac-9388-9fd384cc23ec", "skapad": "2026-03-17T21:00:01", "objekttypnr": 1805, "objekttyp": "Landsväg liten", "avfartsvag_pafartsvag": "Ingen information", "cirkulationsplats": "Nej", "bro_och_tunnel": "Ingen information", "gagata": "Nej", "bussgata": "Nej", "industrivag": "Nej", "gatunamn": null, "vardvagnummer": "983", "gastvag1nummer": null, "gastvag2nummer": null, "alternativt_manér": "Nej", "vagutforande": null, "skoterkorning_tillaten": null, "ruskmarkering": null, "rotation": null, "trafikplatsnummer": null }, "geometry": { "type": "LineString", "coordinates": [ [ 14.633142905245014, 61.115721164005066 ], [ 14.633228682241866, 61.115853496896271 ], [ 14.633318819985421, 61.116021133201087 ], [ 14.633365062121831, 61.116123857501002 ], [ 14.633402979642552, 61.116221154372852 ], [ 14.633432659131154, 61.116310331087654 ], [ 14.633461726431188, 61.116450805466528 ], [ 14.633511179860665, 61.116758717918273 ], [ 14.63352043903469, 61.116851789547844 ], [ 14.633633588030044, 61.117773465757111 ] ] } },
{ "type": "Feature", "properties": { "objektidentitet": "b176750a-ec7c-4ff2-b057-3863867633fc", "skapad": "2026-03-17T21:00:01", "objekttypnr": 1804, "objekttyp": "Landsväg", "avfartsvag_pafartsvag": "Ingen information", "cirkulationsplats": "Nej", "bro_och_tunnel": "Ingen information", "gagata": "Nej", "bussgata": "Nej", "industrivag": "Nej", "gatunamn": null, "vardvagnummer": "E45", "gastvag1nummer": null, "gastvag2nummer": null, "alternativt_manér": "Nej", "vagutforande": null, "skoterkorning_tillaten": null, "ruskmarkering": null, "rotation": null, "trafikplatsnummer": null }, "geometry": { "type": "LineString", "coordinates": [ [ 14.630279396475924, 61.115889296788914 ], [ 14.630100903653418, 61.116247662508364 ], [ 14.630072998664563, 61.116332992487727 ], [ 14.63005422632166, 61.116416506827548 ], [ 14.630037243180848, 61.116531107700503 ], [ 14.630036312536941, 61.116628209395728 ] ] } },
{ "type": "Feature", "properties": { "objektidentitet": "f2c8b61a-c8c0-45e7-8d9e-1bbd62ba7d3e", "skapad": "2026-03-17T21:00:01", "objekttypnr": 1804, "objekttyp": "Landsväg", "avfartsvag_pafartsvag": "Ingen information", "cirkulationsplats": "Nej", "bro_och_tunnel": "Ingen information", "gagata": "Nej", "bussgata": "Nej", "industrivag": "Nej", "gatunamn": null, "vardvagnummer": "E45", "gastvag1nummer": null, "gastvag2nummer": null, "alternativt_manér": "Nej", "vagutforande": null, "skoterkorning_tillaten": null, "ruskmarkering": null, "rotation": null, "trafikplatsnummer": null }, "geometry": { "type": "LineString", "coordinates": [ [ 14.630036312536941, 61.116628209395728 ], [ 14.629883984921142, 61.116428933313991 ], [ 14.629823381077689, 61.116363489544113 ], [ 14.629790735752902, 61.116328835413064 ], [ 14.629736646377374, 61.116285593777619 ], [ 14.629673893258477, 61.116243710913388 ], [ 14.629585391005987, 61.116194799449929 ], [ 14.629394099598798, 61.116107989371258 ], [ 14.629268413419858, 61.116058769496924 ] ] } },
{ "type": "Feature", "properties": { "objektidentitet": "8bf21fe7-f7b4-49d5-a560-2193b3c1a6a5", "skapad": "2026-03-17T21:00:01", "objekttypnr": 1811, "objekttyp": "Lokalgata liten", "avfartsvag_pafartsvag": "Ingen information", "cirkulationsplats": "Nej", "bro_och_tunnel": "Ingen information", "gagata": "Nej", "bussgata": "Nej", "industrivag": "Nej", "gatunamn": null, "vardvagnummer": null, "gastvag1nummer": null, "gastvag2nummer": null, "alternativt_manér": "Nej", "vagutforande": null, "skoterkorning_tillaten": null, "ruskmarkering": null, "rotation": null, "trafikplatsnummer": null }, "geometry": { "type": "LineString", "coordinates": [ [ 14.639182284075178, 61.118068328258239 ], [ 14.639246605494488, 61.117902356020096 ], [ 14.639359656367491, 61.117643826104484 ], [ 14.639467526872934, 61.117380488415378 ], [ 14.639648773905432, 61.116911636565234 ], [ 14.639797081476987, 61.116569535919261 ], [ 14.639902204064867, 61.116379099365197 ] ] } },
{ "type": "Feature", "properties": { "objektidentitet": "d468f3c9-7cd9-478a-af5c-3127b686fcec", "skapad": "2026-03-04T08:00:01", "objekttypnr": 1804, "objekttyp": "Landsväg", "avfartsvag_pafartsvag": "Ingen information", "cirkulationsplats": "Nej", "bro_och_tunnel": "Ingen information", "gagata": "Nej", "bussgata": "Nej", "industrivag": "Nej", "gatunamn": null, "vardvagnummer": "E45", "gastvag1nummer": null, "gastvag2nummer": null, "alternativt_manér": "Nej", "vagutforande": null, "skoterkorning_tillaten": null, "ruskmarkering": null, "rotation": null, "trafikplatsnummer": null }, "geometry": { "type": "LineString", "coordinates": [ [ 14.630036312536941, 61.116628209395728 ], [ 14.630106534596496, 61.116804412306458 ], [ 14.630254064744406, 61.117157331087242 ], [ 14.630618489216722, 61.118091906351381 ], [ 14.630801697867588, 61.1185977784382 ], [ 14.630929915010036, 61.118938747884499 ], [ 14.631186124792167, 61.119642241549059 ], [ 14.631265583745481, 61.11987741728344 ], [ 14.631460577026251, 61.120409042139592 ], [ 14.631546779451092, 61.120656751273593 ], [ 14.631744791283182, 61.12120412193859 ], [ 14.631862502409405, 61.121516610887312 ] ] } },
{ "type": "Feature", "properties": { "objektidentitet": "26d4cbe8-bdf2-440c-8fc9-6337287359c7", "skapad": "2026-03-17T21:00:01", "objekttypnr": 1811, "objekttyp": "Lokalgata liten", "avfartsvag_pafartsvag": "Ingen information", "cirkulationsplats": "Nej", "bro_och_tunnel": "Ingen information", "gagata": "Nej", "bussgata": "Nej", "industrivag": "Nej", "gatunamn": null, "vardvagnummer": null, "gastvag1nummer": null, "gastvag2nummer": null, "alternativt_manér": "Nej", "vagutforande": null, "skoterkorning_tillaten": null, "ruskmarkering": null, "rotation": null, "trafikplatsnummer": null }, "geometry": { "type": "LineString", "coordinates": [ [ 14.636058788007585, 61.117809568000325 ], [ 14.636508386251787, 61.116777606326167 ] ] } },
{ "type": "Feature", "properties": { "objektidentitet": "08b75e73-edf1-4127-88b4-2c4022094857", "skapad": "2026-03-17T21:00:01", "objekttypnr": 1811, "objekttyp": "Lokalgata liten", "avfartsvag_pafartsvag": "Ingen information", "cirkulationsplats": "Nej", "bro_och_tunnel": "Ingen information", "gagata": "Nej", "bussgata": "Nej", "industrivag": "Nej", "gatunamn": null, "vardvagnummer": null, "gastvag1nummer": null, "gastvag2nummer": null, "alternativt_manér": "Nej", "vagutforande": null, "skoterkorning_tillaten": null, "ruskmarkering": null, "rotation": null, "trafikplatsnummer": null }, "geometry": { "type": "LineString", "coordinates": [ [ 14.637850733058425, 61.117965842958903 ], [ 14.637894709718426, 61.117870678775496 ], [ 14.637897486822618, 61.117848546815026 ], [ 14.637895173800933, 61.117830109026997 ], [ 14.637871711615123, 61.117817540028106 ], [ 14.637842688290934, 61.117806051515487 ], [ 14.637795376451951, 61.117793724133271 ], [ 14.637325369631572, 61.117760117554369 ], [ 14.63727096294922, 61.117751514381453 ], [ 14.63722598267298, 61.117734946329747 ], [ 14.637203857665305, 61.117719068083183 ], [ 14.637186977406241, 61.117703850225155 ], [ 14.637155504820957, 61.117690720965214 ], [ 14.637148963850169, 61.117660726489895 ], [ 14.63716999800122, 61.117549915514438 ], [ 14.637261101497364, 61.117381277579668 ], [ 14.637299765259446, 61.117327155001078 ], [ 14.637329495093059, 61.117285002845101 ], [ 14.637409492442027, 61.117176917676147 ], [ 14.637636641779951, 61.116878375765857 ] ] } },
{ "type": "Feature", "properties": { "objektidentitet": "ad277196-4196-4158-af7e-d0d4e7069e3d", "skapad": "2025-12-17T01:00:01", "objekttypnr": 1811, "objekttyp": "Lokalgata liten", "avfartsvag_pafartsvag": "Ingen information", "cirkulationsplats": "Nej", "bro_och_tunnel": "Ingen information", "gagata": "Nej", "bussgata": "Nej", "industrivag": "Nej", "gatunamn": null, "vardvagnummer": null, "gastvag1nummer": null, "gastvag2nummer": null, "alternativt_manér": "Nej", "vagutforande": null, "skoterkorning_tillaten": null, "ruskmarkering": null, "rotation": null, "trafikplatsnummer": null }, "geometry": { "type": "LineString", "coordinates": [ [ 14.626815771167296, 61.117548659381043 ], [ 14.628178267854894, 61.117429424112061 ], [ 14.628235387413673, 61.117404272559327 ], [ 14.628282334651958, 61.117379353584234 ], [ 14.628314063640815, 61.117359213491696 ], [ 14.628342618787075, 61.117337556672467 ], [ 14.628375870462559, 61.117311010660828 ], [ 14.628387501559073, 61.117279781790764 ], [ 14.628240244080162, 61.11699704170011 ], [ 14.628202203443825, 61.116976305999373 ], [ 14.62815715355238, 61.116966136049093 ], [ 14.628131525832256, 61.116956638683739 ], [ 14.628069306946511, 61.116943584412738 ], [ 14.62800533680892, 61.116932716058741 ], [ 14.627922692916847, 61.11693645682309 ], [ 14.626633518587141, 61.117066798905036 ] ] } },
{ "type": "Feature", "properties": { "objektidentitet": "aa6e1e3f-21f1-49e4-97df-d182bc05e23f", "skapad": "2026-03-17T21:00:01", "objekttypnr": 1811, "objekttyp": "Lokalgata liten", "avfartsvag_pafartsvag": "Ingen information", "cirkulationsplats": "Nej", "bro_och_tunnel": "Ingen information", "gagata": "Nej", "bussgata": "Nej", "industrivag": "Nej", "gatunamn": null, "vardvagnummer": null, "gastvag1nummer": null, "gastvag2nummer": null, "alternativt_manér": "Nej", "vagutforande": null, "skoterkorning_tillaten": null, "ruskmarkering": null, "rotation": null, "trafikplatsnummer": null }, "geometry": { "type": "LineString", "coordinates": [ [ 14.636058788007585, 61.117809568000325 ], [ 14.636034212051051, 61.117939123898289 ], [ 14.636029381582375, 61.117986415278629 ], [ 14.636026928374932, 61.118041586478931 ], [ 14.6360279785938, 61.118093903171456 ], [ 14.636027541991595, 61.118144779374575 ], [ 14.636039503541284, 61.118200402526917 ], [ 14.636079312231953, 61.118305245043985 ], [ 14.63613286321047, 61.118407682788032 ], [ 14.636273090365208, 61.118638691747172 ], [ 14.63640911868001, 61.118870254761475 ], [ 14.636508060834435, 61.119066938142119 ], [ 14.636566511264734, 61.11921165634692 ], [ 14.636604832910585, 61.119325050877265 ], [ 14.636656592313056, 61.119546682197836 ], [ 14.636670083245496, 61.11963736757896 ] ] } },
{ "type": "Feature", "properties": { "objektidentitet": "9b0903a3-b640-4351-b81f-7ad5b761b1bd", "skapad": "2026-03-17T21:00:01", "objekttypnr": 1811, "objekttyp": "Lokalgata liten", "avfartsvag_pafartsvag": "Ingen information", "cirkulationsplats": "Nej", "bro_och_tunnel": "Ingen information", "gagata": "Nej", "bussgata": "Nej", "industrivag": "Nej", "gatunamn": null, "vardvagnummer": null, "gastvag1nummer": null, "gastvag2nummer": null, "alternativt_manér": "Nej", "vagutforande": null, "skoterkorning_tillaten": null, "ruskmarkering": null, "rotation": null, "trafikplatsnummer": null }, "geometry": { "type": "LineString", "coordinates": [ [ 14.637708211103284, 61.117952434263351 ], [ 14.637735795022204, 61.118412416345713 ], [ 14.637765078513061, 61.118631500127016 ], [ 14.637818468081832, 61.118873479366023 ], [ 14.63784020926162, 61.118952183572134 ], [ 14.637886279229924, 61.119097577388821 ], [ 14.637980173838669, 61.119337267631629 ], [ 14.638242137529625, 61.119892323388505 ] ] } },
{ "type": "Feature", "properties": { "objektidentitet": "e77e2c3c-b774-4635-865c-8039ff094d14", "skapad": "2025-12-17T01:00:01", "objekttypnr": 1811, "objekttyp": "Lokalgata liten", "avfartsvag_pafartsvag": "Ingen information", "cirkulationsplats": "Nej", "bro_och_tunnel": "Ingen information", "gagata": "Nej", "bussgata": "Nej", "industrivag": "Nej", "gatunamn": null, "vardvagnummer": null, "gastvag1nummer": null, "gastvag2nummer": null, "alternativt_manér": "Nej", "vagutforande": null, "skoterkorning_tillaten": null, "ruskmarkering": null, "rotation": null, "trafikplatsnummer": null }, "geometry": { "type": "LineString", "coordinates": [ [ 14.626998484234361, 61.117960438679759 ], [ 14.627201617126776, 61.118392644831388 ], [ 14.627371362040209, 61.118746570444763 ], [ 14.627491775899141, 61.119004764024062 ], [ 14.627515408418718, 61.119056200218182 ], [ 14.627996932026127, 61.120078252770114 ], [ 14.62812097947832, 61.120347103205148 ], [ 14.628187131370375, 61.120491999126266 ], [ 14.628369662253077, 61.120896970658059 ], [ 14.628436194509202, 61.121046015027119 ] ] } },
{ "type": "Feature", "properties": { "objektidentitet": "93846f1e-ec53-4962-8096-f942b5c20869", "skapad": "2026-03-17T21:00:01", "objekttypnr": 1811, "objekttyp": "Lokalgata liten", "avfartsvag_pafartsvag": "Ingen information", "cirkulationsplats": "Nej", "bro_och_tunnel": "Ingen information", "gagata": "Nej", "bussgata": "Nej", "industrivag": "Nej", "gatunamn": null, "vardvagnummer": null, "gastvag1nummer": null, "gastvag2nummer": null, "alternativt_manér": "Nej", "vagutforande": null, "skoterkorning_tillaten": null, "ruskmarkering": null, "rotation": null, "trafikplatsnummer": null }, "geometry": { "type": "LineString", "coordinates": [ [ 14.639182284075178, 61.118068328258239 ], [ 14.639163698552597, 61.118119560170555 ], [ 14.639123172786023, 61.118249298715199 ], [ 14.639105752718798, 61.118320392493644 ], [ 14.639073041310514, 61.118505320616492 ], [ 14.639065272704846, 61.118615350245427 ], [ 14.639062534705189, 61.1187480354439 ], [ 14.639065651659639, 61.118818097948157 ], [ 14.639071167561807, 61.118889369907926 ], [ 14.639098958246768, 61.119080725966967 ], [ 14.639131811575316, 61.119223615229281 ], [ 14.639162506824578, 61.119321384848782 ], [ 14.639275585823814, 61.119596695873298 ], [ 14.63943846466735, 61.119835868715597 ] ] } },
{ "type": "Feature", "properties": { "objektidentitet": "5365f1f1-2d01-47ff-8138-a79eebbc349a", "skapad": "2026-03-17T21:00:01", "objekttypnr": 1805, "objekttyp": "Landsväg liten", "avfartsvag_pafartsvag": "Ingen information", "cirkulationsplats": "Nej", "bro_och_tunnel": "Ingen information", "gagata": "Nej", "bussgata": "Nej", "industrivag": "Nej", "gatunamn": null, "vardvagnummer": "983", "gastvag1nummer": null, "gastvag2nummer": null, "alternativt_manér": "Nej", "vagutforande": null, "skoterkorning_tillaten": null, "ruskmarkering": null, "rotation": null, "trafikplatsnummer": null }, "geometry": { "type": "LineString", "coordinates": [ [ 14.633685398650936, 61.118190734564735 ], [ 14.633720061749889, 61.118545498285378 ], [ 14.63374372586425, 61.118734599879566 ], [ 14.633764835930016, 61.118940761440982 ], [ 14.633781068409133, 61.119061620259245 ], [ 14.633851784359813, 61.119553591171496 ], [ 14.633915125835568, 61.119868166618311 ] ] } },
{ "type": "Feature", "properties": { "objektidentitet": "93ba6626-8498-4b7c-92fc-67481e5c5cbe", "skapad": "2026-03-17T21:00:01", "objekttypnr": 1811, "objekttyp": "Lokalgata liten", "avfartsvag_pafartsvag": "Ingen information", "cirkulationsplats": "Nej", "bro_och_tunnel": "Ingen information", "gagata": "Nej", "bussgata": "Nej", "industrivag": "Nej", "gatunamn": null, "vardvagnummer": null, "gastvag1nummer": null, "gastvag2nummer": null, "alternativt_manér": "Nej", "vagutforande": null, "skoterkorning_tillaten": null, "ruskmarkering": null, "rotation": null, "trafikplatsnummer": null }, "geometry": { "type": "LineString", "coordinates": [ [ 14.636670083245496, 61.11963736757896 ], [ 14.63648776143269, 61.119653208423877 ], [ 14.636170874962248, 61.119681283192378 ], [ 14.635887179455697, 61.119707058267622 ], [ 14.635620801473982, 61.119732637200087 ], [ 14.63483541869585, 61.119806085671762 ], [ 14.634473005979439, 61.119835514702864 ], [ 14.634313969988249, 61.119846890731417 ], [ 14.634067549876232, 61.119862052257204 ], [ 14.633915125835568, 61.119868166618311 ] ] } },
{ "type": "Feature", "properties": { "objektidentitet": "7da741af-2d04-4f62-8a75-fae38722b502", "skapad": "2026-03-17T21:00:01", "objekttypnr": 1811, "objekttyp": "Lokalgata liten", "avfartsvag_pafartsvag": "Ingen information", "cirkulationsplats": "Nej", "bro_och_tunnel": "Ingen information", "gagata": "Nej", "bussgata": "Nej", "industrivag": "Nej", "gatunamn": null, "vardvagnummer": null, "gastvag1nummer": null, "gastvag2nummer": null, "alternativt_manér": "Nej", "vagutforande": null, "skoterkorning_tillaten": null, "ruskmarkering": null, "rotation": null, "trafikplatsnummer": null }, "geometry": { "type": "LineString", "coordinates": [ [ 14.636670083245496, 61.11963736757896 ], [ 14.636676871139022, 61.119725090468357 ], [ 14.636679020289341, 61.119788470746144 ], [ 14.636672423382585, 61.119915300942758 ], [ 14.6366655250705, 61.119974635135016 ], [ 14.636646602161266, 61.120077425367093 ], [ 14.636617380349325, 61.120193026450551 ], [ 14.636611642219062, 61.120217547492864 ] ] } },
{ "type": "Feature", "properties": { "objektidentitet": "14235f6f-b858-46e2-b0dc-ecdc361a7c05", "skapad": "2026-03-17T21:00:01", "objekttypnr": 1805, "objekttyp": "Landsväg liten", "avfartsvag_pafartsvag": "Ingen information", "cirkulationsplats": "Nej", "bro_och_tunnel": "Ingen information", "gagata": "Nej", "bussgata": "Nej", "industrivag": "Nej", "gatunamn": null, "vardvagnummer": "983", "gastvag1nummer": null, "gastvag2nummer": null, "alternativt_manér": "Nej", "vagutforande": null, "skoterkorning_tillaten": null, "ruskmarkering": null, "rotation": null, "trafikplatsnummer": null }, "geometry": { "type": "LineString", "coordinates": [ [ 14.633915125835568, 61.119868166618311 ], [ 14.63392317780383, 61.119913346953751 ] ] } },
{ "type": "Feature", "properties": { "objektidentitet": "70de68a2-6b47-45c5-9094-b6d0f85efaa9", "skapad": "2026-03-17T21:00:01", "objekttypnr": 1805, "objekttyp": "Landsväg liten", "avfartsvag_pafartsvag": "Ingen information", "cirkulationsplats": "Nej", "bro_och_tunnel": "Ingen information", "gagata": "Nej", "bussgata": "Nej", "industrivag": "Nej", "gatunamn": null, "vardvagnummer": "983", "gastvag1nummer": null, "gastvag2nummer": null, "alternativt_manér": "Nej", "vagutforande": null, "skoterkorning_tillaten": null, "ruskmarkering": null, "rotation": null, "trafikplatsnummer": null }, "geometry": { "type": "LineString", "coordinates": [ [ 14.63392317780383, 61.119913346953751 ], [ 14.633938860992982, 61.12000155188872 ], [ 14.634037965290375, 61.120449652731658 ] ] } },
{ "type": "Feature", "properties": { "objektidentitet": "d8d0d88e-041c-44d8-b965-e156d0cde783", "skapad": "2026-03-17T21:00:01", "objekttypnr": 1811, "objekttyp": "Lokalgata liten", "avfartsvag_pafartsvag": "Ingen information", "cirkulationsplats": "Nej", "bro_och_tunnel": "Ingen information", "gagata": "Nej", "bussgata": "Nej", "industrivag": "Nej", "gatunamn": null, "vardvagnummer": null, "gastvag1nummer": null, "gastvag2nummer": null, "alternativt_manér": "Nej", "vagutforande": null, "skoterkorning_tillaten": null, "ruskmarkering": null, "rotation": null, "trafikplatsnummer": null }, "geometry": { "type": "LineString", "coordinates": [ [ 14.63392317780383, 61.119913346953751 ], [ 14.633172080394344, 61.119977487830745 ], [ 14.632885576917278, 61.120001704841115 ], [ 14.632850132025931, 61.120022194828124 ], [ 14.632820704978487, 61.120043904196741 ], [ 14.632748889128832, 61.120049500117595 ], [ 14.632745644726361, 61.120073210758044 ], [ 14.632717495575836, 61.120101513116403 ], [ 14.632707415265779, 61.120127332938985 ], [ 14.632868982674967, 61.120539522463964 ], [ 14.632988102884402, 61.12086568761913 ], [ 14.63297918801109, 61.120901440003728 ], [ 14.632950764771838, 61.120922927731513 ], [ 14.632932686300894, 61.120937431777655 ], [ 14.632904883295927, 61.120951855456461 ], [ 14.63287351611096, 61.120966332472072 ], [ 14.632746868546594, 61.120980245611669 ], [ 14.632464540564463, 61.121005290095191 ] ] } },
{ "type": "Feature", "properties": { "objektidentitet": "bb3a9cdb-efba-4cd1-8663-ed812b880a1d", "skapad": "2026-03-17T21:00:01", "objekttypnr": 1811, "objekttyp": "Lokalgata liten", "avfartsvag_pafartsvag": "Ingen information", "cirkulationsplats": "Nej", "bro_och_tunnel": "Ingen information", "gagata": "Nej", "bussgata": "Nej", "industrivag": "Nej", "gatunamn": null, "vardvagnummer": null, "gastvag1nummer": null, "gastvag2nummer": null, "alternativt_manér": "Nej", "vagutforande": null, "skoterkorning_tillaten": null, "ruskmarkering": null, "rotation": null, "trafikplatsnummer": null }, "geometry": { "type": "LineString", "coordinates": [ [ 14.636611642219062, 61.120217547492864 ], [ 14.635339740075503, 61.120340002875373 ], [ 14.635063573186283, 61.120364189350532 ], [ 14.634849554871268, 61.120382537086627 ], [ 14.634460129297715, 61.120415349726606 ], [ 14.634175038686815, 61.120439115466333 ], [ 14.634037965290375, 61.120449652731658 ] ] } },
{ "type": "Feature", "properties": { "objektidentitet": "9139ebaa-2d32-4bc3-ab2d-4c42790dd9a0", "skapad": "2026-03-17T21:00:01", "objekttypnr": 1811, "objekttyp": "Lokalgata liten", "avfartsvag_pafartsvag": "Ingen information", "cirkulationsplats": "Nej", "bro_och_tunnel": "Ingen information", "gagata": "Nej", "bussgata": "Nej", "industrivag": "Nej", "gatunamn": null, "vardvagnummer": null, "gastvag1nummer": null, "gastvag2nummer": null, "alternativt_manér": "Nej", "vagutforande": null, "skoterkorning_tillaten": null, "ruskmarkering": null, "rotation": null, "trafikplatsnummer": null }, "geometry": { "type": "LineString", "coordinates": [ [ 14.636611642219062, 61.120217547492864 ], [ 14.636561331558651, 61.120341638500364 ], [ 14.636537392984673, 61.120381759117535 ], [ 14.636490876421773, 61.120437242873095 ], [ 14.636450001306564, 61.120473394536987 ], [ 14.636400562387724, 61.120506964451359 ], [ 14.636340461293512, 61.120544545821595 ], [ 14.636262560791524, 61.120580543908126 ], [ 14.636154574269622, 61.120621434895959 ], [ 14.636044024364059, 61.120657659289066 ], [ 14.635892305863893, 61.120702167042332 ], [ 14.635721935731608, 61.120746543847268 ], [ 14.635514000768666, 61.120794095773512 ], [ 14.635363718878546, 61.120824942776856 ], [ 14.635058682949499, 61.120880060979829 ], [ 14.634840644174339, 61.120913606326617 ], [ 14.634642688905474, 61.120940517120907 ], [ 14.634462530480546, 61.120962753366236 ], [ 14.634354170484658, 61.120974616532969 ], [ 14.634170731386316, 61.12099001123299 ] ] } },
{ "type": "Feature", "properties": { "objektidentitet": "560f0b63-df81-4d33-ac23-39fe48694d8f", "skapad": "2026-03-17T21:00:01", "objekttypnr": 1805, "objekttyp": "Landsväg liten", "avfartsvag_pafartsvag": "Ingen information", "cirkulationsplats": "Nej", "bro_och_tunnel": "Ingen information", "gagata": "Nej", "bussgata": "Nej", "industrivag": "Nej", "gatunamn": null, "vardvagnummer": "983", "gastvag1nummer": null, "gastvag2nummer": null, "alternativt_manér": "Nej", "vagutforande": null, "skoterkorning_tillaten": null, "ruskmarkering": null, "rotation": null, "trafikplatsnummer": null }, "geometry": { "type": "LineString", "coordinates": [ [ 14.634037965290375, 61.120449652731658 ], [ 14.634097559468795, 61.120709812475667 ], [ 14.634170731386316, 61.12099001123299 ] ] } },
{ "type": "Feature", "properties": { "objektidentitet": "1322bb7e-9c93-4d01-9b54-f039cdeb9e1a", "skapad": "2026-03-17T21:00:01", "objekttypnr": 1805, "objekttyp": "Landsväg liten", "avfartsvag_pafartsvag": "Ingen information", "cirkulationsplats": "Nej", "bro_och_tunnel": "Ingen information", "gagata": "Nej", "bussgata": "Nej", "industrivag": "Nej", "gatunamn": null, "vardvagnummer": "983", "gastvag1nummer": null, "gastvag2nummer": null, "alternativt_manér": "Nej", "vagutforande": null, "skoterkorning_tillaten": null, "ruskmarkering": null, "rotation": null, "trafikplatsnummer": null }, "geometry": { "type": "LineString", "coordinates": [ [ 14.634170731386316, 61.12099001123299 ], [ 14.634241288325288, 61.121239651408175 ], [ 14.634249102358485, 61.121326371671231 ], [ 14.634242876291848, 61.121357624400716 ], [ 14.634230766502144, 61.121388861494296 ], [ 14.634206840826359, 61.121424331164505 ], [ 14.634183062961975, 61.121447007641386 ], [ 14.634147520477683, 61.121471070974515 ], [ 14.634043295959213, 61.121528004978572 ] ] } },
{ "type": "Feature", "properties": { "objektidentitet": "d2dd0993-c16c-4dea-8dfa-ea75c016d7c8", "skapad": "2026-03-17T21:00:01", "objekttypnr": 1805, "objekttyp": "Landsväg liten", "avfartsvag_pafartsvag": "Ingen information", "cirkulationsplats": "Nej", "bro_och_tunnel": "Ingen information", "gagata": "Nej", "bussgata": "Nej", "industrivag": "Nej", "gatunamn": null, "vardvagnummer": "991", "gastvag1nummer": null, "gastvag2nummer": null, "alternativt_manér": "Nej", "vagutforande": null, "skoterkorning_tillaten": null, "ruskmarkering": null, "rotation": null, "trafikplatsnummer": null }, "geometry": { "type": "LineString", "coordinates": [ [ 14.631862502409405, 61.121516610887312 ], [ 14.632102988757135, 61.121489397900135 ], [ 14.632598315791764, 61.121437424784794 ], [ 14.633095340817784, 61.121389350762023 ], [ 14.633163919790229, 61.121384608096058 ], [ 14.633371442954447, 61.121384470419692 ], [ 14.633440918655493, 61.121388860219938 ], [ 14.633528978192908, 61.121397618837193 ], [ 14.633611102896612, 61.121409216214516 ], [ 14.633769425976199, 61.121440914792252 ], [ 14.633859616483241, 61.121466036509801 ], [ 14.63395124594609, 61.12149513918326 ], [ 14.634043295959213, 61.121528004978572 ] ] } },
{ "type": "Feature", "properties": { "objektidentitet": "426759c6-adda-407d-b144-05de86752b75", "skapad": "2025-12-17T01:00:01", "objekttypnr": 1811, "objekttyp": "Lokalgata liten", "avfartsvag_pafartsvag": "Ingen information", "cirkulationsplats": "Nej", "bro_och_tunnel": "Ingen information", "gagata": "Nej", "bussgata": "Nej", "industrivag": "Nej", "gatunamn": null, "vardvagnummer": null, "gastvag1nummer": null, "gastvag2nummer": null, "alternativt_manér": "Nej", "vagutforande": null, "skoterkorning_tillaten": null, "ruskmarkering": null, "rotation": null, "trafikplatsnummer": null }, "geometry": { "type": "LineString", "coordinates": [ [ 14.626533428800508, 61.125550306245486 ], [ 14.626884297729882, 61.125511101972336 ] ] } },
{ "type": "Feature", "properties": { "objektidentitet": "fab860d9-d221-4876-919b-61a36928f3f1", "skapad": "2025-12-17T01:00:01", "objekttypnr": 1811, "objekttyp": "Lokalgata liten", "avfartsvag_pafartsvag": "Ingen information", "cirkulationsplats": "Nej", "bro_och_tunnel": "Ingen information", "gagata": "Nej", "bussgata": "Nej", "industrivag": "Nej", "gatunamn": null, "vardvagnummer": null, "gastvag1nummer": null, "gastvag2nummer": null, "alternativt_manér": "Nej", "vagutforande": null, "skoterkorning_tillaten": null, "ruskmarkering": null, "rotation": null, "trafikplatsnummer": null }, "geometry": { "type": "LineString", "coordinates": [ [ 14.628436194509202, 61.121046015027119 ], [ 14.628232537155061, 61.121069569988599 ], [ 14.626584199826647, 61.121247662587884 ] ] } },
{ "type": "Feature", "properties": { "objektidentitet": "d655f685-66ca-475b-8189-5b549c9a0f86", "skapad": "2026-03-17T21:00:01", "objekttypnr": 1811, "objekttyp": "Lokalgata liten", "avfartsvag_pafartsvag": "Ingen information", "cirkulationsplats": "Nej", "bro_och_tunnel": "Ingen information", "gagata": "Nej", "bussgata": "Nej", "industrivag": "Nej", "gatunamn": null, "vardvagnummer": null, "gastvag1nummer": null, "gastvag2nummer": null, "alternativt_manér": "Nej", "vagutforande": null, "skoterkorning_tillaten": null, "ruskmarkering": null, "rotation": null, "trafikplatsnummer": null }, "geometry": { "type": "LineString", "coordinates": [ [ 14.628436194509202, 61.121046015027119 ], [ 14.628793305274341, 61.1218453773308 ], [ 14.628859227616864, 61.121992938368557 ], [ 14.628975032576715, 61.122258443542599 ], [ 14.629146101533411, 61.122654898316625 ], [ 14.62920777443248, 61.122802672175744 ] ] } },
{ "type": "Feature", "properties": { "objektidentitet": "ce0912c3-3c3e-4fe7-a34d-71d7ed410237", "skapad": "2026-03-04T08:00:01", "objekttypnr": 1804, "objekttyp": "Landsväg", "avfartsvag_pafartsvag": "Ingen information", "cirkulationsplats": "Nej", "bro_och_tunnel": "Ingen information", "gagata": "Nej", "bussgata": "Nej", "industrivag": "Nej", "gatunamn": null, "vardvagnummer": "E45", "gastvag1nummer": null, "gastvag2nummer": null, "alternativt_manér": "Nej", "vagutforande": null, "skoterkorning_tillaten": null, "ruskmarkering": null, "rotation": null, "trafikplatsnummer": null }, "geometry": { "type": "LineString", "coordinates": [ [ 14.631862502409405, 61.121516610887312 ], [ 14.63222223972604, 61.122471584051851 ] ] } },
{ "type": "Feature", "properties": { "objektidentitet": "e91a72b0-f870-4401-83c9-4fb10a3260d0", "skapad": "2026-03-17T21:00:01", "objekttypnr": 1805, "objekttyp": "Landsväg liten", "avfartsvag_pafartsvag": "Ingen information", "cirkulationsplats": "Nej", "bro_och_tunnel": "Ingen information", "gagata": "Nej", "bussgata": "Nej", "industrivag": "Nej", "gatunamn": null, "vardvagnummer": "991", "gastvag1nummer": null, "gastvag2nummer": null, "alternativt_manér": "Nej", "vagutforande": null, "skoterkorning_tillaten": null, "ruskmarkering": null, "rotation": null, "trafikplatsnummer": null }, "geometry": { "type": "LineString", "coordinates": [ [ 14.634043295959213, 61.121528004978572 ], [ 14.634137452154256, 61.121581004493407 ], [ 14.634184089858, 61.12161188866439 ], [ 14.634233584611099, 61.121652530466953 ], [ 14.634285888609147, 61.12170383664872 ], [ 14.634323542698265, 61.121750847719333 ], [ 14.63435234836323, 61.121800671670471 ], [ 14.634372321668856, 61.121851890420551 ], [ 14.634405866461028, 61.1219863254003 ], [ 14.634424475626078, 61.122117093032259 ], [ 14.634462110824678, 61.122281516232803 ] ] } },
{ "type": "Feature", "properties": { "objektidentitet": "a4181025-135e-4a16-9f8a-00dd75121580", "skapad": "2026-03-17T21:00:01", "objekttypnr": 1811, "objekttyp": "Lokalgata liten", "avfartsvag_pafartsvag": "Ingen information", "cirkulationsplats": "Nej", "bro_och_tunnel": "Ingen information", "gagata": "Nej", "bussgata": "Nej", "industrivag": "Nej", "gatunamn": null, "vardvagnummer": null, "gastvag1nummer": null, "gastvag2nummer": null, "alternativt_manér": "Nej", "vagutforande": null, "skoterkorning_tillaten": null, "ruskmarkering": null, "rotation": null, "trafikplatsnummer": null }, "geometry": { "type": "LineString", "coordinates": [ [ 14.63573995811559, 61.123171946794066 ], [ 14.635944502563619, 61.123133264315022 ], [ 14.636116586831417, 61.123095858918333 ], [ 14.636429932588142, 61.123021915897667 ], [ 14.636751296034024, 61.122939824091347 ], [ 14.637135074640883, 61.122840257270362 ], [ 14.637760012249233, 61.122690583782294 ], [ 14.637886527133116, 61.122664312294049 ], [ 14.638215465140737, 61.122602536063901 ], [ 14.638373206572947, 61.122578834566063 ], [ 14.638663486895902, 61.122542504626374 ], [ 14.638775225590347, 61.12253417536413 ], [ 14.638939231858775, 61.122520949194168 ], [ 14.639029499917553, 61.122505730126797 ], [ 14.639153426364485, 61.122483310953527 ], [ 14.639223134699117, 61.122475722102756 ], [ 14.639315305694284, 61.122449842354413 ], [ 14.639451724088444, 61.122399651714886 ], [ 14.639777016983436, 61.12222545051128 ], [ 14.640076788294156, 61.122034715409356 ], [ 14.64023118052874, 61.121941173081552 ], [ 14.640483284870722, 61.121812364997417 ], [ 14.640585470233496, 61.121780406137994 ], [ 14.640678486197757, 61.121733779884217 ], [ 14.640792721655753, 61.12173411013206 ], [ 14.640873049365586, 61.121719536889202 ], [ 14.641434792406935, 61.121736415275045 ], [ 14.641673498763433, 61.1217330526067 ], [ 14.642002415792051, 61.121751986845084 ], [ 14.642359709630915, 61.121766237068421 ], [ 14.642876591940468, 61.121786572888013 ], [ 14.643306343888181, 61.121799404980791 ], [ 14.643921394514859, 61.121808073036455 ], [ 14.644181462765829, 61.121796574225669 ], [ 14.644353598132405, 61.121769608722936 ] ] } },
{ "type": "Feature", "properties": { "objektidentitet": "1499375a-7d30-4de2-a594-7abeccdc971c", "skapad": "2026-03-17T21:00:01", "objekttypnr": 1811, "objekttyp": "Lokalgata liten", "avfartsvag_pafartsvag": "Ingen information", "cirkulationsplats": "Nej", "bro_och_tunnel": "Ingen information", "gagata": "Nej", "bussgata": "Nej", "industrivag": "Nej", "gatunamn": null, "vardvagnummer": null, "gastvag1nummer": null, "gastvag2nummer": null, "alternativt_manér": "Nej", "vagutforande": null, "skoterkorning_tillaten": null, "ruskmarkering": null, "rotation": null, "trafikplatsnummer": null }, "geometry": { "type": "LineString", "coordinates": [ [ 14.634462110824678, 61.122281516232803 ], [ 14.6348669720067, 61.12222392163283 ], [ 14.635267271284663, 61.12218521170125 ], [ 14.635643932722243, 61.122155324893775 ], [ 14.635976213833844, 61.122123926335661 ], [ 14.636366576215574, 61.122067814316395 ], [ 14.636440671565323, 61.122056378287198 ], [ 14.636511254251202, 61.122040497559297 ], [ 14.636628012643859, 61.121982823525798 ], [ 14.636603732968409, 61.121861808707635 ], [ 14.636600962860065, 61.121800787956225 ], [ 14.636660732184792, 61.121747018455757 ] ] } },
{ "type": "Feature", "properties": { "objektidentitet": "453952e5-f4fc-4b3d-b99a-44c9cc3719c0", "skapad": "2026-03-17T21:00:01", "objekttypnr": 1805, "objekttyp": "Landsväg liten", "avfartsvag_pafartsvag": "Ingen information", "cirkulationsplats": "Nej", "bro_och_tunnel": "Ingen information", "gagata": "Nej", "bussgata": "Nej", "industrivag": "Nej", "gatunamn": null, "vardvagnummer": "991", "gastvag1nummer": null, "gastvag2nummer": null, "alternativt_manér": "Nej", "vagutforande": null, "skoterkorning_tillaten": null, "ruskmarkering": null, "rotation": null, "trafikplatsnummer": null }, "geometry": { "type": "LineString", "coordinates": [ [ 14.634462110824678, 61.122281516232803 ], [ 14.634477244173954, 61.122338817708275 ], [ 14.634498574898785, 61.122399502890751 ], [ 14.634525575138861, 61.122448217773162 ], [ 14.634558123305261, 61.12249227898544 ], [ 14.634598915400799, 61.122537691544707 ], [ 14.634645235417837, 61.122581781167668 ], [ 14.634702561969569, 61.122625918306071 ], [ 14.634797264234171, 61.122689871794741 ] ] } },
{ "type": "Feature", "properties": { "objektidentitet": "07349c49-edf1-421d-b114-23a69caccaa6", "skapad": "2026-03-17T21:00:01", "objekttypnr": 1811, "objekttyp": "Lokalgata liten", "avfartsvag_pafartsvag": "Ingen information", "cirkulationsplats": "Nej", "bro_och_tunnel": "Ingen information", "gagata": "Nej", "bussgata": "Nej", "industrivag": "Nej", "gatunamn": null, "vardvagnummer": null, "gastvag1nummer": null, "gastvag2nummer": null, "alternativt_manér": "Nej", "vagutforande": null, "skoterkorning_tillaten": null, "ruskmarkering": null, "rotation": null, "trafikplatsnummer": null }, "geometry": { "type": "LineString", "coordinates": [ [ 14.634797264234171, 61.122689871794741 ], [ 14.634699535073835, 61.122704843228895 ], [ 14.63465152002744, 61.122699811746941 ], [ 14.6346057241928, 61.122690692130405 ], [ 14.634560072926126, 61.122677075201558 ], [ 14.634505096791147, 61.122654455222794 ], [ 14.634443257934853, 61.122608923019875 ], [ 14.634395351127523, 61.122567226106753 ], [ 14.634334047140346, 61.122531660843293 ], [ 14.634117430846398, 61.122445911393172 ], [ 14.633800883247876, 61.122567198174423 ], [ 14.633707381281106, 61.122624259578565 ], [ 14.63374387620966, 61.122758631189882 ], [ 14.633825749464512, 61.122960710397145 ] ] } },
{ "type": "Feature", "properties": { "objektidentitet": "caf20a51-0da1-4401-9a51-8b8da4a909fd", "skapad": "2025-12-17T01:00:01", "objekttypnr": 1809, "objekttyp": "Huvudgata", "avfartsvag_pafartsvag": "Ingen information", "cirkulationsplats": "Nej", "bro_och_tunnel": "Ingen information", "gagata": "Nej", "bussgata": "Nej", "industrivag": "Nej", "gatunamn": null, "vardvagnummer": null, "gastvag1nummer": null, "gastvag2nummer": null, "alternativt_manér": "Nej", "vagutforande": null, "skoterkorning_tillaten": null, "ruskmarkering": null, "rotation": null, "trafikplatsnummer": null }, "geometry": { "type": "LineString", "coordinates": [ [ 14.62920777443248, 61.122802672175744 ], [ 14.630165267943759, 61.122697478400198 ], [ 14.630290899465477, 61.122679076242115 ], [ 14.630394029085863, 61.122661168945037 ], [ 14.630476648040251, 61.122651285545444 ], [ 14.630809227757071, 61.122615869380994 ], [ 14.630897398896224, 61.122608927553493 ], [ 14.631074843738313, 61.122603926215511 ], [ 14.631631182577255, 61.12254385421955 ], [ 14.63222223972604, 61.122471584051851 ] ] } },
{ "type": "Feature", "properties": { "objektidentitet": "a67c9d54-0bfd-451e-babe-e0f0d08edfab", "skapad": "2026-03-04T08:00:01", "objekttypnr": 1804, "objekttyp": "Landsväg", "avfartsvag_pafartsvag": "Ingen information", "cirkulationsplats": "Nej", "bro_och_tunnel": "Ingen information", "gagata": "Nej", "bussgata": "Nej", "industrivag": "Nej", "gatunamn": null, "vardvagnummer": "E45", "gastvag1nummer": null, "gastvag2nummer": null, "alternativt_manér": "Nej", "vagutforande": null, "skoterkorning_tillaten": null, "ruskmarkering": null, "rotation": null, "trafikplatsnummer": null }, "geometry": { "type": "LineString", "coordinates": [ [ 14.63222223972604, 61.122471584051851 ], [ 14.632287590060143, 61.122639539500526 ], [ 14.632313850037422, 61.122697383265354 ], [ 14.632355554241846, 61.12278865753693 ], [ 14.632464418071729, 61.123016909907825 ], [ 14.632527743105944, 61.123137286043416 ], [ 14.632691141415552, 61.123423216249577 ], [ 14.632810570488269, 61.123616366489259 ], [ 14.632963194557593, 61.123849046380428 ], [ 14.633067555640276, 61.124002087556676 ], [ 14.633318754132821, 61.124347885586474 ], [ 14.633489336530523, 61.124554793195756 ], [ 14.633670664365036, 61.124766883002629 ], [ 14.633788238376582, 61.124899929925959 ], [ 14.63393391651482, 61.125061853217993 ], [ 14.634056306690921, 61.125191151160102 ], [ 14.634249618683796, 61.125385217994086 ], [ 14.634451533167619, 61.125577225251305 ], [ 14.634593368733837, 61.125705964526794 ], [ 14.634936824663789, 61.126006158812231 ], [ 14.635126554286343, 61.126165686129781 ], [ 14.635606365746039, 61.126540107192668 ], [ 14.635773227729299, 61.126664522319281 ], [ 14.635948854105674, 61.126792085308168 ], [ 14.63612869201692, 61.126915107733126 ], [ 14.636409859572581, 61.127100402974776 ], [ 14.63662558617402, 61.127245920549441 ], [ 14.636831214060187, 61.127375439449153 ], [ 14.637150048374874, 61.127567863780584 ], [ 14.637371925986587, 61.127695593858469 ] ] } },
{ "type": "Feature", "properties": { "objektidentitet": "b9f95601-5e5a-4df4-8cf7-53373fd8c588", "skapad": "2026-03-17T21:00:01", "objekttypnr": 1805, "objekttyp": "Landsväg liten", "avfartsvag_pafartsvag": "Ingen information", "cirkulationsplats": "Nej", "bro_och_tunnel": "Ingen information", "gagata": "Nej", "bussgata": "Nej", "industrivag": "Nej", "gatunamn": null, "vardvagnummer": "991", "gastvag1nummer": null, "gastvag2nummer": null, "alternativt_manér": "Nej", "vagutforande": null, "skoterkorning_tillaten": null, "ruskmarkering": null, "rotation": null, "trafikplatsnummer": null }, "geometry": { "type": "LineString", "coordinates": [ [ 14.634797264234171, 61.122689871794741 ], [ 14.634848849393515, 61.122723291909473 ], [ 14.634922721041981, 61.122761997262124 ], [ 14.635126061099029, 61.122848544698044 ], [ 14.635250210600141, 61.122898939839999 ], [ 14.635319961133801, 61.122929733318671 ] ] } },
{ "type": "Feature", "properties": { "objektidentitet": "61c6a6ad-9947-4f67-bb9e-b4bd9778bc9b", "skapad": "2025-12-17T01:00:01", "objekttypnr": 1809, "objekttyp": "Huvudgata", "avfartsvag_pafartsvag": "Ingen information", "cirkulationsplats": "Nej", "bro_och_tunnel": "Ingen information", "gagata": "Nej", "bussgata": "Nej", "industrivag": "Nej", "gatunamn": null, "vardvagnummer": null, "gastvag1nummer": null, "gastvag2nummer": null, "alternativt_manér": "Nej", "vagutforande": null, "skoterkorning_tillaten": null, "ruskmarkering": null, "rotation": null, "trafikplatsnummer": null }, "geometry": { "type": "LineString", "coordinates": [ [ 14.626562578659822, 61.123080136110865 ], [ 14.627234562627201, 61.123008102663995 ], [ 14.627471050472057, 61.122981281952022 ], [ 14.628327075972431, 61.122893983967543 ], [ 14.628665267003342, 61.122861658725853 ], [ 14.628781533592678, 61.122849013827917 ], [ 14.62920777443248, 61.122802672175744 ] ] } },
{ "type": "Feature", "properties": { "objektidentitet": "c3dd90d9-03cc-47bb-8bfb-b4b72038f5f3", "skapad": "2026-03-17T21:00:01", "objekttypnr": 1805, "objekttyp": "Landsväg liten", "avfartsvag_pafartsvag": "Ingen information", "cirkulationsplats": "Nej", "bro_och_tunnel": "Ingen information", "gagata": "Nej", "bussgata": "Nej", "industrivag": "Nej", "gatunamn": null, "vardvagnummer": "991", "gastvag1nummer": null, "gastvag2nummer": null, "alternativt_manér": "Nej", "vagutforande": null, "skoterkorning_tillaten": null, "ruskmarkering": null, "rotation": null, "trafikplatsnummer": null }, "geometry": { "type": "LineString", "coordinates": [ [ 14.635319961133801, 61.122929733318671 ], [ 14.635354175920451, 61.122943660542937 ], [ 14.635436890082852, 61.122985037756095 ], [ 14.635518148778202, 61.12303034345863 ], [ 14.635601103006847, 61.123078311029403 ], [ 14.63573995811559, 61.123171946794066 ] ] } },
{ "type": "Feature", "properties": { "objektidentitet": "2d6bae24-fc7b-4dd3-b32c-43900a1fa5a3", "skapad": "2026-03-17T21:00:01", "objekttypnr": 1805, "objekttyp": "Landsväg liten", "avfartsvag_pafartsvag": "Ingen information", "cirkulationsplats": "Nej", "bro_och_tunnel": "Ingen information", "gagata": "Nej", "bussgata": "Nej", "industrivag": "Nej", "gatunamn": null, "vardvagnummer": "986", "gastvag1nummer": null, "gastvag2nummer": null, "alternativt_manér": "Nej", "vagutforande": null, "skoterkorning_tillaten": null, "ruskmarkering": null, "rotation": null, "trafikplatsnummer": null }, "geometry": { "type": "LineString", "coordinates": [ [ 14.635319961133801, 61.122929733318671 ], [ 14.635210546367155, 61.123008371398129 ], [ 14.635177090801875, 61.123042926735096 ], [ 14.635162919278677, 61.12307754311589 ], [ 14.635162550743544, 61.123109511973979 ], [ 14.635173237753271, 61.123138853572044 ], [ 14.635197651009026, 61.123172236157494 ], [ 14.635306678683902, 61.12327380014343 ], [ 14.635366557877544, 61.123336591080843 ], [ 14.635415489145458, 61.123392681848159 ], [ 14.63545347501311, 61.123443419085348 ], [ 14.635543011768956, 61.12359362624175 ], [ 14.635701719321187, 61.123871980665186 ], [ 14.635798025747983, 61.124056734432017 ], [ 14.636030573166131, 61.124454872067716 ], [ 14.636156965137626, 61.124645093254742 ], [ 14.636288669852362, 61.124830265141497 ], [ 14.636442195206762, 61.125063158779504 ], [ 14.636730590877919, 61.125481008046329 ], [ 14.636828536873548, 61.125637054320109 ], [ 14.63698884642691, 61.125923284823138 ], [ 14.637064000293993, 61.126066323838742 ], [ 14.637152824237518, 61.126260564193913 ], [ 14.637575832621463, 61.127146068597966 ], [ 14.637652682497519, 61.127311717748896 ], [ 14.637669241331876, 61.127370091155726 ], [ 14.63767353368552, 61.127424849397883 ], [ 14.637663272429338, 61.127461720947018 ], [ 14.637635310643626, 61.127499442649892 ], [ 14.637603048234332, 61.12753657828727 ], [ 14.637564272953918, 61.127570231148823 ], [ 14.637519413412839, 61.127603463574665 ], [ 14.637371925986587, 61.127695593858469 ] ] } },
{ "type": "Feature", "properties": { "objektidentitet": "4051dfb7-8b9c-43dd-94ba-9ef040da99da", "skapad": "2026-03-17T21:00:01", "objekttypnr": 1805, "objekttyp": "Landsväg liten", "avfartsvag_pafartsvag": "Ingen information", "cirkulationsplats": "Nej", "bro_och_tunnel": "Ingen information", "gagata": "Nej", "bussgata": "Nej", "industrivag": "Nej", "gatunamn": null, "vardvagnummer": "991", "gastvag1nummer": null, "gastvag2nummer": null, "alternativt_manér": "Nej", "vagutforande": null, "skoterkorning_tillaten": null, "ruskmarkering": null, "rotation": null, "trafikplatsnummer": null }, "geometry": { "type": "LineString", "coordinates": [ [ 14.63573995811559, 61.123171946794066 ], [ 14.635879320409767, 61.123284491268208 ], [ 14.63593801226212, 61.123336038373878 ], [ 14.636061059533812, 61.123448646147274 ], [ 14.63622964892533, 61.12361531536358 ], [ 14.636353305783793, 61.123720311367912 ], [ 14.636418327609462, 61.123768706126739 ], [ 14.636488686177119, 61.123808227223222 ], [ 14.636580070760054, 61.123846529658934 ], [ 14.636681982057079, 61.123879797120154 ], [ 14.636804948316282, 61.123909305289509 ], [ 14.636930600972677, 61.123931207423247 ], [ 14.637067152471298, 61.12394960130117 ], [ 14.637198815337268, 61.1239621373497 ], [ 14.637332791261228, 61.12397209390447 ], [ 14.63776404052469, 61.123994347332356 ], [ 14.638733758999546, 61.124054649837674 ], [ 14.638928861083327, 61.124074212737739 ], [ 14.639232657682845, 61.124116895902532 ], [ 14.639410669713516, 61.124149089391686 ], [ 14.639731020129966, 61.124213380116302 ], [ 14.640154865747801, 61.124310939127163 ], [ 14.640776433682634, 61.124461039615838 ], [ 14.641774750759465, 61.124699032001857 ], [ 14.64206779722681, 61.124765785770194 ], [ 14.642279784265966, 61.124809484915865 ], [ 14.64246303793532, 61.124841687958593 ], [ 14.642641114620512, 61.124868804853278 ], [ 14.642824473053651, 61.124893394551968 ], [ 14.64303671990282, 61.124914253530669 ], [ 14.643238565340141, 61.124927480657526 ], [ 14.643445716641965, 61.124934365092251 ], [ 14.644231491659145, 61.124947853688212 ], [ 14.64585843511516, 61.124963030579046 ], [ 14.64625952845387, 61.124971361044103 ], [ 14.646808249372253, 61.125002861511412 ], [ 14.647350045035227, 61.125076250201808 ] ] } },
{ "type": "Feature", "properties": { "objektidentitet": "2ace5986-a7b2-4e41-9e35-aba41be49e4a", "skapad": "2026-03-17T21:00:01", "objekttypnr": 1805, "objekttyp": "Landsväg liten", "avfartsvag_pafartsvag": "Ingen information", "cirkulationsplats": "Nej", "bro_och_tunnel": "Ingen information", "gagata": "Nej", "bussgata": "Nej", "industrivag": "Nej", "gatunamn": null, "vardvagnummer": "990", "gastvag1nummer": null, "gastvag2nummer": null, "alternativt_manér": "Nej", "vagutforande": null, "skoterkorning_tillaten": null, "ruskmarkering": null, "rotation": null, "trafikplatsnummer": null }, "geometry": { "type": "LineString", "coordinates": [ [ 14.647350045035227, 61.125076250201808 ], [ 14.646387846645686, 61.125782278015897 ], [ 14.646273713018358, 61.125872835226751 ], [ 14.645905757892745, 61.126140192956626 ], [ 14.645536331709291, 61.126412367086253 ], [ 14.645234203117676, 61.126638749988423 ], [ 14.645116513507299, 61.12673626370195 ], [ 14.644960228835155, 61.126878565174643 ], [ 14.644873520696395, 61.126972712743168 ], [ 14.644830083292931, 61.12702554072294 ], [ 14.644750211927324, 61.127145598241853 ], [ 14.644666147522555, 61.127298440294446 ], [ 14.644546979796075, 61.127527160773369 ], [ 14.644317807586498, 61.128014539347518 ], [ 14.644199167565233, 61.128280078806746 ], [ 14.644152457834794, 61.128412315891666 ], [ 14.644134990932697, 61.128484775052819 ], [ 14.644124755732919, 61.128548050742069 ], [ 14.644121623321018, 61.128613634503559 ], [ 14.644125915110296, 61.128656227454549 ], [ 14.644137258042983, 61.128705752054188 ], [ 14.644169409703233, 61.128808264613738 ], [ 14.644250253530828, 61.129028299438424 ], [ 14.644311824392334, 61.129180949569211 ], [ 14.644527554675024, 61.129679283120097 ], [ 14.644644102388929, 61.129955666447181 ], [ 14.644814003535789, 61.130389633725244 ] ] } },
{ "type": "Feature", "properties": { "objektidentitet": "8364cfaa-bb02-4741-a568-ce27980d9835", "skapad": "2025-12-17T01:00:01", "objekttypnr": 1811, "objekttyp": "Lokalgata liten", "avfartsvag_pafartsvag": "Ingen information", "cirkulationsplats": "Nej", "bro_och_tunnel": "Ingen information", "gagata": "Nej", "bussgata": "Nej", "industrivag": "Nej", "gatunamn": null, "vardvagnummer": null, "gastvag1nummer": null, "gastvag2nummer": null, "alternativt_manér": "Nej", "vagutforande": null, "skoterkorning_tillaten": null, "ruskmarkering": null, "rotation": null, "trafikplatsnummer": null }, "geometry": { "type": "LineString", "coordinates": [ [ 14.626508319660436, 61.12767770738882 ], [ 14.626904227028861, 61.127950453855092 ], [ 14.626979067972679, 61.1280095098831 ], [ 14.627029806052134, 61.128058139074177 ], [ 14.627100925268183, 61.128135302095046 ], [ 14.627141163413842, 61.128184907814585 ], [ 14.627164096978351, 61.128223710403716 ], [ 14.627181313821707, 61.128267165611398 ], [ 14.627193933769769, 61.128308462597737 ], [ 14.627207684123002, 61.128449165217972 ], [ 14.627209355901257, 61.128499517544334 ], [ 14.627215523519535, 61.128549577042634 ], [ 14.627248840438785, 61.128665132719739 ], [ 14.627280024480433, 61.128747437558701 ] ] } },
{ "type": "Feature", "properties": { "objektidentitet": "df4006bb-37f3-4b40-8dd9-ef7ceee0321d", "skapad": "2026-03-17T21:00:01", "objekttypnr": 1805, "objekttyp": "Landsväg liten", "avfartsvag_pafartsvag": "Ingen information", "cirkulationsplats": "Nej", "bro_och_tunnel": "Ingen information", "gagata": "Nej", "bussgata": "Nej", "industrivag": "Nej", "gatunamn": null, "vardvagnummer": "986", "gastvag1nummer": null, "gastvag2nummer": null, "alternativt_manér": "Nej", "vagutforande": null, "skoterkorning_tillaten": null, "ruskmarkering": null, "rotation": null, "trafikplatsnummer": null }, "geometry": { "type": "LineString", "coordinates": [ [ 14.637371925986587, 61.127695593858469 ], [ 14.637154321604797, 61.127837910490427 ], [ 14.637078477173295, 61.127898711539494 ], [ 14.637051247357178, 61.127932386183616 ], [ 14.637032044278241, 61.127968685731275 ], [ 14.637026273588681, 61.128002417941325 ], [ 14.637031210419282, 61.128041377132924 ], [ 14.637044289189298, 61.12807127238753 ], [ 14.637073462774589, 61.12810120205009 ], [ 14.637113429497081, 61.128127273131113 ], [ 14.637188113562335, 61.128167712026062 ], [ 14.637297607915714, 61.128216037067887 ], [ 14.637694675210382, 61.128373521775053 ], [ 14.637892356337096, 61.128457122798892 ], [ 14.638012527138279, 61.128511966730315 ], [ 14.638076509183973, 61.128548480200905 ], [ 14.638135070758148, 61.128591479082836 ], [ 14.638185505351732, 61.128642240022771 ], [ 14.638220955735591, 61.128688382094246 ], [ 14.638250621355873, 61.128746853204348 ], [ 14.638267016826548, 61.128790439571347 ], [ 14.638274613689839, 61.128830698467368 ], [ 14.638265607008599, 61.128913755201353 ], [ 14.638251695552034, 61.128956560235991 ], [ 14.638229727238725, 61.12899933468389 ], [ 14.638194184693313, 61.129045646095946 ], [ 14.63815352571571, 61.129091297217869 ], [ 14.638101965585744, 61.129140492436257 ], [ 14.63804510006185, 61.129184466420845 ], [ 14.63792982351675, 61.129264644173709 ], [ 14.637613512551937, 61.129461102956292 ], [ 14.637043662918103, 61.12980410863981 ], [ 14.636593116975245, 61.130071444187017 ], [ 14.636528090381738, 61.130109559805931 ], [ 14.636466970269741, 61.130145369923852 ] ] } },
{ "type": "Feature", "properties": { "objektidentitet": "c5237475-f3bf-44d2-85db-6d2dad1d380d", "skapad": "2026-03-04T08:00:01", "objekttypnr": 1804, "objekttyp": "Landsväg", "avfartsvag_pafartsvag": "Ingen information", "cirkulationsplats": "Nej", "bro_och_tunnel": "Ingen information", "gagata": "Nej", "bussgata": "Nej", "industrivag": "Nej", "gatunamn": null, "vardvagnummer": "E45", "gastvag1nummer": null, "gastvag2nummer": null, "alternativt_manér": "Nej", "vagutforande": null, "skoterkorning_tillaten": null, "ruskmarkering": null, "rotation": null, "trafikplatsnummer": null }, "geometry": { "type": "LineString", "coordinates": [ [ 14.637371925986587, 61.127695593858469 ], [ 14.637667738833688, 61.127870924539565 ], [ 14.639115725964995, 61.128680267637833 ], [ 14.639609822306227, 61.1289505784803 ], [ 14.639852026046146, 61.129078582961931 ], [ 14.640125906408572, 61.129234044491149 ], [ 14.640446678720796, 61.129411266956424 ], [ 14.641103862193283, 61.12976927884381 ], [ 14.642321925453334, 61.130448579626567 ], [ 14.642904988471409, 61.130778026020018 ], [ 14.643234929904628, 61.130973023810185 ], [ 14.643815454208768, 61.13132682524121 ], [ 14.644065122679045, 61.131485887104162 ], [ 14.644308157570027, 61.131647327848498 ], [ 14.644544466232281, 61.131811093840064 ], [ 14.644773938368578, 61.131977113041373 ], [ 14.645575626009999, 61.13256793591755 ] ] } },
{ "type": "Feature", "properties": { "objektidentitet": "e24bba53-a76a-46b1-9d98-7aedd4e6a137", "skapad": "2025-12-17T01:00:01", "objekttypnr": 1811, "objekttyp": "Lokalgata liten", "avfartsvag_pafartsvag": "Ingen information", "cirkulationsplats": "Nej", "bro_och_tunnel": "Ingen information", "gagata": "Nej", "bussgata": "Nej", "industrivag": "Nej", "gatunamn": null, "vardvagnummer": null, "gastvag1nummer": null, "gastvag2nummer": null, "alternativt_manér": "Nej", "vagutforande": null, "skoterkorning_tillaten": null, "ruskmarkering": null, "rotation": null, "trafikplatsnummer": null }, "geometry": { "type": "LineString", "coordinates": [ [ 14.626494376586008, 61.128858907998733 ], [ 14.626520768381425, 61.128850034361804 ], [ 14.626605110600158, 61.128824572604529 ], [ 14.626694332841348, 61.128800892812791 ], [ 14.626775581574838, 61.128782721289127 ], [ 14.626871895376205, 61.128765327729575 ], [ 14.626951555924208, 61.128754289220339 ], [ 14.62702813208287, 61.128746644741312 ], [ 14.627114549708239, 61.128741927167461 ], [ 14.627280024480433, 61.128747437558701 ] ] } },
{ "type": "Feature", "properties": { "objektidentitet": "ac69a097-6c66-49bc-b2c9-6735aa9f8f58", "skapad": "2025-12-17T01:00:01", "objekttypnr": 1811, "objekttyp": "Lokalgata liten", "avfartsvag_pafartsvag": "Ingen information", "cirkulationsplats": "Nej", "bro_och_tunnel": "Ingen information", "gagata": "Nej", "bussgata": "Nej", "industrivag": "Nej", "gatunamn": null, "vardvagnummer": null, "gastvag1nummer": null, "gastvag2nummer": null, "alternativt_manér": "Nej", "vagutforande": null, "skoterkorning_tillaten": null, "ruskmarkering": null, "rotation": null, "trafikplatsnummer": null }, "geometry": { "type": "LineString", "coordinates": [ [ 14.627280024480433, 61.128747437558701 ], [ 14.627334457269519, 61.128755200639304 ], [ 14.627393202029848, 61.128765660047272 ], [ 14.627449725357076, 61.128785073339223 ], [ 14.627514466872878, 61.128808135931003 ], [ 14.627618001016971, 61.128857071888994 ], [ 14.627756388884682, 61.12893533560689 ], [ 14.628177412105401, 61.129220031067987 ], [ 14.628488688946454, 61.12943973897778 ], [ 14.628702492751614, 61.129586018166229 ], [ 14.629025402713761, 61.129806932670014 ], [ 14.629473906797513, 61.130107518520298 ] ] } },
{ "type": "Feature", "properties": { "objektidentitet": "34d95a23-1296-48b6-8aa1-427eff9172fa", "skapad": "2026-03-17T21:00:01", "objekttypnr": 1805, "objekttyp": "Landsväg liten", "avfartsvag_pafartsvag": "Ingen information", "cirkulationsplats": "Nej", "bro_och_tunnel": "Ingen information", "gagata": "Nej", "bussgata": "Nej", "industrivag": "Nej", "gatunamn": null, "vardvagnummer": "993", "gastvag1nummer": null, "gastvag2nummer": null, "alternativt_manér": "Nej", "vagutforande": null, "skoterkorning_tillaten": null, "ruskmarkering": null, "rotation": null, "trafikplatsnummer": null }, "geometry": { "type": "LineString", "coordinates": [ [ 14.626489073061384, 61.129308174323839 ], [ 14.626687578779336, 61.129433147170317 ], [ 14.626919179101918, 61.129584048039348 ], [ 14.627491834854405, 61.129943635179956 ], [ 14.627751835710379, 61.130112909564197 ], [ 14.628030981697613, 61.130291519125052 ], [ 14.628412826822201, 61.130526207669121 ], [ 14.628505960728269, 61.130577610056847 ], [ 14.628639791135946, 61.130644817486356 ], [ 14.628689780081633, 61.130669266725732 ], [ 14.628778035807292, 61.13071243170107 ], [ 14.628909813458524, 61.130772711354247 ], [ 14.629034565561373, 61.130825780143454 ], [ 14.629162077873993, 61.130876217116374 ], [ 14.629401575583691, 61.130965026674978 ] ] } },
{ "type": "Feature", "properties": { "objektidentitet": "9101011c-0cf4-46bd-97b2-54dcc7292c0c", "skapad": "2026-03-17T21:00:01", "objekttypnr": 1811, "objekttyp": "Lokalgata liten", "avfartsvag_pafartsvag": "Ingen information", "cirkulationsplats": "Nej", "bro_och_tunnel": "Ingen information", "gagata": "Nej", "bussgata": "Nej", "industrivag": "Nej", "gatunamn": null, "vardvagnummer": null, "gastvag1nummer": null, "gastvag2nummer": null, "alternativt_manér": "Nej", "vagutforande": null, "skoterkorning_tillaten": null, "ruskmarkering": null, "rotation": null, "trafikplatsnummer": null }, "geometry": { "type": "LineString", "coordinates": [ [ 14.632003659459363, 61.130206005992548 ], [ 14.63202688825614, 61.130183355269686 ], [ 14.632075584144463, 61.130151535413013 ], [ 14.632130585014513, 61.130126681953215 ], [ 14.632193841829539, 61.130103924408743 ], [ 14.6323124620765, 61.130071423827566 ], [ 14.632403098329368, 61.130050590241162 ], [ 14.632484553035624, 61.130029067248273 ], [ 14.632671294408647, 61.12998007055478 ], [ 14.632985924343137, 61.12989963926313 ], [ 14.633471763607535, 61.129775652734779 ], [ 14.633726856710672, 61.129710778391242 ], [ 14.633945765866512, 61.129653894707289 ], [ 14.634228843357119, 61.129596295643871 ], [ 14.634422642025719, 61.129564301659563 ], [ 14.634510942128626, 61.129552608599596 ], [ 14.634611578845606, 61.129538498034378 ], [ 14.634934026944807, 61.129537491986852 ], [ 14.635117720616723, 61.12953968429494 ], [ 14.635179455018642, 61.129547230745686 ], [ 14.635236087662083, 61.129562511066197 ], [ 14.635342395162015, 61.12961851399573 ], [ 14.635477663948183, 61.129677808952366 ], [ 14.635706674932225, 61.129768760810194 ], [ 14.636000191530647, 61.129879915265036 ], [ 14.636101012381548, 61.129916007929367 ], [ 14.636169263884534, 61.129944561459752 ], [ 14.636221220688247, 61.129972631129021 ], [ 14.636254399970943, 61.130012716719051 ], [ 14.636466970269741, 61.130145369923852 ] ] } },
{ "type": "Feature", "properties": { "objektidentitet": "cbdd35cc-732c-464b-a54b-0176301c1a65", "skapad": "2026-03-17T21:00:01", "objekttypnr": 1805, "objekttyp": "Landsväg liten", "avfartsvag_pafartsvag": "Ingen information", "cirkulationsplats": "Nej", "bro_och_tunnel": "Ingen information", "gagata": "Nej", "bussgata": "Nej", "industrivag": "Nej", "gatunamn": null, "vardvagnummer": "986", "gastvag1nummer": null, "gastvag2nummer": null, "alternativt_manér": "Nej", "vagutforande": null, "skoterkorning_tillaten": null, "ruskmarkering": null, "rotation": null, "trafikplatsnummer": null }, "geometry": { "type": "LineString", "coordinates": [ [ 14.636466970269741, 61.130145369923852 ], [ 14.636237602811132, 61.130283613328878 ], [ 14.635777743268092, 61.130555661281626 ], [ 14.635573213628364, 61.130680755196813 ], [ 14.635220963912102, 61.130885559813976 ] ] } },
{ "type": "Feature", "properties": { "objektidentitet": "cd65f311-399a-4c6b-8a6c-00ff0d7587d0", "skapad": "2026-03-17T21:00:01", "objekttypnr": 1811, "objekttyp": "Lokalgata liten", "avfartsvag_pafartsvag": "Ingen information", "cirkulationsplats": "Nej", "bro_och_tunnel": "Ingen information", "gagata": "Nej", "bussgata": "Nej", "industrivag": "Nej", "gatunamn": null, "vardvagnummer": null, "gastvag1nummer": null, "gastvag2nummer": null, "alternativt_manér": "Nej", "vagutforande": null, "skoterkorning_tillaten": null, "ruskmarkering": null, "rotation": null, "trafikplatsnummer": null }, "geometry": { "type": "LineString", "coordinates": [ [ 14.632003659459363, 61.130206005992548 ], [ 14.631969922208514, 61.130255830944101 ], [ 14.631966582924107, 61.130287531402104 ], [ 14.631983415796572, 61.130321576396049 ], [ 14.632013555613474, 61.130349597381077 ], [ 14.632197547083553, 61.130457544249239 ], [ 14.632288402306362, 61.130485074848401 ], [ 14.632384833075804, 61.13051211777929 ], [ 14.632499116595231, 61.130541399892088 ], [ 14.632781297635296, 61.130600342238964 ], [ 14.633655842039371, 61.130730808795256 ], [ 14.633884501528193, 61.130767321251525 ], [ 14.634124070156922, 61.130814151104644 ], [ 14.634246114577829, 61.130840418102196 ], [ 14.634378696409271, 61.130872207892274 ], [ 14.634522102159831, 61.130912070890261 ], [ 14.634659829037384, 61.130956577731908 ], [ 14.634933913182316, 61.131051746401987 ] ] } },
{ "type": "Feature", "properties": { "objektidentitet": "edb539f0-a671-4364-a863-559754324fa4", "skapad": "2026-03-17T21:00:01", "objekttypnr": 1811, "objekttyp": "Lokalgata liten", "avfartsvag_pafartsvag": "Ingen information", "cirkulationsplats": "Nej", "bro_och_tunnel": "Ingen information", "gagata": "Nej", "bussgata": "Nej", "industrivag": "Nej", "gatunamn": null, "vardvagnummer": null, "gastvag1nummer": null, "gastvag2nummer": null, "alternativt_manér": "Nej", "vagutforande": null, "skoterkorning_tillaten": null, "ruskmarkering": null, "rotation": null, "trafikplatsnummer": null }, "geometry": { "type": "LineString", "coordinates": [ [ 14.629596233693173, 61.131033602802226 ], [ 14.629935498470159, 61.13088190804573 ], [ 14.630269197598386, 61.130731157811724 ], [ 14.630862661008914, 61.1304644579022 ], [ 14.631173910241174, 61.130361092062607 ], [ 14.631249993281624, 61.130340219572808 ], [ 14.631333574954057, 61.130319528848695 ], [ 14.631439100361961, 61.130295656922804 ], [ 14.63153517954888, 61.130282649412678 ], [ 14.631594662947581, 61.130276284605344 ], [ 14.632003659459363, 61.130206005992548 ] ] } },
{ "type": "Feature", "properties": { "objektidentitet": "7655e171-4923-4232-887d-489c26acbfe6", "skapad": "2026-03-17T21:00:01", "objekttypnr": 1805, "objekttyp": "Landsväg liten", "avfartsvag_pafartsvag": "Ingen information", "cirkulationsplats": "Nej", "bro_och_tunnel": "Ingen information", "gagata": "Nej", "bussgata": "Nej", "industrivag": "Nej", "gatunamn": null, "vardvagnummer": "990", "gastvag1nummer": null, "gastvag2nummer": null, "alternativt_manér": "Nej", "vagutforande": null, "skoterkorning_tillaten": null, "ruskmarkering": null, "rotation": null, "trafikplatsnummer": null }, "geometry": { "type": "LineString", "coordinates": [ [ 14.644814003535789, 61.130389633725244 ], [ 14.644874379474036, 61.130543367032814 ], [ 14.645002369289882, 61.130851229269133 ], [ 14.645281148885973, 61.131537075896709 ], [ 14.645327383325224, 61.131659196906931 ], [ 14.645370514604208, 61.131761728863424 ], [ 14.645393845614741, 61.131802073495983 ], [ 14.645419706723338, 61.131832064422852 ], [ 14.645452678212065, 61.13186207397704 ], [ 14.645493743923513, 61.131893828347977 ], [ 14.645608590100773, 61.131967217578662 ], [ 14.645816704545583, 61.132086296731075 ], [ 14.645863985390891, 61.132115194288218 ], [ 14.645899378568235, 61.132142911913803 ], [ 14.645922891175895, 61.132167141616826 ], [ 14.645946414925875, 61.132193669774367 ], [ 14.645960408976494, 61.132219032955518 ], [ 14.645967254774719, 61.132244368115742 ], [ 14.645969335062718, 61.132270849199301 ], [ 14.645964221643657, 61.132303057396591 ], [ 14.645947258690459, 61.132330637727627 ], [ 14.645925549976988, 61.132355898440352 ], [ 14.645879936724828, 61.132390307566581 ], [ 14.645812800469468, 61.13243501190086 ], [ 14.645575626009999, 61.13256793591755 ] ] } },
{ "type": "Feature", "properties": { "objektidentitet": "67b4b6d0-e7a1-4855-9c0c-c49944416f6a", "skapad": "2026-03-17T21:00:01", "objekttypnr": 1805, "objekttyp": "Landsväg liten", "avfartsvag_pafartsvag": "Ingen information", "cirkulationsplats": "Nej", "bro_och_tunnel": "Ingen information", "gagata": "Nej", "bussgata": "Nej", "industrivag": "Nej", "gatunamn": null, "vardvagnummer": "986", "gastvag1nummer": null, "gastvag2nummer": null, "alternativt_manér": "Nej", "vagutforande": null, "skoterkorning_tillaten": null, "ruskmarkering": null, "rotation": null, "trafikplatsnummer": null }, "geometry": { "type": "LineString", "coordinates": [ [ 14.635220963912102, 61.130885559813976 ], [ 14.634933913182316, 61.131051746401987 ] ] } },
{ "type": "Feature", "properties": { "objektidentitet": "043766aa-d7ad-4885-bc0d-ab683c7ff995", "skapad": "2026-03-17T21:00:01", "objekttypnr": 1811, "objekttyp": "Lokalgata liten", "avfartsvag_pafartsvag": "Ingen information", "cirkulationsplats": "Nej", "bro_och_tunnel": "Ingen information", "gagata": "Nej", "bussgata": "Nej", "industrivag": "Nej", "gatunamn": null, "vardvagnummer": null, "gastvag1nummer": null, "gastvag2nummer": null, "alternativt_manér": "Nej", "vagutforande": null, "skoterkorning_tillaten": null, "ruskmarkering": null, "rotation": null, "trafikplatsnummer": null }, "geometry": { "type": "LineString", "coordinates": [ [ 14.635220963912102, 61.130885559813976 ], [ 14.635264819097308, 61.13089497013106 ], [ 14.635303266265149, 61.130909689866684 ], [ 14.63533988615899, 61.130925104689275 ], [ 14.635370026900288, 61.130938850205673 ], [ 14.63544747292841, 61.130978453616628 ], [ 14.635495328718882, 61.131008047627105 ], [ 14.635577275060482, 61.131059908967153 ], [ 14.635672311272035, 61.131119786588307 ], [ 14.635861906373892, 61.131229467410144 ], [ 14.636045921357818, 61.13131272003416 ], [ 14.636109774493708, 61.131334923462227 ], [ 14.636160838299709, 61.131350430880829 ], [ 14.63621118153466, 61.131362408008215 ], [ 14.636266872470705, 61.131369515498371 ], [ 14.636307251868118, 61.131371275881442 ], [ 14.636335357694618, 61.131371539928011 ], [ 14.636376175473035, 61.131369099961866 ], [ 14.63644625037846, 61.131358838069644 ], [ 14.636519007963413, 61.131341284479952 ], [ 14.636598184286781, 61.131316116883653 ], [ 14.636626757843121, 61.131303130734757 ], [ 14.636883655403194, 61.131210980974679 ], [ 14.636922318521334, 61.131195651627344 ], [ 14.637020676002154, 61.131170185107926 ], [ 14.637143871815679, 61.131146580808242 ], [ 14.637601745875632, 61.131099453274892 ], [ 14.637704914357766, 61.13108666695576 ], [ 14.638049678821703, 61.131059444134316 ], [ 14.638322860344296, 61.131041267483013 ], [ 14.638828557712792, 61.131010334021468 ], [ 14.640364355595114, 61.130938930530995 ], [ 14.641058358245918, 61.130911577464346 ], [ 14.641354285044097, 61.130904417037272 ] ] } },
{ "type": "Feature", "properties": { "objektidentitet": "3e261b1d-407f-4d42-a73b-a76e5d732df2", "skapad": "2026-03-17T21:00:01", "objekttypnr": 1805, "objekttyp": "Landsväg liten", "avfartsvag_pafartsvag": "Ingen information", "cirkulationsplats": "Nej", "bro_och_tunnel": "Ingen information", "gagata": "Nej", "bussgata": "Nej", "industrivag": "Nej", "gatunamn": null, "vardvagnummer": "993", "gastvag1nummer": null, "gastvag2nummer": null, "alternativt_manér": "Nej", "vagutforande": null, "skoterkorning_tillaten": null, "ruskmarkering": null, "rotation": null, "trafikplatsnummer": null }, "geometry": { "type": "LineString", "coordinates": [ [ 14.629401575583691, 61.130965026674978 ], [ 14.629596233693173, 61.131033602802226 ] ] } },
{ "type": "Feature", "properties": { "objektidentitet": "199837c0-acaa-464f-8213-d25e43fef1e4", "skapad": "2025-12-17T01:00:01", "objekttypnr": 1811, "objekttyp": "Lokalgata liten", "avfartsvag_pafartsvag": "Ingen information", "cirkulationsplats": "Nej", "bro_och_tunnel": "Ingen information", "gagata": "Nej", "bussgata": "Nej", "industrivag": "Nej", "gatunamn": null, "vardvagnummer": null, "gastvag1nummer": null, "gastvag2nummer": null, "alternativt_manér": "Nej", "vagutforande": null, "skoterkorning_tillaten": null, "ruskmarkering": null, "rotation": null, "trafikplatsnummer": null }, "geometry": { "type": "LineString", "coordinates": [ [ 14.626462095066673, 61.13159327640831 ], [ 14.626579069363364, 61.131578469140884 ], [ 14.62670316846771, 61.131560936751811 ], [ 14.627378735353959, 61.131447487758237 ], [ 14.627910026633833, 61.131347724919465 ], [ 14.628292697633995, 61.131269762922429 ], [ 14.628428609352433, 61.131240581019462 ], [ 14.628585035764267, 61.131205108238206 ], [ 14.628683805323371, 61.131178347211019 ], [ 14.629148333754392, 61.131052495148325 ], [ 14.629260045656531, 61.131014376195999 ], [ 14.629401575583691, 61.130965026674978 ] ] } },
{ "type": "Feature", "properties": { "objektidentitet": "afa9ad69-9a20-4608-9e89-52b15a386c4e", "skapad": "2026-03-17T21:00:01", "objekttypnr": 1805, "objekttyp": "Landsväg liten", "avfartsvag_pafartsvag": "Ingen information", "cirkulationsplats": "Nej", "bro_och_tunnel": "Ingen information", "gagata": "Nej", "bussgata": "Nej", "industrivag": "Nej", "gatunamn": null, "vardvagnummer": "986", "gastvag1nummer": null, "gastvag2nummer": null, "alternativt_manér": "Nej", "vagutforande": null, "skoterkorning_tillaten": null, "ruskmarkering": null, "rotation": null, "trafikplatsnummer": null }, "geometry": { "type": "LineString", "coordinates": [ [ 14.634933913182316, 61.131051746401987 ], [ 14.634389805134063, 61.131374529450348 ], [ 14.633996042474621, 61.131601995338912 ] ] } },
{ "type": "Feature", "properties": { "objektidentitet": "09c03c72-43a1-4131-ae23-c0eb6eadb03b", "skapad": "2026-03-17T21:00:01", "objekttypnr": 1805, "objekttyp": "Landsväg liten", "avfartsvag_pafartsvag": "Ingen information", "cirkulationsplats": "Nej", "bro_och_tunnel": "Ingen information", "gagata": "Nej", "bussgata": "Nej", "industrivag": "Nej", "gatunamn": null, "vardvagnummer": "993", "gastvag1nummer": null, "gastvag2nummer": null, "alternativt_manér": "Nej", "vagutforande": null, "skoterkorning_tillaten": null, "ruskmarkering": null, "rotation": null, "trafikplatsnummer": null }, "geometry": { "type": "LineString", "coordinates": [ [ 14.629596233693173, 61.131033602802226 ], [ 14.62969951219223, 61.131068800360467 ], [ 14.630410609719805, 61.131297183418027 ], [ 14.630813436930174, 61.131424421606333 ], [ 14.631152204968782, 61.131533348849224 ], [ 14.631257526159615, 61.131568775168802 ] ] } },
{ "type": "Feature", "properties": { "objektidentitet": "4851794c-aef7-4b11-88d8-7375d1bcaa9d", "skapad": "2026-03-17T21:00:01", "objekttypnr": 1811, "objekttyp": "Lokalgata liten", "avfartsvag_pafartsvag": "Ingen information", "cirkulationsplats": "Nej", "bro_och_tunnel": "Ingen information", "gagata": "Nej", "bussgata": "Nej", "industrivag": "Nej", "gatunamn": null, "vardvagnummer": null, "gastvag1nummer": null, "gastvag2nummer": null, "alternativt_manér": "Nej", "vagutforande": null, "skoterkorning_tillaten": null, "ruskmarkering": null, "rotation": null, "trafikplatsnummer": null }, "geometry": { "type": "LineString", "coordinates": [ [ 14.629226137365526, 61.131876783565183 ], [ 14.629975356678626, 61.131772644827905 ], [ 14.630196659979079, 61.131741486363303 ], [ 14.630781646188529, 61.131653996942944 ], [ 14.631105640683099, 61.1316002504078 ], [ 14.631158272155899, 61.131591003176936 ], [ 14.631257526159615, 61.131568775168802 ] ] } },
{ "type": "Feature", "properties": { "objektidentitet": "8a9b11df-73c0-4df0-9d46-e746985350af", "skapad": "2026-03-17T21:00:01", "objekttypnr": 1805, "objekttyp": "Landsväg liten", "avfartsvag_pafartsvag": "Ingen information", "cirkulationsplats": "Nej", "bro_och_tunnel": "Ingen information", "gagata": "Nej", "bussgata": "Nej", "industrivag": "Nej", "gatunamn": null, "vardvagnummer": "993", "gastvag1nummer": null, "gastvag2nummer": null, "alternativt_manér": "Nej", "vagutforande": null, "skoterkorning_tillaten": null, "ruskmarkering": null, "rotation": null, "trafikplatsnummer": null }, "geometry": { "type": "LineString", "coordinates": [ [ 14.631257526159615, 61.131568775168802 ], [ 14.631337516960656, 61.131595217574507 ], [ 14.631783982581647, 61.131754335260375 ], [ 14.6319228702102, 61.131812359992381 ], [ 14.6320732336471, 61.131883056202113 ], [ 14.632186594656313, 61.131944180387755 ], [ 14.632298576419064, 61.132007401345533 ], [ 14.632385177919412, 61.132061063627155 ], [ 14.632546676086394, 61.132173967650168 ], [ 14.632610064186689, 61.132223347149619 ], [ 14.632716523335532, 61.132313046503008 ] ] } },
{ "type": "Feature", "properties": { "objektidentitet": "13df2660-64ee-43b7-be12-cfd065c6b8c5", "skapad": "2025-12-17T01:00:01", "objekttypnr": 1807, "objekttyp": "Småväg enkel standard", "avfartsvag_pafartsvag": "Ingen information", "cirkulationsplats": "Nej", "bro_och_tunnel": "Ingen information", "gagata": "Nej", "bussgata": "Nej", "industrivag": "Nej", "gatunamn": null, "vardvagnummer": null, "gastvag1nummer": null, "gastvag2nummer": null, "alternativt_manér": "Nej", "vagutforande": null, "skoterkorning_tillaten": null, "ruskmarkering": null, "rotation": null, "trafikplatsnummer": null }, "geometry": { "type": "LineString", "coordinates": [ [ 14.626949741114764, 61.149761255987421 ], [ 14.626271295248067, 61.149787969676552 ], [ 14.626247113869631, 61.149789100326899 ] ] } },
{ "type": "Feature", "properties": { "objektidentitet": "51b94198-b1f7-491a-95a2-6e7d01f272e7", "skapad": "2025-12-17T01:00:01", "objekttypnr": 1807, "objekttyp": "Småväg enkel standard", "avfartsvag_pafartsvag": "Ingen information", "cirkulationsplats": "Nej", "bro_och_tunnel": "Ingen information", "gagata": "Nej", "bussgata": "Nej", "industrivag": "Nej", "gatunamn": null, "vardvagnummer": null, "gastvag1nummer": null, "gastvag2nummer": null, "alternativt_manér": "Nej", "vagutforande": null, "skoterkorning_tillaten": null, "ruskmarkering": null, "rotation": null, "trafikplatsnummer": null }, "geometry": { "type": "LineString", "coordinates": [ [ 14.626208410263237, 61.153062373918296 ], [ 14.627142092201456, 61.153027337001092 ], [ 14.627996047176383, 61.152995777276779 ], [ 14.628427795805303, 61.152973935296998 ], [ 14.628635388019811, 61.152963426288302 ] ] } },
{ "type": "Feature", "properties": { "objektidentitet": "9ff40e14-d7ca-4c41-964e-54330baef89b", "skapad": "2025-12-17T01:00:01", "objekttypnr": 1805, "objekttyp": "Landsväg liten", "avfartsvag_pafartsvag": "Ingen information", "cirkulationsplats": "Nej", "bro_och_tunnel": "Ingen information", "gagata": "Nej", "bussgata": "Nej", "industrivag": "Nej", "gatunamn": null, "vardvagnummer": "1003", "gastvag1nummer": null, "gastvag2nummer": null, "alternativt_manér": "Nej", "vagutforande": null, "skoterkorning_tillaten": null, "ruskmarkering": null, "rotation": null, "trafikplatsnummer": null }, "geometry": { "type": "LineString", "coordinates": [ [ 14.626284455463933, 61.146630274141344 ], [ 14.626717608221105, 61.146711904288374 ], [ 14.627147783243615, 61.146798971861443 ], [ 14.627272427425563, 61.146826894932396 ], [ 14.627594103954005, 61.146889045044901 ] ] } },
{ "type": "Feature", "properties": { "objektidentitet": "6f556004-7fa7-40ce-b606-cd37ff61343c", "skapad": "2025-12-17T01:00:01", "objekttypnr": 1807, "objekttyp": "Småväg enkel standard", "avfartsvag_pafartsvag": "Ingen information", "cirkulationsplats": "Nej", "bro_och_tunnel": "Ingen information", "gagata": "Nej", "bussgata": "Nej", "industrivag": "Nej", "gatunamn": null, "vardvagnummer": null, "gastvag1nummer": null, "gastvag2nummer": null, "alternativt_manér": "Nej", "vagutforande": null, "skoterkorning_tillaten": null, "ruskmarkering": null, "rotation": null, "trafikplatsnummer": null }, "geometry": { "type": "LineString", "coordinates": [ [ 14.62839022826793, 61.146044176689614 ], [ 14.628151454064623, 61.146066028425942 ], [ 14.627456616305931, 61.146139746529734 ], [ 14.627362412975698, 61.146154857260179 ], [ 14.627273025293587, 61.146171121222579 ], [ 14.627180874030456, 61.14619017869618 ], [ 14.627107422858391, 61.14621278006711 ], [ 14.627027272483243, 61.146233288900333 ], [ 14.626927707160467, 61.146266717175521 ], [ 14.626750802779128, 61.14632631813874 ], [ 14.626635524367869, 61.146362746247505 ], [ 14.626476523010066, 61.146405257352647 ], [ 14.626286506632546, 61.146456739142266 ] ] } },
{ "type": "Feature", "properties": { "objektidentitet": "22085ef7-da34-4beb-bf51-b1adc30a0470", "skapad": "2025-12-17T01:00:01", "objekttypnr": 1807, "objekttyp": "Småväg enkel standard", "avfartsvag_pafartsvag": "Ingen information", "cirkulationsplats": "Nej", "bro_och_tunnel": "Ingen information", "gagata": "Nej", "bussgata": "Nej", "industrivag": "Nej", "gatunamn": null, "vardvagnummer": null, "gastvag1nummer": null, "gastvag2nummer": null, "alternativt_manér": "Nej", "vagutforande": null, "skoterkorning_tillaten": null, "ruskmarkering": null, "rotation": null, "trafikplatsnummer": null }, "geometry": { "type": "LineString", "coordinates": [ [ 14.626441728704416, 61.151491359550327 ], [ 14.626569653449208, 61.151552887256507 ], [ 14.626629703285543, 61.151585417996529 ], [ 14.626702153712591, 61.151626610566595 ], [ 14.626993247437456, 61.151804904147156 ], [ 14.627260492886903, 61.15198291607355 ], [ 14.627412893486788, 61.152088196340209 ], [ 14.627603413454819, 61.152217498191767 ], [ 14.627866822166355, 61.15238430321088 ], [ 14.628021187349109, 61.152469801010717 ], [ 14.628138875620653, 61.152531909784301 ], [ 14.628253501294436, 61.152587509848502 ], [ 14.628366899059461, 61.152640117038629 ], [ 14.628431416611768, 61.152665916564736 ], [ 14.628676394609952, 61.152763863494727 ], [ 14.629097548549417, 61.152911544704374 ] ] } },
{ "type": "Feature", "properties": { "objektidentitet": "44bcfd4b-9d01-4512-be02-3ab4af1c23e9", "skapad": "2025-09-02T21:00:01", "objekttypnr": 1805, "objekttyp": "Landsväg liten", "avfartsvag_pafartsvag": "Ingen information", "cirkulationsplats": "Nej", "bro_och_tunnel": "Ingen information", "gagata": "Nej", "bussgata": "Nej", "industrivag": "Nej", "gatunamn": null, "vardvagnummer": "1004", "gastvag1nummer": null, "gastvag2nummer": null, "alternativt_manér": "Nej", "vagutforande": null, "skoterkorning_tillaten": null, "ruskmarkering": null, "rotation": null, "trafikplatsnummer": null }, "geometry": { "type": "LineString", "coordinates": [ [ 14.627594103954005, 61.146889045044901 ], [ 14.627315079579288, 61.147218965849667 ], [ 14.627249929951468, 61.147302971227532 ], [ 14.62720209791707, 61.147389636957236 ], [ 14.627167890319397, 61.147480290459079 ], [ 14.627111763519645, 61.148057588669019 ], [ 14.627094750218744, 61.148296773523903 ], [ 14.627037939944225, 61.148900266721611 ], [ 14.626999262007613, 61.149262576423752 ] ] } },
{ "type": "Feature", "properties": { "objektidentitet": "a916dfcf-d4d9-495a-939a-90090f5f270e", "skapad": "2025-12-17T01:00:01", "objekttypnr": 1805, "objekttyp": "Landsväg liten", "avfartsvag_pafartsvag": "Ingen information", "cirkulationsplats": "Nej", "bro_och_tunnel": "Ingen information", "gagata": "Nej", "bussgata": "Nej", "industrivag": "Nej", "gatunamn": null, "vardvagnummer": "1003", "gastvag1nummer": null, "gastvag2nummer": null, "alternativt_manér": "Nej", "vagutforande": null, "skoterkorning_tillaten": null, "ruskmarkering": null, "rotation": null, "trafikplatsnummer": null }, "geometry": { "type": "LineString", "coordinates": [ [ 14.627594103954005, 61.146889045044901 ], [ 14.628456948205775, 61.147062174285999 ], [ 14.62849718288852, 61.147070032639199 ], [ 14.62889832513398, 61.147148369186802 ], [ 14.629405842308914, 61.147249611063636 ] ] } },
{ "type": "Feature", "properties": { "objektidentitet": "369a044e-e948-4934-a2cc-a146e807f13a", "skapad": "2025-12-17T01:00:01", "objekttypnr": 1806, "objekttyp": "Småväg", "avfartsvag_pafartsvag": "Ingen information", "cirkulationsplats": "Nej", "bro_och_tunnel": "Ingen information", "gagata": "Nej", "bussgata": "Nej", "industrivag": "Nej", "gatunamn": null, "vardvagnummer": null, "gastvag1nummer": null, "gastvag2nummer": null, "alternativt_manér": "Nej", "vagutforande": null, "skoterkorning_tillaten": null, "ruskmarkering": null, "rotation": null, "trafikplatsnummer": null }, "geometry": { "type": "LineString", "coordinates": [ [ 14.62839022826793, 61.146044176689614 ], [ 14.62849013009528, 61.146133690423767 ], [ 14.628507986270108, 61.146150581875268 ], [ 14.628678539606074, 61.146311896242885 ], [ 14.628910985532009, 61.146511266748234 ], [ 14.629026703817914, 61.14657331546816 ], [ 14.629091671995038, 61.146626184191781 ], [ 14.629148532001206, 61.146743204149764 ], [ 14.629177467162432, 61.14682121076028 ], [ 14.629265046873238, 61.147039988638269 ], [ 14.62930388408669, 61.147144883987302 ], [ 14.629318882182062, 61.147201233917023 ], [ 14.629405842308914, 61.147249611063636 ] ] } },
{ "type": "Feature", "properties": { "objektidentitet": "1e01fc11-84dd-47e9-bbce-4ce635339af7", "skapad": "2026-03-17T21:00:01", "objekttypnr": 1807, "objekttyp": "Småväg enkel standard", "avfartsvag_pafartsvag": "Ingen information", "cirkulationsplats": "Nej", "bro_och_tunnel": "Ingen information", "gagata": "Nej", "bussgata": "Nej", "industrivag": "Nej", "gatunamn": null, "vardvagnummer": null, "gastvag1nummer": null, "gastvag2nummer": null, "alternativt_manér": "Nej", "vagutforande": null, "skoterkorning_tillaten": null, "ruskmarkering": null, "rotation": null, "trafikplatsnummer": null }, "geometry": { "type": "LineString", "coordinates": [ [ 14.628635388019811, 61.152963426288302 ], [ 14.628723375687489, 61.153061606466991 ], [ 14.628834455608089, 61.153158341642012 ], [ 14.629073685345995, 61.153325463726951 ], [ 14.62934871841702, 61.153597212010752 ], [ 14.629398978980518, 61.153646000384683 ], [ 14.629417024892879, 61.153683550082576 ], [ 14.629419535692401, 61.153719782417113 ], [ 14.629387022333571, 61.153748269870341 ], [ 14.629339544681089, 61.153769542703408 ], [ 14.62927740537129, 61.153789438067285 ], [ 14.629218193318986, 61.153808443585923 ], [ 14.629124863463893, 61.153840642578039 ], [ 14.628903300597557, 61.153917046967969 ], [ 14.628685501535774, 61.154005105502598 ], [ 14.628640633343828, 61.154022408418498 ], [ 14.628522014353306, 61.15406421571307 ] ] } },
{ "type": "Feature", "properties": { "objektidentitet": "6153989b-d2be-4081-a2b6-71ad75c24adb", "skapad": "2026-03-17T21:00:01", "objekttypnr": 1807, "objekttyp": "Småväg enkel standard", "avfartsvag_pafartsvag": "Ingen information", "cirkulationsplats": "Nej", "bro_och_tunnel": "Ingen information", "gagata": "Nej", "bussgata": "Nej", "industrivag": "Nej", "gatunamn": null, "vardvagnummer": null, "gastvag1nummer": null, "gastvag2nummer": null, "alternativt_manér": "Nej", "vagutforande": null, "skoterkorning_tillaten": null, "ruskmarkering": null, "rotation": null, "trafikplatsnummer": null }, "geometry": { "type": "LineString", "coordinates": [ [ 14.628635388019811, 61.152963426288302 ], [ 14.628749488035288, 61.152954842290079 ], [ 14.628834146632347, 61.152947335587804 ], [ 14.628919231286845, 61.152938330503751 ], [ 14.629097548549417, 61.152911544704374 ] ] } },
{ "type": "Feature", "properties": { "objektidentitet": "65525772-2cee-447a-b0d9-3f40e595f612", "skapad": "2026-03-17T21:00:01", "objekttypnr": 1807, "objekttyp": "Småväg enkel standard", "avfartsvag_pafartsvag": "Ingen information", "cirkulationsplats": "Nej", "bro_och_tunnel": "Ingen information", "gagata": "Nej", "bussgata": "Nej", "industrivag": "Nej", "gatunamn": null, "vardvagnummer": null, "gastvag1nummer": null, "gastvag2nummer": null, "alternativt_manér": "Nej", "vagutforande": null, "skoterkorning_tillaten": null, "ruskmarkering": null, "rotation": null, "trafikplatsnummer": null }, "geometry": { "type": "LineString", "coordinates": [ [ 14.629097548549417, 61.152911544704374 ], [ 14.629404158395714, 61.153012505003957 ], [ 14.629910043952197, 61.153177159402397 ], [ 14.630132526143971, 61.153250191290986 ], [ 14.630359380751077, 61.153325919214382 ], [ 14.630745311270617, 61.153457186527937 ], [ 14.631206146097304, 61.153614782256412 ], [ 14.63153868938452, 61.153728323500914 ], [ 14.631945216156002, 61.153857955432379 ], [ 14.632099453146857, 61.153900130461331 ], [ 14.632244101962078, 61.153936102644558 ], [ 14.632378795096585, 61.153965431002035 ], [ 14.632520430479666, 61.153990567261928 ], [ 14.632673148093009, 61.154011747300885 ], [ 14.632816254601035, 61.154025422794597 ], [ 14.632937363490431, 61.154032673096502 ], [ 14.633003487019383, 61.154034306944837 ], [ 14.633083894226598, 61.154036293459747 ], [ 14.63320638600629, 61.154034856876081 ], [ 14.633224410472298, 61.154034645158731 ], [ 14.633342752524992, 61.154028968590296 ], [ 14.633482712324691, 61.154016015715428 ], [ 14.633622404587065, 61.15399729796664 ], [ 14.633756344922677, 61.15397308818627 ], [ 14.633835651169742, 61.153956209077066 ], [ 14.633927771466059, 61.153933403303782 ], [ 14.634253955397913, 61.153839793461707 ], [ 14.635432971440851, 61.153437491848372 ], [ 14.635704840681367, 61.153345393374117 ], [ 14.636608543320291, 61.153042882485856 ], [ 14.637007022006772, 61.152906896372016 ], [ 14.638762906822782, 61.152320621171285 ], [ 14.639041587101159, 61.152227438817761 ], [ 14.640378070937535, 61.151781801016192 ] ] } },
{ "type": "Feature", "properties": { "objektidentitet": "2ec69b79-366b-485c-99fc-5017a05543c1", "skapad": "2025-12-17T01:00:01", "objekttypnr": 1805, "objekttyp": "Landsväg liten", "avfartsvag_pafartsvag": "Ingen information", "cirkulationsplats": "Nej", "bro_och_tunnel": "Ingen information", "gagata": "Nej", "bussgata": "Nej", "industrivag": "Nej", "gatunamn": null, "vardvagnummer": "1003", "gastvag1nummer": null, "gastvag2nummer": null, "alternativt_manér": "Nej", "vagutforande": null, "skoterkorning_tillaten": null, "ruskmarkering": null, "rotation": null, "trafikplatsnummer": null }, "geometry": { "type": "LineString", "coordinates": [ [ 14.629405842308914, 61.147249611063636 ], [ 14.630130951705315, 61.147397214627951 ], [ 14.631069367736151, 61.147584907234723 ], [ 14.631323752077492, 61.147628621983124 ], [ 14.631561077556968, 61.147666553202583 ], [ 14.63204663907435, 61.147742048696202 ], [ 14.632551546144368, 61.147813815396901 ], [ 14.633524854555645, 61.147963106662978 ], [ 14.634015266889364, 61.14804077183468 ], [ 14.634659725259024, 61.148138252253446 ], [ 14.634861713069084, 61.148166170745995 ], [ 14.635290803979656, 61.148217190244495 ], [ 14.635798301553569, 61.148270161350716 ], [ 14.635995143252911, 61.148293449640775 ], [ 14.636138547949956, 61.148311377678226 ], [ 14.636259717272573, 61.148329300058002 ] ] } },
{ "type": "Feature", "properties": { "objektidentitet": "4652ff36-6dda-45ec-9683-47ae9401e9c0", "skapad": "2025-12-17T01:00:01", "objekttypnr": 1805, "objekttyp": "Landsväg liten", "avfartsvag_pafartsvag": "Ingen information", "cirkulationsplats": "Nej", "bro_och_tunnel": "Ingen information", "gagata": "Nej", "bussgata": "Nej", "industrivag": "Nej", "gatunamn": null, "vardvagnummer": "1003", "gastvag1nummer": null, "gastvag2nummer": null, "alternativt_manér": "Nej", "vagutforande": null, "skoterkorning_tillaten": null, "ruskmarkering": null, "rotation": null, "trafikplatsnummer": null }, "geometry": { "type": "LineString", "coordinates": [ [ 14.636259717272573, 61.148329300058002 ], [ 14.636441460267228, 61.148357161505864 ], [ 14.636594894808153, 61.148384946979824 ], [ 14.636768468184709, 61.148420614780825 ], [ 14.637014588593827, 61.14847993599713 ], [ 14.638052158322733, 61.1487556309933 ], [ 14.638317277118738, 61.148832085252323 ], [ 14.638479022717309, 61.148883915343738 ], [ 14.638604456141595, 61.148928888088143 ], [ 14.638718676205695, 61.148976541825071 ], [ 14.638782701324038, 61.149006474142844 ], [ 14.638849470081649, 61.149041818295643 ], [ 14.638974472225993, 61.149124657796946 ], [ 14.639032751866942, 61.149168104388529 ], [ 14.639074254916691, 61.149210150288923 ], [ 14.639100752937727, 61.149242002440701 ] ] } },
{ "type": "Feature", "properties": { "objektidentitet": "990f154a-4fd3-4026-98b9-d89dd1cff993", "skapad": "2026-03-17T21:00:01", "objekttypnr": 1807, "objekttyp": "Småväg enkel standard", "avfartsvag_pafartsvag": "Ingen information", "cirkulationsplats": "Nej", "bro_och_tunnel": "Ingen information", "gagata": "Nej", "bussgata": "Nej", "industrivag": "Nej", "gatunamn": null, "vardvagnummer": null, "gastvag1nummer": null, "gastvag2nummer": null, "alternativt_manér": "Nej", "vagutforande": null, "skoterkorning_tillaten": null, "ruskmarkering": null, "rotation": null, "trafikplatsnummer": null }, "geometry": { "type": "LineString", "coordinates": [ [ 14.636259717272573, 61.148329300058002 ], [ 14.63647929192191, 61.148130034903012 ], [ 14.63669462744728, 61.147930892810997 ], [ 14.636726066800314, 61.147900991361368 ], [ 14.636758299386265, 61.147869960766258 ], [ 14.636789672608087, 61.147839341020465 ], [ 14.636854337213672, 61.147780889477268 ], [ 14.636882305608436, 61.147749129033606 ], [ 14.636985904891761, 61.147638881132764 ], [ 14.637014016393993, 61.147599472321474 ], [ 14.637038644064798, 61.147552853670305 ], [ 14.637060626176106, 61.147490741425194 ], [ 14.637084951163265, 61.147410599022855 ], [ 14.637109220471062, 61.147349866367854 ], [ 14.637133046447403, 61.147311577033626 ], [ 14.637164165591566, 61.147278738643777 ], [ 14.637197716607997, 61.147254121808345 ], [ 14.637234926250063, 61.147232809390886 ], [ 14.637282741858504, 61.147209909447447 ], [ 14.637342478818216, 61.147190587839169 ], [ 14.637421780654922, 61.14717083367195 ], [ 14.637515448992083, 61.147152015770814 ], [ 14.637707947143836, 61.147122653018428 ], [ 14.638233222103842, 61.147060719417119 ], [ 14.638374537381724, 61.147038464052486 ], [ 14.638515906960887, 61.147014664529436 ], [ 14.638622006039981, 61.146997028139509 ], [ 14.638709125464285, 61.146987142883219 ], [ 14.638776426916072, 61.146980319842918 ], [ 14.638876895679999, 61.146974213506674 ], [ 14.63898375373296, 61.146973035245637 ], [ 14.639161321557429, 61.146978904545144 ], [ 14.639323221408624, 61.146980700505281 ], [ 14.639390646214386, 61.146977711028754 ], [ 14.639457532221625, 61.146971488205153 ], [ 14.639526238987511, 61.146961984071439 ], [ 14.639605723495047, 61.146947193921207 ], [ 14.639688427150118, 61.146927034324008 ], [ 14.639756990368911, 61.146905661114474 ], [ 14.639852973452671, 61.146872573083243 ], [ 14.639938967080992, 61.146839153194847 ], [ 14.640084049410566, 61.146777843523296 ], [ 14.640236266192098, 61.146709819307489 ], [ 14.640449390408698, 61.146605812087437 ] ] } },
{ "type": "Feature", "properties": { "objektidentitet": "38df5608-5465-4449-926c-71fc6fc898ac", "skapad": "2025-12-17T01:00:01", "objekttypnr": 1805, "objekttyp": "Landsväg liten", "avfartsvag_pafartsvag": "Ingen information", "cirkulationsplats": "Nej", "bro_och_tunnel": "Ingen information", "gagata": "Nej", "bussgata": "Nej", "industrivag": "Nej", "gatunamn": null, "vardvagnummer": "1003", "gastvag1nummer": null, "gastvag2nummer": null, "alternativt_manér": "Nej", "vagutforande": null, "skoterkorning_tillaten": null, "ruskmarkering": null, "rotation": null, "trafikplatsnummer": null }, "geometry": { "type": "LineString", "coordinates": [ [ 14.639100752937727, 61.149242002440701 ], [ 14.639144767605819, 61.149309749480182 ], [ 14.639218806716766, 61.149443868649186 ], [ 14.639322701136429, 61.149659208925065 ], [ 14.639508320975832, 61.150072951585187 ], [ 14.639593939559271, 61.150272010962283 ], [ 14.639639458761394, 61.150354655971924 ], [ 14.639689006291261, 61.150427822365906 ], [ 14.639746873513403, 61.150507779851239 ], [ 14.639800525942698, 61.150564743222617 ], [ 14.639869795803294, 61.150627143626508 ], [ 14.639983527908473, 61.150716730456956 ], [ 14.640191473768393, 61.150861206535495 ], [ 14.640508722921471, 61.151052226043703 ], [ 14.641036629904137, 61.151347838725435 ], [ 14.641325935948741, 61.151505510518575 ] ] } },
{ "type": "Feature", "properties": { "objektidentitet": "9e8a1cb4-6661-4685-950f-6dcffa9b6073", "skapad": "2026-03-17T21:00:01", "objekttypnr": 1807, "objekttyp": "Småväg enkel standard", "avfartsvag_pafartsvag": "Ingen information", "cirkulationsplats": "Nej", "bro_och_tunnel": "Ingen information", "gagata": "Nej", "bussgata": "Nej", "industrivag": "Nej", "gatunamn": null, "vardvagnummer": null, "gastvag1nummer": null, "gastvag2nummer": null, "alternativt_manér": "Nej", "vagutforande": null, "skoterkorning_tillaten": null, "ruskmarkering": null, "rotation": null, "trafikplatsnummer": null }, "geometry": { "type": "LineString", "coordinates": [ [ 14.639100752937727, 61.149242002440701 ], [ 14.639158738950119, 61.149231491242254 ], [ 14.639273085450931, 61.149229156503068 ], [ 14.639334915712485, 61.149231754495162 ], [ 14.639407660485713, 61.14923834932619 ], [ 14.639476263880915, 61.149248111538085 ], [ 14.639548414846558, 61.149267686742313 ], [ 14.63965687306561, 61.149299559482941 ], [ 14.639890603456019, 61.149381116266738 ], [ 14.640216692866918, 61.14951208977331 ], [ 14.64065786062711, 61.149694406823819 ], [ 14.641327528737303, 61.149968488616963 ], [ 14.641971785833563, 61.150228611223362 ], [ 14.642193752562079, 61.150318249008436 ], [ 14.642356095325733, 61.150385849897575 ], [ 14.642694491509717, 61.150535963607162 ], [ 14.642799465888164, 61.150587467930791 ], [ 14.6428899349382, 61.150635387771985 ], [ 14.643081255622862, 61.150751212220733 ], [ 14.643131805229935, 61.150785739390223 ], [ 14.643176812659103, 61.150815861938653 ], [ 14.643388247124648, 61.15099335365101 ], [ 14.643483755410507, 61.151087153736064 ] ] } },
{ "type": "Feature", "properties": { "objektidentitet": "03261dc3-ef20-49c0-a12b-3fe2a8e38207", "skapad": "2025-12-17T01:00:01", "objekttypnr": 1806, "objekttyp": "Småväg", "avfartsvag_pafartsvag": "Ingen information", "cirkulationsplats": "Nej", "bro_och_tunnel": "Ingen information", "gagata": "Nej", "bussgata": "Nej", "industrivag": "Nej", "gatunamn": null, "vardvagnummer": null, "gastvag1nummer": null, "gastvag2nummer": null, "alternativt_manér": "Nej", "vagutforande": null, "skoterkorning_tillaten": null, "ruskmarkering": null, "rotation": null, "trafikplatsnummer": null }, "geometry": { "type": "LineString", "coordinates": [ [ 14.641325935948741, 61.151505510518575 ], [ 14.641097482158431, 61.151559669594285 ], [ 14.640969996306751, 61.151594389799236 ], [ 14.640831739834441, 61.151635240116782 ], [ 14.64063832745429, 61.151697104495376 ], [ 14.640378070937535, 61.151781801016192 ] ] } },
{ "type": "Feature", "properties": { "objektidentitet": "8ed0b224-b966-4f59-b750-64dff726cb9c", "skapad": "2026-03-17T21:00:01", "objekttypnr": 1807, "objekttyp": "Småväg enkel standard", "avfartsvag_pafartsvag": "Ingen information", "cirkulationsplats": "Nej", "bro_och_tunnel": "Ingen information", "gagata": "Nej", "bussgata": "Nej", "industrivag": "Nej", "gatunamn": null, "vardvagnummer": null, "gastvag1nummer": null, "gastvag2nummer": null, "alternativt_manér": "Nej", "vagutforande": null, "skoterkorning_tillaten": null, "ruskmarkering": null, "rotation": null, "trafikplatsnummer": null }, "geometry": { "type": "LineString", "coordinates": [ [ 14.640579727638581, 61.152388670287728 ], [ 14.640654757584821, 61.152446596658642 ], [ 14.640686383777389, 61.152475490222557 ], [ 14.640717951947433, 61.152506251350722 ], [ 14.640764316797936, 61.152554288682914 ], [ 14.64099471469377, 61.152831838157709 ], [ 14.641225857186619, 61.153155436015432 ] ] } },
{ "type": "Feature", "properties": { "objektidentitet": "795d7280-342f-4e2a-9051-32c08a78c696", "skapad": "2026-03-17T21:00:01", "objekttypnr": 1807, "objekttyp": "Småväg enkel standard", "avfartsvag_pafartsvag": "Ingen information", "cirkulationsplats": "Nej", "bro_och_tunnel": "Ingen information", "gagata": "Nej", "bussgata": "Nej", "industrivag": "Nej", "gatunamn": null, "vardvagnummer": null, "gastvag1nummer": null, "gastvag2nummer": null, "alternativt_manér": "Nej", "vagutforande": null, "skoterkorning_tillaten": null, "ruskmarkering": null, "rotation": null, "trafikplatsnummer": null }, "geometry": { "type": "LineString", "coordinates": [ [ 14.641225857186619, 61.153155436015432 ], [ 14.641272091962163, 61.153218358459924 ], [ 14.641630609319821, 61.153686943315378 ], [ 14.641754638817853, 61.153841474168949 ], [ 14.641800893457075, 61.153897896560835 ] ] } },
{ "type": "Feature", "properties": { "objektidentitet": "8629c0f6-54f3-4da1-bd66-fcec2f032063", "skapad": "2026-03-17T21:00:01", "objekttypnr": 1807, "objekttyp": "Småväg enkel standard", "avfartsvag_pafartsvag": "Ingen information", "cirkulationsplats": "Nej", "bro_och_tunnel": "Ingen information", "gagata": "Nej", "bussgata": "Nej", "industrivag": "Nej", "gatunamn": null, "vardvagnummer": null, "gastvag1nummer": null, "gastvag2nummer": null, "alternativt_manér": "Nej", "vagutforande": null, "skoterkorning_tillaten": null, "ruskmarkering": null, "rotation": null, "trafikplatsnummer": null }, "geometry": { "type": "LineString", "coordinates": [ [ 14.641225857186619, 61.153155436015432 ], [ 14.641502880657068, 61.153129730563009 ], [ 14.641759694068742, 61.153085629156678 ], [ 14.642057500578911, 61.153030880286657 ] ] } },
{ "type": "Feature", "properties": { "objektidentitet": "32269dbe-7207-469c-a495-5314a7219cf0", "skapad": "2025-12-17T01:00:01", "objekttypnr": 1805, "objekttyp": "Landsväg liten", "avfartsvag_pafartsvag": "Ingen information", "cirkulationsplats": "Nej", "bro_och_tunnel": "Ingen information", "gagata": "Nej", "bussgata": "Nej", "industrivag": "Nej", "gatunamn": null, "vardvagnummer": "1003", "gastvag1nummer": null, "gastvag2nummer": null, "alternativt_manér": "Nej", "vagutforande": null, "skoterkorning_tillaten": null, "ruskmarkering": null, "rotation": null, "trafikplatsnummer": null }, "geometry": { "type": "LineString", "coordinates": [ [ 14.641325935948741, 61.151505510518575 ], [ 14.641487851180166, 61.151593185584041 ], [ 14.641693758840363, 61.15170058460869 ], [ 14.641793863903899, 61.151759016739092 ], [ 14.641871675080004, 61.151809273958278 ], [ 14.642568728414222, 61.152194953074684 ], [ 14.642696237857185, 61.152260100369176 ], [ 14.642843355759631, 61.152314687464646 ], [ 14.643007169482859, 61.152356713681208 ], [ 14.643183158615193, 61.152385035777137 ] ] } },
{ "type": "Feature", "properties": { "objektidentitet": "7f12850c-d382-47f7-a528-00ecb1b3f41d", "skapad": "2026-03-17T21:00:01", "objekttypnr": 1807, "objekttyp": "Småväg enkel standard", "avfartsvag_pafartsvag": "Ingen information", "cirkulationsplats": "Nej", "bro_och_tunnel": "Ingen information", "gagata": "Nej", "bussgata": "Nej", "industrivag": "Nej", "gatunamn": null, "vardvagnummer": null, "gastvag1nummer": null, "gastvag2nummer": null, "alternativt_manér": "Nej", "vagutforande": null, "skoterkorning_tillaten": null, "ruskmarkering": null, "rotation": null, "trafikplatsnummer": null }, "geometry": { "type": "LineString", "coordinates": [ [ 14.641800893457075, 61.153897896560835 ], [ 14.641914172834927, 61.153902667080544 ], [ 14.641978171243379, 61.153896758376064 ], [ 14.642035295077173, 61.153885920635219 ], [ 14.64221166482433, 61.153822213548167 ], [ 14.642386109114828, 61.153739746629526 ], [ 14.642578247073446, 61.153679672059113 ] ] } },
{ "type": "Feature", "properties": { "objektidentitet": "5a745efb-2c25-4790-9756-fb87fa7751f3", "skapad": "2026-03-17T21:00:01", "objekttypnr": 1807, "objekttyp": "Småväg enkel standard", "avfartsvag_pafartsvag": "Ingen information", "cirkulationsplats": "Nej", "bro_och_tunnel": "Ingen information", "gagata": "Nej", "bussgata": "Nej", "industrivag": "Nej", "gatunamn": null, "vardvagnummer": null, "gastvag1nummer": null, "gastvag2nummer": null, "alternativt_manér": "Nej", "vagutforande": null, "skoterkorning_tillaten": null, "ruskmarkering": null, "rotation": null, "trafikplatsnummer": null }, "geometry": { "type": "LineString", "coordinates": [ [ 14.643183158615193, 61.152385035777137 ], [ 14.64313276815302, 61.152500725488032 ], [ 14.643136968385308, 61.152587821287256 ], [ 14.643166897897776, 61.152673431717155 ], [ 14.643209675361412, 61.152749936560511 ] ] } },
{ "type": "Feature", "properties": { "objektidentitet": "c3208c1a-e3d7-4a5c-9638-2e114a8ae936", "skapad": "2025-12-17T01:00:01", "objekttypnr": 1805, "objekttyp": "Landsväg liten", "avfartsvag_pafartsvag": "Ingen information", "cirkulationsplats": "Nej", "bro_och_tunnel": "Ingen information", "gagata": "Nej", "bussgata": "Nej", "industrivag": "Nej", "gatunamn": null, "vardvagnummer": "1003", "gastvag1nummer": null, "gastvag2nummer": null, "alternativt_manér": "Nej", "vagutforande": null, "skoterkorning_tillaten": null, "ruskmarkering": null, "rotation": null, "trafikplatsnummer": null }, "geometry": { "type": "LineString", "coordinates": [ [ 14.643183158615193, 61.152385035777137 ], [ 14.64328451015186, 61.152392682844031 ] ] } },
{ "type": "Feature", "properties": { "objektidentitet": "15c52ed3-cec4-438c-9f6d-f6b9e7e79bc1", "skapad": "2025-12-17T01:00:01", "objekttypnr": 1806, "objekttyp": "Småväg", "avfartsvag_pafartsvag": "Ingen information", "cirkulationsplats": "Nej", "bro_och_tunnel": "Ingen information", "gagata": "Nej", "bussgata": "Nej", "industrivag": "Nej", "gatunamn": null, "vardvagnummer": null, "gastvag1nummer": null, "gastvag2nummer": null, "alternativt_manér": "Nej", "vagutforande": null, "skoterkorning_tillaten": null, "ruskmarkering": null, "rotation": null, "trafikplatsnummer": null }, "geometry": { "type": "LineString", "coordinates": [ [ 14.640378070937535, 61.151781801016192 ], [ 14.640466225716429, 61.15196782174413 ], [ 14.640503357912001, 61.152059799225519 ], [ 14.640527744213051, 61.152129010947988 ], [ 14.640579727638581, 61.152388670287728 ] ] } },
{ "type": "Feature", "properties": { "objektidentitet": "b9d011e6-388b-4f2a-a0c1-f6ee13a181f2", "skapad": "2026-03-04T08:00:01", "objekttypnr": 1804, "objekttyp": "Landsväg", "avfartsvag_pafartsvag": "Ingen information", "cirkulationsplats": "Nej", "bro_och_tunnel": "Ingen information", "gagata": "Nej", "bussgata": "Nej", "industrivag": "Nej", "gatunamn": null, "vardvagnummer": "E45", "gastvag1nummer": null, "gastvag2nummer": null, "alternativt_manér": "Nej", "vagutforande": null, "skoterkorning_tillaten": null, "ruskmarkering": null, "rotation": null, "trafikplatsnummer": null }, "geometry": { "type": "LineString", "coordinates": [ [ 14.655597615128151, 61.150823768151227 ], [ 14.654835753502189, 61.151798691927596 ], [ 14.654581511990331, 61.152142224983784 ], [ 14.654454154213589, 61.152324436364907 ], [ 14.654343803282302, 61.1525092316731 ], [ 14.654250723451932, 61.152696216818477 ], [ 14.654230057327775, 61.152747786320873 ] ] } },
{ "type": "Feature", "properties": { "objektidentitet": "55da2276-2b1b-4d66-9097-a41efeb07fe0", "skapad": "2025-12-17T01:00:01", "objekttypnr": 1805, "objekttyp": "Landsväg liten", "avfartsvag_pafartsvag": "Ingen information", "cirkulationsplats": "Nej", "bro_och_tunnel": "Ingen information", "gagata": "Nej", "bussgata": "Nej", "industrivag": "Nej", "gatunamn": null, "vardvagnummer": "1003", "gastvag1nummer": null, "gastvag2nummer": null, "alternativt_manér": "Nej", "vagutforande": null, "skoterkorning_tillaten": null, "ruskmarkering": null, "rotation": null, "trafikplatsnummer": null }, "geometry": { "type": "LineString", "coordinates": [ [ 14.645498837137007, 61.152016117740722 ], [ 14.645949160742823, 61.151917606887615 ], [ 14.646746163247654, 61.151683061500989 ], [ 14.647555074837367, 61.151442365826398 ], [ 14.647971046521274, 61.151321000073615 ], [ 14.648274393992534, 61.151229954754996 ], [ 14.648563264935769, 61.151145828909264 ], [ 14.648868509099424, 61.151052641645748 ] ] } },
{ "type": "Feature", "properties": { "objektidentitet": "c8b5b8de-0efa-4274-86a4-d44148013aec", "skapad": "2026-03-17T21:00:01", "objekttypnr": 1807, "objekttyp": "Småväg enkel standard", "avfartsvag_pafartsvag": "Ingen information", "cirkulationsplats": "Nej", "bro_och_tunnel": "Ingen information", "gagata": "Nej", "bussgata": "Nej", "industrivag": "Nej", "gatunamn": null, "vardvagnummer": null, "gastvag1nummer": null, "gastvag2nummer": null, "alternativt_manér": "Nej", "vagutforande": null, "skoterkorning_tillaten": null, "ruskmarkering": null, "rotation": null, "trafikplatsnummer": null }, "geometry": { "type": "LineString", "coordinates": [ [ 14.643483755410507, 61.151087153736064 ], [ 14.64358331642948, 61.15120547390741 ], [ 14.643609580429812, 61.151247092496504 ], [ 14.643635565232927, 61.151290424915771 ], [ 14.643660601658624, 61.151335487486399 ], [ 14.643685328038611, 61.151391564900379 ], [ 14.643716031172989, 61.151548685376625 ], [ 14.643711381855239, 61.151695819353833 ], [ 14.643703354290587, 61.151750374337368 ], [ 14.6436863884202, 61.151808442881261 ], [ 14.643657086278392, 61.151868175709282 ], [ 14.643617226446006, 61.151928356638678 ], [ 14.643586633063865, 61.151974062902624 ], [ 14.643508323721687, 61.15205665882727 ], [ 14.643425561323461, 61.152137043459902 ], [ 14.643349885037395, 61.152218353588069 ], [ 14.643300317950912, 61.152303987944336 ], [ 14.64328451015186, 61.152392682844031 ] ] } },
{ "type": "Feature", "properties": { "objektidentitet": "27df7d29-170a-4a5b-8a71-48c79cd7e1b9", "skapad": "2025-12-17T01:00:01", "objekttypnr": 1805, "objekttyp": "Landsväg liten", "avfartsvag_pafartsvag": "Ingen information", "cirkulationsplats": "Nej", "bro_och_tunnel": "Ingen information", "gagata": "Nej", "bussgata": "Nej", "industrivag": "Nej", "gatunamn": null, "vardvagnummer": "1003", "gastvag1nummer": null, "gastvag2nummer": null, "alternativt_manér": "Nej", "vagutforande": null, "skoterkorning_tillaten": null, "ruskmarkering": null, "rotation": null, "trafikplatsnummer": null }, "geometry": { "type": "LineString", "coordinates": [ [ 14.64328451015186, 61.152392682844031 ], [ 14.643366426795628, 61.152398859960641 ], [ 14.643551888623932, 61.152397786224888 ], [ 14.643734433381276, 61.152381873441207 ], [ 14.64383137907922, 61.152365070805409 ], [ 14.643909039631831, 61.152351610892545 ], [ 14.644497140157599, 61.152227512230063 ], [ 14.645498837137007, 61.152016117740722 ] ] } },
{ "type": "Feature", "properties": { "objektidentitet": "747a3b57-4239-4ee9-96dd-5e8a5b454570", "skapad": "2026-03-17T21:00:01", "objekttypnr": 1807, "objekttyp": "Småväg enkel standard", "avfartsvag_pafartsvag": "Ingen information", "cirkulationsplats": "Nej", "bro_och_tunnel": "Ingen information", "gagata": "Nej", "bussgata": "Nej", "industrivag": "Nej", "gatunamn": null, "vardvagnummer": null, "gastvag1nummer": null, "gastvag2nummer": null, "alternativt_manér": "Nej", "vagutforande": null, "skoterkorning_tillaten": null, "ruskmarkering": null, "rotation": null, "trafikplatsnummer": null }, "geometry": { "type": "LineString", "coordinates": [ [ 14.645498837137007, 61.152016117740722 ], [ 14.645673429673563, 61.152308281417568 ], [ 14.64576269857495, 61.152384538906951 ], [ 14.645867262856656, 61.152455395920626 ], [ 14.645961792494498, 61.152509905038706 ], [ 14.646576907289065, 61.152769058529884 ], [ 14.648594562896042, 61.153572868037152 ], [ 14.649753542476558, 61.154027409562474 ], [ 14.649882041676044, 61.15407901439707 ], [ 14.651335261128231, 61.154662604413858 ] ] } },
{ "type": "Feature", "properties": { "objektidentitet": "dc055187-0a8a-49ee-871f-f07dd2f20eda", "skapad": "2025-12-17T01:00:01", "objekttypnr": 1806, "objekttyp": "Småväg", "avfartsvag_pafartsvag": "Ingen information", "cirkulationsplats": "Nej", "bro_och_tunnel": "Ingen information", "gagata": "Nej", "bussgata": "Nej", "industrivag": "Nej", "gatunamn": null, "vardvagnummer": null, "gastvag1nummer": null, "gastvag2nummer": null, "alternativt_manér": "Nej", "vagutforande": null, "skoterkorning_tillaten": null, "ruskmarkering": null, "rotation": null, "trafikplatsnummer": null }, "geometry": { "type": "LineString", "coordinates": [ [ 14.640579727638581, 61.152388670287728 ], [ 14.640455930419755, 61.152613262073217 ], [ 14.640373099931685, 61.152749450683977 ], [ 14.640029475201537, 61.153284098993652 ], [ 14.63988166667696, 61.153511939357031 ], [ 14.639569002286322, 61.154018424445297 ], [ 14.639545972283114, 61.154051886290148 ], [ 14.639421999367254, 61.154232036710816 ], [ 14.639307038613632, 61.15438265592411 ], [ 14.639242120253281, 61.154459296943706 ], [ 14.639126802073205, 61.154579220459766 ], [ 14.639068784259806, 61.154630454385902 ] ] } },
{ "type": "Feature", "properties": { "objektidentitet": "d190f225-7b0a-4036-b062-a1a315c4b21d", "skapad": "2026-03-17T21:00:01", "objekttypnr": 1807, "objekttyp": "Småväg enkel standard", "avfartsvag_pafartsvag": "Ingen information", "cirkulationsplats": "Nej", "bro_och_tunnel": "Ingen information", "gagata": "Nej", "bussgata": "Nej", "industrivag": "Nej", "gatunamn": null, "vardvagnummer": null, "gastvag1nummer": null, "gastvag2nummer": null, "alternativt_manér": "Nej", "vagutforande": null, "skoterkorning_tillaten": null, "ruskmarkering": null, "rotation": null, "trafikplatsnummer": null }, "geometry": { "type": "LineString", "coordinates": [ [ 14.643209675361412, 61.152749936560511 ], [ 14.643648752310988, 61.152668398708904 ], [ 14.643748382512861, 61.152665698128637 ], [ 14.643813659891759, 61.152668024768353 ], [ 14.643872362637399, 61.152673448964499 ], [ 14.643921455947956, 61.152680922164258 ], [ 14.643974673809915, 61.152688387837685 ], [ 14.64402654165619, 61.152711794786271 ], [ 14.644066667456405, 61.152743493273249 ], [ 14.644120113482648, 61.152788441946321 ], [ 14.644200452929052, 61.152877093238878 ], [ 14.644316243223626, 61.153038189869854 ], [ 14.644384715726819, 61.153151265641711 ], [ 14.644514384234803, 61.153360465420263 ], [ 14.644546678292967, 61.153408033788267 ], [ 14.644577651283937, 61.153452483520923 ], [ 14.644645910567753, 61.15354007949896 ], [ 14.644742703496448, 61.153628046500948 ] ] } },
{ "type": "Feature", "properties": { "objektidentitet": "2b1d9143-1b94-4de3-ba37-a99dac15cf51", "skapad": "2026-03-17T21:00:01", "objekttypnr": 1807, "objekttyp": "Småväg enkel standard", "avfartsvag_pafartsvag": "Ingen information", "cirkulationsplats": "Nej", "bro_och_tunnel": "Ingen information", "gagata": "Nej", "bussgata": "Nej", "industrivag": "Nej", "gatunamn": null, "vardvagnummer": null, "gastvag1nummer": null, "gastvag2nummer": null, "alternativt_manér": "Nej", "vagutforande": null, "skoterkorning_tillaten": null, "ruskmarkering": null, "rotation": null, "trafikplatsnummer": null }, "geometry": { "type": "LineString", "coordinates": [ [ 14.654230057327775, 61.152747786320873 ], [ 14.654386605803603, 61.152769409731711 ], [ 14.654502612082339, 61.152796459508778 ], [ 14.654545573634563, 61.152846737155947 ], [ 14.654554717209454, 61.152905987103857 ], [ 14.654555084750701, 61.152999850706216 ], [ 14.654529326344985, 61.153168890588368 ], [ 14.654480244327758, 61.153370855426509 ], [ 14.654453325411771, 61.153571197867535 ], [ 14.654457702344768, 61.153704484317643 ], [ 14.65447057724119, 61.15382178488089 ] ] } },
{ "type": "Feature", "properties": { "objektidentitet": "d1eebb5d-f8df-4932-8b5b-7fdda799086d", "skapad": "2026-03-04T08:00:01", "objekttypnr": 1804, "objekttyp": "Landsväg", "avfartsvag_pafartsvag": "Ingen information", "cirkulationsplats": "Nej", "bro_och_tunnel": "Ingen information", "gagata": "Nej", "bussgata": "Nej", "industrivag": "Nej", "gatunamn": null, "vardvagnummer": "E45", "gastvag1nummer": null, "gastvag2nummer": null, "alternativt_manér": "Nej", "vagutforande": null, "skoterkorning_tillaten": null, "ruskmarkering": null, "rotation": null, "trafikplatsnummer": null }, "geometry": { "type": "LineString", "coordinates": [ [ 14.654230057327775, 61.152747786320873 ], [ 14.654175086660324, 61.152885042128354 ], [ 14.654117008374106, 61.153075312572611 ], [ 14.65407383422925, 61.153316121138708 ], [ 14.654047039882125, 61.153557483341572 ], [ 14.654039809345125, 61.153678288009736 ], [ 14.654046972026805, 61.153836970804946 ] ] } },
{ "type": "Feature", "properties": { "objektidentitet": "fe1579a6-d22c-4bef-9bb2-4bfe1665e4ef", "skapad": "2026-03-17T21:00:01", "objekttypnr": 1807, "objekttyp": "Småväg enkel standard", "avfartsvag_pafartsvag": "Ingen information", "cirkulationsplats": "Nej", "bro_och_tunnel": "Ingen information", "gagata": "Nej", "bussgata": "Nej", "industrivag": "Nej", "gatunamn": null, "vardvagnummer": null, "gastvag1nummer": null, "gastvag2nummer": null, "alternativt_manér": "Nej", "vagutforande": null, "skoterkorning_tillaten": null, "ruskmarkering": null, "rotation": null, "trafikplatsnummer": null }, "geometry": { "type": "LineString", "coordinates": [ [ 14.643209675361412, 61.152749936560511 ], [ 14.643431195698696, 61.153006198917545 ], [ 14.643521127310525, 61.153087639779471 ], [ 14.643569952461014, 61.153128823787277 ], [ 14.643779919418176, 61.153327615108765 ], [ 14.643955477702562, 61.153487091721495 ], [ 14.644079649362414, 61.153595268505995 ], [ 14.644203670863153, 61.153702026381524 ], [ 14.644332278907388, 61.15380410975461 ], [ 14.644453896751362, 61.153891801077648 ], [ 14.644540304708817, 61.15393349632199 ], [ 14.644597818663495, 61.153953973126484 ], [ 14.644662353709675, 61.153969692034892 ], [ 14.64472445838889, 61.153981804430167 ], [ 14.645020211269777, 61.15402914823563 ], [ 14.645079627194963, 61.154049064052153 ], [ 14.645137786970198, 61.154065044381539 ], [ 14.645141521671162, 61.154066670382782 ], [ 14.645181291450163, 61.154083994030557 ], [ 14.645231148051616, 61.154116381794815 ], [ 14.645296648117952, 61.154178616867725 ], [ 14.645459850197211, 61.154397231766112 ], [ 14.645485087056818, 61.154418251886803 ], [ 14.645662939395656, 61.154616363758073 ], [ 14.645702709455472, 61.154647979704535 ] ] } },
{ "type": "Feature", "properties": { "objektidentitet": "e85b68e0-bd12-4c37-92ae-941512713d4e", "skapad": "2026-03-17T21:00:01", "objekttypnr": 1807, "objekttyp": "Småväg enkel standard", "avfartsvag_pafartsvag": "Ingen information", "cirkulationsplats": "Nej", "bro_och_tunnel": "Ingen information", "gagata": "Nej", "bussgata": "Nej", "industrivag": "Nej", "gatunamn": null, "vardvagnummer": null, "gastvag1nummer": null, "gastvag2nummer": null, "alternativt_manér": "Nej", "vagutforande": null, "skoterkorning_tillaten": null, "ruskmarkering": null, "rotation": null, "trafikplatsnummer": null }, "geometry": { "type": "LineString", "coordinates": [ [ 14.65447057724119, 61.15382178488089 ], [ 14.654662581536563, 61.15380926625722 ], [ 14.654755887205846, 61.153800679078707 ], [ 14.654837086028857, 61.153791477387891 ], [ 14.654877349828572, 61.153786130579043 ], [ 14.655191024452234, 61.15372463284038 ] ] } },
{ "type": "Feature", "properties": { "objektidentitet": "e595b1c0-3fd0-4ace-8462-9e19b5a37023", "skapad": "2026-03-17T21:00:01", "objekttypnr": 1807, "objekttyp": "Småväg enkel standard", "avfartsvag_pafartsvag": "Ingen information", "cirkulationsplats": "Nej", "bro_och_tunnel": "Ingen information", "gagata": "Nej", "bussgata": "Nej", "industrivag": "Nej", "gatunamn": null, "vardvagnummer": null, "gastvag1nummer": null, "gastvag2nummer": null, "alternativt_manér": "Nej", "vagutforande": null, "skoterkorning_tillaten": null, "ruskmarkering": null, "rotation": null, "trafikplatsnummer": null }, "geometry": { "type": "LineString", "coordinates": [ [ 14.654046972026805, 61.153836970804946 ], [ 14.654272415232674, 61.153829924642679 ], [ 14.65447057724119, 61.15382178488089 ] ] } },
{ "type": "Feature", "properties": { "objektidentitet": "8dce9132-a499-405c-a0f5-3dfa9ac83b88", "skapad": "2026-03-04T08:00:01", "objekttypnr": 1804, "objekttyp": "Landsväg", "avfartsvag_pafartsvag": "Ingen information", "cirkulationsplats": "Nej", "bro_och_tunnel": "Ingen information", "gagata": "Nej", "bussgata": "Nej", "industrivag": "Nej", "gatunamn": null, "vardvagnummer": "E45", "gastvag1nummer": null, "gastvag2nummer": null, "alternativt_manér": "Nej", "vagutforande": null, "skoterkorning_tillaten": null, "ruskmarkering": null, "rotation": null, "trafikplatsnummer": null }, "geometry": { "type": "LineString", "coordinates": [ [ 14.654046972026805, 61.153836970804946 ], [ 14.654053941032432, 61.15408974041673 ], [ 14.654054199786277, 61.154103449958356 ], [ 14.65407976591805, 61.15456172356064 ], [ 14.654088259402926, 61.154669667198569 ] ] } },
{ "type": "Feature", "properties": { "objektidentitet": "edb763c4-f066-402d-b37d-d20f7f42d5ef", "skapad": "2025-12-17T01:00:01", "objekttypnr": 1807, "objekttyp": "Småväg enkel standard", "avfartsvag_pafartsvag": "Ingen information", "cirkulationsplats": "Nej", "bro_och_tunnel": "Ingen information", "gagata": "Nej", "bussgata": "Nej", "industrivag": "Nej", "gatunamn": null, "vardvagnummer": null, "gastvag1nummer": null, "gastvag2nummer": null, "alternativt_manér": "Nej", "vagutforande": null, "skoterkorning_tillaten": null, "ruskmarkering": null, "rotation": null, "trafikplatsnummer": null }, "geometry": { "type": "LineString", "coordinates": [ [ 14.641800893457075, 61.153897896560835 ], [ 14.641933665556122, 61.154058223146052 ], [ 14.641951847808208, 61.154080140913571 ], [ 14.642358662014903, 61.154551392375282 ], [ 14.642442005390928, 61.154639406295601 ] ] } },
{ "type": "Feature", "properties": { "objektidentitet": "3faf6d87-58c0-45fc-8da8-13fb958395dc", "skapad": "2026-03-17T21:00:01", "objekttypnr": 1805, "objekttyp": "Landsväg liten", "avfartsvag_pafartsvag": "Ingen information", "cirkulationsplats": "Nej", "bro_och_tunnel": "Ingen information", "gagata": "Nej", "bussgata": "Nej", "industrivag": "Nej", "gatunamn": null, "vardvagnummer": "990", "gastvag1nummer": null, "gastvag2nummer": null, "alternativt_manér": "Nej", "vagutforande": null, "skoterkorning_tillaten": null, "ruskmarkering": null, "rotation": null, "trafikplatsnummer": null }, "geometry": { "type": "LineString", "coordinates": [ [ 14.645575626009999, 61.13256793591755 ], [ 14.64539443391997, 61.132653998449072 ], [ 14.645298019227862, 61.132705089833699 ], [ 14.645256284425781, 61.132731285641341 ], [ 14.645217092749927, 61.132762488538091 ], [ 14.645185647331687, 61.132794968489591 ], [ 14.645164576126017, 61.132826227929598 ], [ 14.645156403661934, 61.1328612739172 ], [ 14.645161204301052, 61.132895096900711 ], [ 14.645173742101855, 61.132932710979517 ], [ 14.645201773456389, 61.132972861381425 ], [ 14.645247972592596, 61.133010545907382 ], [ 14.64530457388706, 61.133044513731541 ], [ 14.645557182569863, 61.133153510930818 ], [ 14.645717035431051, 61.133219045630092 ], [ 14.645799439986153, 61.133261843275925 ], [ 14.645852173456484, 61.133293098464918 ], [ 14.645886744327367, 61.133329701614073 ], [ 14.64591736219079, 61.133371115658569 ], [ 14.64598327406234, 61.133499024515217 ], [ 14.646082033034592, 61.133701553129796 ], [ 14.646160326915064, 61.133879590660626 ], [ 14.646198034331649, 61.133981138505376 ], [ 14.646228069732949, 61.134076400052976 ], [ 14.646254894672273, 61.1342229970153 ], [ 14.646266794841919, 61.134319467888901 ], [ 14.646270962284998, 61.134408395019463 ], [ 14.646268066046074, 61.134512970204931 ], [ 14.646272833967394, 61.134611289610156 ], [ 14.646266724202535, 61.134926870993844 ], [ 14.646241246214329, 61.135119674848475 ], [ 14.646223513580859, 61.135201039270356 ], [ 14.646200553696103, 61.135284885990444 ], [ 14.646171225500256, 61.135358705601291 ], [ 14.646141487156846, 61.135424372369251 ], [ 14.646102366830997, 61.135493776354892 ], [ 14.646067620317304, 61.135545667108644 ], [ 14.646025546147561, 61.135601910876687 ], [ 14.645970496939645, 61.135659386477521 ], [ 14.645864297253004, 61.135751149004008 ], [ 14.645809448543787, 61.135792339346501 ], [ 14.645689338705211, 61.135875931643767 ], [ 14.645603885185452, 61.135927348113505 ], [ 14.645286602419763, 61.136125976991941 ], [ 14.644882377227564, 61.136369140308076 ], [ 14.644591809244666, 61.136537752887889 ] ] } },
{ "type": "Feature", "properties": { "objektidentitet": "d69990eb-fdef-48f0-975b-1c55dc4f2837", "skapad": "2026-03-04T08:00:01", "objekttypnr": 1804, "objekttyp": "Landsväg", "avfartsvag_pafartsvag": "Ingen information", "cirkulationsplats": "Nej", "bro_och_tunnel": "Ingen information", "gagata": "Nej", "bussgata": "Nej", "industrivag": "Nej", "gatunamn": null, "vardvagnummer": "E45", "gastvag1nummer": null, "gastvag2nummer": null, "alternativt_manér": "Nej", "vagutforande": null, "skoterkorning_tillaten": null, "ruskmarkering": null, "rotation": null, "trafikplatsnummer": null }, "geometry": { "type": "LineString", "coordinates": [ [ 14.645575626009999, 61.13256793591755 ], [ 14.646389795418528, 61.133184274765519 ], [ 14.646777367421633, 61.133470099432124 ], [ 14.647010471156058, 61.133637246463884 ], [ 14.647250072238039, 61.133799732342176 ], [ 14.647480124794338, 61.13395286494503 ], [ 14.647732597839198, 61.134115383761532 ], [ 14.648316378722116, 61.134474865683785 ], [ 14.648543452867344, 61.134606190758149 ], [ 14.649068148580715, 61.134895480274373 ], [ 14.649467050824633, 61.135106298638028 ], [ 14.650242605595281, 61.135504586428851 ], [ 14.6510248982375, 61.135899798503807 ], [ 14.651315158533018, 61.136041803774418 ], [ 14.651592207962764, 61.13618985239674 ], [ 14.651920582917114, 61.136375191442326 ], [ 14.652163546389389, 61.136529893317892 ], [ 14.652534137357584, 61.136786102647875 ], [ 14.652706524970466, 61.136918833392563 ], [ 14.65301595866457, 61.137174866314176 ], [ 14.653255609017741, 61.137395715346628 ], [ 14.653456135186385, 61.137604783392938 ], [ 14.653605510719906, 61.137781032350532 ], [ 14.65373562689865, 61.137952571985934 ], [ 14.653827510370801, 61.138086657475739 ], [ 14.653933206958483, 61.13825501927338 ], [ 14.654002694715327, 61.138377367001603 ], [ 14.654072036844196, 61.138511394401647 ], [ 14.654135049634926, 61.138638393864625 ], [ 14.654197795643597, 61.138786418734178 ], [ 14.654263350105342, 61.138974904855459 ], [ 14.654455868052104, 61.139624411121439 ], [ 14.654524466853271, 61.139826910216875 ], [ 14.654657374129624, 61.140155648722249 ], [ 14.654717120116018, 61.14028809805783 ], [ 14.654793146189022, 61.140429746156798 ], [ 14.654919598858507, 61.14064925282328 ], [ 14.655060522108455, 61.140856730129165 ], [ 14.655210117119818, 61.141062766041088 ], [ 14.655368347889663, 61.141267297422878 ], [ 14.655535159999951, 61.14147023423989 ], [ 14.656402939557745, 61.142473169119846 ], [ 14.657262071255641, 61.143458219320785 ] ] } },
{ "type": "Feature", "properties": { "objektidentitet": "77394815-1494-4ff2-b877-0d439efb9c6a", "skapad": "2026-03-17T21:00:01", "objekttypnr": 1805, "objekttyp": "Landsväg liten", "avfartsvag_pafartsvag": "Ingen information", "cirkulationsplats": "Nej", "bro_och_tunnel": "Ingen information", "gagata": "Nej", "bussgata": "Nej", "industrivag": "Nej", "gatunamn": null, "vardvagnummer": "990", "gastvag1nummer": null, "gastvag2nummer": null, "alternativt_manér": "Nej", "vagutforande": null, "skoterkorning_tillaten": null, "ruskmarkering": null, "rotation": null, "trafikplatsnummer": null }, "geometry": { "type": "LineString", "coordinates": [ [ 14.644591809244666, 61.136537752887889 ], [ 14.644379108224845, 61.136665890972274 ], [ 14.643954240373363, 61.1369121844928 ], [ 14.643812276699917, 61.136998051668698 ] ] } },
{ "type": "Feature", "properties": { "objektidentitet": "8571499d-91f2-4a62-9054-2bbb7238f0cc", "skapad": "2026-03-17T21:00:01", "objekttypnr": 1811, "objekttyp": "Lokalgata liten", "avfartsvag_pafartsvag": "Ingen information", "cirkulationsplats": "Nej", "bro_och_tunnel": "Ingen information", "gagata": "Nej", "bussgata": "Nej", "industrivag": "Nej", "gatunamn": null, "vardvagnummer": null, "gastvag1nummer": null, "gastvag2nummer": null, "alternativt_manér": "Nej", "vagutforande": null, "skoterkorning_tillaten": null, "ruskmarkering": null, "rotation": null, "trafikplatsnummer": null }, "geometry": { "type": "LineString", "coordinates": [ [ 14.643812276699917, 61.136998051668698 ], [ 14.644020035660326, 61.137091662398525 ], [ 14.644713928243716, 61.137401577885633 ], [ 14.645102322099778, 61.137602506065925 ], [ 14.645187128119733, 61.137650660913664 ], [ 14.645262898165365, 61.137694886692671 ], [ 14.645487634847445, 61.137831902643832 ], [ 14.645695832148043, 61.137963550910364 ], [ 14.645884760941883, 61.138094699647681 ], [ 14.646302680451418, 61.138368520566061 ], [ 14.646479479264526, 61.138487175542586 ], [ 14.646884746652781, 61.138750780712137 ], [ 14.647037935143036, 61.138848823108354 ] ] } },
{ "type": "Feature", "properties": { "objektidentitet": "2488cfe5-58a0-4584-9699-eb1d88633a04", "skapad": "2026-03-17T21:00:01", "objekttypnr": 1805, "objekttyp": "Landsväg liten", "avfartsvag_pafartsvag": "Ingen information", "cirkulationsplats": "Nej", "bro_och_tunnel": "Ingen information", "gagata": "Nej", "bussgata": "Nej", "industrivag": "Nej", "gatunamn": null, "vardvagnummer": "990", "gastvag1nummer": null, "gastvag2nummer": null, "alternativt_manér": "Nej", "vagutforande": null, "skoterkorning_tillaten": null, "ruskmarkering": null, "rotation": null, "trafikplatsnummer": null }, "geometry": { "type": "LineString", "coordinates": [ [ 14.643319506774571, 61.137328609561521 ], [ 14.643276788337447, 61.137373826045987 ], [ 14.643234428510436, 61.137426728360673 ], [ 14.643192441842816, 61.137490997481464 ], [ 14.643155100415175, 61.137561581502069 ], [ 14.643124510713966, 61.137629561592554 ], [ 14.643090734588315, 61.137711628507091 ], [ 14.643004299674939, 61.137967645232607 ], [ 14.642955519373754, 61.138125301739166 ], [ 14.642928199624613, 61.138232523415532 ], [ 14.642914347108469, 61.138303178384611 ], [ 14.642908444982567, 61.13836374497523 ], [ 14.642912936309905, 61.138428136644727 ], [ 14.6429201884227, 61.138479903971579 ], [ 14.64293777701357, 61.138540550629116 ], [ 14.643018305675193, 61.13872902786315 ] ] } },
{ "type": "Feature", "properties": { "objektidentitet": "f1d03cf3-fcdf-41a1-9050-9c5e2582b6d6", "skapad": "2026-03-17T21:00:01", "objekttypnr": 1807, "objekttyp": "Småväg enkel standard", "avfartsvag_pafartsvag": "Ingen information", "cirkulationsplats": "Nej", "bro_och_tunnel": "Ingen information", "gagata": "Nej", "bussgata": "Nej", "industrivag": "Nej", "gatunamn": null, "vardvagnummer": null, "gastvag1nummer": null, "gastvag2nummer": null, "alternativt_manér": "Nej", "vagutforande": null, "skoterkorning_tillaten": null, "ruskmarkering": null, "rotation": null, "trafikplatsnummer": null }, "geometry": { "type": "LineString", "coordinates": [ [ 14.661532159414852, 61.139148201631762 ], [ 14.661436851348933, 61.139117340102608 ], [ 14.661354161707948, 61.139076948426812 ], [ 14.661348646203873, 61.139014530007714 ], [ 14.661353791125746, 61.13880978603666 ], [ 14.661341816263219, 61.138712373958029 ], [ 14.661294679345085, 61.138468373838265 ], [ 14.6612556531012, 61.138335835442263 ], [ 14.66116962496088, 61.13808556127649 ], [ 14.661117822731541, 61.137897616014783 ], [ 14.66101340288203, 61.137717582729962 ], [ 14.661032497957635, 61.137599240401691 ] ] } },
{ "type": "Feature", "properties": { "objektidentitet": "9d210927-269b-4cc7-880b-9e19a5cc5d34", "skapad": "2026-03-17T21:00:01", "objekttypnr": 1805, "objekttyp": "Landsväg liten", "avfartsvag_pafartsvag": "Ingen information", "cirkulationsplats": "Nej", "bro_och_tunnel": "Ingen information", "gagata": "Nej", "bussgata": "Nej", "industrivag": "Nej", "gatunamn": null, "vardvagnummer": "993", "gastvag1nummer": null, "gastvag2nummer": null, "alternativt_manér": "Nej", "vagutforande": null, "skoterkorning_tillaten": null, "ruskmarkering": null, "rotation": null, "trafikplatsnummer": null }, "geometry": { "type": "LineString", "coordinates": [ [ 14.643018305675193, 61.13872902786315 ], [ 14.643155583714732, 61.138787772577125 ], [ 14.643239267879547, 61.138830045495332 ], [ 14.643306207691886, 61.138866851317374 ], [ 14.643356328915491, 61.138898181379268 ], [ 14.643456477695807, 61.138975762211501 ], [ 14.643708335345353, 61.139186353730658 ] ] } },
{ "type": "Feature", "properties": { "objektidentitet": "158eefe3-ec52-4284-9146-6f860831163b", "skapad": "2026-03-17T21:00:01", "objekttypnr": 1807, "objekttyp": "Småväg enkel standard", "avfartsvag_pafartsvag": "Ingen information", "cirkulationsplats": "Nej", "bro_och_tunnel": "Ingen information", "gagata": "Nej", "bussgata": "Nej", "industrivag": "Nej", "gatunamn": null, "vardvagnummer": null, "gastvag1nummer": null, "gastvag2nummer": null, "alternativt_manér": "Nej", "vagutforande": null, "skoterkorning_tillaten": null, "ruskmarkering": null, "rotation": null, "trafikplatsnummer": null }, "geometry": { "type": "LineString", "coordinates": [ [ 14.647037935143036, 61.138848823108354 ], [ 14.647397166272134, 61.139066618643199 ], [ 14.64750205879997, 61.139126046616937 ] ] } },
{ "type": "Feature", "properties": { "objektidentitet": "3cf7a9f5-304e-4391-bca5-04b4b43a498e", "skapad": "2026-03-17T21:00:01", "objekttypnr": 1805, "objekttyp": "Landsväg liten", "avfartsvag_pafartsvag": "Ingen information", "cirkulationsplats": "Nej", "bro_och_tunnel": "Ingen information", "gagata": "Nej", "bussgata": "Nej", "industrivag": "Nej", "gatunamn": null, "vardvagnummer": "992", "gastvag1nummer": null, "gastvag2nummer": null, "alternativt_manér": "Nej", "vagutforande": null, "skoterkorning_tillaten": null, "ruskmarkering": null, "rotation": null, "trafikplatsnummer": null }, "geometry": { "type": "LineString", "coordinates": [ [ 14.661532159414852, 61.139148201631762 ], [ 14.661268729568237, 61.139358574855635 ], [ 14.661007411622133, 61.139562147446902 ], [ 14.660760906956591, 61.139762569723871 ], [ 14.660670077333235, 61.13984035913164 ], [ 14.660557227495655, 61.139943608257269 ], [ 14.660468256828507, 61.14004882931561 ], [ 14.660418503354332, 61.140145817248182 ], [ 14.660391027899241, 61.140219267762149 ], [ 14.660374681013414, 61.140295753412857 ], [ 14.660370706947125, 61.140375259792052 ], [ 14.660379224073145, 61.140450308617758 ], [ 14.660394008122243, 61.140519367236095 ], [ 14.66041203852232, 61.140574922087602 ], [ 14.660457355507246, 61.140690571305527 ], [ 14.660490715809111, 61.140762674963369 ], [ 14.660584895299387, 61.140952719886236 ], [ 14.660679164539582, 61.141134505263075 ], [ 14.660742753704724, 61.141281712083909 ], [ 14.660760576159316, 61.141356775433344 ], [ 14.660771678209132, 61.141478335646092 ], [ 14.660771114844289, 61.141530854425959 ], [ 14.660764364774405, 61.141581849433152 ], [ 14.660745077515781, 61.141643316884995 ], [ 14.660722771629501, 61.141698779601427 ], [ 14.660691124307579, 61.141754219166771 ], [ 14.660650204901902, 61.141806627713898 ], [ 14.660590627901211, 61.141863496165769 ], [ 14.660528029634579, 61.141912851858294 ], [ 14.660440485826118, 61.141971149310208 ], [ 14.660318661483069, 61.142042863532474 ], [ 14.660175059428209, 61.14211902994515 ], [ 14.659329888137243, 61.142548279216506 ], [ 14.65911760583105, 61.142661771895838 ], [ 14.658511603792205, 61.142958836814245 ], [ 14.658115748654247, 61.143136908439239 ], [ 14.65777869266387, 61.143278821599672 ], [ 14.657657133653817, 61.143325028141042 ], [ 14.657262071255641, 61.143458219320785 ] ] } },
{ "type": "Feature", "properties": { "objektidentitet": "3325df9e-1baf-4c5a-8fe0-22739388c937", "skapad": "2026-03-17T21:00:01", "objekttypnr": 1807, "objekttyp": "Småväg enkel standard", "avfartsvag_pafartsvag": "Ingen information", "cirkulationsplats": "Nej", "bro_och_tunnel": "Ingen information", "gagata": "Nej", "bussgata": "Nej", "industrivag": "Nej", "gatunamn": null, "vardvagnummer": null, "gastvag1nummer": null, "gastvag2nummer": null, "alternativt_manér": "Nej", "vagutforande": null, "skoterkorning_tillaten": null, "ruskmarkering": null, "rotation": null, "trafikplatsnummer": null }, "geometry": { "type": "LineString", "coordinates": [ [ 14.64750205879997, 61.139126046616937 ], [ 14.647602776371386, 61.139123570769144 ], [ 14.647653492053884, 61.13912528287841 ], [ 14.647758196381266, 61.139133330222229 ], [ 14.647816875898975, 61.139140323983739 ], [ 14.647965795922374, 61.139165131129126 ], [ 14.648077353574493, 61.139189814099929 ], [ 14.648255615435236, 61.139236351594185 ], [ 14.648475502594106, 61.139290538589307 ], [ 14.648605785222859, 61.13931477577465 ], [ 14.648641739730396, 61.139319636402945 ], [ 14.648727097740172, 61.139329042394699 ], [ 14.648897243610373, 61.139335642772878 ], [ 14.64900890615665, 61.139332583570749 ], [ 14.649082617430439, 61.139325511774544 ], [ 14.649125556442742, 61.139320155551104 ], [ 14.649177664887288, 61.139313548252233 ], [ 14.649220711826779, 61.139306863744487 ], [ 14.649343920546061, 61.139284101260458 ], [ 14.649512607607353, 61.139249731169762 ], [ 14.649683203489317, 61.139217368063989 ], [ 14.649871038317112, 61.139184474535938 ], [ 14.650145643878782, 61.139132269712896 ] ] } },
{ "type": "Feature", "properties": { "objektidentitet": "5bdb9d79-9364-4fe8-b7c9-f3c2ec5e6286", "skapad": "2026-03-17T21:00:01", "objekttypnr": 1807, "objekttyp": "Småväg enkel standard", "avfartsvag_pafartsvag": "Ingen information", "cirkulationsplats": "Nej", "bro_och_tunnel": "Ingen information", "gagata": "Nej", "bussgata": "Nej", "industrivag": "Nej", "gatunamn": null, "vardvagnummer": null, "gastvag1nummer": null, "gastvag2nummer": null, "alternativt_manér": "Nej", "vagutforande": null, "skoterkorning_tillaten": null, "ruskmarkering": null, "rotation": null, "trafikplatsnummer": null }, "geometry": { "type": "LineString", "coordinates": [ [ 14.64750205879997, 61.139126046616937 ], [ 14.647782239897714, 61.139275538554266 ], [ 14.648071126508052, 61.139415625678311 ], [ 14.648264366987107, 61.139503087202932 ], [ 14.649008210580417, 61.139793502486278 ], [ 14.649273397434666, 61.139884542946838 ], [ 14.649435243503687, 61.139938191613226 ], [ 14.649632315907919, 61.140000559228149 ], [ 14.650292777723827, 61.140185405798853 ], [ 14.650774321655938, 61.140298764266547 ] ] } },
{ "type": "Feature", "properties": { "objektidentitet": "78860336-3816-4110-aca6-5268e6bef49f", "skapad": "2026-03-17T21:00:01", "objekttypnr": 1807, "objekttyp": "Småväg enkel standard", "avfartsvag_pafartsvag": "Ingen information", "cirkulationsplats": "Nej", "bro_och_tunnel": "Ingen information", "gagata": "Nej", "bussgata": "Nej", "industrivag": "Nej", "gatunamn": null, "vardvagnummer": null, "gastvag1nummer": null, "gastvag2nummer": null, "alternativt_manér": "Nej", "vagutforande": null, "skoterkorning_tillaten": null, "ruskmarkering": null, "rotation": null, "trafikplatsnummer": null }, "geometry": { "type": "LineString", "coordinates": [ [ 14.646619615518194, 61.140057320710348 ], [ 14.646712564198518, 61.14002905896082 ], [ 14.646893586171082, 61.139965025880585 ], [ 14.646979942870527, 61.139926655477993 ], [ 14.647085250020638, 61.139877552193475 ], [ 14.647117447229922, 61.139854697917393 ], [ 14.647121890897385, 61.139835918790098 ], [ 14.647128393614491, 61.139817360928816 ], [ 14.647126189359627, 61.139795206828509 ], [ 14.64711199705132, 61.139767293619748 ], [ 14.647081571554144, 61.139741214571153 ], [ 14.646971633936912, 61.139684439501295 ], [ 14.646903737606461, 61.139659573379738 ], [ 14.646746172214611, 61.13961223495955 ], [ 14.646683008701482, 61.139595972852597 ], [ 14.646642810035733, 61.13959365960482 ], [ 14.64660685201876, 61.139592434438939 ], [ 14.646538080734601, 61.139589408712887 ], [ 14.646447940486262, 61.139584163769904 ], [ 14.646351024847425, 61.139577024564282 ], [ 14.646253577087368, 61.139567630403981 ], [ 14.646100607466098, 61.139551178167849 ], [ 14.645620054181308, 61.139491124781365 ], [ 14.64515714274987, 61.139419669290398 ], [ 14.644977704158181, 61.139388934426506 ], [ 14.644768391743222, 61.139351028632262 ], [ 14.644418946846434, 61.139284922819918 ], [ 14.644208233579057, 61.139246195463571 ], [ 14.644047850998309, 61.139220366326271 ], [ 14.643959252716501, 61.139208614809426 ], [ 14.643864216259024, 61.139197986326337 ], [ 14.643708335345353, 61.139186353730658 ] ] } },
{ "type": "Feature", "properties": { "objektidentitet": "3466922f-a91d-4414-a9aa-baca779c85cd", "skapad": "2026-03-17T21:00:01", "objekttypnr": 1805, "objekttyp": "Landsväg liten", "avfartsvag_pafartsvag": "Ingen information", "cirkulationsplats": "Nej", "bro_och_tunnel": "Ingen information", "gagata": "Nej", "bussgata": "Nej", "industrivag": "Nej", "gatunamn": null, "vardvagnummer": "993", "gastvag1nummer": null, "gastvag2nummer": null, "alternativt_manér": "Nej", "vagutforande": null, "skoterkorning_tillaten": null, "ruskmarkering": null, "rotation": null, "trafikplatsnummer": null }, "geometry": { "type": "LineString", "coordinates": [ [ 14.643708335345353, 61.139186353730658 ], [ 14.643930294739045, 61.139370830500042 ], [ 14.64411896236431, 61.139520349500323 ], [ 14.644255703567872, 61.139623980730292 ], [ 14.644349617855825, 61.139688284359146 ], [ 14.644478498884155, 61.139770976519983 ], [ 14.644585962762415, 61.139832693853371 ], [ 14.644865604770608, 61.139973302466103 ], [ 14.644997441163852, 61.140031169059554 ], [ 14.645191240713809, 61.140111418409084 ], [ 14.645605287332412, 61.140270297260095 ], [ 14.64580603355909, 61.140340769090983 ] ] } },
{ "type": "Feature", "properties": { "objektidentitet": "cb514541-434c-4e7e-9eae-6e781980d7de", "skapad": "2026-03-17T21:00:01", "objekttypnr": 1811, "objekttyp": "Lokalgata liten", "avfartsvag_pafartsvag": "Ingen information", "cirkulationsplats": "Nej", "bro_och_tunnel": "Ingen information", "gagata": "Nej", "bussgata": "Nej", "industrivag": "Nej", "gatunamn": null, "vardvagnummer": null, "gastvag1nummer": null, "gastvag2nummer": null, "alternativt_manér": "Nej", "vagutforande": null, "skoterkorning_tillaten": null, "ruskmarkering": null, "rotation": null, "trafikplatsnummer": null }, "geometry": { "type": "LineString", "coordinates": [ [ 14.64580603355909, 61.140340769090983 ], [ 14.646283563890998, 61.140152586254089 ], [ 14.646619615518194, 61.140057320710348 ] ] } },
{ "type": "Feature", "properties": { "objektidentitet": "5ad562cb-ec50-4fb5-a1ba-d661585dc99a", "skapad": "2026-03-17T21:00:01", "objekttypnr": 1805, "objekttyp": "Landsväg liten", "avfartsvag_pafartsvag": "Ingen information", "cirkulationsplats": "Nej", "bro_och_tunnel": "Ingen information", "gagata": "Nej", "bussgata": "Nej", "industrivag": "Nej", "gatunamn": null, "vardvagnummer": "993", "gastvag1nummer": null, "gastvag2nummer": null, "alternativt_manér": "Nej", "vagutforande": null, "skoterkorning_tillaten": null, "ruskmarkering": null, "rotation": null, "trafikplatsnummer": null }, "geometry": { "type": "LineString", "coordinates": [ [ 14.64580603355909, 61.140340769090983 ], [ 14.645961384823746, 61.140395302751436 ], [ 14.646447653790885, 61.140576642039697 ], [ 14.646642435616332, 61.140652716935428 ], [ 14.64680717119875, 61.140720309862296 ], [ 14.64696301098491, 61.140787960478363 ] ] } },
{ "type": "Feature", "properties": { "objektidentitet": "8e6db334-bc70-473c-af79-839dd262e64f", "skapad": "2026-03-17T21:00:01", "objekttypnr": 1807, "objekttyp": "Småväg enkel standard", "avfartsvag_pafartsvag": "Ingen information", "cirkulationsplats": "Nej", "bro_och_tunnel": "Ingen information", "gagata": "Nej", "bussgata": "Nej", "industrivag": "Nej", "gatunamn": null, "vardvagnummer": null, "gastvag1nummer": null, "gastvag2nummer": null, "alternativt_manér": "Nej", "vagutforande": null, "skoterkorning_tillaten": null, "ruskmarkering": null, "rotation": null, "trafikplatsnummer": null }, "geometry": { "type": "LineString", "coordinates": [ [ 14.64696301098491, 61.140787960478363 ], [ 14.646859959121453, 61.140834376045099 ], [ 14.646487609852032, 61.140994519774885 ], [ 14.646427799797225, 61.141020282398117 ], [ 14.646155038426054, 61.141144630295798 ], [ 14.646106407483344, 61.141168779217033 ], [ 14.646062931657809, 61.14119359696609 ], [ 14.64594623491841, 61.141262501498822 ], [ 14.645847741736377, 61.141334416400923 ], [ 14.645777505074028, 61.141383960672876 ], [ 14.645640113858633, 61.141463162322751 ], [ 14.645587111899889, 61.141487820176152 ], [ 14.645506380032185, 61.141520889468964 ], [ 14.645397866116394, 61.141552171346845 ] ] } },
{ "type": "Feature", "properties": { "objektidentitet": "40b10701-0896-420a-9363-ac557a7be1f2", "skapad": "2026-03-17T21:00:01", "objekttypnr": 1805, "objekttyp": "Landsväg liten", "avfartsvag_pafartsvag": "Ingen information", "cirkulationsplats": "Nej", "bro_och_tunnel": "Ingen information", "gagata": "Nej", "bussgata": "Nej", "industrivag": "Nej", "gatunamn": null, "vardvagnummer": "993", "gastvag1nummer": null, "gastvag2nummer": null, "alternativt_manér": "Nej", "vagutforande": null, "skoterkorning_tillaten": null, "ruskmarkering": null, "rotation": null, "trafikplatsnummer": null }, "geometry": { "type": "LineString", "coordinates": [ [ 14.64696301098491, 61.140787960478363 ], [ 14.647127902753988, 61.140861667304108 ], [ 14.647273607366172, 61.14093069144721 ], [ 14.647413630148517, 61.141001325609317 ], [ 14.647580653209586, 61.141097275643482 ], [ 14.647853470831652, 61.141275854274625 ], [ 14.648062922959546, 61.141434507244512 ], [ 14.6482834442266, 61.14162172924572 ], [ 14.64840386951758, 61.14171991802484 ], [ 14.648657296570939, 61.141937955958333 ], [ 14.648931296292394, 61.14215009426453 ], [ 14.649225317248861, 61.142355891924005 ], [ 14.649327650189896, 61.142422996957372 ], [ 14.64965524287892, 61.142628252139275 ], [ 14.649729559025877, 61.142672893518473 ], [ 14.649991475384864, 61.142830215882803 ], [ 14.650336200162204, 61.143028807192188 ], [ 14.650621894423569, 61.143189619442261 ], [ 14.650793561158851, 61.143275701516423 ], [ 14.650956274302311, 61.143351885187229 ], [ 14.650988742168481, 61.143365148220944 ], [ 14.651107779411616, 61.143413755776379 ], [ 14.651259338984277, 61.143469045589434 ], [ 14.651425979484202, 61.143521079455716 ], [ 14.652041426856233, 61.143707803275383 ], [ 14.652511238018896, 61.143854845962636 ] ] } },
{ "type": "Feature", "properties": { "objektidentitet": "eb657f14-637c-4a50-a22d-07d5f61168f4", "skapad": "2026-03-17T21:00:01", "objekttypnr": 1805, "objekttyp": "Landsväg liten", "avfartsvag_pafartsvag": "Ingen information", "cirkulationsplats": "Nej", "bro_och_tunnel": "Ingen information", "gagata": "Nej", "bussgata": "Nej", "industrivag": "Nej", "gatunamn": null, "vardvagnummer": "993", "gastvag1nummer": null, "gastvag2nummer": null, "alternativt_manér": "Nej", "vagutforande": null, "skoterkorning_tillaten": null, "ruskmarkering": null, "rotation": null, "trafikplatsnummer": null }, "geometry": { "type": "LineString", "coordinates": [ [ 14.655563859805808, 61.144196192440788 ], [ 14.65559765656511, 61.144188324241377 ], [ 14.655700156179819, 61.144160044741909 ], [ 14.655789072006341, 61.144130626201154 ], [ 14.655882591534814, 61.144094629523543 ], [ 14.655973904454049, 61.144053141804378 ], [ 14.656104057086678, 61.143990888268377 ], [ 14.656293230642454, 61.143889803082971 ], [ 14.656505771771064, 61.143769573361475 ], [ 14.656674797351892, 61.14368326762996 ], [ 14.656709491695993, 61.143669628656902 ], [ 14.656825431353859, 61.143617770739951 ], [ 14.657089999255472, 61.143517432056449 ], [ 14.657262071255641, 61.143458219320785 ] ] } },
{ "type": "Feature", "properties": { "objektidentitet": "f55182aa-d26a-48a9-8bed-9f8c365e472d", "skapad": "2026-03-04T08:00:01", "objekttypnr": 1804, "objekttyp": "Landsväg", "avfartsvag_pafartsvag": "Ingen information", "cirkulationsplats": "Nej", "bro_och_tunnel": "Ingen information", "gagata": "Nej", "bussgata": "Nej", "industrivag": "Nej", "gatunamn": null, "vardvagnummer": "E45", "gastvag1nummer": null, "gastvag2nummer": null, "alternativt_manér": "Nej", "vagutforande": null, "skoterkorning_tillaten": null, "ruskmarkering": null, "rotation": null, "trafikplatsnummer": null }, "geometry": { "type": "LineString", "coordinates": [ [ 14.657262071255641, 61.143458219320785 ], [ 14.657712780716778, 61.143975125660404 ], [ 14.657827813646238, 61.144116879627028 ], [ 14.657920691146241, 61.144242992375929 ], [ 14.658001266523426, 61.144359485194926 ], [ 14.658150074963133, 61.144590033954998 ], [ 14.658227948425342, 61.144728093864266 ], [ 14.658274045598523, 61.14482291715855 ], [ 14.658322444035617, 61.144935136070821 ], [ 14.658377903154294, 61.145081524198901 ], [ 14.658449770698029, 61.145316681515865 ], [ 14.658480892986246, 61.145449856006394 ], [ 14.658529840811639, 61.145709132573593 ], [ 14.658554485234644, 61.145969209743917 ], [ 14.658553124588142, 61.146219058259646 ], [ 14.658525680119011, 61.146464154795332 ], [ 14.658501851883884, 61.146603151600495 ], [ 14.658483597706583, 61.146685234506464 ], [ 14.658460350791149, 61.146772089880962 ], [ 14.658429578593958, 61.146864322032627 ], [ 14.658353005412673, 61.147064333486981 ], [ 14.658309588461616, 61.147162916888561 ] ] } },
{ "type": "Feature", "properties": { "objektidentitet": "1eaac1f8-30ef-495e-bdf5-5117a13a46a1", "skapad": "2026-03-17T21:00:01", "objekttypnr": 1805, "objekttyp": "Landsväg liten", "avfartsvag_pafartsvag": "Ingen information", "cirkulationsplats": "Nej", "bro_och_tunnel": "Ingen information", "gagata": "Nej", "bussgata": "Nej", "industrivag": "Nej", "gatunamn": null, "vardvagnummer": "993", "gastvag1nummer": null, "gastvag2nummer": null, "alternativt_manér": "Nej", "vagutforande": null, "skoterkorning_tillaten": null, "ruskmarkering": null, "rotation": null, "trafikplatsnummer": null }, "geometry": { "type": "LineString", "coordinates": [ [ 14.652511238018896, 61.143854845962636 ], [ 14.652959007337515, 61.143989997533126 ], [ 14.653414110791623, 61.144124017319456 ], [ 14.653599819636247, 61.144173897530727 ], [ 14.653762958288363, 61.144210549491461 ], [ 14.653881056447402, 61.144233646222332 ], [ 14.653991916220511, 61.144252854914122 ], [ 14.654115766565818, 61.14426799385393 ], [ 14.654272360666972, 61.144281573267101 ], [ 14.654415363992031, 61.144289623385944 ], [ 14.654560687610644, 61.144294384657627 ], [ 14.654674250277369, 61.144295769844128 ], [ 14.654755906198474, 61.144295188010446 ] ] } },
{ "type": "Feature", "properties": { "objektidentitet": "a38e24ac-7708-44bb-840e-03ea05ac26b3", "skapad": "2026-03-17T21:00:01", "objekttypnr": 1807, "objekttyp": "Småväg enkel standard", "avfartsvag_pafartsvag": "Ingen information", "cirkulationsplats": "Nej", "bro_och_tunnel": "Ingen information", "gagata": "Nej", "bussgata": "Nej", "industrivag": "Nej", "gatunamn": null, "vardvagnummer": null, "gastvag1nummer": null, "gastvag2nummer": null, "alternativt_manér": "Nej", "vagutforande": null, "skoterkorning_tillaten": null, "ruskmarkering": null, "rotation": null, "trafikplatsnummer": null }, "geometry": { "type": "LineString", "coordinates": [ [ 14.652511238018896, 61.143854845962636 ], [ 14.65208958268158, 61.144207918994589 ], [ 14.651924972169347, 61.144332134519075 ], [ 14.651667213510345, 61.144515336828682 ] ] } },
{ "type": "Feature", "properties": { "objektidentitet": "f105a639-3a3b-4885-84c7-c42bd2ed85d3", "skapad": "2026-03-17T21:00:01", "objekttypnr": 1805, "objekttyp": "Landsväg liten", "avfartsvag_pafartsvag": "Ingen information", "cirkulationsplats": "Nej", "bro_och_tunnel": "Ingen information", "gagata": "Nej", "bussgata": "Nej", "industrivag": "Nej", "gatunamn": null, "vardvagnummer": "993", "gastvag1nummer": null, "gastvag2nummer": null, "alternativt_manér": "Nej", "vagutforande": null, "skoterkorning_tillaten": null, "ruskmarkering": null, "rotation": null, "trafikplatsnummer": null }, "geometry": { "type": "LineString", "coordinates": [ [ 14.655062733821378, 61.144277251734735 ], [ 14.655147005539314, 61.144268434717901 ], [ 14.655344940853709, 61.144241484965015 ], [ 14.655422304629294, 61.144227407289819 ], [ 14.655563859805808, 61.144196192440788 ] ] } },
{ "type": "Feature", "properties": { "objektidentitet": "d54aa3c7-719f-4348-b152-6e87b71e7c18", "skapad": "2026-03-17T21:00:01", "objekttypnr": 1807, "objekttyp": "Småväg enkel standard", "avfartsvag_pafartsvag": "Ingen information", "cirkulationsplats": "Nej", "bro_och_tunnel": "Ingen information", "gagata": "Nej", "bussgata": "Nej", "industrivag": "Nej", "gatunamn": null, "vardvagnummer": null, "gastvag1nummer": null, "gastvag2nummer": null, "alternativt_manér": "Nej", "vagutforande": null, "skoterkorning_tillaten": null, "ruskmarkering": null, "rotation": null, "trafikplatsnummer": null }, "geometry": { "type": "LineString", "coordinates": [ [ 14.655563859805808, 61.144196192440788 ], [ 14.65562076085558, 61.144229348631391 ], [ 14.65567535006987, 61.144253099185583 ], [ 14.655735178695824, 61.144276701396656 ], [ 14.655820229122197, 61.144307244915097 ], [ 14.656065520472016, 61.144386774390924 ], [ 14.656173628361564, 61.144423507693517 ], [ 14.656280693779983, 61.1444656162287 ], [ 14.656379843444542, 61.144511457294442 ], [ 14.656487853607924, 61.144567537516366 ], [ 14.656593306156118, 61.144629976280655 ], [ 14.656761697159233, 61.144739394058895 ], [ 14.656915927899911, 61.144846172090176 ], [ 14.65711524919365, 61.144991354354609 ], [ 14.65733257566921, 61.145165221105273 ], [ 14.65740551757445, 61.145228510907728 ], [ 14.657468809560191, 61.14528761913904 ], [ 14.657551876843408, 61.145373055683201 ], [ 14.657607602837841, 61.145437953640787 ], [ 14.657658464211773, 61.145506115804075 ], [ 14.657700414127566, 61.14557388772706 ], [ 14.657727309428415, 61.145627122235773 ], [ 14.657750806314676, 61.145687162316982 ], [ 14.657768298697469, 61.14574764503196 ] ] } },
{ "type": "Feature", "properties": { "objektidentitet": "a5f2d781-25e6-4904-8a5a-04dfd87b70ab", "skapad": "2026-03-17T21:00:01", "objekttypnr": 1805, "objekttyp": "Landsväg liten", "avfartsvag_pafartsvag": "Ingen information", "cirkulationsplats": "Nej", "bro_och_tunnel": "Ingen information", "gagata": "Nej", "bussgata": "Nej", "industrivag": "Nej", "gatunamn": null, "vardvagnummer": "993", "gastvag1nummer": null, "gastvag2nummer": null, "alternativt_manér": "Nej", "vagutforande": null, "skoterkorning_tillaten": null, "ruskmarkering": null, "rotation": null, "trafikplatsnummer": null }, "geometry": { "type": "LineString", "coordinates": [ [ 14.654755906198474, 61.144295188010446 ], [ 14.654814649690429, 61.144293937261317 ], [ 14.654898740781084, 61.144289761719669 ], [ 14.655062733821378, 61.144277251734735 ] ] } },
{ "type": "Feature", "properties": { "objektidentitet": "6c114032-93ad-4636-9a86-0ab15f43a93c", "skapad": "2026-03-17T21:00:01", "objekttypnr": 1807, "objekttyp": "Småväg enkel standard", "avfartsvag_pafartsvag": "Ingen information", "cirkulationsplats": "Nej", "bro_och_tunnel": "Ingen information", "gagata": "Nej", "bussgata": "Nej", "industrivag": "Nej", "gatunamn": null, "vardvagnummer": null, "gastvag1nummer": null, "gastvag2nummer": null, "alternativt_manér": "Nej", "vagutforande": null, "skoterkorning_tillaten": null, "ruskmarkering": null, "rotation": null, "trafikplatsnummer": null }, "geometry": { "type": "LineString", "coordinates": [ [ 14.655062733821378, 61.144277251734735 ], [ 14.655063964545498, 61.144319351735767 ], [ 14.655054868461468, 61.144342733629536 ], [ 14.655040942957761, 61.144366148146013 ], [ 14.655017096991102, 61.144394852325753 ], [ 14.65499257097869, 61.144417772952529 ], [ 14.654813302432462, 61.144524519837603 ], [ 14.653557018082109, 61.14527991585198 ], [ 14.653352781744813, 61.145391238399121 ], [ 14.65328137232356, 61.145429399628625 ], [ 14.653120907083128, 61.145514250700693 ] ] } },
{ "type": "Feature", "properties": { "objektidentitet": "77bd001e-c7ec-4d29-9c2d-517602a7e94e", "skapad": "2026-03-17T21:00:01", "objekttypnr": 1807, "objekttyp": "Småväg enkel standard", "avfartsvag_pafartsvag": "Ingen information", "cirkulationsplats": "Nej", "bro_och_tunnel": "Ingen information", "gagata": "Nej", "bussgata": "Nej", "industrivag": "Nej", "gatunamn": null, "vardvagnummer": null, "gastvag1nummer": null, "gastvag2nummer": null, "alternativt_manér": "Nej", "vagutforande": null, "skoterkorning_tillaten": null, "ruskmarkering": null, "rotation": null, "trafikplatsnummer": null }, "geometry": { "type": "LineString", "coordinates": [ [ 14.654755906198474, 61.144295188010446 ], [ 14.654667855675314, 61.144333657665655 ], [ 14.65462740356581, 61.144347146899044 ], [ 14.654531951457992, 61.144376224696906 ], [ 14.654421280178056, 61.144405981944708 ], [ 14.653520500648881, 61.144579913135651 ], [ 14.652731508998913, 61.144724974224751 ], [ 14.652274643532524, 61.144804700022455 ], [ 14.652163781620043, 61.144819354216118 ], [ 14.652094524283623, 61.144827355073616 ], [ 14.652028491598816, 61.144836001465869 ], [ 14.651973101466746, 61.144842996513709 ], [ 14.651929414207213, 61.144843135404997 ], [ 14.651885766394445, 61.144839665509195 ], [ 14.651848207187784, 61.144831461805616 ], [ 14.651809816150218, 61.144821227124041 ] ] } },
{ "type": "Feature", "properties": { "objektidentitet": "12c1b610-598f-4fb0-a285-61b19a00e951", "skapad": "2026-03-17T21:00:01", "objekttypnr": 1807, "objekttyp": "Småväg enkel standard", "avfartsvag_pafartsvag": "Ingen information", "cirkulationsplats": "Nej", "bro_och_tunnel": "Ingen information", "gagata": "Nej", "bussgata": "Nej", "industrivag": "Nej", "gatunamn": null, "vardvagnummer": null, "gastvag1nummer": null, "gastvag2nummer": null, "alternativt_manér": "Nej", "vagutforande": null, "skoterkorning_tillaten": null, "ruskmarkering": null, "rotation": null, "trafikplatsnummer": null }, "geometry": { "type": "LineString", "coordinates": [ [ 14.651667213510345, 61.144515336828682 ], [ 14.651693719836485, 61.144606251315864 ], [ 14.651742650622239, 61.144772538345613 ], [ 14.651765707403705, 61.144795535890403 ], [ 14.651784601744307, 61.144808620509288 ], [ 14.651809816150218, 61.144821227124041 ] ] } },
{ "type": "Feature", "properties": { "objektidentitet": "22ccd2b9-da14-4bf9-bf8c-fdb3b09837bd", "skapad": "2026-03-17T21:00:01", "objekttypnr": 1807, "objekttyp": "Småväg enkel standard", "avfartsvag_pafartsvag": "Ingen information", "cirkulationsplats": "Nej", "bro_och_tunnel": "Ingen information", "gagata": "Nej", "bussgata": "Nej", "industrivag": "Nej", "gatunamn": null, "vardvagnummer": null, "gastvag1nummer": null, "gastvag2nummer": null, "alternativt_manér": "Nej", "vagutforande": null, "skoterkorning_tillaten": null, "ruskmarkering": null, "rotation": null, "trafikplatsnummer": null }, "geometry": { "type": "LineString", "coordinates": [ [ 14.651667213510345, 61.144515336828682 ], [ 14.65106538451141, 61.144907696335984 ], [ 14.650713145403433, 61.145143299158605 ], [ 14.650235711828502, 61.145430810094879 ], [ 14.650202266571497, 61.145477192711326 ], [ 14.650187828803871, 61.14550621653364 ], [ 14.650180447098238, 61.145537135086542 ], [ 14.650188572982531, 61.145559842791293 ], [ 14.650178897543949, 61.14558822355928 ], [ 14.650199591256486, 61.145616593229256 ], [ 14.650235840395112, 61.145644194853404 ], [ 14.650600110209151, 61.145841920214636 ], [ 14.650836835099792, 61.145955292285656 ], [ 14.651061047645474, 61.146081649324884 ], [ 14.651134555192495, 61.14612810155915 ], [ 14.651219730909403, 61.14618605731215 ], [ 14.651348505182522, 61.146284148430041 ], [ 14.651445529642352, 61.146365961565664 ], [ 14.651539962738282, 61.146450362555214 ], [ 14.651349276071299, 61.146503989786737 ], [ 14.651270922756854, 61.146533001663691 ], [ 14.651207949487269, 61.146560311436325 ], [ 14.651144034222751, 61.146592197517037 ], [ 14.651094183855495, 61.146620384921469 ], [ 14.651035245114413, 61.146655740046228 ], [ 14.650989419914405, 61.146689468364514 ], [ 14.650881519197359, 61.146785207436004 ], [ 14.65082929498405, 61.146839891319566 ], [ 14.650762980767812, 61.146913975564487 ], [ 14.65063628993218, 61.147079459518679 ] ] } },
{ "type": "Feature", "properties": { "objektidentitet": "7ffe179b-e7d1-44d3-a654-5e8c05867d61", "skapad": "2026-03-17T21:00:01", "objekttypnr": 1807, "objekttyp": "Småväg enkel standard", "avfartsvag_pafartsvag": "Ingen information", "cirkulationsplats": "Nej", "bro_och_tunnel": "Ingen information", "gagata": "Nej", "bussgata": "Nej", "industrivag": "Nej", "gatunamn": null, "vardvagnummer": null, "gastvag1nummer": null, "gastvag2nummer": null, "alternativt_manér": "Nej", "vagutforande": null, "skoterkorning_tillaten": null, "ruskmarkering": null, "rotation": null, "trafikplatsnummer": null }, "geometry": { "type": "LineString", "coordinates": [ [ 14.651809816150218, 61.144821227124041 ], [ 14.651754521461877, 61.144887026816896 ], [ 14.651741616679013, 61.144918676470795 ], [ 14.651728773844821, 61.144958208434929 ], [ 14.651695378038976, 61.145136915478346 ], [ 14.651681358808597, 61.145345613267651 ], [ 14.651680104943196, 61.145601064466305 ], [ 14.651676088850509, 61.145754861701043 ], [ 14.651687151960388, 61.145914021733446 ], [ 14.651699748862541, 61.145959248365635 ], [ 14.651708471473722, 61.145990262140423 ], [ 14.651724775104938, 61.146029492103445 ], [ 14.651745802765959, 61.14606649881123 ], [ 14.651881947492052, 61.146188641972742 ], [ 14.651917420083088, 61.146205979470054 ], [ 14.651949431343153, 61.146217176368872 ], [ 14.651994662626951, 61.146227132420769 ], [ 14.652040537659483, 61.146232628062961 ], [ 14.65209035944067, 61.146240674457935 ], [ 14.652145068929057, 61.146240043003239 ], [ 14.6522227097045, 61.14623346424753 ], [ 14.652358047752122, 61.146212983656135 ], [ 14.652560548363821, 61.146182655884822 ] ] } },
{ "type": "Feature", "properties": { "objektidentitet": "ae5e4413-aeb3-460e-ad28-ff7830b8dece", "skapad": "2026-03-17T21:00:01", "objekttypnr": 1807, "objekttyp": "Småväg enkel standard", "avfartsvag_pafartsvag": "Ingen information", "cirkulationsplats": "Nej", "bro_och_tunnel": "Ingen information", "gagata": "Nej", "bussgata": "Nej", "industrivag": "Nej", "gatunamn": null, "vardvagnummer": null, "gastvag1nummer": null, "gastvag2nummer": null, "alternativt_manér": "Nej", "vagutforande": null, "skoterkorning_tillaten": null, "ruskmarkering": null, "rotation": null, "trafikplatsnummer": null }, "geometry": { "type": "LineString", "coordinates": [ [ 14.654314455628489, 61.14733730149684 ], [ 14.654255197582545, 61.147323943721538 ], [ 14.654223817997496, 61.147309185047263 ], [ 14.654194541537274, 61.147287249337218 ], [ 14.654069048379467, 61.147149559150506 ], [ 14.654034991695424, 61.147102760870453 ], [ 14.654005882939776, 61.147053667491271 ], [ 14.653994887861424, 61.147022980403115 ], [ 14.653990517179297, 61.146981033754294 ], [ 14.653996635407355, 61.146946457970557 ], [ 14.654013351242357, 61.14690758202746 ], [ 14.654041421725276, 61.146869920072589 ], [ 14.65407714358984, 61.146837502752454 ], [ 14.654125694467858, 61.146803942009022 ], [ 14.654208866837084, 61.146753618527114 ], [ 14.654275025535156, 61.146716781247562 ], [ 14.654337737647325, 61.146685922980339 ], [ 14.654421498511336, 61.146651401882401 ], [ 14.654526043339441, 61.146615263874324 ], [ 14.654626600887278, 61.146585328121994 ], [ 14.654698295093002, 61.146568803439017 ], [ 14.654765465478167, 61.146559978911981 ], [ 14.654833355703357, 61.14655840133139 ], [ 14.65489808553726, 61.146565560298335 ], [ 14.654936719603553, 61.146575938281146 ], [ 14.654972973982527, 61.146593330940227 ], [ 14.655000500447686, 61.146619005694888 ], [ 14.655019463959963, 61.146665119217388 ], [ 14.65514765229865, 61.147054893727422 ], [ 14.655157784219078, 61.147094996330075 ], [ 14.655160028924611, 61.147125930624163 ], [ 14.655155789539785, 61.147146748376592 ], [ 14.655144891433798, 61.147168365899176 ], [ 14.655121206423882, 61.147192366252035 ], [ 14.655094822054137, 61.14720666327436 ] ] } },
{ "type": "Feature", "properties": { "objektidentitet": "331918cd-3f53-46d8-995f-c0a148a594ff", "skapad": "2026-03-17T21:00:01", "objekttypnr": 1805, "objekttyp": "Landsväg liten", "avfartsvag_pafartsvag": "Ingen information", "cirkulationsplats": "Nej", "bro_och_tunnel": "Ingen information", "gagata": "Nej", "bussgata": "Nej", "industrivag": "Nej", "gatunamn": null, "vardvagnummer": "993", "gastvag1nummer": null, "gastvag2nummer": null, "alternativt_manér": "Nej", "vagutforande": null, "skoterkorning_tillaten": null, "ruskmarkering": null, "rotation": null, "trafikplatsnummer": null }, "geometry": { "type": "LineString", "coordinates": [ [ 14.638686897937855, 61.136879090601624 ], [ 14.638921336463801, 61.136999354692307 ], [ 14.63937009552326, 61.137244227615348 ], [ 14.640070852179406, 61.137617936598502 ], [ 14.640266079039472, 61.137723765352732 ], [ 14.64088208708152, 61.138040047061139 ], [ 14.641083347813629, 61.138148108510407 ], [ 14.641583039132506, 61.13839803744559 ] ] } },
{ "type": "Feature", "properties": { "objektidentitet": "3459284f-8ff0-4058-9c30-01e7927434ea", "skapad": "2026-03-17T21:00:01", "objekttypnr": 1811, "objekttyp": "Lokalgata liten", "avfartsvag_pafartsvag": "Ingen information", "cirkulationsplats": "Nej", "bro_och_tunnel": "Ingen information", "gagata": "Nej", "bussgata": "Nej", "industrivag": "Nej", "gatunamn": null, "vardvagnummer": null, "gastvag1nummer": null, "gastvag2nummer": null, "alternativt_manér": "Nej", "vagutforande": null, "skoterkorning_tillaten": null, "ruskmarkering": null, "rotation": null, "trafikplatsnummer": null }, "geometry": { "type": "LineString", "coordinates": [ [ 14.633248496632525, 61.137064494868639 ], [ 14.63326132070916, 61.137209278910021 ], [ 14.633273071857145, 61.137243211019019 ], [ 14.633363208323633, 61.137409796472987 ], [ 14.633474399488795, 61.13756714654086 ], [ 14.633614156941009, 61.137740114903345 ], [ 14.633901638536766, 61.138059138720095 ], [ 14.634167025970795, 61.138363854321838 ], [ 14.63419369327624, 61.138402351467903 ], [ 14.634237679856804, 61.138459075450989 ], [ 14.634353422394922, 61.138621796954723 ], [ 14.634427937479286, 61.138739733514306 ], [ 14.634511966519042, 61.138889369330869 ], [ 14.634526742911051, 61.138920400630511 ] ] } },
{ "type": "Feature", "properties": { "objektidentitet": "842a1918-a90d-4a64-94e9-c564abcf50b6", "skapad": "2025-12-17T01:00:01", "objekttypnr": 1807, "objekttyp": "Småväg enkel standard", "avfartsvag_pafartsvag": "Ingen information", "cirkulationsplats": "Nej", "bro_och_tunnel": "Ingen information", "gagata": "Nej", "bussgata": "Nej", "industrivag": "Nej", "gatunamn": null, "vardvagnummer": null, "gastvag1nummer": null, "gastvag2nummer": null, "alternativt_manér": "Nej", "vagutforande": null, "skoterkorning_tillaten": null, "ruskmarkering": null, "rotation": null, "trafikplatsnummer": null }, "geometry": { "type": "LineString", "coordinates": [ [ 14.626385552552843, 61.13807454041369 ], [ 14.626462355336516, 61.13808889476784 ], [ 14.626538716360809, 61.138098227198391 ], [ 14.626599730085296, 61.138113002345563 ], [ 14.626667878660092, 61.138133740628668 ], [ 14.626743342187259, 61.138160936248156 ], [ 14.627146857856015, 61.138396621154598 ] ] } },
{ "type": "Feature", "properties": { "objektidentitet": "2facda06-0ba5-4c3d-9f4d-900ad0fd3de0", "skapad": "2025-12-17T01:00:01", "objekttypnr": 1807, "objekttyp": "Småväg enkel standard", "avfartsvag_pafartsvag": "Ingen information", "cirkulationsplats": "Nej", "bro_och_tunnel": "Ingen information", "gagata": "Nej", "bussgata": "Nej", "industrivag": "Nej", "gatunamn": null, "vardvagnummer": null, "gastvag1nummer": null, "gastvag2nummer": null, "alternativt_manér": "Nej", "vagutforande": null, "skoterkorning_tillaten": null, "ruskmarkering": null, "rotation": null, "trafikplatsnummer": null }, "geometry": { "type": "LineString", "coordinates": [ [ 14.62639077196874, 61.137632681962437 ], [ 14.626398541550302, 61.137632016738472 ], [ 14.626484565996861, 61.13762964180431 ], [ 14.626547445518691, 61.137634169468065 ], [ 14.626606227577824, 61.137646011786153 ], [ 14.626662992368718, 61.137657264932585 ], [ 14.626714042528821, 61.137679132223113 ], [ 14.626759990916456, 61.137710035029464 ], [ 14.626801993533618, 61.137751134664406 ], [ 14.626857038264612, 61.137834232425583 ], [ 14.626931813803154, 61.138015727730135 ], [ 14.626948122986727, 61.138043657974613 ], [ 14.627031324713736, 61.1381894358436 ], [ 14.627086550719387, 61.138279312303233 ], [ 14.627107975230325, 61.138314438772312 ], [ 14.627126011570015, 61.138350247156772 ], [ 14.627146857856015, 61.138396621154598 ] ] } },
{ "type": "Feature", "properties": { "objektidentitet": "9ce368b5-d2bb-416f-a1d0-df07053016f1", "skapad": "2026-03-17T21:00:01", "objekttypnr": 1811, "objekttyp": "Lokalgata liten", "avfartsvag_pafartsvag": "Ingen information", "cirkulationsplats": "Nej", "bro_och_tunnel": "Ingen information", "gagata": "Nej", "bussgata": "Nej", "industrivag": "Nej", "gatunamn": null, "vardvagnummer": null, "gastvag1nummer": null, "gastvag2nummer": null, "alternativt_manér": "Nej", "vagutforande": null, "skoterkorning_tillaten": null, "ruskmarkering": null, "rotation": null, "trafikplatsnummer": null }, "geometry": { "type": "LineString", "coordinates": [ [ 14.641583039132506, 61.13839803744559 ], [ 14.641375937703577, 61.138496891309508 ], [ 14.641275635686405, 61.138536558758183 ], [ 14.641170796251865, 61.138575127765655 ], [ 14.641076661612333, 61.138611301174336 ], [ 14.640992961698348, 61.138642689996132 ], [ 14.639779905421022, 61.138988882745949 ], [ 14.639707786567879, 61.139001142920954 ], [ 14.639645609445205, 61.139009551328542 ], [ 14.639588165902552, 61.139014874683674 ], [ 14.639529848170826, 61.139021937658207 ], [ 14.639478548013663, 61.13902103795796 ], [ 14.639435296237917, 61.139017852213804 ], [ 14.639363633343677, 61.13900638500607 ], [ 14.639306216677774, 61.138989793653998 ], [ 14.639262929965239, 61.13897342844438 ], [ 14.639219950676498, 61.138952871306245 ], [ 14.639167415107575, 61.13892517831318 ], [ 14.638899160134226, 61.138730371455601 ], [ 14.638662116044651, 61.138523356601006 ], [ 14.638554883654477, 61.138439531705053 ], [ 14.638424877455664, 61.138356354935823 ], [ 14.638357010352042, 61.138321662902506 ], [ 14.63828927802802, 61.138289817038014 ], [ 14.63823536539029, 61.138273880914319 ], [ 14.638173267543639, 61.138265715731414 ], [ 14.638111124767601, 61.138254991689038 ], [ 14.638037915947473, 61.138252228133169 ], [ 14.637955455426924, 61.138256281096865 ], [ 14.637867172482721, 61.138267707155016 ], [ 14.637258969483726, 61.138425945945315 ], [ 14.637185107709191, 61.138370004802326 ], [ 14.637108499720229, 61.138336527647624 ], [ 14.637069390328184, 61.138325272272382 ], [ 14.637026055667205, 61.1383164743973 ], [ 14.636983907537857, 61.138311100347252 ], [ 14.636934323441992, 61.138308031612347 ], [ 14.636873671789242, 61.138314629082942 ], [ 14.636808598860783, 61.138321376308959 ], [ 14.636247180859019, 61.138444606245052 ], [ 14.635971739611351, 61.138514673546638 ], [ 14.635760366921458, 61.138561974496788 ], [ 14.634813697529774, 61.138801070157506 ], [ 14.634727837725357, 61.138830779371091 ], [ 14.634659477273917, 61.138856720313022 ], [ 14.634526742911051, 61.138920400630511 ] ] } },
{ "type": "Feature", "properties": { "objektidentitet": "69cbd911-fd66-4901-ba78-aed36fdf7b65", "skapad": "2026-03-17T21:00:01", "objekttypnr": 1805, "objekttyp": "Landsväg liten", "avfartsvag_pafartsvag": "Ingen information", "cirkulationsplats": "Nej", "bro_och_tunnel": "Ingen information", "gagata": "Nej", "bussgata": "Nej", "industrivag": "Nej", "gatunamn": null, "vardvagnummer": "993", "gastvag1nummer": null, "gastvag2nummer": null, "alternativt_manér": "Nej", "vagutforande": null, "skoterkorning_tillaten": null, "ruskmarkering": null, "rotation": null, "trafikplatsnummer": null }, "geometry": { "type": "LineString", "coordinates": [ [ 14.641583039132506, 61.13839803744559 ], [ 14.641769937454471, 61.138490779613896 ], [ 14.641932037075382, 61.138559655434449 ], [ 14.642025782777674, 61.138595473611502 ] ] } },
{ "type": "Feature", "properties": { "objektidentitet": "2efc7148-aa55-45e9-a4d3-66c602723d98", "skapad": "2026-03-17T21:00:01", "objekttypnr": 1807, "objekttyp": "Småväg enkel standard", "avfartsvag_pafartsvag": "Ingen information", "cirkulationsplats": "Nej", "bro_och_tunnel": "Ingen information", "gagata": "Nej", "bussgata": "Nej", "industrivag": "Nej", "gatunamn": null, "vardvagnummer": null, "gastvag1nummer": null, "gastvag2nummer": null, "alternativt_manér": "Nej", "vagutforande": null, "skoterkorning_tillaten": null, "ruskmarkering": null, "rotation": null, "trafikplatsnummer": null }, "geometry": { "type": "LineString", "coordinates": [ [ 14.627146857856015, 61.138396621154598 ], [ 14.627736809109262, 61.138808837186552 ], [ 14.627947287053962, 61.138947692247498 ], [ 14.628269625150709, 61.13914278649996 ], [ 14.628384071459481, 61.139207956606391 ], [ 14.628588228172823, 61.139319446940199 ], [ 14.628660616790127, 61.139358977541157 ], [ 14.629103839634766, 61.139581128320714 ], [ 14.629479267935665, 61.139752385205746 ], [ 14.629648263583899, 61.139825352584403 ], [ 14.629847334866362, 61.139905557314471 ], [ 14.63006714224862, 61.139986500923314 ], [ 14.630298851307961, 61.140066183769541 ], [ 14.630472291345185, 61.140123065302248 ], [ 14.630707490629295, 61.140193464898829 ], [ 14.631066861466556, 61.140293838670466 ], [ 14.631423944284426, 61.140389985390911 ], [ 14.631781542899418, 61.140488260579495 ], [ 14.632148164456341, 61.1405805709364 ], [ 14.632262723722549, 61.140597239790218 ], [ 14.632347272342086, 61.140607461885871 ], [ 14.632417949429081, 61.140612753219891 ], [ 14.632504546798174, 61.140614478870418 ], [ 14.633083340539441, 61.140528479807301 ], [ 14.633137545172548, 61.140509728360705 ], [ 14.633174204422218, 61.140495400433437 ], [ 14.633216458071315, 61.1404742553894 ], [ 14.633274724172717, 61.140436760333102 ], [ 14.633578617450558, 61.140123351164014 ], [ 14.633611810297401, 61.140081146553207 ] ] } },
{ "type": "Feature", "properties": { "objektidentitet": "688c3343-39f9-4646-9a37-8f5b6cfe7167", "skapad": "2026-03-17T21:00:01", "objekttypnr": 1805, "objekttyp": "Landsväg liten", "avfartsvag_pafartsvag": "Ingen information", "cirkulationsplats": "Nej", "bro_och_tunnel": "Ingen information", "gagata": "Nej", "bussgata": "Nej", "industrivag": "Nej", "gatunamn": null, "vardvagnummer": "993", "gastvag1nummer": null, "gastvag2nummer": null, "alternativt_manér": "Nej", "vagutforande": null, "skoterkorning_tillaten": null, "ruskmarkering": null, "rotation": null, "trafikplatsnummer": null }, "geometry": { "type": "LineString", "coordinates": [ [ 14.642025782777674, 61.138595473611502 ], [ 14.64216204795588, 61.138645050346057 ], [ 14.642295976443258, 61.138686154747937 ], [ 14.642366404221857, 61.138701755623757 ], [ 14.642436293806442, 61.138714087267516 ] ] } },
{ "type": "Feature", "properties": { "objektidentitet": "9b56f293-f068-4c35-a31c-6e8a6a05160f", "skapad": "2026-03-17T21:00:01", "objekttypnr": 1807, "objekttyp": "Småväg enkel standard", "avfartsvag_pafartsvag": "Ingen information", "cirkulationsplats": "Nej", "bro_och_tunnel": "Ingen information", "gagata": "Nej", "bussgata": "Nej", "industrivag": "Nej", "gatunamn": null, "vardvagnummer": null, "gastvag1nummer": null, "gastvag2nummer": null, "alternativt_manér": "Nej", "vagutforande": null, "skoterkorning_tillaten": null, "ruskmarkering": null, "rotation": null, "trafikplatsnummer": null }, "geometry": { "type": "LineString", "coordinates": [ [ 14.642025782777674, 61.138595473611502 ], [ 14.641917105581406, 61.138813975373324 ], [ 14.641889376169289, 61.138876629978725 ] ] } },
{ "type": "Feature", "properties": { "objektidentitet": "b4b9539e-a248-4847-932a-9be5986765c2", "skapad": "2026-03-17T21:00:01", "objekttypnr": 1805, "objekttyp": "Landsväg liten", "avfartsvag_pafartsvag": "Ingen information", "cirkulationsplats": "Nej", "bro_och_tunnel": "Ingen information", "gagata": "Nej", "bussgata": "Nej", "industrivag": "Nej", "gatunamn": null, "vardvagnummer": "993", "gastvag1nummer": null, "gastvag2nummer": null, "alternativt_manér": "Nej", "vagutforande": null, "skoterkorning_tillaten": null, "ruskmarkering": null, "rotation": null, "trafikplatsnummer": null }, "geometry": { "type": "LineString", "coordinates": [ [ 14.642436293806442, 61.138714087267516 ], [ 14.642518761929583, 61.138724180800899 ], [ 14.64263482903452, 61.138732199389302 ], [ 14.642740949305775, 61.138734679117377 ], [ 14.643018305675193, 61.13872902786315 ] ] } },
{ "type": "Feature", "properties": { "objektidentitet": "085cdb04-39f3-4a6c-95ab-dae33c257634", "skapad": "2026-03-17T21:00:01", "objekttypnr": 1807, "objekttyp": "Småväg enkel standard", "avfartsvag_pafartsvag": "Ingen information", "cirkulationsplats": "Nej", "bro_och_tunnel": "Ingen information", "gagata": "Nej", "bussgata": "Nej", "industrivag": "Nej", "gatunamn": null, "vardvagnummer": null, "gastvag1nummer": null, "gastvag2nummer": null, "alternativt_manér": "Nej", "vagutforande": null, "skoterkorning_tillaten": null, "ruskmarkering": null, "rotation": null, "trafikplatsnummer": null }, "geometry": { "type": "LineString", "coordinates": [ [ 14.641889376169289, 61.138876629978725 ], [ 14.642073531336646, 61.13881825864658 ], [ 14.642436293806442, 61.138714087267516 ] ] } },
{ "type": "Feature", "properties": { "objektidentitet": "5b0ff283-0bc5-4702-a2bc-fd9de53b395b", "skapad": "2026-03-17T21:00:01", "objekttypnr": 1807, "objekttyp": "Småväg enkel standard", "avfartsvag_pafartsvag": "Ingen information", "cirkulationsplats": "Nej", "bro_och_tunnel": "Ingen information", "gagata": "Nej", "bussgata": "Nej", "industrivag": "Nej", "gatunamn": null, "vardvagnummer": null, "gastvag1nummer": null, "gastvag2nummer": null, "alternativt_manér": "Nej", "vagutforande": null, "skoterkorning_tillaten": null, "ruskmarkering": null, "rotation": null, "trafikplatsnummer": null }, "geometry": { "type": "LineString", "coordinates": [ [ 14.641889376169289, 61.138876629978725 ], [ 14.641850385283547, 61.138967831007136 ], [ 14.641808234458264, 61.139069133015603 ], [ 14.641757996502173, 61.139190864649173 ], [ 14.641704671734873, 61.139319474331586 ], [ 14.641637538827631, 61.139460391919286 ], [ 14.641600087944617, 61.139531944830168 ], [ 14.641571699492966, 61.139580529237755 ], [ 14.641481751921564, 61.139754963249082 ], [ 14.641481168345207, 61.139785145107176 ], [ 14.641480521896931, 61.139830696865346 ], [ 14.641485492672926, 61.139855829993259 ], [ 14.641493297739025, 61.139879938268763 ], [ 14.641568356515499, 61.139990213939754 ], [ 14.641678459296369, 61.140087376198963 ], [ 14.64174528980972, 61.140137182350621 ], [ 14.641927209381615, 61.140260543259664 ], [ 14.641995319112564, 61.140302425301122 ], [ 14.642079060539858, 61.140354628422898 ], [ 14.642131337363795, 61.140385937780614 ], [ 14.642174079890006, 61.140412957118308 ], [ 14.642255856593829, 61.140484582932039 ], [ 14.64227865942825, 61.140522583288607 ], [ 14.64228463171183, 61.140551184617237 ], [ 14.642285875272202, 61.140574224781219 ], [ 14.642270883945194, 61.140623859566027 ], [ 14.642250078093854, 61.140655568013145 ], [ 14.64222156668262, 61.140692050206027 ], [ 14.642170688579331, 61.140747147255027 ], [ 14.641763333716565, 61.141092011448158 ], [ 14.641743485052507, 61.141114574122874 ], [ 14.641699028406656, 61.141165010588601 ], [ 14.641675948325245, 61.141195743306319 ], [ 14.641653387360963, 61.141233103078577 ], [ 14.641623592075554, 61.14127134152524 ], [ 14.641598031327593, 61.141330859507413 ], [ 14.641507321200255, 61.141601605407537 ], [ 14.641459684331862, 61.141735886088632 ], [ 14.641400718819297, 61.141871743631654 ], [ 14.641338090142002, 61.141994843101472 ], [ 14.641274177342186, 61.142108287881371 ], [ 14.641209290593906, 61.142225707156499 ], [ 14.64105275471888, 61.142488180412208 ], [ 14.640997488154053, 61.142579320180509 ], [ 14.640924545958503, 61.142702643332726 ], [ 14.640841983254674, 61.142855334143469 ], [ 14.640720495286908, 61.143115538841037 ], [ 14.640704069718856, 61.143176643134886 ], [ 14.640644342140266, 61.143356166493106 ], [ 14.640582274580789, 61.14355354935892 ], [ 14.640536541680033, 61.143683130217937 ], [ 14.640505770243504, 61.143733369199147 ], [ 14.640419648984494, 61.143943795610063 ], [ 14.640411889830583, 61.143974425245204 ], [ 14.640410391668425, 61.144031053130284 ], [ 14.640410271535929, 61.144079174005654 ], [ 14.640426087070662, 61.144138774829777 ], [ 14.640463538275352, 61.144228006086628 ], [ 14.640514520053777, 61.144326259847418 ], [ 14.640564599575526, 61.144432034707542 ], [ 14.640669530356849, 61.144635651587407 ], [ 14.640699518340904, 61.144675664746565 ], [ 14.640736609672174, 61.144708415437734 ], [ 14.640784294206949, 61.144748807343298 ], [ 14.640830381164758, 61.144785963112824 ], [ 14.640877930093422, 61.144820348688754 ], [ 14.641051188340478, 61.144913557981731 ], [ 14.641222457444814, 61.145003745246832 ], [ 14.64145727492682, 61.145149152737872 ], [ 14.641540223248452, 61.145213366177025 ], [ 14.64160499759579, 61.145270178613707 ], [ 14.641655325243592, 61.145318450867428 ], [ 14.641883492789139, 61.145587257972394 ], [ 14.642114813067721, 61.145789583061358 ] ] } },
{ "type": "Feature", "properties": { "objektidentitet": "d8e8a8a5-3d12-425a-ba2c-4e0107864db6", "skapad": "2025-12-17T01:00:01", "objekttypnr": 1807, "objekttyp": "Småväg enkel standard", "avfartsvag_pafartsvag": "Ingen information", "cirkulationsplats": "Nej", "bro_och_tunnel": "Ingen information", "gagata": "Nej", "bussgata": "Nej", "industrivag": "Nej", "gatunamn": null, "vardvagnummer": null, "gastvag1nummer": null, "gastvag2nummer": null, "alternativt_manér": "Nej", "vagutforande": null, "skoterkorning_tillaten": null, "ruskmarkering": null, "rotation": null, "trafikplatsnummer": null }, "geometry": { "type": "LineString", "coordinates": [ [ 14.626369676086988, 61.139418501784206 ], [ 14.626394498308898, 61.13943319037211 ], [ 14.626623591417017, 61.139542993011304 ], [ 14.627017971396281, 61.139583170054138 ] ] } },
{ "type": "Feature", "properties": { "objektidentitet": "8185e99b-34ef-4e26-a9ad-85bbd70c3b50", "skapad": "2026-03-17T21:00:01", "objekttypnr": 1811, "objekttyp": "Lokalgata liten", "avfartsvag_pafartsvag": "Ingen information", "cirkulationsplats": "Nej", "bro_och_tunnel": "Ingen information", "gagata": "Nej", "bussgata": "Nej", "industrivag": "Nej", "gatunamn": null, "vardvagnummer": null, "gastvag1nummer": null, "gastvag2nummer": null, "alternativt_manér": "Nej", "vagutforande": null, "skoterkorning_tillaten": null, "ruskmarkering": null, "rotation": null, "trafikplatsnummer": null }, "geometry": { "type": "LineString", "coordinates": [ [ 14.634526742911051, 61.138920400630511 ], [ 14.634627083829374, 61.139159499412514 ], [ 14.634641923696718, 61.139209168992032 ], [ 14.634659190357533, 61.139299559283167 ], [ 14.634713147443845, 61.139530291121197 ], [ 14.634717898918696, 61.139532135511608 ], [ 14.634734939140657, 61.139577833631428 ], [ 14.63475278419792, 61.13961494241741 ], [ 14.634806183275737, 61.139696308818635 ], [ 14.634879802853275, 61.139787614450647 ], [ 14.634988454622981, 61.139900875225102 ], [ 14.635047218415217, 61.139972865289636 ], [ 14.635065648677561, 61.140004373241439 ], [ 14.635076556556998, 61.140031165689493 ], [ 14.635079607713315, 61.140051616203586 ], [ 14.635072670188077, 61.140067012500523 ], [ 14.635056412754659, 61.140082141190227 ], [ 14.635040686225221, 61.140091534417159 ], [ 14.635006018790213, 61.140103964873205 ], [ 14.634970769958345, 61.140110468634454 ], [ 14.634918008335173, 61.140113755726844 ], [ 14.634874865352787, 61.14011234668515 ], [ 14.634829596415411, 61.140106846832978 ], [ 14.634781132087776, 61.140096642851802 ], [ 14.634689528392601, 61.140067011113288 ], [ 14.634569851581986, 61.140017570283469 ], [ 14.634499330458935, 61.139989207711487 ], [ 14.634406092744085, 61.13995799131645 ], [ 14.634326397615666, 61.139937701383978 ], [ 14.634243414971399, 61.139922232807947 ], [ 14.634125902323474, 61.13991056738849 ], [ 14.634057386632989, 61.139909565115062 ], [ 14.633992499139973, 61.139912783163652 ], [ 14.63384799705991, 61.139938499655827 ], [ 14.633783090273523, 61.139962636019426 ], [ 14.633723831357418, 61.139991366413327 ], [ 14.633673136001718, 61.140026323446456 ], [ 14.633611810297401, 61.140081146553207 ] ] } },
{ "type": "Feature", "properties": { "objektidentitet": "4214731f-bfbb-4536-9dc1-d8e61bc57881", "skapad": "2025-12-17T01:00:01", "objekttypnr": 1807, "objekttyp": "Småväg enkel standard", "avfartsvag_pafartsvag": "Ingen information", "cirkulationsplats": "Nej", "bro_och_tunnel": "Ingen information", "gagata": "Nej", "bussgata": "Nej", "industrivag": "Nej", "gatunamn": null, "vardvagnummer": null, "gastvag1nummer": null, "gastvag2nummer": null, "alternativt_manér": "Nej", "vagutforande": null, "skoterkorning_tillaten": null, "ruskmarkering": null, "rotation": null, "trafikplatsnummer": null }, "geometry": { "type": "LineString", "coordinates": [ [ 14.627358452477495, 61.145116580134648 ], [ 14.627551481673281, 61.145067132113013 ], [ 14.627819574484246, 61.144999781751153 ], [ 14.628211549899085, 61.144904410622637 ], [ 14.628523533801944, 61.1448272591266 ], [ 14.628581432088531, 61.144812730177833 ], [ 14.628904006731178, 61.144738291338498 ], [ 14.629150268923516, 61.144674155301701 ], [ 14.629305546284861, 61.144599714807136 ], [ 14.629477637512514, 61.144558098173576 ] ] } },
{ "type": "Feature", "properties": { "objektidentitet": "9f511a40-332c-4d25-8185-ae455dafb0d7", "skapad": "2025-12-17T01:00:01", "objekttypnr": 1806, "objekttyp": "Småväg", "avfartsvag_pafartsvag": "Ingen information", "cirkulationsplats": "Nej", "bro_och_tunnel": "Ingen information", "gagata": "Nej", "bussgata": "Nej", "industrivag": "Nej", "gatunamn": null, "vardvagnummer": null, "gastvag1nummer": null, "gastvag2nummer": null, "alternativt_manér": "Nej", "vagutforande": null, "skoterkorning_tillaten": null, "ruskmarkering": null, "rotation": null, "trafikplatsnummer": null }, "geometry": { "type": "LineString", "coordinates": [ [ 14.627358452477495, 61.145116580134648 ], [ 14.627841357516868, 61.145558782587543 ], [ 14.627968334927678, 61.145664306730801 ] ] } },
{ "type": "Feature", "properties": { "objektidentitet": "c0e77517-4ec6-4858-9872-f60eb74f2258", "skapad": "2026-03-17T21:00:01", "objekttypnr": 1807, "objekttyp": "Småväg enkel standard", "avfartsvag_pafartsvag": "Ingen information", "cirkulationsplats": "Nej", "bro_och_tunnel": "Ingen information", "gagata": "Nej", "bussgata": "Nej", "industrivag": "Nej", "gatunamn": null, "vardvagnummer": null, "gastvag1nummer": null, "gastvag2nummer": null, "alternativt_manér": "Nej", "vagutforande": null, "skoterkorning_tillaten": null, "ruskmarkering": null, "rotation": null, "trafikplatsnummer": null }, "geometry": { "type": "LineString", "coordinates": [ [ 14.627968334927678, 61.145664306730801 ], [ 14.628157499255297, 61.145612010146074 ], [ 14.628410364534428, 61.145539885395898 ], [ 14.628515506238974, 61.1455105383153 ], [ 14.629180043013855, 61.145325065581588 ], [ 14.629441423647377, 61.145237574641513 ] ] } },
{ "type": "Feature", "properties": { "objektidentitet": "9a9009c4-3c5f-47aa-bdff-d1a64f0be804", "skapad": "2025-12-17T01:00:01", "objekttypnr": 1806, "objekttyp": "Småväg", "avfartsvag_pafartsvag": "Ingen information", "cirkulationsplats": "Nej", "bro_och_tunnel": "Ingen information", "gagata": "Nej", "bussgata": "Nej", "industrivag": "Nej", "gatunamn": null, "vardvagnummer": null, "gastvag1nummer": null, "gastvag2nummer": null, "alternativt_manér": "Nej", "vagutforande": null, "skoterkorning_tillaten": null, "ruskmarkering": null, "rotation": null, "trafikplatsnummer": null }, "geometry": { "type": "LineString", "coordinates": [ [ 14.627968334927678, 61.145664306730801 ], [ 14.628138544628426, 61.145825971004065 ], [ 14.62839022826793, 61.146044176689614 ] ] } },
{ "type": "Feature", "properties": { "objektidentitet": "9f31e439-583b-4118-b385-943f082f3b2a", "skapad": "2026-03-17T21:00:01", "objekttypnr": 1805, "objekttyp": "Landsväg liten", "avfartsvag_pafartsvag": "Ingen information", "cirkulationsplats": "Nej", "bro_och_tunnel": "Ingen information", "gagata": "Nej", "bussgata": "Nej", "industrivag": "Nej", "gatunamn": null, "vardvagnummer": "986", "gastvag1nummer": null, "gastvag2nummer": null, "alternativt_manér": "Nej", "vagutforande": null, "skoterkorning_tillaten": null, "ruskmarkering": null, "rotation": null, "trafikplatsnummer": null }, "geometry": { "type": "LineString", "coordinates": [ [ 14.633996042474621, 61.131601995338912 ], [ 14.633443315525913, 61.131929859661398 ], [ 14.633069362635835, 61.132146603297777 ], [ 14.632976759733673, 61.132195622511134 ], [ 14.632906553384807, 61.132229772076762 ], [ 14.632716523335532, 61.132313046503008 ] ] } },
{ "type": "Feature", "properties": { "objektidentitet": "c6b3c376-03c7-45b2-96be-5227d53099af", "skapad": "2026-03-17T21:00:01", "objekttypnr": 1811, "objekttyp": "Lokalgata liten", "avfartsvag_pafartsvag": "Ingen information", "cirkulationsplats": "Nej", "bro_och_tunnel": "Ingen information", "gagata": "Nej", "bussgata": "Nej", "industrivag": "Nej", "gatunamn": null, "vardvagnummer": null, "gastvag1nummer": null, "gastvag2nummer": null, "alternativt_manér": "Nej", "vagutforande": null, "skoterkorning_tillaten": null, "ruskmarkering": null, "rotation": null, "trafikplatsnummer": null }, "geometry": { "type": "LineString", "coordinates": [ [ 14.633996042474621, 61.131601995338912 ], [ 14.634165920970615, 61.1316134167784 ], [ 14.634373166319316, 61.131646333112137 ], [ 14.634451466942567, 61.131666619039642 ], [ 14.634556900266096, 61.131702357342164 ], [ 14.634660939542192, 61.131749493540177 ], [ 14.634747407368947, 61.131800541530588 ], [ 14.634793412159413, 61.131834547918302 ], [ 14.634842959745315, 61.13188170756839 ], [ 14.634907018172608, 61.131966595257552 ], [ 14.634948518305409, 61.132074037037057 ], [ 14.63497271095517, 61.13218338943333 ], [ 14.63497931914994, 61.132230199745379 ], [ 14.634990397140678, 61.132301531680838 ], [ 14.63499936804023, 61.132343096139039 ], [ 14.635033969550667, 61.132393573036772 ], [ 14.635118898693607, 61.132417270260312 ], [ 14.63527473702143, 61.132419755157393 ], [ 14.635431689145873, 61.132359443298249 ] ] } },
{ "type": "Feature", "properties": { "objektidentitet": "c967471b-8712-4568-94a4-72685f22b291", "skapad": "2026-03-17T21:00:01", "objekttypnr": 1805, "objekttyp": "Landsväg liten", "avfartsvag_pafartsvag": "Ingen information", "cirkulationsplats": "Nej", "bro_och_tunnel": "Ingen information", "gagata": "Nej", "bussgata": "Nej", "industrivag": "Nej", "gatunamn": null, "vardvagnummer": "993", "gastvag1nummer": null, "gastvag2nummer": null, "alternativt_manér": "Nej", "vagutforande": null, "skoterkorning_tillaten": null, "ruskmarkering": null, "rotation": null, "trafikplatsnummer": null }, "geometry": { "type": "LineString", "coordinates": [ [ 14.632716523335532, 61.132313046503008 ], [ 14.633084195991561, 61.132673399641376 ] ] } },
{ "type": "Feature", "properties": { "objektidentitet": "50ee8005-8c5f-427e-90bc-5926c8de2203", "skapad": "2026-03-17T21:00:01", "objekttypnr": 1811, "objekttyp": "Lokalgata liten", "avfartsvag_pafartsvag": "Ingen information", "cirkulationsplats": "Nej", "bro_och_tunnel": "Ingen information", "gagata": "Nej", "bussgata": "Nej", "industrivag": "Nej", "gatunamn": null, "vardvagnummer": null, "gastvag1nummer": null, "gastvag2nummer": null, "alternativt_manér": "Nej", "vagutforande": null, "skoterkorning_tillaten": null, "ruskmarkering": null, "rotation": null, "trafikplatsnummer": null }, "geometry": { "type": "LineString", "coordinates": [ [ 14.631079128068372, 61.132837349962585 ], [ 14.631557422307742, 61.132806162589929 ], [ 14.631691768796115, 61.132795314842383 ], [ 14.631909665984846, 61.132776497853072 ], [ 14.632179877143621, 61.132751906106392 ], [ 14.632342994509461, 61.13273688975702 ], [ 14.632905268942588, 61.132689280869378 ], [ 14.633084195991561, 61.132673399641376 ] ] } },
{ "type": "Feature", "properties": { "objektidentitet": "340387b9-7c40-43e4-9ce1-415f6ae2a4e1", "skapad": "2026-03-17T21:00:01", "objekttypnr": 1805, "objekttyp": "Landsväg liten", "avfartsvag_pafartsvag": "Ingen information", "cirkulationsplats": "Nej", "bro_och_tunnel": "Ingen information", "gagata": "Nej", "bussgata": "Nej", "industrivag": "Nej", "gatunamn": null, "vardvagnummer": "993", "gastvag1nummer": null, "gastvag2nummer": null, "alternativt_manér": "Nej", "vagutforande": null, "skoterkorning_tillaten": null, "ruskmarkering": null, "rotation": null, "trafikplatsnummer": null }, "geometry": { "type": "LineString", "coordinates": [ [ 14.633084195991561, 61.132673399641376 ], [ 14.633456741881801, 61.133040121044758 ], [ 14.633771914725054, 61.133357909728524 ], [ 14.63386346696236, 61.133443159713629 ] ] } },
{ "type": "Feature", "properties": { "objektidentitet": "d05d99af-da43-4b11-b838-5fc16cb7d95c", "skapad": "2026-03-17T21:00:01", "objekttypnr": 1811, "objekttyp": "Lokalgata liten", "avfartsvag_pafartsvag": "Ingen information", "cirkulationsplats": "Nej", "bro_och_tunnel": "Ingen information", "gagata": "Nej", "bussgata": "Nej", "industrivag": "Nej", "gatunamn": null, "vardvagnummer": null, "gastvag1nummer": null, "gastvag2nummer": null, "alternativt_manér": "Nej", "vagutforande": null, "skoterkorning_tillaten": null, "ruskmarkering": null, "rotation": null, "trafikplatsnummer": null }, "geometry": { "type": "LineString", "coordinates": [ [ 14.644591809244666, 61.136537752887889 ], [ 14.644413533643014, 61.136444714219927 ], [ 14.644365850051322, 61.136416479255857 ], [ 14.64431023187538, 61.136382172542838 ], [ 14.644032428988051, 61.136147165881859 ], [ 14.643629514610586, 61.135892374329252 ], [ 14.64334393697936, 61.135685742531521 ], [ 14.643088504682375, 61.135506617078526 ], [ 14.642752921314573, 61.135279319941496 ], [ 14.642587201333054, 61.135170645725616 ], [ 14.642305692233945, 61.134991252068502 ], [ 14.642039738750723, 61.134825671186888 ], [ 14.641850803375373, 61.134709689472636 ], [ 14.641519696396195, 61.134508355866593 ], [ 14.641181881222114, 61.13430294570977 ], [ 14.640317796511388, 61.133791492208054 ], [ 14.639825726084712, 61.133510595924434 ], [ 14.639170787071775, 61.133113036828874 ], [ 14.639068608338441, 61.13307760700345 ], [ 14.638992223276846, 61.133056475970989 ], [ 14.638926159507481, 61.133043668048906 ], [ 14.638853337067468, 61.133037368566555 ], [ 14.638771758432865, 61.133030444553135 ], [ 14.638692869607267, 61.133030215834069 ], [ 14.638479492379634, 61.133043660302754 ] ] } },
{ "type": "Feature", "properties": { "objektidentitet": "f9624575-327f-49fe-a829-90bc716d3b31", "skapad": "2026-03-17T21:00:01", "objekttypnr": 1811, "objekttyp": "Lokalgata liten", "avfartsvag_pafartsvag": "Ingen information", "cirkulationsplats": "Nej", "bro_och_tunnel": "Ingen information", "gagata": "Nej", "bussgata": "Nej", "industrivag": "Nej", "gatunamn": null, "vardvagnummer": null, "gastvag1nummer": null, "gastvag2nummer": null, "alternativt_manér": "Nej", "vagutforande": null, "skoterkorning_tillaten": null, "ruskmarkering": null, "rotation": null, "trafikplatsnummer": null }, "geometry": { "type": "LineString", "coordinates": [ [ 14.637828248810225, 61.133120312985639 ], [ 14.638336811603738, 61.133059295404991 ], [ 14.638479492379634, 61.133043660302754 ] ] } },
{ "type": "Feature", "properties": { "objektidentitet": "fd0064e4-d4fc-4efe-bcf4-f2f5a293f9d2", "skapad": "2026-03-17T21:00:01", "objekttypnr": 1811, "objekttyp": "Lokalgata liten", "avfartsvag_pafartsvag": "Ingen information", "cirkulationsplats": "Nej", "bro_och_tunnel": "Ingen information", "gagata": "Nej", "bussgata": "Nej", "industrivag": "Nej", "gatunamn": null, "vardvagnummer": null, "gastvag1nummer": null, "gastvag2nummer": null, "alternativt_manér": "Nej", "vagutforande": null, "skoterkorning_tillaten": null, "ruskmarkering": null, "rotation": null, "trafikplatsnummer": null }, "geometry": { "type": "LineString", "coordinates": [ [ 14.638479492379634, 61.133043660302754 ], [ 14.638246661290424, 61.13329213672003 ] ] } },
{ "type": "Feature", "properties": { "objektidentitet": "5dd7f18e-daa7-4672-ae5a-139a850ddfe9", "skapad": "2026-03-17T21:00:01", "objekttypnr": 1811, "objekttyp": "Lokalgata liten", "avfartsvag_pafartsvag": "Ingen information", "cirkulationsplats": "Nej", "bro_och_tunnel": "Ingen information", "gagata": "Nej", "bussgata": "Nej", "industrivag": "Nej", "gatunamn": null, "vardvagnummer": null, "gastvag1nummer": null, "gastvag2nummer": null, "alternativt_manér": "Nej", "vagutforande": null, "skoterkorning_tillaten": null, "ruskmarkering": null, "rotation": null, "trafikplatsnummer": null }, "geometry": { "type": "LineString", "coordinates": [ [ 14.638246661290424, 61.13329213672003 ], [ 14.638167969335585, 61.133248679979125 ], [ 14.638087991838617, 61.133210481018843 ], [ 14.63804248123447, 61.133191236471035 ], [ 14.637986569950259, 61.13316739434417 ], [ 14.637828248810225, 61.133120312985639 ] ] } },
{ "type": "Feature", "properties": { "objektidentitet": "a36f54d6-ac67-4352-8949-282bb6dcc8ee", "skapad": "2026-03-17T21:00:01", "objekttypnr": 1811, "objekttyp": "Lokalgata liten", "avfartsvag_pafartsvag": "Ingen information", "cirkulationsplats": "Nej", "bro_och_tunnel": "Ingen information", "gagata": "Nej", "bussgata": "Nej", "industrivag": "Nej", "gatunamn": null, "vardvagnummer": null, "gastvag1nummer": null, "gastvag2nummer": null, "alternativt_manér": "Nej", "vagutforande": null, "skoterkorning_tillaten": null, "ruskmarkering": null, "rotation": null, "trafikplatsnummer": null }, "geometry": { "type": "LineString", "coordinates": [ [ 14.637828248810225, 61.133120312985639 ], [ 14.637490308249962, 61.133162537605266 ], [ 14.6370837321672, 61.133204074274552 ], [ 14.63679357485023, 61.133219401973747 ], [ 14.636686441319718, 61.133221098520416 ], [ 14.636566547963223, 61.133219959523011 ], [ 14.636459954200321, 61.133211862228748 ], [ 14.636183998205151, 61.13319347910916 ], [ 14.636106628366523, 61.133193522565051 ], [ 14.636045856800806, 61.133198476536158 ], [ 14.635987007300088, 61.133200984612692 ], [ 14.63591041700035, 61.133209136891566 ], [ 14.635832805359319, 61.133222134206491 ], [ 14.635696485471744, 61.133251142710847 ], [ 14.63529825068786, 61.133361206370921 ], [ 14.634118453126353, 61.133680612490174 ] ] } },
{ "type": "Feature", "properties": { "objektidentitet": "ca30d3f1-0ad0-4701-9c7a-e4189452723f", "skapad": "2026-03-17T21:00:01", "objekttypnr": 1811, "objekttyp": "Lokalgata liten", "avfartsvag_pafartsvag": "Ingen information", "cirkulationsplats": "Nej", "bro_och_tunnel": "Ingen information", "gagata": "Nej", "bussgata": "Nej", "industrivag": "Nej", "gatunamn": null, "vardvagnummer": null, "gastvag1nummer": null, "gastvag2nummer": null, "alternativt_manér": "Nej", "vagutforande": null, "skoterkorning_tillaten": null, "ruskmarkering": null, "rotation": null, "trafikplatsnummer": null }, "geometry": { "type": "LineString", "coordinates": [ [ 14.638246661290424, 61.13329213672003 ], [ 14.638671521287598, 61.133616742925412 ], [ 14.638881680728762, 61.133783034515922 ] ] } },
{ "type": "Feature", "properties": { "objektidentitet": "f4862b3a-571e-4490-87ad-8c17032a6384", "skapad": "2026-03-17T21:00:01", "objekttypnr": 1805, "objekttyp": "Landsväg liten", "avfartsvag_pafartsvag": "Ingen information", "cirkulationsplats": "Nej", "bro_och_tunnel": "Ingen information", "gagata": "Nej", "bussgata": "Nej", "industrivag": "Nej", "gatunamn": null, "vardvagnummer": "993", "gastvag1nummer": null, "gastvag2nummer": null, "alternativt_manér": "Nej", "vagutforande": null, "skoterkorning_tillaten": null, "ruskmarkering": null, "rotation": null, "trafikplatsnummer": null }, "geometry": { "type": "LineString", "coordinates": [ [ 14.63386346696236, 61.133443159713629 ], [ 14.634118453126353, 61.133680612490174 ] ] } },
{ "type": "Feature", "properties": { "objektidentitet": "05f5284a-8e06-461d-971d-cfa105d43647", "skapad": "2026-03-17T21:00:01", "objekttypnr": 1811, "objekttyp": "Lokalgata liten", "avfartsvag_pafartsvag": "Ingen information", "cirkulationsplats": "Nej", "bro_och_tunnel": "Ingen information", "gagata": "Nej", "bussgata": "Nej", "industrivag": "Nej", "gatunamn": null, "vardvagnummer": null, "gastvag1nummer": null, "gastvag2nummer": null, "alternativt_manér": "Nej", "vagutforande": null, "skoterkorning_tillaten": null, "ruskmarkering": null, "rotation": null, "trafikplatsnummer": null }, "geometry": { "type": "LineString", "coordinates": [ [ 14.63386346696236, 61.133443159713629 ], [ 14.633692010920866, 61.133472546751612 ], [ 14.633615111185696, 61.133480032490354 ], [ 14.633538026069182, 61.133484294838894 ], [ 14.633177984458893, 61.133476567769691 ], [ 14.632507595587805, 61.133442850616561 ], [ 14.632248592642703, 61.13346271497835 ], [ 14.632202770670805, 61.133483293295598 ], [ 14.632156480082045, 61.133502649461718 ], [ 14.632093600974729, 61.133508323077088 ], [ 14.632080951883292, 61.133534261309457 ], [ 14.631998286278947, 61.133665481057029 ], [ 14.631944956089587, 61.133812698057213 ], [ 14.631915509612226, 61.133879574379904 ], [ 14.631869791998376, 61.133961328008915 ], [ 14.631818749227779, 61.134058679146285 ], [ 14.631787983541496, 61.134139952592037 ], [ 14.631777081856349, 61.134197596305789 ], [ 14.631776657668302, 61.134254775091151 ], [ 14.631785369937115, 61.134300693441475 ], [ 14.631800708113369, 61.134348452346316 ], [ 14.631829983039077, 61.134406430049602 ], [ 14.631869824612647, 61.134462703561731 ], [ 14.631914794862682, 61.13451546295358 ], [ 14.631983523869156, 61.134584913792018 ], [ 14.632155498353406, 61.134725570075048 ], [ 14.632242772638412, 61.134784271116956 ], [ 14.632335436453817, 61.134840993256852 ], [ 14.632560899078131, 61.134977700784169 ], [ 14.632613905635377, 61.135013351890009 ], [ 14.632662542688676, 61.135051136935246 ], [ 14.632708005461827, 61.135090457505704 ], [ 14.632747231134184, 61.135132804518101 ], [ 14.632776554093059, 61.135167673170315 ], [ 14.632833979256107, 61.13528023153787 ], [ 14.632848304167299, 61.13534665227531 ], [ 14.632849325160091, 61.135391481422936 ], [ 14.632840446830187, 61.135454104557915 ], [ 14.632772431964531, 61.135631519409415 ] ] } },
{ "type": "Feature", "properties": { "objektidentitet": "2c85c1bf-8e03-4edf-8329-8e6330ffb959", "skapad": "2026-03-17T21:00:01", "objekttypnr": 1805, "objekttyp": "Landsväg liten", "avfartsvag_pafartsvag": "Ingen information", "cirkulationsplats": "Nej", "bro_och_tunnel": "Ingen information", "gagata": "Nej", "bussgata": "Nej", "industrivag": "Nej", "gatunamn": null, "vardvagnummer": "993", "gastvag1nummer": null, "gastvag2nummer": null, "alternativt_manér": "Nej", "vagutforande": null, "skoterkorning_tillaten": null, "ruskmarkering": null, "rotation": null, "trafikplatsnummer": null }, "geometry": { "type": "LineString", "coordinates": [ [ 14.634118453126353, 61.133680612490174 ], [ 14.634477917026736, 61.134013323822749 ], [ 14.63463127522604, 61.134150856154122 ], [ 14.634774287934686, 61.134271105304165 ], [ 14.635555101254507, 61.134973597574849 ] ] } },
{ "type": "Feature", "properties": { "objektidentitet": "feaf15f5-b025-4298-a71f-276d6d429940", "skapad": "2026-03-17T21:00:01", "objekttypnr": 1805, "objekttyp": "Landsväg liten", "avfartsvag_pafartsvag": "Ingen information", "cirkulationsplats": "Nej", "bro_och_tunnel": "Ingen information", "gagata": "Nej", "bussgata": "Nej", "industrivag": "Nej", "gatunamn": null, "vardvagnummer": "993", "gastvag1nummer": null, "gastvag2nummer": null, "alternativt_manér": "Nej", "vagutforande": null, "skoterkorning_tillaten": null, "ruskmarkering": null, "rotation": null, "trafikplatsnummer": null }, "geometry": { "type": "LineString", "coordinates": [ [ 14.635555101254507, 61.134973597574849 ], [ 14.635598031837521, 61.135012219092836 ], [ 14.63593446341388, 61.135293412341653 ], [ 14.636119233609385, 61.135438990992533 ], [ 14.636257883484493, 61.135540777165509 ], [ 14.636361675496447, 61.135612340063005 ] ] } },
{ "type": "Feature", "properties": { "objektidentitet": "311c05ca-0803-40d9-beb3-d854ac84c008", "skapad": "2026-03-17T21:00:01", "objekttypnr": 1811, "objekttyp": "Lokalgata liten", "avfartsvag_pafartsvag": "Ingen information", "cirkulationsplats": "Nej", "bro_och_tunnel": "Ingen information", "gagata": "Nej", "bussgata": "Nej", "industrivag": "Nej", "gatunamn": null, "vardvagnummer": null, "gastvag1nummer": null, "gastvag2nummer": null, "alternativt_manér": "Nej", "vagutforande": null, "skoterkorning_tillaten": null, "ruskmarkering": null, "rotation": null, "trafikplatsnummer": null }, "geometry": { "type": "LineString", "coordinates": [ [ 14.635555101254507, 61.134973597574849 ], [ 14.635271412362711, 61.135048067388489 ], [ 14.634631936463171, 61.135202843372035 ], [ 14.634425328285804, 61.135250927166965 ], [ 14.634124020586279, 61.135324718739696 ], [ 14.633728455039147, 61.135421237463078 ], [ 14.633519172304364, 61.135472346982645 ], [ 14.633108999264993, 61.135571230440888 ], [ 14.633022091986827, 61.135591006371847 ], [ 14.632957303303463, 61.135605679889046 ], [ 14.632772431964531, 61.135631519409415 ] ] } },
{ "type": "Feature", "properties": { "objektidentitet": "d7a33770-7067-4b6a-aae9-5bcec06e3799", "skapad": "2026-03-17T21:00:01", "objekttypnr": 1811, "objekttyp": "Lokalgata liten", "avfartsvag_pafartsvag": "Ingen information", "cirkulationsplats": "Nej", "bro_och_tunnel": "Ingen information", "gagata": "Nej", "bussgata": "Nej", "industrivag": "Nej", "gatunamn": null, "vardvagnummer": null, "gastvag1nummer": null, "gastvag2nummer": null, "alternativt_manér": "Nej", "vagutforande": null, "skoterkorning_tillaten": null, "ruskmarkering": null, "rotation": null, "trafikplatsnummer": null }, "geometry": { "type": "LineString", "coordinates": [ [ 14.643256294029573, 61.137300791373377 ], [ 14.643212150250251, 61.13727974775599 ], [ 14.643144678275675, 61.137244331745499 ], [ 14.643061818536147, 61.137195220162951 ], [ 14.642984806064131, 61.137147928396438 ], [ 14.642797296441465, 61.137017623167857 ], [ 14.642112787224223, 61.136540528839475 ], [ 14.641812511603712, 61.136328576150291 ], [ 14.641535108971173, 61.136140232066452 ], [ 14.640731290921584, 61.135616291374589 ] ] } },
{ "type": "Feature", "properties": { "objektidentitet": "225c87ce-5f26-431a-97b4-77748bc975d4", "skapad": "2026-03-17T21:00:01", "objekttypnr": 1805, "objekttyp": "Landsväg liten", "avfartsvag_pafartsvag": "Ingen information", "cirkulationsplats": "Nej", "bro_och_tunnel": "Ingen information", "gagata": "Nej", "bussgata": "Nej", "industrivag": "Nej", "gatunamn": null, "vardvagnummer": "993", "gastvag1nummer": null, "gastvag2nummer": null, "alternativt_manér": "Nej", "vagutforande": null, "skoterkorning_tillaten": null, "ruskmarkering": null, "rotation": null, "trafikplatsnummer": null }, "geometry": { "type": "LineString", "coordinates": [ [ 14.636361675496447, 61.135612340063005 ], [ 14.636566067074634, 61.135745832622405 ], [ 14.636798683425395, 61.135885891796228 ], [ 14.636944048894264, 61.135969183179384 ] ] } },
{ "type": "Feature", "properties": { "objektidentitet": "c6f27669-fef6-46d7-9622-bcf5b1a46c12", "skapad": "2026-03-17T21:00:01", "objekttypnr": 1811, "objekttyp": "Lokalgata liten", "avfartsvag_pafartsvag": "Ingen information", "cirkulationsplats": "Nej", "bro_och_tunnel": "Ingen information", "gagata": "Nej", "bussgata": "Nej", "industrivag": "Nej", "gatunamn": null, "vardvagnummer": null, "gastvag1nummer": null, "gastvag2nummer": null, "alternativt_manér": "Nej", "vagutforande": null, "skoterkorning_tillaten": null, "ruskmarkering": null, "rotation": null, "trafikplatsnummer": null }, "geometry": { "type": "LineString", "coordinates": [ [ 14.636361675496447, 61.135612340063005 ], [ 14.636141497754382, 61.135671369811526 ], [ 14.635998381299887, 61.135707605515833 ], [ 14.634905049048855, 61.135967763992056 ], [ 14.634486844772036, 61.136065687184008 ], [ 14.633969472537636, 61.136189933228124 ], [ 14.633409380695429, 61.136324404094431 ], [ 14.632872175688604, 61.136452803042332 ], [ 14.632602708175984, 61.136513004036303 ] ] } },
{ "type": "Feature", "properties": { "objektidentitet": "f6124139-3245-45e3-97f0-adaa551f9f47", "skapad": "2026-03-17T21:00:01", "objekttypnr": 1811, "objekttyp": "Lokalgata liten", "avfartsvag_pafartsvag": "Ingen information", "cirkulationsplats": "Nej", "bro_och_tunnel": "Ingen information", "gagata": "Nej", "bussgata": "Nej", "industrivag": "Nej", "gatunamn": null, "vardvagnummer": null, "gastvag1nummer": null, "gastvag2nummer": null, "alternativt_manér": "Nej", "vagutforande": null, "skoterkorning_tillaten": null, "ruskmarkering": null, "rotation": null, "trafikplatsnummer": null }, "geometry": { "type": "LineString", "coordinates": [ [ 14.632772431964531, 61.135631519409415 ], [ 14.632733888448643, 61.135707869865151 ], [ 14.632696778986992, 61.135777437134259 ], [ 14.632642010378376, 61.135902977980749 ], [ 14.632605591393235, 61.136005782962087 ], [ 14.632568262665734, 61.136164517123703 ], [ 14.632559804657779, 61.136251623806594 ], [ 14.632564092784589, 61.136342841395106 ], [ 14.632570447470174, 61.136393655076816 ], [ 14.632579074968756, 61.136437409496857 ], [ 14.632602708175984, 61.136513004036303 ] ] } },
{ "type": "Feature", "properties": { "objektidentitet": "f50c0346-cbae-4219-bd79-2ab77684d4dc", "skapad": "2026-03-17T21:00:01", "objekttypnr": 1811, "objekttyp": "Lokalgata liten", "avfartsvag_pafartsvag": "Ingen information", "cirkulationsplats": "Nej", "bro_och_tunnel": "Ingen information", "gagata": "Nej", "bussgata": "Nej", "industrivag": "Nej", "gatunamn": null, "vardvagnummer": null, "gastvag1nummer": null, "gastvag2nummer": null, "alternativt_manér": "Nej", "vagutforande": null, "skoterkorning_tillaten": null, "ruskmarkering": null, "rotation": null, "trafikplatsnummer": null }, "geometry": { "type": "LineString", "coordinates": [ [ 14.638686897937855, 61.136879090601624 ], [ 14.638947393005147, 61.136795681603431 ], [ 14.639089588594372, 61.136705196690606 ], [ 14.639114009701361, 61.136677304773706 ], [ 14.639131200888027, 61.136649968383999 ], [ 14.639142717727642, 61.136621970264002 ], [ 14.639159676658664, 61.136595441221999 ], [ 14.639168290671428, 61.136569598988984 ], [ 14.639146123403366, 61.13653341325093 ], [ 14.63908280695323, 61.136485841512211 ], [ 14.637873456984583, 61.135710840965281 ], [ 14.637815863972268, 61.135702149014286 ], [ 14.637759951507164, 61.135695876409258 ], [ 14.637713551418463, 61.135692376460938 ], [ 14.637671625342822, 61.135690594284767 ], [ 14.637604701224063, 61.1357054349956 ], [ 14.636944048894264, 61.135969183179384 ] ] } },
{ "type": "Feature", "properties": { "objektidentitet": "9a6d35d2-2fa3-42ae-b7e0-eca0ab11f8bd", "skapad": "2026-03-17T21:00:01", "objekttypnr": 1805, "objekttyp": "Landsväg liten", "avfartsvag_pafartsvag": "Ingen information", "cirkulationsplats": "Nej", "bro_och_tunnel": "Ingen information", "gagata": "Nej", "bussgata": "Nej", "industrivag": "Nej", "gatunamn": null, "vardvagnummer": "993", "gastvag1nummer": null, "gastvag2nummer": null, "alternativt_manér": "Nej", "vagutforande": null, "skoterkorning_tillaten": null, "ruskmarkering": null, "rotation": null, "trafikplatsnummer": null }, "geometry": { "type": "LineString", "coordinates": [ [ 14.636944048894264, 61.135969183179384 ], [ 14.637574268932488, 61.136293598267883 ] ] } },
{ "type": "Feature", "properties": { "objektidentitet": "1232389b-0768-43c9-858f-07a736696ace", "skapad": "2026-03-17T21:00:01", "objekttypnr": 1805, "objekttyp": "Landsväg liten", "avfartsvag_pafartsvag": "Ingen information", "cirkulationsplats": "Nej", "bro_och_tunnel": "Ingen information", "gagata": "Nej", "bussgata": "Nej", "industrivag": "Nej", "gatunamn": null, "vardvagnummer": "993", "gastvag1nummer": null, "gastvag2nummer": null, "alternativt_manér": "Nej", "vagutforande": null, "skoterkorning_tillaten": null, "ruskmarkering": null, "rotation": null, "trafikplatsnummer": null }, "geometry": { "type": "LineString", "coordinates": [ [ 14.637574268932488, 61.136293598267883 ], [ 14.637860281717073, 61.13644157336357 ], [ 14.638063074860126, 61.136542119943073 ], [ 14.638257120939089, 61.136641242238781 ], [ 14.638609563009419, 61.136837918402058 ], [ 14.638686897937855, 61.136879090601624 ] ] } },
{ "type": "Feature", "properties": { "objektidentitet": "8dd9da61-564f-47a2-8105-f4113d56071d", "skapad": "2026-03-17T21:00:01", "objekttypnr": 1811, "objekttyp": "Lokalgata liten", "avfartsvag_pafartsvag": "Ingen information", "cirkulationsplats": "Nej", "bro_och_tunnel": "Ingen information", "gagata": "Nej", "bussgata": "Nej", "industrivag": "Nej", "gatunamn": null, "vardvagnummer": null, "gastvag1nummer": null, "gastvag2nummer": null, "alternativt_manér": "Nej", "vagutforande": null, "skoterkorning_tillaten": null, "ruskmarkering": null, "rotation": null, "trafikplatsnummer": null }, "geometry": { "type": "LineString", "coordinates": [ [ 14.633248496632525, 61.137064494868639 ], [ 14.633349555026706, 61.137097833898956 ], [ 14.633429784854648, 61.137117793539034 ], [ 14.633537308317571, 61.137136471390647 ], [ 14.633629994673116, 61.137145538543095 ], [ 14.633733331363779, 61.13714735367963 ], [ 14.633842630009939, 61.137142630688139 ], [ 14.633936595814387, 61.137131007281162 ], [ 14.634038086415922, 61.137115831169218 ], [ 14.634146448495093, 61.137095744361396 ], [ 14.634549324819719, 61.137007854011387 ], [ 14.635382435913767, 61.136808396659546 ], [ 14.635768122726889, 61.13671616472709 ], [ 14.636129002288696, 61.136631720585044 ], [ 14.637574268932488, 61.136293598267883 ] ] } },
{ "type": "Feature", "properties": { "objektidentitet": "039b3b63-5ac9-4ed5-8fc0-72a45078b768", "skapad": "2026-03-17T21:00:01", "objekttypnr": 1811, "objekttyp": "Lokalgata liten", "avfartsvag_pafartsvag": "Ingen information", "cirkulationsplats": "Nej", "bro_och_tunnel": "Ingen information", "gagata": "Nej", "bussgata": "Nej", "industrivag": "Nej", "gatunamn": null, "vardvagnummer": null, "gastvag1nummer": null, "gastvag2nummer": null, "alternativt_manér": "Nej", "vagutforande": null, "skoterkorning_tillaten": null, "ruskmarkering": null, "rotation": null, "trafikplatsnummer": null }, "geometry": { "type": "LineString", "coordinates": [ [ 14.632602708175984, 61.136513004036303 ], [ 14.632645040664121, 61.136596576714588 ], [ 14.632727517966376, 61.136707506342212 ] ] } },
{ "type": "Feature", "properties": { "objektidentitet": "8c379468-c32c-45fd-86de-e8f28c926717", "skapad": "2026-03-17T21:00:01", "objekttypnr": 1811, "objekttyp": "Lokalgata liten", "avfartsvag_pafartsvag": "Ingen information", "cirkulationsplats": "Nej", "bro_och_tunnel": "Ingen information", "gagata": "Nej", "bussgata": "Nej", "industrivag": "Nej", "gatunamn": null, "vardvagnummer": null, "gastvag1nummer": null, "gastvag2nummer": null, "alternativt_manér": "Nej", "vagutforande": null, "skoterkorning_tillaten": null, "ruskmarkering": null, "rotation": null, "trafikplatsnummer": null }, "geometry": { "type": "LineString", "coordinates": [ [ 14.632727517966376, 61.136707506342212 ], [ 14.632220674922898, 61.136815838445017 ], [ 14.632129845652436, 61.13683241619546 ], [ 14.632034228384905, 61.136840756765586 ], [ 14.631995692997377, 61.136841118834511 ] ] } },
{ "type": "Feature", "properties": { "objektidentitet": "18dd42b3-532a-43c1-849d-36db0199e93a", "skapad": "2026-03-17T21:00:01", "objekttypnr": 1811, "objekttyp": "Lokalgata liten", "avfartsvag_pafartsvag": "Ingen information", "cirkulationsplats": "Nej", "bro_och_tunnel": "Ingen information", "gagata": "Nej", "bussgata": "Nej", "industrivag": "Nej", "gatunamn": null, "vardvagnummer": null, "gastvag1nummer": null, "gastvag2nummer": null, "alternativt_manér": "Nej", "vagutforande": null, "skoterkorning_tillaten": null, "ruskmarkering": null, "rotation": null, "trafikplatsnummer": null }, "geometry": { "type": "LineString", "coordinates": [ [ 14.632727517966376, 61.136707506342212 ], [ 14.632808434734176, 61.136789747201227 ], [ 14.632858034820922, 61.136832795764377 ], [ 14.632928804316673, 61.13688702538068 ], [ 14.633001473753753, 61.136937578898284 ], [ 14.63305814966731, 61.136972575633578 ], [ 14.633118059398392, 61.137005776397331 ], [ 14.633209180785416, 61.137048865615888 ], [ 14.633248496632525, 61.137064494868639 ] ] } },
{ "type": "Feature", "properties": { "objektidentitet": "2834a934-e648-4d00-b8ca-e0bdb3ed1124", "skapad": "2026-03-17T21:00:01", "objekttypnr": 1805, "objekttyp": "Landsväg liten", "avfartsvag_pafartsvag": "Ingen information", "cirkulationsplats": "Nej", "bro_och_tunnel": "Ingen information", "gagata": "Nej", "bussgata": "Nej", "industrivag": "Nej", "gatunamn": null, "vardvagnummer": "990", "gastvag1nummer": null, "gastvag2nummer": null, "alternativt_manér": "Nej", "vagutforande": null, "skoterkorning_tillaten": null, "ruskmarkering": null, "rotation": null, "trafikplatsnummer": null }, "geometry": { "type": "LineString", "coordinates": [ [ 14.643812276699917, 61.136998051668698 ], [ 14.64368087621116, 61.137077509597475 ], [ 14.64350867679522, 61.137185095052395 ], [ 14.643440516439847, 61.13723214763305 ], [ 14.643369162536267, 61.137285709775369 ], [ 14.643319506774571, 61.137328609561521 ] ] } },
{ "type": "Feature", "properties": { "objektidentitet": "a61a0632-090e-4ddf-bc77-eff9a4fd7440", "skapad": "2026-03-17T21:00:01", "objekttypnr": 1807, "objekttyp": "Småväg enkel standard", "avfartsvag_pafartsvag": "Ingen information", "cirkulationsplats": "Nej", "bro_och_tunnel": "Ingen information", "gagata": "Nej", "bussgata": "Nej", "industrivag": "Nej", "gatunamn": null, "vardvagnummer": null, "gastvag1nummer": null, "gastvag2nummer": null, "alternativt_manér": "Nej", "vagutforande": null, "skoterkorning_tillaten": null, "ruskmarkering": null, "rotation": null, "trafikplatsnummer": null }, "geometry": { "type": "LineString", "coordinates": [ [ 14.643319506774571, 61.137328609561521 ], [ 14.643256294029573, 61.137300791373377 ] ] } },
{ "type": "Feature", "properties": { "objektidentitet": "9192beb4-cfb5-4599-9914-a13809d1b3dc", "skapad": "2025-12-17T01:00:01", "objekttypnr": 1804, "objekttyp": "Landsväg", "avfartsvag_pafartsvag": "Ingen information", "cirkulationsplats": "Nej", "bro_och_tunnel": "Ingen information", "gagata": "Nej", "bussgata": "Nej", "industrivag": "Nej", "gatunamn": null, "vardvagnummer": "296", "gastvag1nummer": null, "gastvag2nummer": null, "alternativt_manér": "Nej", "vagutforande": null, "skoterkorning_tillaten": null, "ruskmarkering": null, "rotation": null, "trafikplatsnummer": null }, "geometry": { "type": "LineString", "coordinates": [ [ 14.658309588461616, 61.147162916888561 ], [ 14.658771479146047, 61.147297420282108 ], [ 14.658881879033217, 61.147332963427679 ], [ 14.65913782122948, 61.147425047053368 ], [ 14.659237310872703, 61.147464754879948 ], [ 14.659573928405859, 61.147591354086501 ] ] } },
{ "type": "Feature", "properties": { "objektidentitet": "2126bed1-09da-4636-85f3-7d57d30f0dd6", "skapad": "2026-03-04T08:00:01", "objekttypnr": 1804, "objekttyp": "Landsväg", "avfartsvag_pafartsvag": "Ingen information", "cirkulationsplats": "Nej", "bro_och_tunnel": "Ingen information", "gagata": "Nej", "bussgata": "Nej", "industrivag": "Nej", "gatunamn": null, "vardvagnummer": "E45", "gastvag1nummer": null, "gastvag2nummer": null, "alternativt_manér": "Nej", "vagutforande": null, "skoterkorning_tillaten": null, "ruskmarkering": null, "rotation": null, "trafikplatsnummer": null }, "geometry": { "type": "LineString", "coordinates": [ [ 14.658309588461616, 61.147162916888561 ], [ 14.658250280498841, 61.147281202094376 ], [ 14.658178653213938, 61.147415275249919 ], [ 14.658116144257754, 61.147516862785125 ], [ 14.657985353626916, 61.147714384933828 ], [ 14.657920018895117, 61.147807489921604 ], [ 14.657786489761131, 61.14798662770842 ], [ 14.657497189002441, 61.148360557189065 ], [ 14.656807905944122, 61.149255674641253 ], [ 14.656527570846075, 61.14961101407971 ], [ 14.656024478530506, 61.150266345247168 ], [ 14.65582052560401, 61.150535447682515 ], [ 14.655597615128151, 61.150823768151227 ] ] } },
{ "type": "Feature", "properties": { "objektidentitet": "6945b490-09f4-4493-ab70-74c1902574e7", "skapad": "2026-03-17T21:00:01", "objekttypnr": 1807, "objekttyp": "Småväg enkel standard", "avfartsvag_pafartsvag": "Ingen information", "cirkulationsplats": "Nej", "bro_och_tunnel": "Ingen information", "gagata": "Nej", "bussgata": "Nej", "industrivag": "Nej", "gatunamn": null, "vardvagnummer": null, "gastvag1nummer": null, "gastvag2nummer": null, "alternativt_manér": "Nej", "vagutforande": null, "skoterkorning_tillaten": null, "ruskmarkering": null, "rotation": null, "trafikplatsnummer": null }, "geometry": { "type": "LineString", "coordinates": [ [ 14.655094822054137, 61.14720666327436 ], [ 14.655060170050007, 61.147219404381865 ], [ 14.655013190967336, 61.14723150335778 ], [ 14.65472893717447, 61.1472855072454 ], [ 14.654570919060919, 61.147317558695413 ], [ 14.654505653150109, 61.147330427833424 ], [ 14.654458381945657, 61.147336932831358 ], [ 14.654412911373639, 61.147340147519635 ], [ 14.654360037937618, 61.147340874448652 ], [ 14.654314455628489, 61.14733730149684 ] ] } },
{ "type": "Feature", "properties": { "objektidentitet": "915a5d80-d56c-4b14-9a7f-068cac112783", "skapad": "2026-03-17T21:00:01", "objekttypnr": 1807, "objekttyp": "Småväg enkel standard", "avfartsvag_pafartsvag": "Ingen information", "cirkulationsplats": "Nej", "bro_och_tunnel": "Ingen information", "gagata": "Nej", "bussgata": "Nej", "industrivag": "Nej", "gatunamn": null, "vardvagnummer": null, "gastvag1nummer": null, "gastvag2nummer": null, "alternativt_manér": "Nej", "vagutforande": null, "skoterkorning_tillaten": null, "ruskmarkering": null, "rotation": null, "trafikplatsnummer": null }, "geometry": { "type": "LineString", "coordinates": [ [ 14.655094822054137, 61.14720666327436 ], [ 14.655207134331954, 61.147298092094658 ], [ 14.655241085101551, 61.147332635474974 ], [ 14.65527043082631, 61.147367005468958 ] ] } },
{ "type": "Feature", "properties": { "objektidentitet": "54bf00e3-b652-4aaa-bbc0-3ef380b7bc37", "skapad": "2026-03-17T21:00:01", "objekttypnr": 1807, "objekttyp": "Småväg enkel standard", "avfartsvag_pafartsvag": "Ingen information", "cirkulationsplats": "Nej", "bro_och_tunnel": "Ingen information", "gagata": "Nej", "bussgata": "Nej", "industrivag": "Nej", "gatunamn": null, "vardvagnummer": null, "gastvag1nummer": null, "gastvag2nummer": null, "alternativt_manér": "Nej", "vagutforande": null, "skoterkorning_tillaten": null, "ruskmarkering": null, "rotation": null, "trafikplatsnummer": null }, "geometry": { "type": "LineString", "coordinates": [ [ 14.659573928405859, 61.147591354086501 ], [ 14.65979281066857, 61.147554484728552 ], [ 14.660200270252151, 61.147488318683557 ], [ 14.660393772315251, 61.147458827315219 ], [ 14.66055989467757, 61.147434429622422 ], [ 14.661421651007331, 61.147319589373204 ] ] } },
{ "type": "Feature", "properties": { "objektidentitet": "cb74183c-8cb4-488a-9ee7-c4c5ee68df04", "skapad": "2026-03-17T21:00:01", "objekttypnr": 1807, "objekttyp": "Småväg enkel standard", "avfartsvag_pafartsvag": "Ingen information", "cirkulationsplats": "Nej", "bro_och_tunnel": "Ingen information", "gagata": "Nej", "bussgata": "Nej", "industrivag": "Nej", "gatunamn": null, "vardvagnummer": null, "gastvag1nummer": null, "gastvag2nummer": null, "alternativt_manér": "Nej", "vagutforande": null, "skoterkorning_tillaten": null, "ruskmarkering": null, "rotation": null, "trafikplatsnummer": null }, "geometry": { "type": "LineString", "coordinates": [ [ 14.654089472375952, 61.14780060051271 ], [ 14.654107048181537, 61.147713722345458 ], [ 14.654121870453418, 61.147666285687542 ], [ 14.654145543879448, 61.147611213613501 ], [ 14.654178178768094, 61.147550283712647 ], [ 14.654243698121999, 61.147446362582343 ], [ 14.654314455628489, 61.14733730149684 ] ] } },
{ "type": "Feature", "properties": { "objektidentitet": "e794a975-a3b6-4aec-a287-8a2431774908", "skapad": "2026-03-17T21:00:01", "objekttypnr": 1807, "objekttyp": "Småväg enkel standard", "avfartsvag_pafartsvag": "Ingen information", "cirkulationsplats": "Nej", "bro_och_tunnel": "Ingen information", "gagata": "Nej", "bussgata": "Nej", "industrivag": "Nej", "gatunamn": null, "vardvagnummer": null, "gastvag1nummer": null, "gastvag2nummer": null, "alternativt_manér": "Nej", "vagutforande": null, "skoterkorning_tillaten": null, "ruskmarkering": null, "rotation": null, "trafikplatsnummer": null }, "geometry": { "type": "LineString", "coordinates": [ [ 14.654223940080797, 61.147741322639547 ], [ 14.654368987526647, 61.147675930649328 ], [ 14.654453058251008, 61.147638788603267 ], [ 14.654597189897849, 61.147577227841644 ], [ 14.654784237862025, 61.147504805390263 ], [ 14.654903020137724, 61.147464681095201 ], [ 14.655001299102901, 61.147434416231235 ], [ 14.655083841319032, 61.14741122153832 ], [ 14.65527043082631, 61.147367005468958 ] ] } },
{ "type": "Feature", "properties": { "objektidentitet": "8071e38e-632e-4291-a4b2-0898b8246dd6", "skapad": "2026-03-17T21:00:01", "objekttypnr": 1807, "objekttyp": "Småväg enkel standard", "avfartsvag_pafartsvag": "Ingen information", "cirkulationsplats": "Nej", "bro_och_tunnel": "Ingen information", "gagata": "Nej", "bussgata": "Nej", "industrivag": "Nej", "gatunamn": null, "vardvagnummer": null, "gastvag1nummer": null, "gastvag2nummer": null, "alternativt_manér": "Nej", "vagutforande": null, "skoterkorning_tillaten": null, "ruskmarkering": null, "rotation": null, "trafikplatsnummer": null }, "geometry": { "type": "LineString", "coordinates": [ [ 14.65527043082631, 61.147367005468958 ], [ 14.655301358037688, 61.147409683835782 ], [ 14.655326567597022, 61.147452042420404 ], [ 14.655349309807203, 61.147497527959118 ], [ 14.655363017969128, 61.147538465701039 ], [ 14.655374711925095, 61.147590387126009 ], [ 14.65538227604482, 61.147654777027967 ], [ 14.655385899259588, 61.147770572912243 ], [ 14.6553783752627, 61.147908704076386 ], [ 14.65536281620796, 61.148008551473993 ], [ 14.655341918730088, 61.148081792995008 ], [ 14.655323414445139, 61.14813146485308 ], [ 14.655297480851951, 61.148181019154912 ], [ 14.655274598506342, 61.148223317998237 ] ] } },
{ "type": "Feature", "properties": { "objektidentitet": "f6eb682b-3afa-46cd-b8f2-a7f869daa76f", "skapad": "2025-12-17T01:00:01", "objekttypnr": 1804, "objekttyp": "Landsväg", "avfartsvag_pafartsvag": "Ingen information", "cirkulationsplats": "Nej", "bro_och_tunnel": "Ingen information", "gagata": "Nej", "bussgata": "Nej", "industrivag": "Nej", "gatunamn": null, "vardvagnummer": "296", "gastvag1nummer": null, "gastvag2nummer": null, "alternativt_manér": "Nej", "vagutforande": null, "skoterkorning_tillaten": null, "ruskmarkering": null, "rotation": null, "trafikplatsnummer": null }, "geometry": { "type": "LineString", "coordinates": [ [ 14.659573928405859, 61.147591354086501 ], [ 14.659866185390518, 61.147702865750162 ], [ 14.660350148889775, 61.147893593409229 ], [ 14.660885356486878, 61.148097591114208 ], [ 14.661290665245279, 61.148256884241327 ], [ 14.661764672522219, 61.148447438315912 ], [ 14.662001828534612, 61.148548626781555 ] ] } },
{ "type": "Feature", "properties": { "objektidentitet": "5f08dd79-1c9c-4126-95af-cab168f69e13", "skapad": "2026-03-17T21:00:01", "objekttypnr": 1807, "objekttyp": "Småväg enkel standard", "avfartsvag_pafartsvag": "Ingen information", "cirkulationsplats": "Nej", "bro_och_tunnel": "Ingen information", "gagata": "Nej", "bussgata": "Nej", "industrivag": "Nej", "gatunamn": null, "vardvagnummer": null, "gastvag1nummer": null, "gastvag2nummer": null, "alternativt_manér": "Nej", "vagutforande": null, "skoterkorning_tillaten": null, "ruskmarkering": null, "rotation": null, "trafikplatsnummer": null }, "geometry": { "type": "LineString", "coordinates": [ [ 14.652919887068025, 61.148264658348666 ], [ 14.652865363839636, 61.148197256834109 ], [ 14.652807041775981, 61.148161142082188 ], [ 14.652734387013714, 61.148122665532753 ], [ 14.652682399893147, 61.148098372803922 ], [ 14.652619959737153, 61.148071934535089 ], [ 14.652323997562714, 61.147975031252763 ], [ 14.651867534187607, 61.147843500433773 ], [ 14.651518224285654, 61.147751934750012 ], [ 14.651395651438346, 61.147727621415854 ], [ 14.651327591793349, 61.147717381972896 ], [ 14.651270364196558, 61.147711973559858 ], [ 14.651209108079406, 61.14770972387533 ], [ 14.651152069781267, 61.147712413945982 ], [ 14.651095328767497, 61.147720141345204 ], [ 14.650836455071616, 61.147784392111049 ] ] } },
{ "type": "Feature", "properties": { "objektidentitet": "71aa338a-7b2f-46c3-8730-f2dd2c1d6bcf", "skapad": "2026-03-17T21:00:01", "objekttypnr": 1807, "objekttyp": "Småväg enkel standard", "avfartsvag_pafartsvag": "Ingen information", "cirkulationsplats": "Nej", "bro_och_tunnel": "Ingen information", "gagata": "Nej", "bussgata": "Nej", "industrivag": "Nej", "gatunamn": null, "vardvagnummer": null, "gastvag1nummer": null, "gastvag2nummer": null, "alternativt_manér": "Nej", "vagutforande": null, "skoterkorning_tillaten": null, "ruskmarkering": null, "rotation": null, "trafikplatsnummer": null }, "geometry": { "type": "LineString", "coordinates": [ [ 14.654223940080797, 61.147741322639547 ], [ 14.654089472375952, 61.14780060051271 ] ] } },
{ "type": "Feature", "properties": { "objektidentitet": "27a445c2-b89a-4d50-90a9-c903591da85f", "skapad": "2026-03-17T21:00:01", "objekttypnr": 1807, "objekttyp": "Småväg enkel standard", "avfartsvag_pafartsvag": "Ingen information", "cirkulationsplats": "Nej", "bro_och_tunnel": "Ingen information", "gagata": "Nej", "bussgata": "Nej", "industrivag": "Nej", "gatunamn": null, "vardvagnummer": null, "gastvag1nummer": null, "gastvag2nummer": null, "alternativt_manér": "Nej", "vagutforande": null, "skoterkorning_tillaten": null, "ruskmarkering": null, "rotation": null, "trafikplatsnummer": null }, "geometry": { "type": "LineString", "coordinates": [ [ 14.654223940080797, 61.147741322639547 ], [ 14.654448350378333, 61.147838388981114 ], [ 14.654573673918879, 61.147910414530884 ], [ 14.654645219321987, 61.147955378408447 ], [ 14.654917927125236, 61.14811393938583 ], [ 14.654978042468366, 61.148140819718769 ], [ 14.655043694829008, 61.148167588105558 ], [ 14.655107872678363, 61.148188185126408 ], [ 14.655274598506342, 61.148223317998237 ] ] } },
{ "type": "Feature", "properties": { "objektidentitet": "61c4ad5d-cb02-4a8a-8bd5-5992538fc065", "skapad": "2026-03-17T21:00:01", "objekttypnr": 1807, "objekttyp": "Småväg enkel standard", "avfartsvag_pafartsvag": "Ingen information", "cirkulationsplats": "Nej", "bro_och_tunnel": "Ingen information", "gagata": "Nej", "bussgata": "Nej", "industrivag": "Nej", "gatunamn": null, "vardvagnummer": null, "gastvag1nummer": null, "gastvag2nummer": null, "alternativt_manér": "Nej", "vagutforande": null, "skoterkorning_tillaten": null, "ruskmarkering": null, "rotation": null, "trafikplatsnummer": null }, "geometry": { "type": "LineString", "coordinates": [ [ 14.654089472375952, 61.14780060051271 ], [ 14.65394626013191, 61.147861130727009 ] ] } },
{ "type": "Feature", "properties": { "objektidentitet": "2b66b5e5-fccf-4013-b231-1689f58e9c15", "skapad": "2026-03-17T21:00:01", "objekttypnr": 1807, "objekttyp": "Småväg enkel standard", "avfartsvag_pafartsvag": "Ingen information", "cirkulationsplats": "Nej", "bro_och_tunnel": "Ingen information", "gagata": "Nej", "bussgata": "Nej", "industrivag": "Nej", "gatunamn": null, "vardvagnummer": null, "gastvag1nummer": null, "gastvag2nummer": null, "alternativt_manér": "Nej", "vagutforande": null, "skoterkorning_tillaten": null, "ruskmarkering": null, "rotation": null, "trafikplatsnummer": null }, "geometry": { "type": "LineString", "coordinates": [ [ 14.652919887068025, 61.148264658348666 ], [ 14.653233712432749, 61.148142439965717 ], [ 14.653767456391114, 61.14793691293665 ], [ 14.65394626013191, 61.147861130727009 ] ] } },
{ "type": "Feature", "properties": { "objektidentitet": "7813337b-5b95-460f-b004-f60380d555d9", "skapad": "2026-03-17T21:00:01", "objekttypnr": 1807, "objekttyp": "Småväg enkel standard", "avfartsvag_pafartsvag": "Ingen information", "cirkulationsplats": "Nej", "bro_och_tunnel": "Ingen information", "gagata": "Nej", "bussgata": "Nej", "industrivag": "Nej", "gatunamn": null, "vardvagnummer": null, "gastvag1nummer": null, "gastvag2nummer": null, "alternativt_manér": "Nej", "vagutforande": null, "skoterkorning_tillaten": null, "ruskmarkering": null, "rotation": null, "trafikplatsnummer": null }, "geometry": { "type": "LineString", "coordinates": [ [ 14.65394626013191, 61.147861130727009 ], [ 14.654113896835808, 61.147953644653953 ], [ 14.654144711425852, 61.147975979388669 ], [ 14.654238121335935, 61.148051415852514 ], [ 14.654320054322895, 61.148123232149459 ], [ 14.654364584216818, 61.148161986173427 ], [ 14.654407254432186, 61.148199245253608 ], [ 14.654519311206874, 61.148275106400071 ], [ 14.65464118927177, 61.148344726028718 ], [ 14.65473698614702, 61.148390595590726 ], [ 14.654788130663722, 61.148412290780691 ], [ 14.654840183234867, 61.148432470962476 ], [ 14.654894353944655, 61.148450923871664 ], [ 14.654969630694458, 61.148472455856592 ], [ 14.655106286867795, 61.148503840388912 ], [ 14.655144797974282, 61.148430347612745 ], [ 14.655168352060233, 61.148394604118394 ], [ 14.655234722139923, 61.148290900040188 ], [ 14.655274598506342, 61.148223317998237 ] ] } },
{ "type": "Feature", "properties": { "objektidentitet": "33220ff7-b31d-4997-9655-a037877cf06a", "skapad": "2026-03-17T21:00:01", "objekttypnr": 1807, "objekttyp": "Småväg enkel standard", "avfartsvag_pafartsvag": "Ingen information", "cirkulationsplats": "Nej", "bro_och_tunnel": "Ingen information", "gagata": "Nej", "bussgata": "Nej", "industrivag": "Nej", "gatunamn": null, "vardvagnummer": null, "gastvag1nummer": null, "gastvag2nummer": null, "alternativt_manér": "Nej", "vagutforande": null, "skoterkorning_tillaten": null, "ruskmarkering": null, "rotation": null, "trafikplatsnummer": null }, "geometry": { "type": "LineString", "coordinates": [ [ 14.648868509099424, 61.151052641645748 ], [ 14.648804815989193, 61.150999965293479 ], [ 14.64879582934415, 61.150966059624167 ], [ 14.648795491651642, 61.150942950132418 ], [ 14.648801238728042, 61.150913939818182 ], [ 14.6488158433359, 61.1508802389232 ], [ 14.648874932992767, 61.150818858651093 ], [ 14.648989344215039, 61.150734171555087 ], [ 14.649263026246167, 61.150553385862715 ], [ 14.650335036074077, 61.149756704688151 ], [ 14.650844663504586, 61.149372387945867 ], [ 14.651124642012958, 61.149167751848196 ], [ 14.651349319240259, 61.149009890539865 ], [ 14.65148900300944, 61.14891480749359 ], [ 14.651613269032316, 61.148833097339825 ], [ 14.651713361964399, 61.14876698204111 ], [ 14.651975558051138, 61.148600633516722 ], [ 14.652321305423163, 61.148409020031792 ], [ 14.652414498624243, 61.148365340023823 ], [ 14.652498890338963, 61.14833147709431 ], [ 14.652585010740568, 61.148302529377759 ], [ 14.652688162617117, 61.148273849700978 ], [ 14.652793530910444, 61.148258121488695 ], [ 14.652869736370198, 61.148259178896147 ], [ 14.652919887068025, 61.148264658348666 ] ] } },
{ "type": "Feature", "properties": { "objektidentitet": "1f30b721-828d-464d-855a-0e2760a3eaa4", "skapad": "2026-03-17T21:00:01", "objekttypnr": 1807, "objekttyp": "Småväg enkel standard", "avfartsvag_pafartsvag": "Ingen information", "cirkulationsplats": "Nej", "bro_och_tunnel": "Ingen information", "gagata": "Nej", "bussgata": "Nej", "industrivag": "Nej", "gatunamn": null, "vardvagnummer": null, "gastvag1nummer": null, "gastvag2nummer": null, "alternativt_manér": "Nej", "vagutforande": null, "skoterkorning_tillaten": null, "ruskmarkering": null, "rotation": null, "trafikplatsnummer": null }, "geometry": { "type": "LineString", "coordinates": [ [ 14.652919887068025, 61.148264658348666 ], [ 14.652975509009979, 61.148274308370027 ], [ 14.65301294539444, 61.148294101634939 ], [ 14.653056921577047, 61.148315464848913 ], [ 14.653167381003158, 61.148396143986311 ], [ 14.653300377528501, 61.148549313829875 ], [ 14.653470004802292, 61.148762063985892 ], [ 14.653966105414778, 61.149357447692154 ], [ 14.654083288147016, 61.149510118479931 ], [ 14.654174374262013, 61.149640448418992 ], [ 14.654241522368867, 61.149751468919121 ], [ 14.654292779030145, 61.149853102773037 ], [ 14.654320356992319, 61.149921871079215 ], [ 14.654339992963537, 61.149983024083923 ], [ 14.654356554829695, 61.150048379767398 ], [ 14.654374616263553, 61.150195796435909 ], [ 14.654368860009349, 61.150328069656396 ], [ 14.654360400913086, 61.15038644864093 ], [ 14.654344511196152, 61.15046007977363 ], [ 14.654324773733961, 61.15052540549641 ], [ 14.654289200063477, 61.15060677013642 ] ] } },
{ "type": "Feature", "properties": { "objektidentitet": "396afd0f-659e-4cd5-ab89-6a82d4f33522", "skapad": "2026-03-17T21:00:01", "objekttypnr": 1807, "objekttyp": "Småväg enkel standard", "avfartsvag_pafartsvag": "Ingen information", "cirkulationsplats": "Nej", "bro_och_tunnel": "Ingen information", "gagata": "Nej", "bussgata": "Nej", "industrivag": "Nej", "gatunamn": null, "vardvagnummer": null, "gastvag1nummer": null, "gastvag2nummer": null, "alternativt_manér": "Nej", "vagutforande": null, "skoterkorning_tillaten": null, "ruskmarkering": null, "rotation": null, "trafikplatsnummer": null }, "geometry": { "type": "LineString", "coordinates": [ [ 14.643483755410507, 61.151087153736064 ], [ 14.643547012453698, 61.151069005548926 ], [ 14.643622984248518, 61.151043591964893 ], [ 14.643830091795252, 61.150975582751393 ], [ 14.644347936883104, 61.150797630906233 ], [ 14.644509142638581, 61.150734024558197 ], [ 14.644597178557953, 61.150692940008916 ], [ 14.644671485156532, 61.150660141797715 ], [ 14.644722413236723, 61.150636340532749 ], [ 14.644794866344151, 61.150598186547391 ], [ 14.644886254392778, 61.150543069100102 ], [ 14.6451301273946, 61.150426458680975 ] ] } },
{ "type": "Feature", "properties": { "objektidentitet": "b7c73fd6-1d53-4d38-9f16-01fdbbf4f1da", "skapad": "2025-12-17T01:00:01", "objekttypnr": 1805, "objekttyp": "Landsväg liten", "avfartsvag_pafartsvag": "Ingen information", "cirkulationsplats": "Nej", "bro_och_tunnel": "Ingen information", "gagata": "Nej", "bussgata": "Nej", "industrivag": "Nej", "gatunamn": null, "vardvagnummer": "1003", "gastvag1nummer": null, "gastvag2nummer": null, "alternativt_manér": "Nej", "vagutforande": null, "skoterkorning_tillaten": null, "ruskmarkering": null, "rotation": null, "trafikplatsnummer": null }, "geometry": { "type": "LineString", "coordinates": [ [ 14.648868509099424, 61.151052641645748 ], [ 14.649032446936042, 61.151001632996014 ], [ 14.649187294406778, 61.150956121844686 ], [ 14.649349018194458, 61.150912011110101 ], [ 14.649660872607724, 61.150832117381775 ], [ 14.649923576843344, 61.150771694204231 ], [ 14.65018618403286, 61.15071659398312 ], [ 14.650440089305983, 61.150667153959574 ], [ 14.650714121953643, 61.150621948809359 ], [ 14.650962150379137, 61.150586408114698 ], [ 14.651107438089108, 61.150570083843036 ], [ 14.651286141829726, 61.150552454234884 ], [ 14.651499413789859, 61.150533521576548 ], [ 14.651718432003847, 61.150517386736325 ], [ 14.652121755292615, 61.150496167926278 ], [ 14.652346390826485, 61.150491178884032 ], [ 14.652547945152477, 61.150490304864121 ], [ 14.652783991079714, 61.150495085214096 ], [ 14.652942293444161, 61.150499665838396 ], [ 14.653126498386289, 61.15050709575344 ], [ 14.653307774808781, 61.150517301284644 ], [ 14.653497644104394, 61.150531693895651 ], [ 14.65382613719091, 61.150559674371443 ], [ 14.65402979324746, 61.150578976428555 ], [ 14.654289200063477, 61.15060677013642 ] ] } },
{ "type": "Feature", "properties": { "objektidentitet": "1855fa5b-effb-4694-b6be-4900edaccd89", "skapad": "2025-12-17T01:00:01", "objekttypnr": 1805, "objekttyp": "Landsväg liten", "avfartsvag_pafartsvag": "Ingen information", "cirkulationsplats": "Nej", "bro_och_tunnel": "Ingen information", "gagata": "Nej", "bussgata": "Nej", "industrivag": "Nej", "gatunamn": null, "vardvagnummer": "1003", "gastvag1nummer": null, "gastvag2nummer": null, "alternativt_manér": "Nej", "vagutforande": null, "skoterkorning_tillaten": null, "ruskmarkering": null, "rotation": null, "trafikplatsnummer": null }, "geometry": { "type": "LineString", "coordinates": [ [ 14.654289200063477, 61.15060677013642 ], [ 14.654642143612302, 61.150658449561945 ], [ 14.655124714445067, 61.150734581834072 ], [ 14.655597615128151, 61.150823768151227 ] ] } },
{ "type": "Feature", "properties": { "objektidentitet": "012088b6-0ec0-4db4-bc5d-0aee9a9283e4", "skapad": "2025-12-17T01:00:01", "objekttypnr": 1806, "objekttyp": "Småväg", "avfartsvag_pafartsvag": "Ingen information", "cirkulationsplats": "Nej", "bro_och_tunnel": "Ingen information", "gagata": "Nej", "bussgata": "Nej", "industrivag": "Nej", "gatunamn": null, "vardvagnummer": null, "gastvag1nummer": null, "gastvag2nummer": null, "alternativt_manér": "Nej", "vagutforande": null, "skoterkorning_tillaten": null, "ruskmarkering": null, "rotation": null, "trafikplatsnummer": null }, "geometry": { "type": "MultiLineString", "coordinates": [ [ [ 14.626362494794908, 61.140026363233289 ], [ 14.626382834393038, 61.140051137392611 ], [ 14.626430354675881, 61.140115864070118 ], [ 14.626488372695055, 61.140210084755211 ], [ 14.626554525476369, 61.14035459494513 ], [ 14.626588229010743, 61.140452402571363 ], [ 14.626647171481153, 61.140683914488342 ], [ 14.626685502169728, 61.140880670600282 ], [ 14.626723837713904, 61.141077031353042 ], [ 14.626765239736063, 61.141273266020868 ], [ 14.626854121092714, 61.141654475807876 ], [ 14.626905990386769, 61.141857760043898 ], [ 14.626955993951478, 61.142053955324066 ], [ 14.62699819590209, 61.142262895780874 ], [ 14.627006797663954, 61.142349277284026 ], [ 14.627012578552394, 61.142418143883113 ], [ 14.627008903369681, 61.142490378225254 ], [ 14.62699591506464, 61.142547585055013 ], [ 14.626978353161741, 61.142600452017163 ], [ 14.626950726595778, 61.142657887816824 ], [ 14.626912620321018, 61.142717305468736 ], [ 14.6268122681262, 61.142835652792577 ], [ 14.626727858157077, 61.142917189975876 ], [ 14.626477246138165, 61.143130188534897 ], [ 14.626324300008928, 61.143258912889529 ] ], [ [ 14.626313440273652, 61.14417786852102 ], [ 14.626360850989178, 61.144220923149582 ], [ 14.626827983320288, 61.144639043115497 ], [ 14.626980041424437, 61.144784391210372 ], [ 14.627358452477495, 61.145116580134648 ] ] ] } },
{ "type": "Feature", "properties": { "objektidentitet": "e9a18e91-506f-435a-b78f-7d31b19f9328", "skapad": "2025-09-02T21:00:01", "objekttypnr": 1805, "objekttyp": "Landsväg liten", "avfartsvag_pafartsvag": "Ingen information", "cirkulationsplats": "Nej", "bro_och_tunnel": "Ingen information", "gagata": "Nej", "bussgata": "Nej", "industrivag": "Nej", "gatunamn": null, "vardvagnummer": "1004", "gastvag1nummer": null, "gastvag2nummer": null, "alternativt_manér": "Nej", "vagutforande": null, "skoterkorning_tillaten": null, "ruskmarkering": null, "rotation": null, "trafikplatsnummer": null }, "geometry": { "type": "LineString", "coordinates": [ [ 14.626999262007613, 61.149262576423752 ], [ 14.626949741114764, 61.149761255987421 ] ] } },
{ "type": "Feature", "properties": { "objektidentitet": "c333a202-ab81-4eaf-ac3d-c21f0604bc65", "skapad": "2025-12-17T01:00:01", "objekttypnr": 1807, "objekttyp": "Småväg enkel standard", "avfartsvag_pafartsvag": "Ingen information", "cirkulationsplats": "Nej", "bro_och_tunnel": "Ingen information", "gagata": "Nej", "bussgata": "Nej", "industrivag": "Nej", "gatunamn": null, "vardvagnummer": null, "gastvag1nummer": null, "gastvag2nummer": null, "alternativt_manér": "Nej", "vagutforande": null, "skoterkorning_tillaten": null, "ruskmarkering": null, "rotation": null, "trafikplatsnummer": null }, "geometry": { "type": "LineString", "coordinates": [ [ 14.626999262007613, 61.149262576423752 ], [ 14.62659116386995, 61.149285260406053 ], [ 14.626399289646299, 61.149295998124977 ], [ 14.626252789372813, 61.149309041159903 ] ] } },
{ "type": "Feature", "properties": { "objektidentitet": "03a0b04d-a784-4ddc-a08e-bc289cb1791c", "skapad": "2025-09-02T21:00:01", "objekttypnr": 1805, "objekttyp": "Landsväg liten", "avfartsvag_pafartsvag": "Ingen information", "cirkulationsplats": "Nej", "bro_och_tunnel": "Ingen information", "gagata": "Nej", "bussgata": "Nej", "industrivag": "Nej", "gatunamn": null, "vardvagnummer": "1004", "gastvag1nummer": null, "gastvag2nummer": null, "alternativt_manér": "Nej", "vagutforande": null, "skoterkorning_tillaten": null, "ruskmarkering": null, "rotation": null, "trafikplatsnummer": null }, "geometry": { "type": "LineString", "coordinates": [ [ 14.626949741114764, 61.149761255987421 ], [ 14.626934871008608, 61.149947728903499 ], [ 14.62691105910087, 61.150123709176853 ], [ 14.626873586807283, 61.15030489468505 ], [ 14.626836359213755, 61.150463753051994 ], [ 14.626785272683234, 61.150646220760692 ], [ 14.626725812615788, 61.150847060981349 ], [ 14.626655329663416, 61.151060996371633 ], [ 14.626610874226373, 61.151188304730795 ], [ 14.626582857981678, 61.15125916986657 ], [ 14.626554931784263, 61.151320842363489 ], [ 14.626521611591166, 61.151379869206949 ], [ 14.62649116217179, 61.151427080318157 ], [ 14.626441728704416, 61.151491359550327 ] ] } },
{ "type": "Feature", "properties": { "objektidentitet": "4878142c-01d7-4747-9f09-095df2f7689e", "skapad": "2025-09-02T21:00:01", "objekttypnr": 1805, "objekttyp": "Landsväg liten", "avfartsvag_pafartsvag": "Ingen information", "cirkulationsplats": "Nej", "bro_och_tunnel": "Ingen information", "gagata": "Nej", "bussgata": "Nej", "industrivag": "Nej", "gatunamn": null, "vardvagnummer": "1004", "gastvag1nummer": null, "gastvag2nummer": null, "alternativt_manér": "Nej", "vagutforande": null, "skoterkorning_tillaten": null, "ruskmarkering": null, "rotation": null, "trafikplatsnummer": null }, "geometry": { "type": "LineString", "coordinates": [ [ 14.626441728704416, 61.151491359550327 ], [ 14.626367460017889, 61.151588321341357 ], [ 14.626223869151458, 61.151755065818598 ] ] } },
{ "type": "Feature", "properties": { "objektidentitet": "8b40cbb6-acb1-4842-984d-c48ef44f6026", "skapad": "2026-03-17T21:00:01", "objekttypnr": 1807, "objekttyp": "Småväg enkel standard", "avfartsvag_pafartsvag": "Ingen information", "cirkulationsplats": "Nej", "bro_och_tunnel": "Ingen information", "gagata": "Nej", "bussgata": "Nej", "industrivag": "Nej", "gatunamn": null, "vardvagnummer": null, "gastvag1nummer": null, "gastvag2nummer": null, "alternativt_manér": "Nej", "vagutforande": null, "skoterkorning_tillaten": null, "ruskmarkering": null, "rotation": null, "trafikplatsnummer": null }, "geometry": { "type": "LineString", "coordinates": [ [ 14.666973771399974, 61.153252499754394 ], [ 14.66695307301269, 61.153287920222411 ], [ 14.666932007790734, 61.153328151698446 ], [ 14.66684895734234, 61.153527604077269 ], [ 14.66674911501355, 61.153874619135145 ], [ 14.666701568275872, 61.154109199228266 ], [ 14.66669909779214, 61.154121465812267 ], [ 14.666686076616481, 61.154186369785869 ] ] } },
{ "type": "Feature", "properties": { "objektidentitet": "1845f2d5-10f5-4af3-94f8-1e37330a5c32", "skapad": "2025-12-17T01:00:01", "objekttypnr": 1807, "objekttyp": "Småväg enkel standard", "avfartsvag_pafartsvag": "Ingen information", "cirkulationsplats": "Nej", "bro_och_tunnel": "Ingen information", "gagata": "Nej", "bussgata": "Nej", "industrivag": "Nej", "gatunamn": null, "vardvagnummer": null, "gastvag1nummer": null, "gastvag2nummer": null, "alternativt_manér": "Nej", "vagutforande": null, "skoterkorning_tillaten": null, "ruskmarkering": null, "rotation": null, "trafikplatsnummer": null }, "geometry": { "type": "LineString", "coordinates": [ [ 14.667684113623869, 61.154703726166915 ], [ 14.667670468076738, 61.154674272693462 ], [ 14.667421149622932, 61.154147840746731 ], [ 14.66740990804842, 61.154123214094696 ], [ 14.667345437426283, 61.153981996728973 ], [ 14.667175851020472, 61.153610949935093 ], [ 14.667079327945418, 61.153422655058641 ], [ 14.666973771399974, 61.153252499754394 ] ] } },
{ "type": "Feature", "properties": { "objektidentitet": "801bbcb7-c09a-4a0e-b758-7df0722f322f", "skapad": "2026-03-17T21:00:01", "objekttypnr": 1807, "objekttyp": "Småväg enkel standard", "avfartsvag_pafartsvag": "Ingen information", "cirkulationsplats": "Nej", "bro_och_tunnel": "Ingen information", "gagata": "Nej", "bussgata": "Nej", "industrivag": "Nej", "gatunamn": null, "vardvagnummer": null, "gastvag1nummer": null, "gastvag2nummer": null, "alternativt_manér": "Nej", "vagutforande": null, "skoterkorning_tillaten": null, "ruskmarkering": null, "rotation": null, "trafikplatsnummer": null }, "geometry": { "type": "LineString", "coordinates": [ [ 14.661965883591648, 61.153315778380424 ], [ 14.662039026442541, 61.153293426959166 ], [ 14.662205272088611, 61.153277618997393 ], [ 14.662449015337346, 61.153283945812568 ], [ 14.662992697024476, 61.153351206408679 ], [ 14.663268095386666, 61.153329994989406 ], [ 14.663501424264226, 61.153347803636883 ], [ 14.663740499563925, 61.153352895391301 ], [ 14.664020403992627, 61.153414612653137 ], [ 14.664204245805299, 61.153473801417029 ], [ 14.664388706825548, 61.153532488711029 ], [ 14.664622472609826, 61.153616139427243 ], [ 14.664886252151881, 61.153699092239876 ], [ 14.665366435391949, 61.153821408140566 ], [ 14.665862798758557, 61.153924999011025 ], [ 14.666126084985954, 61.153983088586116 ], [ 14.666353006035576, 61.154048844673 ], [ 14.66650336758366, 61.154117598995349 ], [ 14.666508255268669, 61.154120995787508 ], [ 14.666583267551777, 61.15417314391599 ], [ 14.666686076616481, 61.154186369785869 ] ] } },
{ "type": "Feature", "properties": { "objektidentitet": "e67d27ff-6001-4fac-9e1e-30fadc74afa8", "skapad": "2025-12-17T01:00:01", "objekttypnr": 1804, "objekttyp": "Landsväg", "avfartsvag_pafartsvag": "Ingen information", "cirkulationsplats": "Nej", "bro_och_tunnel": "Ingen information", "gagata": "Nej", "bussgata": "Nej", "industrivag": "Nej", "gatunamn": null, "vardvagnummer": "296", "gastvag1nummer": null, "gastvag2nummer": null, "alternativt_manér": "Nej", "vagutforande": null, "skoterkorning_tillaten": null, "ruskmarkering": null, "rotation": null, "trafikplatsnummer": null }, "geometry": { "type": "LineString", "coordinates": [ [ 14.668482016464027, 61.153658756869831 ], [ 14.668733112911157, 61.15372613040465 ], [ 14.668886762537056, 61.153765155607545 ], [ 14.669052295381686, 61.153801354815116 ], [ 14.669386425123697, 61.153865159320084 ], [ 14.669590517975299, 61.153897160687983 ], [ 14.669830185894829, 61.153927803002965 ], [ 14.670247418810632, 61.153976061312683 ], [ 14.670759400785787, 61.154030285410734 ], [ 14.67135482627657, 61.154096865852821 ], [ 14.671556027876624, 61.154123129403445 ], [ 14.671616805065465, 61.154133484803637 ], [ 14.671845855137875, 61.154172509794748 ], [ 14.671987761368875, 61.15420148409352 ], [ 14.672073791751055, 61.154222233635124 ] ] } },
{ "type": "Feature", "properties": { "objektidentitet": "40a1cba6-8078-4f15-a1c3-14a38afe40a9", "skapad": "2026-03-17T21:00:01", "objekttypnr": 1807, "objekttyp": "Småväg enkel standard", "avfartsvag_pafartsvag": "Ingen information", "cirkulationsplats": "Nej", "bro_och_tunnel": "Ingen information", "gagata": "Nej", "bussgata": "Nej", "industrivag": "Nej", "gatunamn": null, "vardvagnummer": null, "gastvag1nummer": null, "gastvag2nummer": null, "alternativt_manér": "Nej", "vagutforande": null, "skoterkorning_tillaten": null, "ruskmarkering": null, "rotation": null, "trafikplatsnummer": null }, "geometry": { "type": "LineString", "coordinates": [ [ 14.672073791751055, 61.154222233635124 ], [ 14.672080014485461, 61.154134607691532 ], [ 14.672090417563913, 61.153987882041989 ], [ 14.672064356011941, 61.153752798522234 ] ] } },
{ "type": "Feature", "properties": { "objektidentitet": "3c1b2a3b-bdc3-441e-9c5d-9e6e6f246694", "skapad": "2025-12-17T01:00:01", "objekttypnr": 1807, "objekttyp": "Småväg enkel standard", "avfartsvag_pafartsvag": "Ingen information", "cirkulationsplats": "Nej", "bro_och_tunnel": "Ingen information", "gagata": "Nej", "bussgata": "Nej", "industrivag": "Nej", "gatunamn": null, "vardvagnummer": null, "gastvag1nummer": null, "gastvag2nummer": null, "alternativt_manér": "Nej", "vagutforande": null, "skoterkorning_tillaten": null, "ruskmarkering": null, "rotation": null, "trafikplatsnummer": null }, "geometry": { "type": "LineString", "coordinates": [ [ 14.666686076616481, 61.154186369785869 ], [ 14.666643925772009, 61.154386641095655 ], [ 14.666603757033771, 61.15458389198033 ], [ 14.666579675109283, 61.154701010397453 ] ] } },
{ "type": "Feature", "properties": { "objektidentitet": "af486ae9-8deb-46d1-8ded-a4357c4bb53a", "skapad": "2025-12-17T01:00:01", "objekttypnr": 1804, "objekttyp": "Landsväg", "avfartsvag_pafartsvag": "Ingen information", "cirkulationsplats": "Nej", "bro_och_tunnel": "Ingen information", "gagata": "Nej", "bussgata": "Nej", "industrivag": "Nej", "gatunamn": null, "vardvagnummer": "296", "gastvag1nummer": null, "gastvag2nummer": null, "alternativt_manér": "Nej", "vagutforande": null, "skoterkorning_tillaten": null, "ruskmarkering": null, "rotation": null, "trafikplatsnummer": null }, "geometry": { "type": "LineString", "coordinates": [ [ 14.672073791751055, 61.154222233635124 ], [ 14.672241914937555, 61.154263660278367 ], [ 14.672368958409312, 61.154299762219381 ], [ 14.672546125467393, 61.154356023651033 ], [ 14.672938716744433, 61.154497277385467 ], [ 14.673139345215919, 61.15457936117037 ], [ 14.673325162899044, 61.154659981204489 ], [ 14.673447636922134, 61.154717752224784 ] ] } },
{ "type": "Feature", "properties": { "objektidentitet": "0c96a5f7-1ab3-43e7-a2e1-3f24dd1ccdf0", "skapad": "2026-03-17T21:00:01", "objekttypnr": 1623, "objekttyp": "Cykelväg", "avfartsvag_pafartsvag": null, "cirkulationsplats": null, "bro_och_tunnel": null, "gagata": null, "bussgata": null, "industrivag": null, "gatunamn": null, "vardvagnummer": null, "gastvag1nummer": null, "gastvag2nummer": null, "alternativt_manér": "Ingen information", "vagutforande": "Normal", "skoterkorning_tillaten": "Ingen information", "ruskmarkering": "Ingen information", "rotation": null, "trafikplatsnummer": null }, "geometry": { "type": "LineString", "coordinates": [ [ 14.6300638766951, 61.116373574448851 ], [ 14.630310834106531, 61.116354740774007 ], [ 14.630604279844434, 61.115899898525278 ], [ 14.631263171296329, 61.115536666161155 ] ] } },
{ "type": "Feature", "properties": { "objektidentitet": "4907986b-9d32-4c6c-af54-092abeea202f", "skapad": "2026-03-17T21:00:01", "objekttypnr": 1625, "objekttyp": "Elljusspår", "avfartsvag_pafartsvag": null, "cirkulationsplats": null, "bro_och_tunnel": null, "gagata": null, "bussgata": null, "industrivag": null, "gatunamn": null, "vardvagnummer": null, "gastvag1nummer": null, "gastvag2nummer": null, "alternativt_manér": "Ingen information", "vagutforande": "Normal", "skoterkorning_tillaten": "Ingen information", "ruskmarkering": "Ingen information", "rotation": null, "trafikplatsnummer": null }, "geometry": { "type": "LineString", "coordinates": [ [ 14.644619774543596, 61.118109720527777 ], [ 14.644858787671167, 61.117969019092349 ], [ 14.644992277697783, 61.117909352679725 ], [ 14.645145639512494, 61.117851659432702 ], [ 14.645303654856036, 61.117792640635692 ], [ 14.645960512398565, 61.117472918807138 ], [ 14.646064533177142, 61.117404519657846 ], [ 14.646251722370902, 61.117228837038937 ], [ 14.646308690000753, 61.117127940648949 ], [ 14.646409626190765, 61.117033138019345 ], [ 14.646411764467016, 61.116914815728244 ], [ 14.646434160507377, 61.116710709207545 ], [ 14.64651207104226, 61.116640346870959 ], [ 14.646637599163306, 61.116553356547406 ], [ 14.646768531712656, 61.116465948974103 ], [ 14.646849853357853, 61.116359154651079 ], [ 14.646892483444098, 61.116122538113238 ], [ 14.646896587916045, 61.115922612381539 ], [ 14.64689026844351, 61.115808702932739 ], [ 14.64684637933572, 61.115578252875402 ] ] } },
{ "type": "Feature", "properties": { "objektidentitet": "8d4777ca-3143-47b5-bbb7-9b63f375caac", "skapad": "2026-03-17T21:00:01", "objekttypnr": 1624, "objekttyp": "Gångstig", "avfartsvag_pafartsvag": null, "cirkulationsplats": null, "bro_och_tunnel": null, "gagata": null, "bussgata": null, "industrivag": null, "gatunamn": null, "vardvagnummer": null, "gastvag1nummer": null, "gastvag2nummer": null, "alternativt_manér": "Ingen information", "vagutforande": "Normal", "skoterkorning_tillaten": "Ingen information", "ruskmarkering": "Ingen information", "rotation": null, "trafikplatsnummer": null }, "geometry": { "type": "LineString", "coordinates": [ [ 14.641206917977438, 61.115563410231658 ], [ 14.64142756043193, 61.115905099401132 ], [ 14.641482376156484, 61.116033071330683 ], [ 14.641522589877248, 61.116167387768861 ], [ 14.641556650008379, 61.116483013327795 ], [ 14.641537188360891, 61.116672681725866 ], [ 14.641493738688977, 61.116850246942896 ], [ 14.641432302950479, 61.1170166320234 ], [ 14.64135284348559, 61.117166943798935 ], [ 14.641273349617757, 61.117300583901581 ], [ 14.641180583215331, 61.117447583454229 ], [ 14.641095988323277, 61.117575948640479 ], [ 14.640910595189949, 61.117806546170364 ], [ 14.640875757688159, 61.117986836590447 ], [ 14.640736579182546, 61.118354055775676 ], [ 14.640680233015662, 61.118524323456107 ], [ 14.640497307239036, 61.118916034393813 ], [ 14.640219358069693, 61.119338474783909 ], [ 14.639858882959402, 61.119740073090128 ], [ 14.639593676980141, 61.119964521807994 ] ] } },
{ "type": "Feature", "properties": { "objektidentitet": "f9250cfd-c0d7-4eb6-9b99-81ed90ee0699", "skapad": "2026-03-17T21:00:01", "objekttypnr": 1624, "objekttyp": "Gångstig", "avfartsvag_pafartsvag": null, "cirkulationsplats": null, "bro_och_tunnel": null, "gagata": null, "bussgata": null, "industrivag": null, "gatunamn": null, "vardvagnummer": null, "gastvag1nummer": null, "gastvag2nummer": null, "alternativt_manér": "Ingen information", "vagutforande": "Normal", "skoterkorning_tillaten": "Ingen information", "ruskmarkering": "Ingen information", "rotation": null, "trafikplatsnummer": null }, "geometry": { "type": "LineString", "coordinates": [ [ 14.642267319340698, 61.115566219080527 ], [ 14.642233441968227, 61.11558751448031 ], [ 14.642181391404588, 61.115620235733338 ], [ 14.641996370999392, 61.11574409837516 ], [ 14.641910804267292, 61.115783571864057 ] ] } },
{ "type": "Feature", "properties": { "objektidentitet": "12130738-82a9-452e-871d-b7fcbf530941", "skapad": "2026-03-17T21:00:01", "objekttypnr": 1625, "objekttyp": "Elljusspår", "avfartsvag_pafartsvag": null, "cirkulationsplats": null, "bro_och_tunnel": null, "gagata": null, "bussgata": null, "industrivag": null, "gatunamn": null, "vardvagnummer": null, "gastvag1nummer": null, "gastvag2nummer": null, "alternativt_manér": "Ingen information", "vagutforande": "Normal", "skoterkorning_tillaten": "Ingen information", "ruskmarkering": "Ingen information", "rotation": null, "trafikplatsnummer": null }, "geometry": { "type": "LineString", "coordinates": [ [ 14.641879564196335, 61.115565192937837 ], [ 14.641895363135053, 61.115632810966886 ], [ 14.641910804267292, 61.115783571864057 ] ] } },
{ "type": "Feature", "properties": { "objektidentitet": "82f7a8d0-832d-4c15-b1bf-770403f92429", "skapad": "2026-03-17T21:00:01", "objekttypnr": 1625, "objekttyp": "Elljusspår", "avfartsvag_pafartsvag": null, "cirkulationsplats": null, "bro_och_tunnel": null, "gagata": null, "bussgata": null, "industrivag": null, "gatunamn": null, "vardvagnummer": null, "gastvag1nummer": null, "gastvag2nummer": null, "alternativt_manér": "Ingen information", "vagutforande": "Normal", "skoterkorning_tillaten": "Ingen information", "ruskmarkering": "Ingen information", "rotation": null, "trafikplatsnummer": null }, "geometry": { "type": "LineString", "coordinates": [ [ 14.641910804267292, 61.115783571864057 ], [ 14.641874620572814, 61.115858818121318 ], [ 14.6418627937654, 61.115954499707158 ], [ 14.641863642137976, 61.116058294859279 ], [ 14.641867260766963, 61.116164934155513 ], [ 14.641869038200456, 61.11628995523742 ], [ 14.641876690180073, 61.116409138518755 ], [ 14.641866850154836, 61.116614597365661 ], [ 14.641859032511352, 61.116724932253312 ], [ 14.641848956843283, 61.116847857210317 ], [ 14.641856689310751, 61.117094436316684 ], [ 14.641872945749817, 61.117212546986792 ], [ 14.641942490955042, 61.117420101253799 ], [ 14.642065296037279, 61.117622930508929 ], [ 14.642277802956748, 61.11787424377016 ], [ 14.642343760775804, 61.117951241649834 ] ] } },
{ "type": "Feature", "properties": { "objektidentitet": "f9f25a4c-3707-4382-8ab8-c487078e397c", "skapad": "2026-03-17T21:00:01", "objekttypnr": 1623, "objekttyp": "Cykelväg", "avfartsvag_pafartsvag": null, "cirkulationsplats": null, "bro_och_tunnel": null, "gagata": null, "bussgata": null, "industrivag": null, "gatunamn": null, "vardvagnummer": null, "gastvag1nummer": null, "gastvag2nummer": null, "alternativt_manér": "Ingen information", "vagutforande": "Normal", "skoterkorning_tillaten": "Ingen information", "ruskmarkering": "Ingen information", "rotation": null, "trafikplatsnummer": null }, "geometry": { "type": "LineString", "coordinates": [ [ 14.637871711615123, 61.117817540028106 ], [ 14.638185653395659, 61.117184822650763 ], [ 14.638573752013945, 61.117105104592227 ], [ 14.63859538193322, 61.11704730038538 ], [ 14.638414224715858, 61.116746525255408 ], [ 14.638514394135354, 61.116239814035403 ], [ 14.638377629849897, 61.116023557921885 ] ] } },
{ "type": "Feature", "properties": { "objektidentitet": "0d651b06-862b-45a1-abdf-d6180f929ec4", "skapad": "2025-12-17T01:00:01", "objekttypnr": 1623, "objekttyp": "Cykelväg", "avfartsvag_pafartsvag": null, "cirkulationsplats": null, "bro_och_tunnel": null, "gagata": null, "bussgata": null, "industrivag": null, "gatunamn": null, "vardvagnummer": null, "gastvag1nummer": null, "gastvag2nummer": null, "alternativt_manér": "Ingen information", "vagutforande": "Normal", "skoterkorning_tillaten": "Ingen information", "ruskmarkering": "Ingen information", "rotation": null, "trafikplatsnummer": null }, "geometry": { "type": "LineString", "coordinates": [ [ 14.626641489716734, 61.116390948356987 ], [ 14.627903587499386, 61.116155771195785 ], [ 14.628557917237394, 61.116153763030191 ], [ 14.628859128463091, 61.116232032910624 ], [ 14.629451527513897, 61.116385957343077 ], [ 14.629838811392442, 61.116380149894439 ], [ 14.62984768129656, 61.116389726560605 ] ] } },
{ "type": "Feature", "properties": { "objektidentitet": "987b7d09-05eb-4335-8790-8d54bb21c359", "skapad": "2026-03-17T21:00:01", "objekttypnr": 1623, "objekttyp": "Cykelväg", "avfartsvag_pafartsvag": null, "cirkulationsplats": null, "bro_och_tunnel": null, "gagata": null, "bussgata": null, "industrivag": null, "gatunamn": null, "vardvagnummer": null, "gastvag1nummer": null, "gastvag2nummer": null, "alternativt_manér": "Ingen information", "vagutforande": "Underfart", "skoterkorning_tillaten": "Ingen information", "ruskmarkering": "Ingen information", "rotation": null, "trafikplatsnummer": null }, "geometry": { "type": "LineString", "coordinates": [ [ 14.62984768129656, 61.116389726560605 ], [ 14.6300638766951, 61.116373574448851 ] ] } },
{ "type": "Feature", "properties": { "objektidentitet": "eac8a98d-5b24-4651-8241-9fe79df41175", "skapad": "2026-03-17T21:00:01", "objekttypnr": 1628, "objekttyp": "Traktorväg", "avfartsvag_pafartsvag": null, "cirkulationsplats": null, "bro_och_tunnel": null, "gagata": null, "bussgata": null, "industrivag": null, "gatunamn": null, "vardvagnummer": null, "gastvag1nummer": null, "gastvag2nummer": null, "alternativt_manér": "Ingen information", "vagutforande": "Normal", "skoterkorning_tillaten": "Ingen information", "ruskmarkering": "Ingen information", "rotation": null, "trafikplatsnummer": null }, "geometry": { "type": "LineString", "coordinates": [ [ 14.653271367236467, 61.118430732661686 ], [ 14.650437378837497, 61.117792341355383 ], [ 14.649964093477099, 61.117642875360993 ], [ 14.649236729203373, 61.117547630351652 ] ] } },
{ "type": "Feature", "properties": { "objektidentitet": "3ce01e81-528a-45a9-939c-65137b2eacc8", "skapad": "2026-03-17T21:00:01", "objekttypnr": 1625, "objekttyp": "Elljusspår", "avfartsvag_pafartsvag": null, "cirkulationsplats": null, "bro_och_tunnel": null, "gagata": null, "bussgata": null, "industrivag": null, "gatunamn": null, "vardvagnummer": null, "gastvag1nummer": null, "gastvag2nummer": null, "alternativt_manér": "Ingen information", "vagutforande": "Normal", "skoterkorning_tillaten": "Ingen information", "ruskmarkering": "Ingen information", "rotation": null, "trafikplatsnummer": null }, "geometry": { "type": "LineString", "coordinates": [ [ 14.642343760775804, 61.117951241649834 ], [ 14.642517407390018, 61.118084527990014 ], [ 14.64290354376956, 61.118186988430693 ], [ 14.643021981791151, 61.118192041500443 ], [ 14.643069709319462, 61.118194079574764 ], [ 14.643260956430032, 61.118187159474239 ], [ 14.64363833447598, 61.118148068230362 ], [ 14.643986253408166, 61.118099624384207 ], [ 14.644408082491852, 61.118078154612192 ], [ 14.644619774543596, 61.118109720527777 ] ] } },
{ "type": "Feature", "properties": { "objektidentitet": "e8d7e6a5-8269-493f-85f4-3de406577e66", "skapad": "2026-03-17T21:00:01", "objekttypnr": 1625, "objekttyp": "Elljusspår", "avfartsvag_pafartsvag": null, "cirkulationsplats": null, "bro_och_tunnel": null, "gagata": null, "bussgata": null, "industrivag": null, "gatunamn": null, "vardvagnummer": null, "gastvag1nummer": null, "gastvag2nummer": null, "alternativt_manér": "Ingen information", "vagutforande": "Normal", "skoterkorning_tillaten": "Ingen information", "ruskmarkering": "Ingen information", "rotation": null, "trafikplatsnummer": null }, "geometry": { "type": "LineString", "coordinates": [ [ 14.641067313892215, 61.122937788334397 ], [ 14.640866903944527, 61.122746917417977 ], [ 14.640780924544385, 61.122593634932564 ], [ 14.640740171438932, 61.122447520142792 ], [ 14.640738381244484, 61.122284747160705 ], [ 14.640744911747571, 61.122134583273201 ], [ 14.640729406546965, 61.122002765315848 ], [ 14.640755921568172, 61.121888996821511 ], [ 14.640792721655753, 61.12173411013206 ], [ 14.640720667316712, 61.121526710395393 ], [ 14.640664238261204, 61.121438954801626 ], [ 14.640731393828588, 61.121243954788554 ], [ 14.640737920054885, 61.121128481358348 ], [ 14.640829593495637, 61.120900669673226 ], [ 14.640827220459361, 61.120794114276848 ], [ 14.640912477549382, 61.120600051294431 ], [ 14.641000797734941, 61.120358377779013 ], [ 14.641100506369172, 61.120248125188326 ], [ 14.64134229372524, 61.120061946725166 ], [ 14.641438607069773, 61.119975987900453 ], [ 14.641877325984495, 61.119566431784051 ], [ 14.642056453416318, 61.119337118090947 ], [ 14.642207451953434, 61.119084055248528 ], [ 14.642364587879118, 61.118696538387553 ], [ 14.64241621447723, 61.11846193123997 ], [ 14.642426359518424, 61.118232493496336 ], [ 14.642343760775804, 61.117951241649834 ] ] } },
{ "type": "Feature", "properties": { "objektidentitet": "d65d4392-bcf3-4d75-8318-5b7c6fa79eec", "skapad": "2026-03-17T21:00:01", "objekttypnr": 1625, "objekttyp": "Elljusspår", "avfartsvag_pafartsvag": null, "cirkulationsplats": null, "bro_och_tunnel": null, "gagata": null, "bussgata": null, "industrivag": null, "gatunamn": null, "vardvagnummer": null, "gastvag1nummer": null, "gastvag2nummer": null, "alternativt_manér": "Ingen information", "vagutforande": "Normal", "skoterkorning_tillaten": "Ingen information", "ruskmarkering": "Ingen information", "rotation": null, "trafikplatsnummer": null }, "geometry": { "type": "LineString", "coordinates": [ [ 14.644619774543596, 61.118109720527777 ], [ 14.644497520141604, 61.118140453472677 ], [ 14.644495451830055, 61.118233745740255 ], [ 14.64447238225879, 61.118316487654575 ], [ 14.64462535878066, 61.11860085002197 ], [ 14.644848225433984, 61.118728480799923 ], [ 14.645107448079351, 61.118843080947123 ], [ 14.645259240726807, 61.118844628207242 ], [ 14.645566036084901, 61.118827907762949 ], [ 14.645764223655707, 61.118804761204565 ], [ 14.645942108257829, 61.11884459485951 ], [ 14.646302809341346, 61.118868378218984 ], [ 14.646463004477859, 61.118895281478807 ], [ 14.646634660036939, 61.118931318358676 ], [ 14.647063973905306, 61.119041681565946 ], [ 14.647234001542881, 61.119080711891662 ], [ 14.647601445367506, 61.119165962401503 ], [ 14.647753167385948, 61.119220700527549 ], [ 14.648141843134534, 61.119282788451862 ], [ 14.648287341122813, 61.11932995035145 ], [ 14.648369473528996, 61.119390943745593 ], [ 14.648344180776636, 61.119437446137681 ], [ 14.648219456491438, 61.119511584060803 ], [ 14.647552747721026, 61.11982758305971 ], [ 14.647131859752866, 61.12004407252158 ], [ 14.646989715998711, 61.120125373154174 ], [ 14.646649994338377, 61.120254260647414 ], [ 14.646309992076892, 61.120379753017289 ], [ 14.646156313323285, 61.12042836124062 ], [ 14.646043443450074, 61.120508803452033 ], [ 14.646061961292681, 61.120600524583189 ], [ 14.645998682176074, 61.120674336552312 ], [ 14.64596121441825, 61.120916191016647 ], [ 14.645894768149594, 61.121034156678441 ], [ 14.645637856006951, 61.12124842207448 ], [ 14.645275640307666, 61.121430306514327 ], [ 14.644831915901847, 61.121609398927653 ], [ 14.644854267284417, 61.121886872952068 ], [ 14.644871733001306, 61.122110161634119 ], [ 14.644865300928814, 61.122140830981721 ] ] } },
{ "type": "Feature", "properties": { "objektidentitet": "f60c8212-c956-4af8-9245-9a98a05a62cf", "skapad": "2026-03-17T21:00:01", "objekttypnr": 1624, "objekttyp": "Gångstig", "avfartsvag_pafartsvag": null, "cirkulationsplats": null, "bro_och_tunnel": null, "gagata": null, "bussgata": null, "industrivag": null, "gatunamn": null, "vardvagnummer": null, "gastvag1nummer": null, "gastvag2nummer": null, "alternativt_manér": "Ingen information", "vagutforande": "Normal", "skoterkorning_tillaten": "Ingen information", "ruskmarkering": "Ingen information", "rotation": null, "trafikplatsnummer": null }, "geometry": { "type": "LineString", "coordinates": [ [ 14.639593676980141, 61.119964521807994 ], [ 14.63943846466735, 61.119835868715597 ] ] } },
{ "type": "Feature", "properties": { "objektidentitet": "a2858dc0-b711-4a5a-af35-6b8c78d3d576", "skapad": "2026-03-17T21:00:01", "objekttypnr": 1624, "objekttyp": "Gångstig", "avfartsvag_pafartsvag": null, "cirkulationsplats": null, "bro_och_tunnel": null, "gagata": null, "bussgata": null, "industrivag": null, "gatunamn": null, "vardvagnummer": null, "gastvag1nummer": null, "gastvag2nummer": null, "alternativt_manér": "Ingen information", "vagutforande": "Normal", "skoterkorning_tillaten": "Ingen information", "ruskmarkering": "Ingen information", "rotation": null, "trafikplatsnummer": null }, "geometry": { "type": "LineString", "coordinates": [ [ 14.639589394457277, 61.120298243700525 ], [ 14.639593676980141, 61.119964521807994 ] ] } },
{ "type": "Feature", "properties": { "objektidentitet": "4305edc3-d2ba-4b48-8105-08ab5dd3e2b3", "skapad": "2026-03-17T21:00:01", "objekttypnr": 1624, "objekttyp": "Gångstig", "avfartsvag_pafartsvag": null, "cirkulationsplats": null, "bro_och_tunnel": null, "gagata": null, "bussgata": null, "industrivag": null, "gatunamn": null, "vardvagnummer": null, "gastvag1nummer": null, "gastvag2nummer": null, "alternativt_manér": "Ingen information", "vagutforande": "Normal", "skoterkorning_tillaten": "Ingen information", "ruskmarkering": "Ingen information", "rotation": null, "trafikplatsnummer": null }, "geometry": { "type": "LineString", "coordinates": [ [ 14.636617380349325, 61.120193026450551 ], [ 14.637078133483026, 61.120175652400142 ], [ 14.637447223415249, 61.120166147021571 ], [ 14.637813566521407, 61.120158240459681 ], [ 14.638238731562042, 61.120156208786717 ], [ 14.638590044011281, 61.120165964363444 ], [ 14.638859438882735, 61.120181865218647 ], [ 14.639134448636346, 61.12020996367194 ], [ 14.639350836578345, 61.120243920552696 ], [ 14.639589394457277, 61.120298243700525 ] ] } },
{ "type": "Feature", "properties": { "objektidentitet": "80fea511-04e7-4ecd-b236-b993dbac9159", "skapad": "2026-03-17T21:00:01", "objekttypnr": 1624, "objekttyp": "Gångstig", "avfartsvag_pafartsvag": null, "cirkulationsplats": null, "bro_och_tunnel": null, "gagata": null, "bussgata": null, "industrivag": null, "gatunamn": null, "vardvagnummer": null, "gastvag1nummer": null, "gastvag2nummer": null, "alternativt_manér": "Ingen information", "vagutforande": "Normal", "skoterkorning_tillaten": "Ingen information", "ruskmarkering": "Ingen information", "rotation": null, "trafikplatsnummer": null }, "geometry": { "type": "LineString", "coordinates": [ [ 14.639589394457277, 61.120298243700525 ], [ 14.639588700678056, 61.120429282482306 ], [ 14.63957253629434, 61.120628017688752 ], [ 14.639560196899561, 61.120766297461479 ], [ 14.639549035885924, 61.120884227623669 ], [ 14.639476393857997, 61.120975347549468 ], [ 14.639526942121133, 61.121088585011719 ], [ 14.639497110113151, 61.121245545912636 ], [ 14.639475196685517, 61.121414477355529 ], [ 14.639366805136298, 61.121842853368506 ], [ 14.639286269843161, 61.122018882687478 ], [ 14.639179796461164, 61.122164649969093 ], [ 14.639062659489987, 61.12232908085214 ], [ 14.638939231858775, 61.122520949194168 ], [ 14.639153426364485, 61.122483310953527 ], [ 14.639576800491517, 61.122613567857037 ], [ 14.640014026720571, 61.122717546252474 ], [ 14.640339068427462, 61.122782683156181 ], [ 14.640834487410418, 61.122898197540792 ], [ 14.641067313892215, 61.122937788334397 ] ] } },
{ "type": "Feature", "properties": { "objektidentitet": "4ca8bdbb-fbdb-42ed-868b-42323ad27c1a", "skapad": "2026-03-17T21:00:01", "objekttypnr": 1623, "objekttyp": "Cykelväg", "avfartsvag_pafartsvag": null, "cirkulationsplats": null, "bro_och_tunnel": null, "gagata": null, "bussgata": null, "industrivag": null, "gatunamn": null, "vardvagnummer": null, "gastvag1nummer": null, "gastvag2nummer": null, "alternativt_manér": "Ingen information", "vagutforande": "Normal", "skoterkorning_tillaten": "Ingen information", "ruskmarkering": "Ingen information", "rotation": null, "trafikplatsnummer": null }, "geometry": { "type": "LineString", "coordinates": [ [ 14.634043295959213, 61.121528004978572 ], [ 14.63312458138795, 61.1218289495202 ], [ 14.633108103121183, 61.122115252983861 ], [ 14.633340439964815, 61.122420105939995 ] ] } },
{ "type": "Feature", "properties": { "objektidentitet": "2992262e-c014-4a87-ad91-598c5a1c1ff2", "skapad": "2026-03-17T21:00:01", "objekttypnr": 1623, "objekttyp": "Cykelväg", "avfartsvag_pafartsvag": null, "cirkulationsplats": null, "bro_och_tunnel": null, "gagata": null, "bussgata": null, "industrivag": null, "gatunamn": null, "vardvagnummer": null, "gastvag1nummer": null, "gastvag2nummer": null, "alternativt_manér": "Ingen information", "vagutforande": "Normal", "skoterkorning_tillaten": "Ingen information", "ruskmarkering": "Ingen information", "rotation": null, "trafikplatsnummer": null }, "geometry": { "type": "LineString", "coordinates": [ [ 14.633340439964815, 61.122420105939995 ], [ 14.63270219835789, 61.122627253106835 ] ] } },
{ "type": "Feature", "properties": { "objektidentitet": "05f815b1-8556-422f-b749-4136f88c78ff", "skapad": "2026-03-17T21:00:01", "objekttypnr": 1623, "objekttyp": "Cykelväg", "avfartsvag_pafartsvag": null, "cirkulationsplats": null, "bro_och_tunnel": null, "gagata": null, "bussgata": null, "industrivag": null, "gatunamn": null, "vardvagnummer": null, "gastvag1nummer": null, "gastvag2nummer": null, "alternativt_manér": "Ingen information", "vagutforande": "Underfart", "skoterkorning_tillaten": "Ingen information", "ruskmarkering": "Ingen information", "rotation": null, "trafikplatsnummer": null }, "geometry": { "type": "LineString", "coordinates": [ [ 14.63270219835789, 61.122627253106835 ], [ 14.632469532395053, 61.122702771163013 ], [ 14.63232436629386, 61.122720413182904 ], [ 14.6321796277247, 61.122741171384689 ], [ 14.631916107578226, 61.122746792892059 ] ] } },
{ "type": "Feature", "properties": { "objektidentitet": "ae964c24-b342-4d9b-92f7-cd770fa2c13b", "skapad": "2026-03-17T21:00:01", "objekttypnr": 1623, "objekttyp": "Cykelväg", "avfartsvag_pafartsvag": null, "cirkulationsplats": null, "bro_och_tunnel": null, "gagata": null, "bussgata": null, "industrivag": null, "gatunamn": null, "vardvagnummer": null, "gastvag1nummer": null, "gastvag2nummer": null, "alternativt_manér": "Ingen information", "vagutforande": "Normal", "skoterkorning_tillaten": "Ingen information", "ruskmarkering": "Ingen information", "rotation": null, "trafikplatsnummer": null }, "geometry": { "type": "LineString", "coordinates": [ [ 14.631195097425225, 61.122733175799681 ], [ 14.631074843738313, 61.122603926215511 ] ] } },
{ "type": "Feature", "properties": { "objektidentitet": "9f4ae039-dc06-4456-b120-9e3dd82200e1", "skapad": "2026-03-17T21:00:01", "objekttypnr": 1623, "objekttyp": "Cykelväg", "avfartsvag_pafartsvag": null, "cirkulationsplats": null, "bro_och_tunnel": null, "gagata": null, "bussgata": null, "industrivag": null, "gatunamn": null, "vardvagnummer": null, "gastvag1nummer": null, "gastvag2nummer": null, "alternativt_manér": "Ingen information", "vagutforande": "Normal", "skoterkorning_tillaten": "Ingen information", "ruskmarkering": "Ingen information", "rotation": null, "trafikplatsnummer": null }, "geometry": { "type": "LineString", "coordinates": [ [ 14.634117430846398, 61.122445911393172 ], [ 14.633751374510355, 61.122381752612775 ], [ 14.633340439964815, 61.122420105939995 ] ] } },
{ "type": "Feature", "properties": { "objektidentitet": "5a952909-b7b0-40b5-8afe-34a263f6fa0a", "skapad": "2026-03-17T21:00:01", "objekttypnr": 1623, "objekttyp": "Cykelväg", "avfartsvag_pafartsvag": null, "cirkulationsplats": null, "bro_och_tunnel": null, "gagata": null, "bussgata": null, "industrivag": null, "gatunamn": null, "vardvagnummer": null, "gastvag1nummer": null, "gastvag2nummer": null, "alternativt_manér": "Ingen information", "vagutforande": "Normal", "skoterkorning_tillaten": "Ingen information", "ruskmarkering": "Ingen information", "rotation": null, "trafikplatsnummer": null }, "geometry": { "type": "LineString", "coordinates": [ [ 14.631916107578226, 61.122746792892059 ], [ 14.631755051115562, 61.122750233044378 ], [ 14.631195097425225, 61.122733175799681 ] ] } },
{ "type": "Feature", "properties": { "objektidentitet": "84a1b5ff-ac0d-43e5-ae5a-92df31ad2ad6", "skapad": "2025-09-02T21:00:01", "objekttypnr": 1624, "objekttyp": "Gångstig", "avfartsvag_pafartsvag": null, "cirkulationsplats": null, "bro_och_tunnel": null, "gagata": null, "bussgata": null, "industrivag": null, "gatunamn": null, "vardvagnummer": null, "gastvag1nummer": null, "gastvag2nummer": null, "alternativt_manér": "Ingen information", "vagutforande": "Normal", "skoterkorning_tillaten": "Ingen information", "ruskmarkering": "Ingen information", "rotation": null, "trafikplatsnummer": null }, "geometry": { "type": "LineString", "coordinates": [ [ 14.627461230161057, 61.154599007754555 ], [ 14.627425879152147, 61.154501402641927 ], [ 14.627321749595835, 61.154401336873242 ], [ 14.627265489838909, 61.154354138108275 ], [ 14.62714767503391, 61.154284999002805 ], [ 14.626859730406142, 61.154212526742988 ], [ 14.626648689649919, 61.154194932009318 ] ] } },
{ "type": "Feature", "properties": { "objektidentitet": "2b4b41e5-ac95-495b-9df7-8f5cafad8f76", "skapad": "2025-12-17T01:00:01", "objekttypnr": 1628, "objekttyp": "Traktorväg", "avfartsvag_pafartsvag": null, "cirkulationsplats": null, "bro_och_tunnel": null, "gagata": null, "bussgata": null, "industrivag": null, "gatunamn": null, "vardvagnummer": null, "gastvag1nummer": null, "gastvag2nummer": null, "alternativt_manér": "Ingen information", "vagutforande": "Normal", "skoterkorning_tillaten": "Ingen information", "ruskmarkering": "Ingen information", "rotation": null, "trafikplatsnummer": null }, "geometry": { "type": "LineString", "coordinates": [ [ 14.627006797663954, 61.142349277284026 ], [ 14.628556528263434, 61.142018523368598 ], [ 14.629474205553212, 61.141825053111475 ] ] } },
{ "type": "Feature", "properties": { "objektidentitet": "0cd0af54-ba67-41e8-846a-f5323193fc71", "skapad": "2026-03-17T21:00:01", "objekttypnr": 1628, "objekttyp": "Traktorväg", "avfartsvag_pafartsvag": null, "cirkulationsplats": null, "bro_och_tunnel": null, "gagata": null, "bussgata": null, "industrivag": null, "gatunamn": null, "vardvagnummer": null, "gastvag1nummer": null, "gastvag2nummer": null, "alternativt_manér": "Ingen information", "vagutforande": "Normal", "skoterkorning_tillaten": "Ingen information", "ruskmarkering": "Ingen information", "rotation": null, "trafikplatsnummer": null }, "geometry": { "type": "LineString", "coordinates": [ [ 14.629441423647377, 61.145237574641513 ], [ 14.629947504039567, 61.145086147744586 ], [ 14.630210528917113, 61.144932376669779 ], [ 14.630470095147302, 61.144762803371357 ], [ 14.633533626843068, 61.144049218461554 ], [ 14.633777001943031, 61.144022979710485 ], [ 14.634099270785805, 61.144257310377228 ], [ 14.634311717807444, 61.144279620049289 ] ] } },
{ "type": "Feature", "properties": { "objektidentitet": "ed310c7c-d12d-4919-be08-5093145cabf0", "skapad": "2026-03-17T21:00:01", "objekttypnr": 1628, "objekttyp": "Traktorväg", "avfartsvag_pafartsvag": null, "cirkulationsplats": null, "bro_och_tunnel": null, "gagata": null, "bussgata": null, "industrivag": null, "gatunamn": null, "vardvagnummer": null, "gastvag1nummer": null, "gastvag2nummer": null, "alternativt_manér": "Ingen information", "vagutforande": "Normal", "skoterkorning_tillaten": "Ingen information", "ruskmarkering": "Ingen information", "rotation": null, "trafikplatsnummer": null }, "geometry": { "type": "LineString", "coordinates": [ [ 14.629477637512514, 61.144558098173576 ], [ 14.629926566668908, 61.144391414413398 ], [ 14.629809241878503, 61.144151421704812 ], [ 14.629881182678059, 61.144081133806345 ], [ 14.631722331139747, 61.143665563644795 ] ] } },
{ "type": "Feature", "properties": { "objektidentitet": "25ae398e-025b-4bb3-ae70-d6c79323e9a9", "skapad": "2025-12-17T01:00:01", "objekttypnr": 1624, "objekttyp": "Gångstig", "avfartsvag_pafartsvag": null, "cirkulationsplats": null, "bro_och_tunnel": null, "gagata": null, "bussgata": null, "industrivag": null, "gatunamn": null, "vardvagnummer": null, "gastvag1nummer": null, "gastvag2nummer": null, "alternativt_manér": "Ingen information", "vagutforande": "Normal", "skoterkorning_tillaten": "Ingen information", "ruskmarkering": "Ingen information", "rotation": null, "trafikplatsnummer": null }, "geometry": { "type": "LineString", "coordinates": [ [ 14.630556180963826, 61.154358113636825 ], [ 14.630603312446269, 61.154444357133556 ], [ 14.630642181992302, 61.154557170635989 ], [ 14.630654686091384, 61.154607758565319 ] ] } },
{ "type": "Feature", "properties": { "objektidentitet": "3ab95828-e82d-4960-892c-41ead88ea232", "skapad": "2025-12-17T01:00:01", "objekttypnr": 1624, "objekttyp": "Gångstig", "avfartsvag_pafartsvag": null, "cirkulationsplats": null, "bro_och_tunnel": null, "gagata": null, "bussgata": null, "industrivag": null, "gatunamn": null, "vardvagnummer": null, "gastvag1nummer": null, "gastvag2nummer": null, "alternativt_manér": "Ingen information", "vagutforande": "Normal", "skoterkorning_tillaten": "Ingen information", "ruskmarkering": "Ingen information", "rotation": null, "trafikplatsnummer": null }, "geometry": { "type": "LineString", "coordinates": [ [ 14.631966225715441, 61.154611330663698 ], [ 14.631999758115057, 61.154587792372382 ], [ 14.632175927991254, 61.154487459439679 ], [ 14.632289727301789, 61.154449209116059 ], [ 14.632595926225889, 61.154387878140277 ] ] } },
{ "type": "Feature", "properties": { "objektidentitet": "5f58bc1b-1016-431e-8805-0e695e41eda7", "skapad": "2025-12-17T01:00:01", "objekttypnr": 1623, "objekttyp": "Cykelväg", "avfartsvag_pafartsvag": null, "cirkulationsplats": null, "bro_och_tunnel": null, "gagata": null, "bussgata": null, "industrivag": null, "gatunamn": null, "vardvagnummer": null, "gastvag1nummer": null, "gastvag2nummer": null, "alternativt_manér": "Ingen information", "vagutforande": "Normal", "skoterkorning_tillaten": "Ingen information", "ruskmarkering": "Ingen information", "rotation": null, "trafikplatsnummer": null }, "geometry": { "type": "LineString", "coordinates": [ [ 14.626561028512301, 61.123211507409806 ], [ 14.628780109482419, 61.122970426418661 ], [ 14.6303078503049, 61.12280421069201 ], [ 14.630554715467259, 61.122781650635616 ], [ 14.630823166626477, 61.122768656216564 ], [ 14.631195097425225, 61.122733175799681 ] ] } },
{ "type": "Feature", "properties": { "objektidentitet": "c5639628-5fdd-4477-bbf2-85ea72204f73", "skapad": "2026-03-17T21:00:01", "objekttypnr": 1625, "objekttyp": "Elljusspår", "avfartsvag_pafartsvag": null, "cirkulationsplats": null, "bro_och_tunnel": null, "gagata": null, "bussgata": null, "industrivag": null, "gatunamn": null, "vardvagnummer": null, "gastvag1nummer": null, "gastvag2nummer": null, "alternativt_manér": "Ingen information", "vagutforande": "Normal", "skoterkorning_tillaten": "Ingen information", "ruskmarkering": "Ingen information", "rotation": null, "trafikplatsnummer": null }, "geometry": { "type": "LineString", "coordinates": [ [ 14.644865300928814, 61.122140830981721 ], [ 14.644486275401846, 61.122320846377271 ], [ 14.644297862097252, 61.12240535337093 ], [ 14.643837756632156, 61.12261171023507 ], [ 14.643142616603722, 61.122894574324192 ], [ 14.64296320684797, 61.122956945761281 ], [ 14.642744165006665, 61.123021277026389 ], [ 14.642198226762892, 61.12312790952069 ], [ 14.642067065330359, 61.123140113366496 ], [ 14.641919025348917, 61.12314301648091 ], [ 14.641781959228375, 61.123138972643041 ], [ 14.641496950022947, 61.123098176545973 ], [ 14.641121844952664, 61.123005033351753 ], [ 14.641067313892215, 61.122937788334397 ] ] } },
{ "type": "Feature", "properties": { "objektidentitet": "e80b8507-a345-466e-9492-195a6b331768", "skapad": "2026-03-17T21:00:01", "objekttypnr": 1624, "objekttyp": "Gångstig", "avfartsvag_pafartsvag": null, "cirkulationsplats": null, "bro_och_tunnel": null, "gagata": null, "bussgata": null, "industrivag": null, "gatunamn": null, "vardvagnummer": null, "gastvag1nummer": null, "gastvag2nummer": null, "alternativt_manér": "Ingen information", "vagutforande": "Normal", "skoterkorning_tillaten": "Ingen information", "ruskmarkering": "Ingen information", "rotation": null, "trafikplatsnummer": null }, "geometry": { "type": "LineString", "coordinates": [ [ 14.644865300928814, 61.122140830981721 ], [ 14.644836518706468, 61.12237025570527 ], [ 14.64485945829448, 61.122684656858873 ], [ 14.644933684539581, 61.122969134903713 ], [ 14.645047161333101, 61.123102053298389 ], [ 14.645123033452437, 61.12325486649069 ], [ 14.645415707329995, 61.123327815823245 ], [ 14.645725726838144, 61.123337013303463 ], [ 14.646662829756428, 61.123375501336611 ], [ 14.647392139737509, 61.12346571025946 ] ] } },
{ "type": "Feature", "properties": { "objektidentitet": "3890873e-a3c8-47eb-96d8-88d456c15b62", "skapad": "2026-03-17T21:00:01", "objekttypnr": 1628, "objekttyp": "Traktorväg", "avfartsvag_pafartsvag": null, "cirkulationsplats": null, "bro_och_tunnel": null, "gagata": null, "bussgata": null, "industrivag": null, "gatunamn": null, "vardvagnummer": null, "gastvag1nummer": null, "gastvag2nummer": null, "alternativt_manér": "Ingen information", "vagutforande": "Normal", "skoterkorning_tillaten": "Ingen information", "ruskmarkering": "Ingen information", "rotation": null, "trafikplatsnummer": null }, "geometry": { "type": "LineString", "coordinates": [ [ 14.649335242493853, 61.129830958825373 ], [ 14.64886715050727, 61.130248317953644 ], [ 14.648806209970225, 61.130302646186628 ], [ 14.648647930353336, 61.131164474081174 ], [ 14.648831130326103, 61.132137050273151 ], [ 14.649302883198999, 61.132845770824275 ], [ 14.64997770593607, 61.133578339387668 ], [ 14.651513482479295, 61.134754941141225 ], [ 14.651665055316764, 61.134807025646545 ], [ 14.651922697183588, 61.134895554419337 ], [ 14.652790787685761, 61.134926513863228 ], [ 14.652995618779407, 61.134983482711945 ], [ 14.653205319434404, 61.135041810620606 ], [ 14.654523080717425, 61.136186405120462 ], [ 14.654674641911333, 61.136288259235315 ], [ 14.654951904506328, 61.136474582664988 ] ] } },
{ "type": "Feature", "properties": { "objektidentitet": "3413b43e-351b-4fbb-9b93-1522f8f271ce", "skapad": "2025-12-17T01:00:01", "objekttypnr": 1624, "objekttyp": "Gångstig", "avfartsvag_pafartsvag": null, "cirkulationsplats": null, "bro_och_tunnel": null, "gagata": null, "bussgata": null, "industrivag": null, "gatunamn": null, "vardvagnummer": null, "gastvag1nummer": null, "gastvag2nummer": null, "alternativt_manér": "Ingen information", "vagutforande": "Normal", "skoterkorning_tillaten": "Ingen information", "ruskmarkering": "Ingen information", "rotation": null, "trafikplatsnummer": null }, "geometry": { "type": "LineString", "coordinates": [ [ 14.627707604458514, 61.136635872054349 ], [ 14.627607410107263, 61.136545557819765 ], [ 14.627410304979531, 61.136313315392236 ], [ 14.62730029218694, 61.136274802966078 ], [ 14.626702524475544, 61.136158050356549 ], [ 14.626558574108593, 61.136126966952162 ], [ 14.626408912709557, 61.136096836102759 ] ] } },
{ "type": "Feature", "properties": { "objektidentitet": "5b33e764-f83c-47af-bade-8fdbc47b704f", "skapad": "2025-12-17T01:00:01", "objekttypnr": 1628, "objekttyp": "Traktorväg", "avfartsvag_pafartsvag": null, "cirkulationsplats": null, "bro_och_tunnel": null, "gagata": null, "bussgata": null, "industrivag": null, "gatunamn": null, "vardvagnummer": null, "gastvag1nummer": null, "gastvag2nummer": null, "alternativt_manér": "Ingen information", "vagutforande": "Normal", "skoterkorning_tillaten": "Ingen information", "ruskmarkering": "Ingen information", "rotation": null, "trafikplatsnummer": null }, "geometry": { "type": "LineString", "coordinates": [ [ 14.62670316846771, 61.131560936751811 ], [ 14.626766094325944, 61.131721023601621 ], [ 14.626717491506504, 61.132074750833759 ], [ 14.62700805610573, 61.132421279208586 ], [ 14.627561852000904, 61.13322022471317 ], [ 14.627907351244849, 61.133573671797343 ], [ 14.6286500435526, 61.134054670317077 ], [ 14.629286299295609, 61.134466728684366 ] ] } },
{ "type": "Feature", "properties": { "objektidentitet": "1effa714-6799-495f-80a0-99890624f224", "skapad": "2026-03-17T21:00:01", "objekttypnr": 1628, "objekttyp": "Traktorväg", "avfartsvag_pafartsvag": null, "cirkulationsplats": null, "bro_och_tunnel": null, "gagata": null, "bussgata": null, "industrivag": null, "gatunamn": null, "vardvagnummer": null, "gastvag1nummer": null, "gastvag2nummer": null, "alternativt_manér": "Ingen information", "vagutforande": "Normal", "skoterkorning_tillaten": "Ingen information", "ruskmarkering": "Ingen information", "rotation": null, "trafikplatsnummer": null }, "geometry": { "type": "LineString", "coordinates": [ [ 14.628403133751966, 61.134862149523997 ], [ 14.628584737931376, 61.134741268015901 ], [ 14.628642240660966, 61.134719349234864 ], [ 14.629155413997232, 61.134523774363117 ], [ 14.629286299295609, 61.134466728684366 ] ] } },
{ "type": "Feature", "properties": { "objektidentitet": "8b4f0bfe-3ceb-4f74-9e2e-4ada65a5050d", "skapad": "2026-03-17T21:00:01", "objekttypnr": 1628, "objekttyp": "Traktorväg", "avfartsvag_pafartsvag": null, "cirkulationsplats": null, "bro_och_tunnel": null, "gagata": null, "bussgata": null, "industrivag": null, "gatunamn": null, "vardvagnummer": null, "gastvag1nummer": null, "gastvag2nummer": null, "alternativt_manér": "Ingen information", "vagutforande": "Normal", "skoterkorning_tillaten": "Ingen information", "ruskmarkering": "Ingen information", "rotation": null, "trafikplatsnummer": null }, "geometry": { "type": "LineString", "coordinates": [ [ 14.629286299295609, 61.134466728684366 ], [ 14.629684812520544, 61.134624527773845 ], [ 14.631225009728988, 61.134918951597875 ] ] } },
{ "type": "Feature", "properties": { "objektidentitet": "7323f15e-60a9-4222-9972-9e255f554bf0", "skapad": "2025-12-17T01:00:01", "objekttypnr": 1624, "objekttyp": "Gångstig", "avfartsvag_pafartsvag": null, "cirkulationsplats": null, "bro_och_tunnel": null, "gagata": null, "bussgata": null, "industrivag": null, "gatunamn": null, "vardvagnummer": null, "gastvag1nummer": null, "gastvag2nummer": null, "alternativt_manér": "Ingen information", "vagutforande": "Normal", "skoterkorning_tillaten": "Ingen information", "ruskmarkering": "Ingen information", "rotation": null, "trafikplatsnummer": null }, "geometry": { "type": "LineString", "coordinates": [ [ 14.627707604458514, 61.136635872054349 ], [ 14.627749650189196, 61.136548651475984 ], [ 14.627800869783261, 61.136445556424874 ], [ 14.62808286379299, 61.136151428263162 ], [ 14.62817602158778, 61.13594784260129 ], [ 14.628249391118551, 61.135840023152674 ], [ 14.628202291104831, 61.13570659982706 ], [ 14.628184303745986, 61.135567097925517 ], [ 14.628134793665069, 61.135452341979203 ], [ 14.628257907917256, 61.135041073721041 ], [ 14.628319271608085, 61.134945044912918 ], [ 14.628403133751966, 61.134862149523997 ] ] } },
{ "type": "Feature", "properties": { "objektidentitet": "14d65320-6e1e-4bf1-bbec-4132552f30cd", "skapad": "2025-12-17T01:00:01", "objekttypnr": 1624, "objekttyp": "Gångstig", "avfartsvag_pafartsvag": null, "cirkulationsplats": null, "bro_och_tunnel": null, "gagata": null, "bussgata": null, "industrivag": null, "gatunamn": null, "vardvagnummer": null, "gastvag1nummer": null, "gastvag2nummer": null, "alternativt_manér": "Ingen information", "vagutforande": "Normal", "skoterkorning_tillaten": "Ingen information", "ruskmarkering": "Ingen information", "rotation": null, "trafikplatsnummer": null }, "geometry": { "type": "LineString", "coordinates": [ [ 14.62802389320013, 61.137006888651044 ], [ 14.627707604458514, 61.136635872054349 ] ] } },
{ "type": "Feature", "properties": { "objektidentitet": "dca262ac-fcb4-4e02-84a3-22f01bec2d87", "skapad": "2026-03-17T21:00:01", "objekttypnr": 1624, "objekttyp": "Gångstig", "avfartsvag_pafartsvag": null, "cirkulationsplats": null, "bro_och_tunnel": null, "gagata": null, "bussgata": null, "industrivag": null, "gatunamn": null, "vardvagnummer": null, "gastvag1nummer": null, "gastvag2nummer": null, "alternativt_manér": "Ingen information", "vagutforande": "Normal", "skoterkorning_tillaten": "Ingen information", "ruskmarkering": "Ingen information", "rotation": null, "trafikplatsnummer": null }, "geometry": { "type": "LineString", "coordinates": [ [ 14.631687662282767, 61.138804475590092 ], [ 14.631917512492137, 61.138365322335375 ], [ 14.631959628435425, 61.138260091338765 ], [ 14.631974933290426, 61.138077901125129 ], [ 14.63196750927192, 61.138008922295235 ], [ 14.631952145579552, 61.137920107812413 ], [ 14.631927522324775, 61.137746140489192 ], [ 14.631890378083684, 61.137653998699697 ], [ 14.631868485487793, 61.137599659325012 ], [ 14.631824878265837, 61.137485252918971 ], [ 14.631803647725595, 61.13741714338564 ], [ 14.631823726104411, 61.13704663820014 ], [ 14.631995692997377, 61.136841118834511 ] ] } },
{ "type": "Feature", "properties": { "objektidentitet": "0d691b40-66a3-4f49-8da2-8f68ffd9a75f", "skapad": "2025-12-17T01:00:01", "objekttypnr": 1624, "objekttyp": "Gångstig", "avfartsvag_pafartsvag": null, "cirkulationsplats": null, "bro_och_tunnel": null, "gagata": null, "bussgata": null, "industrivag": null, "gatunamn": null, "vardvagnummer": null, "gastvag1nummer": null, "gastvag2nummer": null, "alternativt_manér": "Ingen information", "vagutforande": "Normal", "skoterkorning_tillaten": "Ingen information", "ruskmarkering": "Ingen information", "rotation": null, "trafikplatsnummer": null }, "geometry": { "type": "LineString", "coordinates": [ [ 14.628675520630694, 61.137956700665747 ], [ 14.628605076095447, 61.137884720652728 ], [ 14.628573659637413, 61.137852762988395 ], [ 14.628450080286903, 61.137726034184006 ], [ 14.628306261306367, 61.13752658267196 ], [ 14.628113364659097, 61.137327158051292 ], [ 14.628036840179066, 61.137058663446069 ], [ 14.62802389320013, 61.137006888651044 ] ] } },
{ "type": "Feature", "properties": { "objektidentitet": "99371f32-827d-485d-90fd-f44c7c678121", "skapad": "2026-03-17T21:00:01", "objekttypnr": 1624, "objekttyp": "Gångstig", "avfartsvag_pafartsvag": null, "cirkulationsplats": null, "bro_och_tunnel": null, "gagata": null, "bussgata": null, "industrivag": null, "gatunamn": null, "vardvagnummer": null, "gastvag1nummer": null, "gastvag2nummer": null, "alternativt_manér": "Ingen information", "vagutforande": "Normal", "skoterkorning_tillaten": "Ingen information", "ruskmarkering": "Ingen information", "rotation": null, "trafikplatsnummer": null }, "geometry": { "type": "LineString", "coordinates": [ [ 14.62802389320013, 61.137006888651044 ], [ 14.628345702727469, 61.137068328283505 ], [ 14.628613631003368, 61.13715614889967 ], [ 14.628804033923762, 61.137218564294336 ], [ 14.629064757795369, 61.137327112038619 ], [ 14.629475986633123, 61.13751841576012 ], [ 14.629997984861786, 61.137718002766213 ], [ 14.630478855639748, 61.137901853841832 ], [ 14.630707187202328, 61.138000793187267 ], [ 14.631070955807024, 61.138209190973221 ], [ 14.631313762230858, 61.138350741884715 ], [ 14.631506373441123, 61.138545043662006 ], [ 14.631687662282767, 61.138804475590092 ] ] } },
{ "type": "Feature", "properties": { "objektidentitet": "98258d1f-64b0-4d68-a1c3-f73e4991a2e0", "skapad": "2026-03-17T21:00:01", "objekttypnr": 1628, "objekttyp": "Traktorväg", "avfartsvag_pafartsvag": null, "cirkulationsplats": null, "bro_och_tunnel": null, "gagata": null, "bussgata": null, "industrivag": null, "gatunamn": null, "vardvagnummer": null, "gastvag1nummer": null, "gastvag2nummer": null, "alternativt_manér": "Ingen information", "vagutforande": "Normal", "skoterkorning_tillaten": "Ingen information", "ruskmarkering": "Ingen information", "rotation": null, "trafikplatsnummer": null }, "geometry": { "type": "LineString", "coordinates": [ [ 14.632264610081887, 61.139572561863687 ], [ 14.631206514172929, 61.139478754862836 ], [ 14.630820051148708, 61.139404334379229 ], [ 14.629340044361461, 61.138482881251505 ], [ 14.628859510480268, 61.138116624510936 ], [ 14.628675520630694, 61.137956700665747 ] ] } },
{ "type": "Feature", "properties": { "objektidentitet": "463e520f-0628-4c71-8044-ae32c3ed0125", "skapad": "2026-03-17T21:00:01", "objekttypnr": 1628, "objekttyp": "Traktorväg", "avfartsvag_pafartsvag": null, "cirkulationsplats": null, "bro_och_tunnel": null, "gagata": null, "bussgata": null, "industrivag": null, "gatunamn": null, "vardvagnummer": null, "gastvag1nummer": null, "gastvag2nummer": null, "alternativt_manér": "Ingen information", "vagutforande": "Normal", "skoterkorning_tillaten": "Ingen information", "ruskmarkering": "Ingen information", "rotation": null, "trafikplatsnummer": null }, "geometry": { "type": "LineString", "coordinates": [ [ 14.634167025970795, 61.138363854321838 ], [ 14.632989316880231, 61.138433376657801 ] ] } },
{ "type": "Feature", "properties": { "objektidentitet": "6c55be68-e635-4e1d-9e45-3d1c1a720c5a", "skapad": "2026-03-17T21:00:01", "objekttypnr": 1628, "objekttyp": "Traktorväg", "avfartsvag_pafartsvag": null, "cirkulationsplats": null, "bro_och_tunnel": null, "gagata": null, "bussgata": null, "industrivag": null, "gatunamn": null, "vardvagnummer": null, "gastvag1nummer": null, "gastvag2nummer": null, "alternativt_manér": "Ingen information", "vagutforande": "Normal", "skoterkorning_tillaten": "Ingen information", "ruskmarkering": "Ingen information", "rotation": null, "trafikplatsnummer": null }, "geometry": { "type": "LineString", "coordinates": [ [ 14.632989316880231, 61.138433376657801 ], [ 14.632213685587798, 61.138644987735233 ], [ 14.631687662282767, 61.138804475590092 ] ] } },
{ "type": "Feature", "properties": { "objektidentitet": "0d83530a-4192-44c3-a792-b4617b47d115", "skapad": "2026-03-17T21:00:01", "objekttypnr": 1624, "objekttyp": "Gångstig", "avfartsvag_pafartsvag": null, "cirkulationsplats": null, "bro_och_tunnel": null, "gagata": null, "bussgata": null, "industrivag": null, "gatunamn": null, "vardvagnummer": null, "gastvag1nummer": null, "gastvag2nummer": null, "alternativt_manér": "Ingen information", "vagutforande": "Normal", "skoterkorning_tillaten": "Ingen information", "ruskmarkering": "Ingen information", "rotation": null, "trafikplatsnummer": null }, "geometry": { "type": "LineString", "coordinates": [ [ 14.634511966519042, 61.138889369330869 ], [ 14.634097066058006, 61.138857184922628 ], [ 14.633546177796228, 61.138698142382623 ], [ 14.633327142487536, 61.138603452640126 ], [ 14.633185754636722, 61.138535663751732 ], [ 14.632989316880231, 61.138433376657801 ] ] } },
{ "type": "Feature", "properties": { "objektidentitet": "1b54e372-5d1b-44d9-9a51-433412545d7d", "skapad": "2026-03-17T21:00:01", "objekttypnr": 1628, "objekttyp": "Traktorväg", "avfartsvag_pafartsvag": null, "cirkulationsplats": null, "bro_och_tunnel": null, "gagata": null, "bussgata": null, "industrivag": null, "gatunamn": null, "vardvagnummer": null, "gastvag1nummer": null, "gastvag2nummer": null, "alternativt_manér": "Ingen information", "vagutforande": "Normal", "skoterkorning_tillaten": "Ingen information", "ruskmarkering": "Ingen information", "rotation": null, "trafikplatsnummer": null }, "geometry": { "type": "LineString", "coordinates": [ [ 14.631687662282767, 61.138804475590092 ], [ 14.631638887670924, 61.13904281150721 ], [ 14.632264610081887, 61.139572561863687 ] ] } },
{ "type": "Feature", "properties": { "objektidentitet": "e560133a-46ef-4dea-b21e-6797b3eb9722", "skapad": "2026-03-17T21:00:01", "objekttypnr": 1628, "objekttyp": "Traktorväg", "avfartsvag_pafartsvag": null, "cirkulationsplats": null, "bro_och_tunnel": null, "gagata": null, "bussgata": null, "industrivag": null, "gatunamn": null, "vardvagnummer": null, "gastvag1nummer": null, "gastvag2nummer": null, "alternativt_manér": "Ingen information", "vagutforande": "Normal", "skoterkorning_tillaten": "Ingen information", "ruskmarkering": "Ingen information", "rotation": null, "trafikplatsnummer": null }, "geometry": { "type": "LineString", "coordinates": [ [ 14.646683008701482, 61.139595972852597 ], [ 14.647303558463141, 61.139499006394203 ], [ 14.647782239897714, 61.139275538554266 ] ] } },
{ "type": "Feature", "properties": { "objektidentitet": "cdedeaa3-750a-4799-836b-77ba880598b6", "skapad": "2026-03-17T21:00:01", "objekttypnr": 1628, "objekttyp": "Traktorväg", "avfartsvag_pafartsvag": null, "cirkulationsplats": null, "bro_och_tunnel": null, "gagata": null, "bussgata": null, "industrivag": null, "gatunamn": null, "vardvagnummer": null, "gastvag1nummer": null, "gastvag2nummer": null, "alternativt_manér": "Ingen information", "vagutforande": "Normal", "skoterkorning_tillaten": "Ingen information", "ruskmarkering": "Ingen information", "rotation": null, "trafikplatsnummer": null }, "geometry": { "type": "LineString", "coordinates": [ [ 14.641637538827631, 61.139460391919286 ], [ 14.641228419753377, 61.139426413152329 ], [ 14.640082207679168, 61.139469282108927 ], [ 14.639138898976647, 61.139635723419232 ], [ 14.638422390524502, 61.139850660918363 ], [ 14.637957457117697, 61.140109262688306 ], [ 14.637415919217528, 61.14023096158521 ], [ 14.636817692661698, 61.140168694414861 ], [ 14.635198304137189, 61.139793285359353 ], [ 14.635064413584546, 61.139705839698486 ], [ 14.634717898918696, 61.139532135511608 ], [ 14.633405743028058, 61.139631086896259 ], [ 14.632264610081887, 61.139572561863687 ] ] } },
{ "type": "Feature", "properties": { "objektidentitet": "3d1b7f7c-700a-4fff-af15-40e73ce5ce8a", "skapad": "2026-03-17T21:00:01", "objekttypnr": 1624, "objekttyp": "Gångstig", "avfartsvag_pafartsvag": null, "cirkulationsplats": null, "bro_och_tunnel": null, "gagata": null, "bussgata": null, "industrivag": null, "gatunamn": null, "vardvagnummer": null, "gastvag1nummer": null, "gastvag2nummer": null, "alternativt_manér": "Ingen information", "vagutforande": "Normal", "skoterkorning_tillaten": "Ingen information", "ruskmarkering": "Ingen information", "rotation": null, "trafikplatsnummer": null }, "geometry": { "type": "LineString", "coordinates": [ [ 14.646404134936276, 61.143719775289476 ], [ 14.64646988536178, 61.143616684487881 ], [ 14.646514752966489, 61.143525766604114 ], [ 14.646497945733579, 61.143450874960571 ], [ 14.646655008628091, 61.143229048262 ], [ 14.646753318918657, 61.143119021564587 ], [ 14.646935069715628, 61.142793332261505 ], [ 14.646951253921101, 61.142682893597147 ], [ 14.646926291631029, 61.14256815485728 ], [ 14.646850020837043, 61.142457789217083 ], [ 14.646751292658463, 61.142397613564789 ], [ 14.646699538337876, 61.142381991966012 ], [ 14.64664446711614, 61.142382332857416 ], [ 14.646585332313888, 61.142410566428737 ], [ 14.646542165819623, 61.142429217278689 ], [ 14.646478275940945, 61.14245249138439 ], [ 14.6464266399712, 61.142481112431526 ], [ 14.64639341578602, 61.142497544757518 ], [ 14.646279548379196, 61.142515723641225 ], [ 14.646208454125333, 61.142513903780539 ], [ 14.645915218889549, 61.142495001530754 ], [ 14.645611235951399, 61.142454075036561 ], [ 14.645414451119759, 61.142428359088846 ], [ 14.644709890004616, 61.142402971333013 ], [ 14.644479253753259, 61.142439560751654 ], [ 14.644346491117783, 61.142483023665172 ], [ 14.644236098999528, 61.142547122324856 ], [ 14.644180337580764, 61.142612073604347 ], [ 14.644144930641465, 61.142720010652141 ], [ 14.644146450828901, 61.142784627852564 ], [ 14.644145572298738, 61.142847838428388 ], [ 14.644129479866031, 61.142914617875491 ], [ 14.644177150463706, 61.143002608910592 ], [ 14.644053846136387, 61.143066861969935 ], [ 14.643900733300358, 61.143051834348555 ], [ 14.643712669227897, 61.143029936255139 ], [ 14.643400665619573, 61.143037975592271 ], [ 14.642729081762036, 61.143053334172727 ], [ 14.641949559402464, 61.143076205503156 ], [ 14.641292126547288, 61.143119434149867 ], [ 14.640956737783995, 61.143155273024995 ], [ 14.640704069718856, 61.143176643134886 ] ] } },
{ "type": "Feature", "properties": { "objektidentitet": "8ce3a5a7-a432-41a3-a33a-b1c0b3516166", "skapad": "2026-03-17T21:00:01", "objekttypnr": 1624, "objekttyp": "Gångstig", "avfartsvag_pafartsvag": null, "cirkulationsplats": null, "bro_och_tunnel": null, "gagata": null, "bussgata": null, "industrivag": null, "gatunamn": null, "vardvagnummer": null, "gastvag1nummer": null, "gastvag2nummer": null, "alternativt_manér": "Ingen information", "vagutforande": "Normal", "skoterkorning_tillaten": "Ingen information", "ruskmarkering": "Ingen information", "rotation": null, "trafikplatsnummer": null }, "geometry": { "type": "LineString", "coordinates": [ [ 14.646404134936276, 61.143719775289476 ], [ 14.646812590971665, 61.143698837353796 ], [ 14.647390289811678, 61.14364261652149 ], [ 14.647869967098112, 61.1436004937215 ], [ 14.648143116181705, 61.143602829131417 ], [ 14.648373112745888, 61.143664233387526 ], [ 14.648561882264872, 61.143731886829173 ], [ 14.648698457346557, 61.143733058425802 ], [ 14.648740128755588, 61.14371362189096 ], [ 14.648865236710087, 61.143655240669929 ], [ 14.649060055137266, 61.143557851815402 ], [ 14.649266358986052, 61.143519997525289 ], [ 14.649609476617224, 61.143476697581448 ], [ 14.649897475591771, 61.143446146361022 ], [ 14.650568616112956, 61.143399050651546 ], [ 14.650988742168481, 61.143365148220944 ] ] } },
{ "type": "Feature", "properties": { "objektidentitet": "b0259a0a-4bfd-45df-977a-2f8f03204075", "skapad": "2026-03-17T21:00:01", "objekttypnr": 1624, "objekttyp": "Gångstig", "avfartsvag_pafartsvag": null, "cirkulationsplats": null, "bro_och_tunnel": null, "gagata": null, "bussgata": null, "industrivag": null, "gatunamn": null, "vardvagnummer": null, "gastvag1nummer": null, "gastvag2nummer": null, "alternativt_manér": "Ingen information", "vagutforande": "Normal", "skoterkorning_tillaten": "Ingen information", "ruskmarkering": "Ingen information", "rotation": null, "trafikplatsnummer": null }, "geometry": { "type": "LineString", "coordinates": [ [ 14.645481114102553, 61.144709004193466 ], [ 14.64560692162398, 61.144620578956967 ], [ 14.645754270411281, 61.144520844441047 ], [ 14.645821949234078, 61.144395188463591 ], [ 14.645970397445234, 61.144296659639345 ], [ 14.646078996315813, 61.144195530208918 ], [ 14.646182235807931, 61.144070362393329 ], [ 14.646404134936276, 61.143719775289476 ] ] } },
{ "type": "Feature", "properties": { "objektidentitet": "326e8bdc-2676-416e-aec1-0151ce4481ed", "skapad": "2026-03-17T21:00:01", "objekttypnr": 1628, "objekttyp": "Traktorväg", "avfartsvag_pafartsvag": null, "cirkulationsplats": null, "bro_och_tunnel": null, "gagata": null, "bussgata": null, "industrivag": null, "gatunamn": null, "vardvagnummer": null, "gastvag1nummer": null, "gastvag2nummer": null, "alternativt_manér": "Ingen information", "vagutforande": "Normal", "skoterkorning_tillaten": "Ingen information", "ruskmarkering": "Ingen information", "rotation": null, "trafikplatsnummer": null }, "geometry": { "type": "LineString", "coordinates": [ [ 14.637395377708945, 61.14466586482704 ], [ 14.637748733111096, 61.14461667914189 ], [ 14.639781315135654, 61.144534202475171 ], [ 14.640006938810371, 61.144584064035747 ], [ 14.64044342418514, 61.144744068640826 ], [ 14.640830381164758, 61.144785963112824 ] ] } },
{ "type": "Feature", "properties": { "objektidentitet": "6d9e59d6-40d5-4ac4-805e-d5c08b262538", "skapad": "2026-03-17T21:00:01", "objekttypnr": 1624, "objekttyp": "Gångstig", "avfartsvag_pafartsvag": null, "cirkulationsplats": null, "bro_och_tunnel": null, "gagata": null, "bussgata": null, "industrivag": null, "gatunamn": null, "vardvagnummer": null, "gastvag1nummer": null, "gastvag2nummer": null, "alternativt_manér": "Ingen information", "vagutforande": "Normal", "skoterkorning_tillaten": "Ingen information", "ruskmarkering": "Ingen information", "rotation": null, "trafikplatsnummer": null }, "geometry": { "type": "LineString", "coordinates": [ [ 14.643263954154023, 61.145673409697544 ], [ 14.643367610013902, 61.145438643740043 ], [ 14.643517671293619, 61.145311832776933 ], [ 14.643686180813436, 61.14522247134537 ], [ 14.643863431959067, 61.145178129680865 ], [ 14.644060866479782, 61.145121155279753 ], [ 14.644682046620295, 61.14499171152535 ], [ 14.645134121194108, 61.14487907694555 ], [ 14.645371371258435, 61.144832305059971 ], [ 14.645481114102553, 61.144709004193466 ] ] } },
{ "type": "Feature", "properties": { "objektidentitet": "296bfdc6-f3aa-4d93-b67f-93190a6ab7c2", "skapad": "2026-03-17T21:00:01", "objekttypnr": 1624, "objekttyp": "Gångstig", "avfartsvag_pafartsvag": null, "cirkulationsplats": null, "bro_och_tunnel": null, "gagata": null, "bussgata": null, "industrivag": null, "gatunamn": null, "vardvagnummer": null, "gastvag1nummer": null, "gastvag2nummer": null, "alternativt_manér": "Ingen information", "vagutforande": "Normal", "skoterkorning_tillaten": "Ingen information", "ruskmarkering": "Ingen information", "rotation": null, "trafikplatsnummer": null }, "geometry": { "type": "LineString", "coordinates": [ [ 14.648884311563387, 61.146806525603445 ], [ 14.649055347182948, 61.146738280041035 ], [ 14.649093352681604, 61.146666215074703 ], [ 14.649191944036241, 61.146504286670144 ], [ 14.649378026444264, 61.146291653773872 ], [ 14.649419352680656, 61.146208141633736 ], [ 14.649393120903792, 61.146119749965266 ], [ 14.64927815912367, 61.146063071529724 ], [ 14.649152307232983, 61.146053812477021 ], [ 14.648888185692011, 61.146016094112888 ], [ 14.648496665738556, 61.145949602753561 ], [ 14.648208944076313, 61.145802786461729 ], [ 14.64795190806041, 61.145684517893045 ], [ 14.64753738192014, 61.145587897247722 ], [ 14.647366076109071, 61.14551575408057 ], [ 14.647105257227743, 61.145475635001723 ], [ 14.646806370185251, 61.145451369433999 ], [ 14.64631307299884, 61.145386670809884 ], [ 14.646133701868269, 61.1453235370481 ], [ 14.646039126992495, 61.145190346295259 ], [ 14.645910633877682, 61.145062381690863 ], [ 14.64579105966483, 61.144906016708163 ], [ 14.645655173508274, 61.144791535100985 ], [ 14.645481114102553, 61.144709004193466 ] ] } },
{ "type": "Feature", "properties": { "objektidentitet": "bd8b2545-0865-4b70-8272-4b815c9e7803", "skapad": "2026-03-17T21:00:01", "objekttypnr": 1628, "objekttyp": "Traktorväg", "avfartsvag_pafartsvag": null, "cirkulationsplats": null, "bro_och_tunnel": null, "gagata": null, "bussgata": null, "industrivag": null, "gatunamn": null, "vardvagnummer": null, "gastvag1nummer": null, "gastvag2nummer": null, "alternativt_manér": "Ingen information", "vagutforande": "Normal", "skoterkorning_tillaten": "Ingen information", "ruskmarkering": "Ingen information", "rotation": null, "trafikplatsnummer": null }, "geometry": { "type": "LineString", "coordinates": [ [ 14.642114813067721, 61.145789583061358 ], [ 14.643019683394623, 61.145890423412609 ], [ 14.64317045133779, 61.145778661180678 ], [ 14.643263954154023, 61.145673409697544 ] ] } },
{ "type": "Feature", "properties": { "objektidentitet": "464666bd-b4f6-4321-9271-a00fed3e0a11", "skapad": "2026-03-17T21:00:01", "objekttypnr": 1628, "objekttyp": "Traktorväg", "avfartsvag_pafartsvag": null, "cirkulationsplats": null, "bro_och_tunnel": null, "gagata": null, "bussgata": null, "industrivag": null, "gatunamn": null, "vardvagnummer": null, "gastvag1nummer": null, "gastvag2nummer": null, "alternativt_manér": "Ingen information", "vagutforande": "Normal", "skoterkorning_tillaten": "Ingen information", "ruskmarkering": "Ingen information", "rotation": null, "trafikplatsnummer": null }, "geometry": { "type": "LineString", "coordinates": [ [ 14.643263954154023, 61.145673409697544 ], [ 14.646462082624526, 61.146176792522255 ], [ 14.647114007624189, 61.146450709932587 ], [ 14.648379731782608, 61.146817075478069 ], [ 14.648580511019617, 61.146825344568931 ], [ 14.648884311563387, 61.146806525603445 ] ] } },
{ "type": "Feature", "properties": { "objektidentitet": "d0cb869d-2f15-49bb-b35c-71bff02f16fa", "skapad": "2025-12-17T01:00:01", "objekttypnr": 1624, "objekttyp": "Gångstig", "avfartsvag_pafartsvag": null, "cirkulationsplats": null, "bro_och_tunnel": null, "gagata": null, "bussgata": null, "industrivag": null, "gatunamn": null, "vardvagnummer": null, "gastvag1nummer": null, "gastvag2nummer": null, "alternativt_manér": "Ingen information", "vagutforande": "Normal", "skoterkorning_tillaten": "Ingen information", "ruskmarkering": "Ingen information", "rotation": null, "trafikplatsnummer": null }, "geometry": { "type": "LineString", "coordinates": [ [ 14.645498837137007, 61.152016117740722 ], [ 14.645286184477728, 61.152417397794117 ], [ 14.645327962626158, 61.15249231025637 ], [ 14.645408207123277, 61.152589660286402 ], [ 14.645625279962816, 61.152799985776142 ], [ 14.645832063645338, 61.152970458726045 ], [ 14.645918481409582, 61.153041052861674 ], [ 14.645979719195077, 61.153156972535953 ], [ 14.646021845774646, 61.153380180915022 ], [ 14.646051019380927, 61.153540717163281 ], [ 14.646085362825628, 61.153604585232394 ], [ 14.646198722555983, 61.153678499571747 ], [ 14.646411670564513, 61.153833518771819 ], [ 14.646646513796268, 61.154011183104238 ], [ 14.646732036831544, 61.154070830490191 ], [ 14.646958224963784, 61.154228594674329 ], [ 14.647196571727498, 61.154430821294916 ], [ 14.647399934198605, 61.154652411156164 ] ] } },
{ "type": "Feature", "properties": { "objektidentitet": "d6e70e34-557e-40fa-8462-20f87e797fd6", "skapad": "2026-03-17T21:00:01", "objekttypnr": 1628, "objekttyp": "Traktorväg", "avfartsvag_pafartsvag": null, "cirkulationsplats": null, "bro_och_tunnel": null, "gagata": null, "bussgata": null, "industrivag": null, "gatunamn": null, "vardvagnummer": null, "gastvag1nummer": null, "gastvag2nummer": null, "alternativt_manér": "Ingen information", "vagutforande": "Normal", "skoterkorning_tillaten": "Ingen information", "ruskmarkering": "Ingen information", "rotation": null, "trafikplatsnummer": null }, "geometry": { "type": "LineString", "coordinates": [ [ 14.670283388663002, 61.115637417993 ], [ 14.669974078128233, 61.115818716084682 ], [ 14.668476069240874, 61.116508356584156 ], [ 14.668190701591257, 61.116583878514469 ], [ 14.667928087895895, 61.116593531614285 ] ] } },
{ "type": "Feature", "properties": { "objektidentitet": "80121e19-a1e9-4d2b-a412-fcce208a2d96", "skapad": "2026-03-17T21:00:01", "objekttypnr": 1628, "objekttyp": "Traktorväg", "avfartsvag_pafartsvag": null, "cirkulationsplats": null, "bro_och_tunnel": null, "gagata": null, "bussgata": null, "industrivag": null, "gatunamn": null, "vardvagnummer": null, "gastvag1nummer": null, "gastvag2nummer": null, "alternativt_manér": "Ingen information", "vagutforande": "Normal", "skoterkorning_tillaten": "Ingen information", "ruskmarkering": "Ingen information", "rotation": null, "trafikplatsnummer": null }, "geometry": { "type": "LineString", "coordinates": [ [ 14.663166392636862, 61.119308019157536 ], [ 14.665920112761652, 61.119869023019106 ], [ 14.667410381612799, 61.120466381120906 ] ] } },
{ "type": "Feature", "properties": { "objektidentitet": "9fa37d11-2bdc-4ea2-87e4-efa5b259a50c", "skapad": "2026-03-17T21:00:01", "objekttypnr": 1628, "objekttyp": "Traktorväg", "avfartsvag_pafartsvag": null, "cirkulationsplats": null, "bro_och_tunnel": null, "gagata": null, "bussgata": null, "industrivag": null, "gatunamn": null, "vardvagnummer": null, "gastvag1nummer": null, "gastvag2nummer": null, "alternativt_manér": "Ingen information", "vagutforande": "Normal", "skoterkorning_tillaten": "Ingen information", "ruskmarkering": "Ingen information", "rotation": null, "trafikplatsnummer": null }, "geometry": { "type": "LineString", "coordinates": [ [ 14.665176128743616, 61.119354818745542 ], [ 14.666676073030697, 61.119537334631922 ], [ 14.669228606056347, 61.119669559505219 ], [ 14.66967750824654, 61.119743116653197 ], [ 14.670402598134842, 61.119750182295149 ], [ 14.67134190119082, 61.119773080813793 ], [ 14.671963896781193, 61.119790786809993 ], [ 14.67360920523992, 61.119767761373964 ], [ 14.674378965363092, 61.119636215308454 ], [ 14.67480709424196, 61.119431419721231 ] ] } },
{ "type": "Feature", "properties": { "objektidentitet": "15d7aa96-b46e-4af0-a485-2b0565fec395", "skapad": "2026-03-17T21:00:01", "objekttypnr": 1628, "objekttyp": "Traktorväg", "avfartsvag_pafartsvag": null, "cirkulationsplats": null, "bro_och_tunnel": null, "gagata": null, "bussgata": null, "industrivag": null, "gatunamn": null, "vardvagnummer": null, "gastvag1nummer": null, "gastvag2nummer": null, "alternativt_manér": "Ingen information", "vagutforande": "Normal", "skoterkorning_tillaten": "Ingen information", "ruskmarkering": "Ingen information", "rotation": null, "trafikplatsnummer": null }, "geometry": { "type": "LineString", "coordinates": [ [ 14.667410381612799, 61.120466381120906 ], [ 14.667736468224494, 61.120695030717407 ], [ 14.67026159169043, 61.121139157002425 ] ] } },
{ "type": "Feature", "properties": { "objektidentitet": "2dbe3801-3a3c-416d-b447-dc3bea89dbb8", "skapad": "2026-03-17T21:00:01", "objekttypnr": 1624, "objekttyp": "Gångstig", "avfartsvag_pafartsvag": null, "cirkulationsplats": null, "bro_och_tunnel": null, "gagata": null, "bussgata": null, "industrivag": null, "gatunamn": null, "vardvagnummer": null, "gastvag1nummer": null, "gastvag2nummer": null, "alternativt_manér": "Ingen information", "vagutforande": "Normal", "skoterkorning_tillaten": "Ingen information", "ruskmarkering": "Ingen information", "rotation": null, "trafikplatsnummer": null }, "geometry": { "type": "LineString", "coordinates": [ [ 14.667410381612799, 61.120466381120906 ], [ 14.667237077221648, 61.120600047746088 ], [ 14.667215178493365, 61.120705806350742 ], [ 14.667245653710898, 61.120797598820594 ], [ 14.667243078382279, 61.12087837510704 ], [ 14.6670990498073, 61.120914039700068 ], [ 14.666929429448182, 61.120942405002786 ], [ 14.667090696623207, 61.121484111042633 ], [ 14.667222650431825, 61.121700352298674 ], [ 14.667516405080889, 61.12200600640498 ], [ 14.668059425727311, 61.122510825530959 ], [ 14.668235744875656, 61.122763076854461 ], [ 14.668326442361433, 61.122997808980863 ], [ 14.668258358409473, 61.123173284102023 ], [ 14.668029774554903, 61.123364633327746 ], [ 14.667248465691124, 61.123857849581697 ] ] } },
{ "type": "Feature", "properties": { "objektidentitet": "657a2db2-e600-4b22-a363-49529199ac2b", "skapad": "2026-03-17T21:00:01", "objekttypnr": 1624, "objekttyp": "Gångstig", "avfartsvag_pafartsvag": null, "cirkulationsplats": null, "bro_och_tunnel": null, "gagata": null, "bussgata": null, "industrivag": null, "gatunamn": null, "vardvagnummer": null, "gastvag1nummer": null, "gastvag2nummer": null, "alternativt_manér": "Ingen information", "vagutforande": "Normal", "skoterkorning_tillaten": "Ingen information", "ruskmarkering": "Ingen information", "rotation": null, "trafikplatsnummer": null }, "geometry": { "type": "LineString", "coordinates": [ [ 14.67026159169043, 61.121139157002425 ], [ 14.67039435314293, 61.121122979209353 ], [ 14.670511868168257, 61.121157515922668 ], [ 14.670835101627672, 61.121276055975471 ], [ 14.671031629524849, 61.121333678095013 ], [ 14.671214963723285, 61.12141792268924 ], [ 14.671603949586002, 61.121489316706736 ], [ 14.671772078858844, 61.12153122911743 ], [ 14.672135268451061, 61.121624123532612 ], [ 14.672420768275234, 61.121711478269738 ], [ 14.672574335700171, 61.12176897600979 ], [ 14.672784804767161, 61.121871859252401 ], [ 14.672858325734049, 61.121916441510997 ], [ 14.673041788987975, 61.122071644544647 ], [ 14.673115945231954, 61.12220396853288 ] ] } },
{ "type": "Feature", "properties": { "objektidentitet": "57b20580-cd0b-4603-aa29-4723bdc55161", "skapad": "2026-03-17T21:00:01", "objekttypnr": 1624, "objekttyp": "Gångstig", "avfartsvag_pafartsvag": null, "cirkulationsplats": null, "bro_och_tunnel": null, "gagata": null, "bussgata": null, "industrivag": null, "gatunamn": null, "vardvagnummer": null, "gastvag1nummer": null, "gastvag2nummer": null, "alternativt_manér": "Ingen information", "vagutforande": "Normal", "skoterkorning_tillaten": "Ingen information", "ruskmarkering": "Ingen information", "rotation": null, "trafikplatsnummer": null }, "geometry": { "type": "LineString", "coordinates": [ [ 14.673115945231954, 61.12220396853288 ], [ 14.67271374751383, 61.12215621234045 ], [ 14.672258936852874, 61.122104368730888 ], [ 14.672100970668655, 61.122046761341586 ], [ 14.6719271005678, 61.121992562429334 ], [ 14.671274641572969, 61.121692465859951 ], [ 14.670659472321809, 61.121355854355414 ], [ 14.670352556949572, 61.121206640607653 ], [ 14.67026159169043, 61.121139157002425 ] ] } },
{ "type": "Feature", "properties": { "objektidentitet": "e001f04e-4883-4830-8fd4-d3921b1093d0", "skapad": "2026-03-17T21:00:01", "objekttypnr": 1624, "objekttyp": "Gångstig", "avfartsvag_pafartsvag": null, "cirkulationsplats": null, "bro_och_tunnel": null, "gagata": null, "bussgata": null, "industrivag": null, "gatunamn": null, "vardvagnummer": null, "gastvag1nummer": null, "gastvag2nummer": null, "alternativt_manér": "Ingen information", "vagutforande": "Normal", "skoterkorning_tillaten": "Ingen information", "ruskmarkering": "Ingen information", "rotation": null, "trafikplatsnummer": null }, "geometry": { "type": "LineString", "coordinates": [ [ 14.689118242963584, 61.124049032579435 ], [ 14.68923266013322, 61.123835138730641 ], [ 14.689492451176678, 61.123507524609671 ], [ 14.689635278969272, 61.123377153268677 ], [ 14.689830131126431, 61.123233668059811 ], [ 14.69003317758968, 61.123108058063238 ], [ 14.690520499733529, 61.122878479844672 ], [ 14.690772434183685, 61.122786692304835 ], [ 14.691345746699012, 61.122613338161372 ], [ 14.691865931123898, 61.122478214100369 ], [ 14.692465495705219, 61.122331570362782 ], [ 14.692570915874452, 61.122303395137088 ], [ 14.693194723006481, 61.12213668401504 ], [ 14.694598965963122, 61.121643720832921 ], [ 14.69491248745323, 61.12156080873735 ], [ 14.695395432485769, 61.121461650993439 ], [ 14.69588146914351, 61.121386181676719 ] ] } },
{ "type": "Feature", "properties": { "objektidentitet": "cb687b5a-4a49-4f57-b30a-5064e8927bfb", "skapad": "2026-03-17T21:00:01", "objekttypnr": 1624, "objekttyp": "Gångstig", "avfartsvag_pafartsvag": null, "cirkulationsplats": null, "bro_och_tunnel": null, "gagata": null, "bussgata": null, "industrivag": null, "gatunamn": null, "vardvagnummer": null, "gastvag1nummer": null, "gastvag2nummer": null, "alternativt_manér": "Ingen information", "vagutforande": "Normal", "skoterkorning_tillaten": "Ingen information", "ruskmarkering": "Ingen information", "rotation": null, "trafikplatsnummer": null }, "geometry": { "type": "LineString", "coordinates": [ [ 14.676672928925333, 61.122971986734782 ], [ 14.676468026493117, 61.122930881024956 ], [ 14.675629587191883, 61.122760548091016 ], [ 14.6752728948811, 61.122679771696184 ], [ 14.674760302777949, 61.122543855133571 ], [ 14.674391387960691, 61.12244459766216 ], [ 14.673848073253737, 61.122322483291391 ], [ 14.673505831287409, 61.122232633477907 ], [ 14.673306917079413, 61.122227206497492 ], [ 14.673115945231954, 61.12220396853288 ] ] } },
{ "type": "Feature", "properties": { "objektidentitet": "61583f00-2dc4-4db1-ae01-b185f639f1f4", "skapad": "2026-03-17T21:00:01", "objekttypnr": 1628, "objekttyp": "Traktorväg", "avfartsvag_pafartsvag": null, "cirkulationsplats": null, "bro_och_tunnel": null, "gagata": null, "bussgata": null, "industrivag": null, "gatunamn": null, "vardvagnummer": null, "gastvag1nummer": null, "gastvag2nummer": null, "alternativt_manér": "Ingen information", "vagutforande": "Normal", "skoterkorning_tillaten": "Ingen information", "ruskmarkering": "Ingen information", "rotation": null, "trafikplatsnummer": null }, "geometry": { "type": "LineString", "coordinates": [ [ 14.67972555564527, 61.124987998863503 ], [ 14.679115810518214, 61.12447658703497 ], [ 14.678355243474648, 61.123686699101007 ], [ 14.677874403225569, 61.123358888236517 ], [ 14.677394842817542, 61.123159613974387 ], [ 14.676672928925333, 61.122971986734782 ] ] } },
{ "type": "Feature", "properties": { "objektidentitet": "1c979d4e-b1c5-4457-a2a2-48926a31eab5", "skapad": "2026-03-17T21:00:01", "objekttypnr": 1628, "objekttyp": "Traktorväg", "avfartsvag_pafartsvag": null, "cirkulationsplats": null, "bro_och_tunnel": null, "gagata": null, "bussgata": null, "industrivag": null, "gatunamn": null, "vardvagnummer": null, "gastvag1nummer": null, "gastvag2nummer": null, "alternativt_manér": "Ingen information", "vagutforande": "Normal", "skoterkorning_tillaten": "Ingen information", "ruskmarkering": "Ingen information", "rotation": null, "trafikplatsnummer": null }, "geometry": { "type": "LineString", "coordinates": [ [ 14.689118242963584, 61.124049032579435 ], [ 14.688835872319624, 61.124586172266049 ], [ 14.688370615124899, 61.124923600756162 ], [ 14.688359673556592, 61.125557803785533 ], [ 14.687892731758042, 61.125981243065752 ], [ 14.687207639112115, 61.126284870401385 ], [ 14.685645666414048, 61.126819909451704 ], [ 14.685191037329071, 61.127050722135543 ], [ 14.684598116240879, 61.127166600329168 ], [ 14.683951416804314, 61.127339592881142 ], [ 14.683322195699446, 61.127655567911219 ], [ 14.683079969093418, 61.127809993387544 ], [ 14.68287316930741, 61.12795055036635 ], [ 14.682665883091795, 61.128109797418269 ] ] } },
{ "type": "Feature", "properties": { "objektidentitet": "43e5ff43-3f56-420f-a305-34a4c3f93536", "skapad": "2026-03-17T21:00:01", "objekttypnr": 1628, "objekttyp": "Traktorväg", "avfartsvag_pafartsvag": null, "cirkulationsplats": null, "bro_och_tunnel": null, "gagata": null, "bussgata": null, "industrivag": null, "gatunamn": null, "vardvagnummer": null, "gastvag1nummer": null, "gastvag2nummer": null, "alternativt_manér": "Ingen information", "vagutforande": "Normal", "skoterkorning_tillaten": "Ingen information", "ruskmarkering": "Ingen information", "rotation": null, "trafikplatsnummer": null }, "geometry": { "type": "LineString", "coordinates": [ [ 14.666456730411085, 61.124931173598334 ], [ 14.665941654655265, 61.12501130443686 ], [ 14.66476352586394, 61.125542112585094 ] ] } },
{ "type": "Feature", "properties": { "objektidentitet": "db2a35ea-7dcb-48f8-b8f1-292cb155a367", "skapad": "2026-03-17T21:00:01", "objekttypnr": 1624, "objekttyp": "Gångstig", "avfartsvag_pafartsvag": null, "cirkulationsplats": null, "bro_och_tunnel": null, "gagata": null, "bussgata": null, "industrivag": null, "gatunamn": null, "vardvagnummer": null, "gastvag1nummer": null, "gastvag2nummer": null, "alternativt_manér": "Ingen information", "vagutforande": "Normal", "skoterkorning_tillaten": "Ingen information", "ruskmarkering": "Ingen information", "rotation": null, "trafikplatsnummer": null }, "geometry": { "type": "LineString", "coordinates": [ [ 14.676273096186245, 61.12613738942175 ], [ 14.676518047903349, 61.126087017328615 ], [ 14.676733380293893, 61.125966825269174 ], [ 14.677056826894146, 61.125767814558053 ], [ 14.677295348282859, 61.125634057630556 ], [ 14.677346483207407, 61.125565373615878 ], [ 14.67745616474342, 61.125545839205913 ], [ 14.677557022596806, 61.125490471051741 ], [ 14.677841555282988, 61.125396899689967 ], [ 14.67798726704094, 61.125289656674241 ], [ 14.678359999399861, 61.125147347131666 ], [ 14.678481965990246, 61.125089541548299 ], [ 14.67868232202464, 61.125117534603525 ], [ 14.678819108848794, 61.125115606207828 ], [ 14.678965658449737, 61.125117435205262 ], [ 14.679098443099683, 61.125120282110309 ], [ 14.67928201836018, 61.125113579964037 ], [ 14.679483294938736, 61.125076413078673 ], [ 14.67972555564527, 61.124987998863503 ] ] } },
{ "type": "Feature", "properties": { "objektidentitet": "de312e65-a956-4bc7-ab23-58d2113686f5", "skapad": "2026-03-17T21:00:01", "objekttypnr": 1628, "objekttyp": "Traktorväg", "avfartsvag_pafartsvag": null, "cirkulationsplats": null, "bro_och_tunnel": null, "gagata": null, "bussgata": null, "industrivag": null, "gatunamn": null, "vardvagnummer": null, "gastvag1nummer": null, "gastvag2nummer": null, "alternativt_manér": "Ingen information", "vagutforande": "Normal", "skoterkorning_tillaten": "Ingen information", "ruskmarkering": "Ingen information", "rotation": null, "trafikplatsnummer": null }, "geometry": { "type": "LineString", "coordinates": [ [ 14.682665883091795, 61.128109797418269 ], [ 14.681895535092384, 61.127379798040835 ], [ 14.681786980074705, 61.126736884350947 ], [ 14.68169770915744, 61.126563420508653 ], [ 14.681670266951565, 61.126359164433275 ], [ 14.681391500186017, 61.126204817147823 ], [ 14.680787432483593, 61.126018090982214 ], [ 14.680647876677909, 61.125893033095068 ], [ 14.679989212438869, 61.125336916941684 ], [ 14.67972555564527, 61.124987998863503 ] ] } },
{ "type": "Feature", "properties": { "objektidentitet": "d3c9c111-8403-44ef-a84a-619cd5644d30", "skapad": "2026-03-17T21:00:01", "objekttypnr": 1624, "objekttyp": "Gångstig", "avfartsvag_pafartsvag": null, "cirkulationsplats": null, "bro_och_tunnel": null, "gagata": null, "bussgata": null, "industrivag": null, "gatunamn": null, "vardvagnummer": null, "gastvag1nummer": null, "gastvag2nummer": null, "alternativt_manér": "Ingen information", "vagutforande": "Normal", "skoterkorning_tillaten": "Ingen information", "ruskmarkering": "Ingen information", "rotation": null, "trafikplatsnummer": null }, "geometry": { "type": "LineString", "coordinates": [ [ 14.676273096186245, 61.12613738942175 ], [ 14.676078842954716, 61.125913565418919 ], [ 14.675949624031016, 61.125790601165299 ], [ 14.67588052063096, 61.125732043932167 ], [ 14.675764791944921, 61.125696672363844 ], [ 14.675550389747501, 61.125711483467974 ], [ 14.675362867440576, 61.125706257287781 ], [ 14.675129897873246, 61.125746798496053 ], [ 14.674933401475405, 61.125805589161345 ], [ 14.674600162607065, 61.125969916755004 ], [ 14.674090292220528, 61.126224503429299 ], [ 14.673968608231762, 61.126305935251544 ], [ 14.673921906596485, 61.126341670938629 ], [ 14.673824473339781, 61.126400680925784 ], [ 14.673679551737308, 61.12649063015246 ], [ 14.673498441648665, 61.126588563101798 ], [ 14.673287453471112, 61.126665756709826 ], [ 14.67295394362745, 61.126728855067867 ] ] } },
{ "type": "Feature", "properties": { "objektidentitet": "02b59b32-190f-4db3-916f-85f55aad35f0", "skapad": "2026-03-17T21:00:01", "objekttypnr": 1624, "objekttyp": "Gångstig", "avfartsvag_pafartsvag": null, "cirkulationsplats": null, "bro_och_tunnel": null, "gagata": null, "bussgata": null, "industrivag": null, "gatunamn": null, "vardvagnummer": null, "gastvag1nummer": null, "gastvag2nummer": null, "alternativt_manér": "Ingen information", "vagutforande": "Normal", "skoterkorning_tillaten": "Ingen information", "ruskmarkering": "Ingen information", "rotation": null, "trafikplatsnummer": null }, "geometry": { "type": "LineString", "coordinates": [ [ 14.675860664467207, 61.127380592360659 ], [ 14.675877675655002, 61.127238559119249 ], [ 14.676009237922097, 61.127142255089552 ], [ 14.676122804942837, 61.127077419789842 ], [ 14.676384843476933, 61.12693439308201 ], [ 14.676465024844884, 61.126862995511146 ], [ 14.676554016878882, 61.126759550563875 ], [ 14.676574343799386, 61.126705059109327 ], [ 14.676587071900482, 61.126634847079835 ], [ 14.676564452934951, 61.126561255649513 ], [ 14.67639931815258, 61.12631043350089 ], [ 14.676313843233363, 61.12620801679121 ], [ 14.676273096186245, 61.12613738942175 ] ] } },
{ "type": "Feature", "properties": { "objektidentitet": "b554fde3-a443-4d00-9b07-83f19abdb535", "skapad": "2026-03-17T21:00:01", "objekttypnr": 1628, "objekttyp": "Traktorväg", "avfartsvag_pafartsvag": null, "cirkulationsplats": null, "bro_och_tunnel": null, "gagata": null, "bussgata": null, "industrivag": null, "gatunamn": null, "vardvagnummer": null, "gastvag1nummer": null, "gastvag2nummer": null, "alternativt_manér": "Ingen information", "vagutforande": "Normal", "skoterkorning_tillaten": "Ingen information", "ruskmarkering": "Ingen information", "rotation": null, "trafikplatsnummer": null }, "geometry": { "type": "LineString", "coordinates": [ [ 14.682665883091795, 61.128109797418269 ], [ 14.682784893298608, 61.128376878907552 ], [ 14.682583217446856, 61.128677898647126 ] ] } },
{ "type": "Feature", "properties": { "objektidentitet": "611282fc-a6df-496e-9f39-75260c8a8b0f", "skapad": "2026-03-17T21:00:01", "objekttypnr": 1628, "objekttyp": "Traktorväg", "avfartsvag_pafartsvag": null, "cirkulationsplats": null, "bro_och_tunnel": null, "gagata": null, "bussgata": null, "industrivag": null, "gatunamn": null, "vardvagnummer": null, "gastvag1nummer": null, "gastvag2nummer": null, "alternativt_manér": "Ingen information", "vagutforande": "Normal", "skoterkorning_tillaten": "Ingen information", "ruskmarkering": "Ingen information", "rotation": null, "trafikplatsnummer": null }, "geometry": { "type": "LineString", "coordinates": [ [ 14.684305451109966, 61.129776314105619 ], [ 14.68408462800237, 61.129522624425206 ], [ 14.682856569467676, 61.128910310867091 ], [ 14.68247741867299, 61.128798150494845 ] ] } },
{ "type": "Feature", "properties": { "objektidentitet": "942877a6-979f-4f34-9204-d7f255017e38", "skapad": "2026-03-17T21:00:01", "objekttypnr": 1628, "objekttyp": "Traktorväg", "avfartsvag_pafartsvag": null, "cirkulationsplats": null, "bro_och_tunnel": null, "gagata": null, "bussgata": null, "industrivag": null, "gatunamn": null, "vardvagnummer": null, "gastvag1nummer": null, "gastvag2nummer": null, "alternativt_manér": "Ingen information", "vagutforande": "Normal", "skoterkorning_tillaten": "Ingen information", "ruskmarkering": "Ingen information", "rotation": null, "trafikplatsnummer": null }, "geometry": { "type": "LineString", "coordinates": [ [ 14.65825794826862, 61.140106532159493 ], [ 14.658907665182365, 61.139930428746432 ], [ 14.659266568792868, 61.139882224301857 ], [ 14.659818584303956, 61.13987951926881 ], [ 14.660468256828507, 61.14004882931561 ] ] } },
{ "type": "Feature", "properties": { "objektidentitet": "1992e38b-8cda-4de8-afd1-86aa75adad4e", "skapad": "2026-03-17T21:00:01", "objekttypnr": 1624, "objekttyp": "Gångstig", "avfartsvag_pafartsvag": null, "cirkulationsplats": null, "bro_och_tunnel": null, "gagata": null, "bussgata": null, "industrivag": null, "gatunamn": null, "vardvagnummer": null, "gastvag1nummer": null, "gastvag2nummer": null, "alternativt_manér": "Ingen information", "vagutforande": "Normal", "skoterkorning_tillaten": "Ingen information", "ruskmarkering": "Ingen information", "rotation": null, "trafikplatsnummer": null }, "geometry": { "type": "LineString", "coordinates": [ [ 14.660603886367875, 61.148627921959005 ], [ 14.660347420949252, 61.148655846018727 ], [ 14.660016177494278, 61.148634482015495 ], [ 14.659811638377782, 61.148582408796671 ], [ 14.65966227680363, 61.148522896543263 ], [ 14.659524465560347, 61.148451715034106 ], [ 14.659218599182376, 61.14824426754447 ], [ 14.659159816430225, 61.148201986808203 ], [ 14.658947251525495, 61.148081516937559 ] ] } },
{ "type": "Feature", "properties": { "objektidentitet": "67f8fcd6-20c0-4f35-8674-e4f7c659d22b", "skapad": "2026-03-17T21:00:01", "objekttypnr": 1624, "objekttyp": "Gångstig", "avfartsvag_pafartsvag": null, "cirkulationsplats": null, "bro_och_tunnel": null, "gagata": null, "bussgata": null, "industrivag": null, "gatunamn": null, "vardvagnummer": null, "gastvag1nummer": null, "gastvag2nummer": null, "alternativt_manér": "Ingen information", "vagutforande": "Normal", "skoterkorning_tillaten": "Ingen information", "ruskmarkering": "Ingen information", "rotation": null, "trafikplatsnummer": null }, "geometry": { "type": "LineString", "coordinates": [ [ 14.660350148889775, 61.147893593409229 ], [ 14.660292247779914, 61.147976627206461 ], [ 14.660272156653919, 61.148036377953474 ], [ 14.660282365179711, 61.148120130370664 ], [ 14.660364592027598, 61.148314589165977 ], [ 14.66042824719475, 61.14840496681677 ], [ 14.660603886367875, 61.148627921959005 ] ] } },
{ "type": "Feature", "properties": { "objektidentitet": "047a5302-8d70-4961-bc7f-9362275aa253", "skapad": "2025-12-17T01:00:01", "objekttypnr": 1624, "objekttyp": "Gångstig", "avfartsvag_pafartsvag": null, "cirkulationsplats": null, "bro_och_tunnel": null, "gagata": null, "bussgata": null, "industrivag": null, "gatunamn": null, "vardvagnummer": null, "gastvag1nummer": null, "gastvag2nummer": null, "alternativt_manér": "Ingen information", "vagutforande": "Normal", "skoterkorning_tillaten": "Ingen information", "ruskmarkering": "Ingen information", "rotation": null, "trafikplatsnummer": null }, "geometry": { "type": "LineString", "coordinates": [ [ 14.661965883591648, 61.153315778380424 ], [ 14.661833659531991, 61.153416322723288 ], [ 14.661673541538356, 61.153449714802846 ], [ 14.661516246688214, 61.153479675574587 ], [ 14.661397022202326, 61.153547581770034 ], [ 14.661219815588964, 61.153644627962578 ], [ 14.661043764879045, 61.153763717433108 ], [ 14.660831525787225, 61.154012166741559 ], [ 14.66077352790667, 61.15410674624539 ], [ 14.660757113985136, 61.154133494625377 ], [ 14.660679319610697, 61.154337939316662 ], [ 14.660650863128206, 61.154463583810994 ], [ 14.660581414583657, 61.154645048172654 ], [ 14.660588696970747, 61.154686121809945 ] ] } },
{ "type": "Feature", "properties": { "objektidentitet": "4832b05a-baf7-43a6-a2b4-1f85376e83a8", "skapad": "2026-03-17T21:00:01", "objekttypnr": 1628, "objekttyp": "Traktorväg", "avfartsvag_pafartsvag": null, "cirkulationsplats": null, "bro_och_tunnel": null, "gagata": null, "bussgata": null, "industrivag": null, "gatunamn": null, "vardvagnummer": null, "gastvag1nummer": null, "gastvag2nummer": null, "alternativt_manér": "Ingen information", "vagutforande": "Normal", "skoterkorning_tillaten": "Ingen information", "ruskmarkering": "Ingen information", "rotation": null, "trafikplatsnummer": null }, "geometry": { "type": "LineString", "coordinates": [ [ 14.661032497957635, 61.137599240401691 ], [ 14.660935079461014, 61.137252973511025 ], [ 14.660726824148519, 61.137071081903464 ] ] } },
{ "type": "Feature", "properties": { "objektidentitet": "43561722-f776-470b-a9d1-e7ad3e36fc23", "skapad": "2026-03-17T21:00:01", "objekttypnr": 1624, "objekttyp": "Gångstig", "avfartsvag_pafartsvag": null, "cirkulationsplats": null, "bro_och_tunnel": null, "gagata": null, "bussgata": null, "industrivag": null, "gatunamn": null, "vardvagnummer": null, "gastvag1nummer": null, "gastvag2nummer": null, "alternativt_manér": "Ingen information", "vagutforande": "Normal", "skoterkorning_tillaten": "Ingen information", "ruskmarkering": "Ingen information", "rotation": null, "trafikplatsnummer": null }, "geometry": { "type": "LineString", "coordinates": [ [ 14.660603886367875, 61.148627921959005 ], [ 14.66079608892419, 61.148808426469621 ], [ 14.6608178059107, 61.148922579503349 ], [ 14.66086800703388, 61.149086379567777 ], [ 14.660919779285596, 61.149166061413773 ], [ 14.661015137892818, 61.149271223815298 ], [ 14.661131154754189, 61.149365951541363 ], [ 14.661041841788968, 61.14947131585528 ] ] } },
{ "type": "Feature", "properties": { "objektidentitet": "9e9913f5-284c-4fc5-9080-5b73ee1c96d7", "skapad": "2026-03-17T21:00:01", "objekttypnr": 1624, "objekttyp": "Gångstig", "avfartsvag_pafartsvag": null, "cirkulationsplats": null, "bro_och_tunnel": null, "gagata": null, "bussgata": null, "industrivag": null, "gatunamn": null, "vardvagnummer": null, "gastvag1nummer": null, "gastvag2nummer": null, "alternativt_manér": "Ingen information", "vagutforande": "Normal", "skoterkorning_tillaten": "Ingen information", "ruskmarkering": "Ingen information", "rotation": null, "trafikplatsnummer": null }, "geometry": { "type": "LineString", "coordinates": [ [ 14.661041841788968, 61.14947131585528 ], [ 14.661045560346077, 61.149562853532558 ], [ 14.660940890838056, 61.149714325020895 ], [ 14.66093248394127, 61.149869413313787 ], [ 14.66089970795494, 61.150024135339869 ], [ 14.660905648548646, 61.150095532528127 ] ] } },
{ "type": "Feature", "properties": { "objektidentitet": "b6930b31-b304-442a-8e2a-7efcf9c42592", "skapad": "2026-03-17T21:00:01", "objekttypnr": 1624, "objekttyp": "Gångstig", "avfartsvag_pafartsvag": null, "cirkulationsplats": null, "bro_och_tunnel": null, "gagata": null, "bussgata": null, "industrivag": null, "gatunamn": null, "vardvagnummer": null, "gastvag1nummer": null, "gastvag2nummer": null, "alternativt_manér": "Ingen information", "vagutforande": "Normal", "skoterkorning_tillaten": "Ingen information", "ruskmarkering": "Ingen information", "rotation": null, "trafikplatsnummer": null }, "geometry": { "type": "LineString", "coordinates": [ [ 14.660905648548646, 61.150095532528127 ], [ 14.660936327921304, 61.150252343703997 ], [ 14.661018846672953, 61.150417005470246 ], [ 14.661102832656173, 61.150550571889561 ], [ 14.661156907937267, 61.150635807764992 ], [ 14.661206309037293, 61.150748108849939 ], [ 14.661212994153486, 61.150836763162467 ] ] } },
{ "type": "Feature", "properties": { "objektidentitet": "1ac1810d-3fb3-49cc-8f0c-952b11b57224", "skapad": "2026-03-17T21:00:01", "objekttypnr": 1624, "objekttyp": "Gångstig", "avfartsvag_pafartsvag": null, "cirkulationsplats": null, "bro_och_tunnel": null, "gagata": null, "bussgata": null, "industrivag": null, "gatunamn": null, "vardvagnummer": null, "gastvag1nummer": null, "gastvag2nummer": null, "alternativt_manér": "Ingen information", "vagutforande": "Normal", "skoterkorning_tillaten": "Ingen information", "ruskmarkering": "Ingen information", "rotation": null, "trafikplatsnummer": null }, "geometry": { "type": "LineString", "coordinates": [ [ 14.660905648548646, 61.150095532528127 ], [ 14.661313584406477, 61.150079639699065 ], [ 14.661500277441455, 61.150062860469532 ], [ 14.66219598800641, 61.149972279742002 ], [ 14.662472916623647, 61.149933800705917 ] ] } },
{ "type": "Feature", "properties": { "objektidentitet": "59636efc-1cf7-4e6b-900b-f15c218d9441", "skapad": "2026-03-17T21:00:01", "objekttypnr": 1624, "objekttyp": "Gångstig", "avfartsvag_pafartsvag": null, "cirkulationsplats": null, "bro_och_tunnel": null, "gagata": null, "bussgata": null, "industrivag": null, "gatunamn": null, "vardvagnummer": null, "gastvag1nummer": null, "gastvag2nummer": null, "alternativt_manér": "Ingen information", "vagutforande": "Normal", "skoterkorning_tillaten": "Ingen information", "ruskmarkering": "Ingen information", "rotation": null, "trafikplatsnummer": null }, "geometry": { "type": "LineString", "coordinates": [ [ 14.662472916623647, 61.149933800705917 ], [ 14.662312330304495, 61.149833629934285 ], [ 14.662125636767234, 61.149735916613601 ], [ 14.661804961742444, 61.14965798753623 ], [ 14.661555039733621, 61.14958244318386 ], [ 14.661412925277101, 61.14955839530414 ], [ 14.661041841788968, 61.14947131585528 ] ] } },
{ "type": "Feature", "properties": { "objektidentitet": "76fc164a-fdf7-41a9-b0dc-b33870d83e51", "skapad": "2026-03-17T21:00:01", "objekttypnr": 1628, "objekttyp": "Traktorväg", "avfartsvag_pafartsvag": null, "cirkulationsplats": null, "bro_och_tunnel": null, "gagata": null, "bussgata": null, "industrivag": null, "gatunamn": null, "vardvagnummer": null, "gastvag1nummer": null, "gastvag2nummer": null, "alternativt_manér": "Ingen information", "vagutforande": "Normal", "skoterkorning_tillaten": "Ingen information", "ruskmarkering": "Ingen information", "rotation": null, "trafikplatsnummer": null }, "geometry": { "type": "LineString", "coordinates": [ [ 14.661907066849572, 61.13884550970301 ], [ 14.664277145497726, 61.139269578557602 ] ] } },
{ "type": "Feature", "properties": { "objektidentitet": "06284047-502e-42eb-86ac-b9f8b404b06e", "skapad": "2026-03-17T21:00:01", "objekttypnr": 1624, "objekttyp": "Gångstig", "avfartsvag_pafartsvag": null, "cirkulationsplats": null, "bro_och_tunnel": null, "gagata": null, "bussgata": null, "industrivag": null, "gatunamn": null, "vardvagnummer": null, "gastvag1nummer": null, "gastvag2nummer": null, "alternativt_manér": "Ingen information", "vagutforande": "Normal", "skoterkorning_tillaten": "Ingen information", "ruskmarkering": "Ingen information", "rotation": null, "trafikplatsnummer": null }, "geometry": { "type": "LineString", "coordinates": [ [ 14.664278495393381, 61.150312180051962 ], [ 14.664021925496764, 61.150338476807285 ], [ 14.663863781805084, 61.150332876904294 ], [ 14.663626959342379, 61.150296296609227 ], [ 14.663330052638418, 61.150225433170277 ], [ 14.663101030349328, 61.150115962712412 ], [ 14.662837755118623, 61.150015088160863 ], [ 14.662472916623647, 61.149933800705917 ] ] } },
{ "type": "Feature", "properties": { "objektidentitet": "76ad3067-c205-4704-8948-7ff5e680549d", "skapad": "2026-03-17T21:00:01", "objekttypnr": 1624, "objekttyp": "Gångstig", "avfartsvag_pafartsvag": null, "cirkulationsplats": null, "bro_och_tunnel": null, "gagata": null, "bussgata": null, "industrivag": null, "gatunamn": null, "vardvagnummer": null, "gastvag1nummer": null, "gastvag2nummer": null, "alternativt_manér": "Ingen information", "vagutforande": "Normal", "skoterkorning_tillaten": "Ingen information", "ruskmarkering": "Ingen information", "rotation": null, "trafikplatsnummer": null }, "geometry": { "type": "LineString", "coordinates": [ [ 14.689297239887646, 61.13132890946779 ], [ 14.689114946749699, 61.131203564542297 ], [ 14.688935563318093, 61.131075137745071 ], [ 14.688771126013229, 61.130943001413506 ], [ 14.688670102452928, 61.13079468922831 ], [ 14.688599487768879, 61.130648529483295 ], [ 14.688601241732545, 61.130598608192649 ], [ 14.687286518233755, 61.130465675797879 ], [ 14.68641582804355, 61.130382052356708 ], [ 14.68598236474328, 61.130333213235957 ], [ 14.685321730677474, 61.13023830920784 ], [ 14.684943561241335, 61.130164951315471 ] ] } },
{ "type": "Feature", "properties": { "objektidentitet": "6e5f3333-696f-45e9-903b-0204a6d2e7be", "skapad": "2026-03-17T21:00:01", "objekttypnr": 1628, "objekttyp": "Traktorväg", "avfartsvag_pafartsvag": null, "cirkulationsplats": null, "bro_och_tunnel": null, "gagata": null, "bussgata": null, "industrivag": null, "gatunamn": null, "vardvagnummer": null, "gastvag1nummer": null, "gastvag2nummer": null, "alternativt_manér": "Ingen information", "vagutforande": "Normal", "skoterkorning_tillaten": "Ingen information", "ruskmarkering": "Ingen information", "rotation": null, "trafikplatsnummer": null }, "geometry": { "type": "LineString", "coordinates": [ [ 14.689396710499606, 61.132861280230856 ], [ 14.690089631044126, 61.132337667865166 ], [ 14.689512400516943, 61.13172244246438 ], [ 14.689297239887646, 61.13132890946779 ] ] } },
{ "type": "Feature", "properties": { "objektidentitet": "d40a694f-7de9-4aea-a6d8-3dc12ebe5e70", "skapad": "2026-03-17T21:00:01", "objekttypnr": 1628, "objekttyp": "Traktorväg", "avfartsvag_pafartsvag": null, "cirkulationsplats": null, "bro_och_tunnel": null, "gagata": null, "bussgata": null, "industrivag": null, "gatunamn": null, "vardvagnummer": null, "gastvag1nummer": null, "gastvag2nummer": null, "alternativt_manér": "Ingen information", "vagutforande": "Normal", "skoterkorning_tillaten": "Ingen information", "ruskmarkering": "Ingen information", "rotation": null, "trafikplatsnummer": null }, "geometry": { "type": "LineString", "coordinates": [ [ 14.690796867960829, 61.133582010727594 ], [ 14.691201518887585, 61.133782188068658 ], [ 14.691570848353379, 61.134288255901687 ], [ 14.692385722053238, 61.134999284971208 ], [ 14.692609079058698, 61.135283903821012 ], [ 14.692722985745371, 61.135741742908131 ], [ 14.692728192869467, 61.135960758869921 ], [ 14.692505734570352, 61.136186709380176 ], [ 14.692296007430631, 61.13639970672893 ], [ 14.692399927347246, 61.137284856952022 ], [ 14.69202530926648, 61.137597392759474 ] ] } },
{ "type": "Feature", "properties": { "objektidentitet": "b5c53699-1e28-4951-be8d-9cd2d2f4f9cf", "skapad": "2026-03-17T21:00:01", "objekttypnr": 1628, "objekttyp": "Traktorväg", "avfartsvag_pafartsvag": null, "cirkulationsplats": null, "bro_och_tunnel": null, "gagata": null, "bussgata": null, "industrivag": null, "gatunamn": null, "vardvagnummer": null, "gastvag1nummer": null, "gastvag2nummer": null, "alternativt_manér": "Ingen information", "vagutforande": "Normal", "skoterkorning_tillaten": "Ingen information", "ruskmarkering": "Ingen information", "rotation": null, "trafikplatsnummer": null }, "geometry": { "type": "LineString", "coordinates": [ [ 14.699131501384173, 61.136182454269445 ], [ 14.700771959890922, 61.13632411632554 ], [ 14.701663011706438, 61.136656322774606 ], [ 14.70226411185204, 61.136764796869763 ], [ 14.703187648409966, 61.136808365853518 ], [ 14.703689839030426, 61.136776033190984 ], [ 14.703890996398695, 61.135627792528211 ] ] } },
{ "type": "Feature", "properties": { "objektidentitet": "39708dca-a69c-4e82-917d-4b350c47063c", "skapad": "2026-03-17T21:00:01", "objekttypnr": 1628, "objekttyp": "Traktorväg", "avfartsvag_pafartsvag": null, "cirkulationsplats": null, "bro_och_tunnel": null, "gagata": null, "bussgata": null, "industrivag": null, "gatunamn": null, "vardvagnummer": null, "gastvag1nummer": null, "gastvag2nummer": null, "alternativt_manér": "Ingen information", "vagutforande": "Normal", "skoterkorning_tillaten": "Ingen information", "ruskmarkering": "Ingen information", "rotation": null, "trafikplatsnummer": null }, "geometry": { "type": "LineString", "coordinates": [ [ 14.685614975798744, 61.137653028309693 ], [ 14.685186430540682, 61.137838994675555 ], [ 14.684835630283109, 61.138107152745413 ], [ 14.684033324469084, 61.138431534787451 ], [ 14.683821586062136, 61.138517137238352 ], [ 14.683557958323828, 61.138732984815398 ], [ 14.683478571561638, 61.138909113840093 ], [ 14.682561745613317, 61.139325789336105 ], [ 14.682359877707993, 61.13951857164443 ], [ 14.68229624315776, 61.139765545012857 ], [ 14.68195822055954, 61.140016129221245 ], [ 14.681683231422756, 61.14055009230789 ], [ 14.681179024733872, 61.141017321581685 ], [ 14.681021044791104, 61.141346012447968 ], [ 14.680830390063562, 61.141430259332267 ] ] } },
{ "type": "Feature", "properties": { "objektidentitet": "8ff80b12-bc7d-4e0d-97c3-6998539277cc", "skapad": "2026-03-17T21:00:01", "objekttypnr": 1628, "objekttyp": "Traktorväg", "avfartsvag_pafartsvag": null, "cirkulationsplats": null, "bro_och_tunnel": null, "gagata": null, "bussgata": null, "industrivag": null, "gatunamn": null, "vardvagnummer": null, "gastvag1nummer": null, "gastvag2nummer": null, "alternativt_manér": "Ingen information", "vagutforande": "Normal", "skoterkorning_tillaten": "Ingen information", "ruskmarkering": "Ingen information", "rotation": null, "trafikplatsnummer": null }, "geometry": { "type": "LineString", "coordinates": [ [ 14.68648929868437, 61.146183677442721 ], [ 14.6862823223156, 61.14611053172289 ], [ 14.6858253601459, 61.145754184899275 ], [ 14.684808074714423, 61.1447610582821 ], [ 14.684099493719204, 61.144345269946506 ], [ 14.68394668125125, 61.14421776987529 ], [ 14.683588224607179, 61.143555718059659 ], [ 14.68341069745397, 61.142650898670389 ], [ 14.683618080238473, 61.142255418163373 ], [ 14.684507953403765, 61.141468410703098 ], [ 14.684830486185719, 61.141066490485201 ], [ 14.685131365018055, 61.140576042880241 ], [ 14.68519975547432, 61.140360429791166 ], [ 14.685618406524346, 61.139912181121531 ], [ 14.685617464884318, 61.139483812672744 ], [ 14.686033882964692, 61.139097854634173 ], [ 14.686054676153757, 61.138965633043433 ], [ 14.685879279400293, 61.138679418054544 ], [ 14.685866652877221, 61.138568979807211 ], [ 14.685787070827013, 61.137872611911057 ] ] } },
{ "type": "Feature", "properties": { "objektidentitet": "95010f0d-239b-41a2-980f-c604a07228f9", "skapad": "2026-03-17T21:00:01", "objekttypnr": 1628, "objekttyp": "Traktorväg", "avfartsvag_pafartsvag": null, "cirkulationsplats": null, "bro_och_tunnel": null, "gagata": null, "bussgata": null, "industrivag": null, "gatunamn": null, "vardvagnummer": null, "gastvag1nummer": null, "gastvag2nummer": null, "alternativt_manér": "Ingen information", "vagutforande": "Normal", "skoterkorning_tillaten": "Ingen information", "ruskmarkering": "Ingen information", "rotation": null, "trafikplatsnummer": null }, "geometry": { "type": "LineString", "coordinates": [ [ 14.668308566025489, 61.138310743296174 ], [ 14.668677017435513, 61.138411568901979 ], [ 14.669435581947234, 61.13847627771586 ], [ 14.670546624571553, 61.138381111177061 ], [ 14.671095573157331, 61.138236781674188 ], [ 14.672139957283234, 61.138076889906515 ], [ 14.672397132948534, 61.138075043647376 ], [ 14.67317945656386, 61.138165851684057 ], [ 14.673322548687681, 61.13821879793251 ] ] } },
{ "type": "Feature", "properties": { "objektidentitet": "51f50739-58d8-4f0c-abf7-20e8982e9908", "skapad": "2026-03-17T21:00:01", "objekttypnr": 1628, "objekttyp": "Traktorväg", "avfartsvag_pafartsvag": null, "cirkulationsplats": null, "bro_och_tunnel": null, "gagata": null, "bussgata": null, "industrivag": null, "gatunamn": null, "vardvagnummer": null, "gastvag1nummer": null, "gastvag2nummer": null, "alternativt_manér": "Ingen information", "vagutforande": "Normal", "skoterkorning_tillaten": "Ingen information", "ruskmarkering": "Ingen information", "rotation": null, "trafikplatsnummer": null }, "geometry": { "type": "LineString", "coordinates": [ [ 14.671234156282834, 61.140523961485108 ], [ 14.671755988956367, 61.140490430222975 ], [ 14.673504473880032, 61.140660444004915 ], [ 14.673684002892333, 61.14061736150768 ], [ 14.674548077787653, 61.140406085124255 ], [ 14.674976145014949, 61.140409861124482 ], [ 14.67617644264713, 61.140555341964365 ], [ 14.677290305640364, 61.140807728875728 ], [ 14.677567132938348, 61.140774964473749 ] ] } },
{ "type": "Feature", "properties": { "objektidentitet": "1857b5c2-a771-4a2d-89eb-a62189785909", "skapad": "2026-03-17T21:00:01", "objekttypnr": 1624, "objekttyp": "Gångstig", "avfartsvag_pafartsvag": null, "cirkulationsplats": null, "bro_och_tunnel": null, "gagata": null, "bussgata": null, "industrivag": null, "gatunamn": null, "vardvagnummer": null, "gastvag1nummer": null, "gastvag2nummer": null, "alternativt_manér": "Ingen information", "vagutforande": "Normal", "skoterkorning_tillaten": "Ingen information", "ruskmarkering": "Ingen information", "rotation": null, "trafikplatsnummer": null }, "geometry": { "type": "LineString", "coordinates": [ [ 14.670931486165275, 61.147480332888236 ], [ 14.671237660515953, 61.147236091099764 ], [ 14.671395850197142, 61.147157246435995 ], [ 14.671456011343551, 61.147127262865389 ], [ 14.672119138124577, 61.146845262627309 ], [ 14.672208683598374, 61.146775874813358 ], [ 14.672284497920376, 61.146685337752245 ], [ 14.672336546068543, 61.14654365974711 ], [ 14.672388525994801, 61.146478409202828 ], [ 14.672477770973408, 61.146296223582112 ], [ 14.67267035350695, 61.146194037249678 ], [ 14.672859049347506, 61.146086778091743 ], [ 14.673010346834015, 61.146019657683972 ], [ 14.673165016378615, 61.145942507979093 ], [ 14.673331152421401, 61.145843121032094 ], [ 14.673467563081264, 61.145771232814802 ], [ 14.673479808525956, 61.145706011736301 ], [ 14.673541440180438, 61.145624911526205 ], [ 14.673560220901818, 61.145442985895485 ], [ 14.673650264250762, 61.14535707018441 ], [ 14.673871910820093, 61.145239977550332 ], [ 14.674080825595421, 61.144946978746091 ], [ 14.674227821725763, 61.144670996279828 ], [ 14.674405278420179, 61.144450686328319 ], [ 14.674528579826392, 61.14437401632555 ], [ 14.674751528424554, 61.144308116707656 ] ] } },
{ "type": "Feature", "properties": { "objektidentitet": "fff7b03c-d458-4d00-a035-62a8a51e1a92", "skapad": "2026-03-17T21:00:01", "objekttypnr": 1628, "objekttyp": "Traktorväg", "avfartsvag_pafartsvag": null, "cirkulationsplats": null, "bro_och_tunnel": null, "gagata": null, "bussgata": null, "industrivag": null, "gatunamn": null, "vardvagnummer": null, "gastvag1nummer": null, "gastvag2nummer": null, "alternativt_manér": "Ingen information", "vagutforande": "Normal", "skoterkorning_tillaten": "Ingen information", "ruskmarkering": "Ingen information", "rotation": null, "trafikplatsnummer": null }, "geometry": { "type": "LineString", "coordinates": [ [ 14.691364466732715, 61.144659735791684 ], [ 14.69094018614167, 61.144684363351715 ], [ 14.690593108898909, 61.144489560292392 ], [ 14.689512296572769, 61.144471535592615 ] ] } },
{ "type": "Feature", "properties": { "objektidentitet": "501d927e-3010-4643-a28e-55d177594e6d", "skapad": "2026-03-17T21:00:01", "objekttypnr": 1628, "objekttyp": "Traktorväg", "avfartsvag_pafartsvag": null, "cirkulationsplats": null, "bro_och_tunnel": null, "gagata": null, "bussgata": null, "industrivag": null, "gatunamn": null, "vardvagnummer": null, "gastvag1nummer": null, "gastvag2nummer": null, "alternativt_manér": "Ingen information", "vagutforande": "Normal", "skoterkorning_tillaten": "Ingen information", "ruskmarkering": "Ingen information", "rotation": null, "trafikplatsnummer": null }, "geometry": { "type": "LineString", "coordinates": [ [ 14.698197552379588, 61.147281969129835 ], [ 14.699025006601151, 61.147213946793087 ], [ 14.699815131235406, 61.147244591870454 ], [ 14.700042222343487, 61.147153692613337 ], [ 14.700721292318111, 61.147230672142804 ], [ 14.700998668581569, 61.147219811457902 ], [ 14.702326982517942, 61.146762655547647 ], [ 14.702442978401837, 61.146599389242553 ], [ 14.702619724205938, 61.146586975441579 ], [ 14.703325140914625, 61.146708044823228 ], [ 14.703898308271253, 61.146716148219895 ] ] } },
{ "type": "Feature", "properties": { "objektidentitet": "2d0f1d9f-6dde-4fd1-9da6-2dd16e2ad312", "skapad": "2026-03-17T21:00:01", "objekttypnr": 1628, "objekttyp": "Traktorväg", "avfartsvag_pafartsvag": null, "cirkulationsplats": null, "bro_och_tunnel": null, "gagata": null, "bussgata": null, "industrivag": null, "gatunamn": null, "vardvagnummer": null, "gastvag1nummer": null, "gastvag2nummer": null, "alternativt_manér": "Ingen information", "vagutforande": "Normal", "skoterkorning_tillaten": "Ingen information", "ruskmarkering": "Ingen information", "rotation": null, "trafikplatsnummer": null }, "geometry": { "type": "LineString", "coordinates": [ [ 14.667972851932563, 61.148814604506327 ], [ 14.667016222450432, 61.148275624987669 ], [ 14.666877694201407, 61.148137062105341 ], [ 14.667269007696232, 61.14732215895328 ] ] } },
{ "type": "Feature", "properties": { "objektidentitet": "5f483582-236c-4d40-a151-0766946b8a4a", "skapad": "2026-03-17T21:00:01", "objekttypnr": 1628, "objekttyp": "Traktorväg", "avfartsvag_pafartsvag": null, "cirkulationsplats": null, "bro_och_tunnel": null, "gagata": null, "bussgata": null, "industrivag": null, "gatunamn": null, "vardvagnummer": null, "gastvag1nummer": null, "gastvag2nummer": null, "alternativt_manér": "Ingen information", "vagutforande": "Normal", "skoterkorning_tillaten": "Ingen information", "ruskmarkering": "Ingen information", "rotation": null, "trafikplatsnummer": null }, "geometry": { "type": "LineString", "coordinates": [ [ 14.667972851932563, 61.148814604506327 ], [ 14.669848459790883, 61.147951893229369 ], [ 14.670302399337688, 61.147842851423398 ], [ 14.670777507458928, 61.147645069134725 ], [ 14.670931486165275, 61.147480332888236 ] ] } },
{ "type": "Feature", "properties": { "objektidentitet": "de7613fc-84b5-43ea-99ee-50949b36305e", "skapad": "2026-03-17T21:00:01", "objekttypnr": 1628, "objekttyp": "Traktorväg", "avfartsvag_pafartsvag": null, "cirkulationsplats": null, "bro_och_tunnel": null, "gagata": null, "bussgata": null, "industrivag": null, "gatunamn": null, "vardvagnummer": null, "gastvag1nummer": null, "gastvag2nummer": null, "alternativt_manér": "Ingen information", "vagutforande": "Normal", "skoterkorning_tillaten": "Ingen information", "ruskmarkering": "Ingen information", "rotation": null, "trafikplatsnummer": null }, "geometry": { "type": "LineString", "coordinates": [ [ 14.680234499530481, 61.148739384017695 ], [ 14.679203782880613, 61.149762459105254 ], [ 14.678643317740306, 61.150155640204872 ], [ 14.677937102319682, 61.150503008829439 ] ] } },
{ "type": "Feature", "properties": { "objektidentitet": "59c595f8-6a26-4b52-9f8d-8abee2c54425", "skapad": "2026-03-17T21:00:01", "objekttypnr": 1628, "objekttyp": "Traktorväg", "avfartsvag_pafartsvag": null, "cirkulationsplats": null, "bro_och_tunnel": null, "gagata": null, "bussgata": null, "industrivag": null, "gatunamn": null, "vardvagnummer": null, "gastvag1nummer": null, "gastvag2nummer": null, "alternativt_manér": "Ingen information", "vagutforande": "Normal", "skoterkorning_tillaten": "Ingen information", "ruskmarkering": "Ingen information", "rotation": null, "trafikplatsnummer": null }, "geometry": { "type": "LineString", "coordinates": [ [ 14.686224537438456, 61.148745762592526 ], [ 14.686359576526028, 61.148982685046029 ], [ 14.686324507820002, 61.149731251826964 ], [ 14.686632362583259, 61.150315906488949 ], [ 14.687255126061569, 61.150880881766426 ], [ 14.687366766450186, 61.151109193201862 ] ] } },
{ "type": "Feature", "properties": { "objektidentitet": "3c37e1aa-3c36-4b55-a895-f78800767ab6", "skapad": "2026-03-17T21:00:01", "objekttypnr": 1628, "objekttyp": "Traktorväg", "avfartsvag_pafartsvag": null, "cirkulationsplats": null, "bro_och_tunnel": null, "gagata": null, "bussgata": null, "industrivag": null, "gatunamn": null, "vardvagnummer": null, "gastvag1nummer": null, "gastvag2nummer": null, "alternativt_manér": "Ingen information", "vagutforande": "Normal", "skoterkorning_tillaten": "Ingen information", "ruskmarkering": "Ingen information", "rotation": null, "trafikplatsnummer": null }, "geometry": { "type": "LineString", "coordinates": [ [ 14.664814106643378, 61.148814602815357 ], [ 14.666152055065352, 61.148903225347965 ] ] } },
{ "type": "Feature", "properties": { "objektidentitet": "d1e14838-5211-45e0-a66a-33573fe3c9ae", "skapad": "2026-03-17T21:00:01", "objekttypnr": 1628, "objekttyp": "Traktorväg", "avfartsvag_pafartsvag": null, "cirkulationsplats": null, "bro_och_tunnel": null, "gagata": null, "bussgata": null, "industrivag": null, "gatunamn": null, "vardvagnummer": null, "gastvag1nummer": null, "gastvag2nummer": null, "alternativt_manér": "Ingen information", "vagutforande": "Normal", "skoterkorning_tillaten": "Ingen information", "ruskmarkering": "Ingen information", "rotation": null, "trafikplatsnummer": null }, "geometry": { "type": "LineString", "coordinates": [ [ 14.666152055065352, 61.148903225347965 ], [ 14.667610499105601, 61.148873300665947 ], [ 14.667972851932563, 61.148814604506327 ] ] } },
{ "type": "Feature", "properties": { "objektidentitet": "decf106f-574f-4206-8bd4-fb950c137717", "skapad": "2026-03-17T21:00:01", "objekttypnr": 1628, "objekttyp": "Traktorväg", "avfartsvag_pafartsvag": null, "cirkulationsplats": null, "bro_och_tunnel": null, "gagata": null, "bussgata": null, "industrivag": null, "gatunamn": null, "vardvagnummer": null, "gastvag1nummer": null, "gastvag2nummer": null, "alternativt_manér": "Ingen information", "vagutforande": "Normal", "skoterkorning_tillaten": "Ingen information", "ruskmarkering": "Ingen information", "rotation": null, "trafikplatsnummer": null }, "geometry": { "type": "LineString", "coordinates": [ [ 14.665040023581815, 61.150154836741443 ], [ 14.666061358218712, 61.149679481664258 ], [ 14.666743222711091, 61.149400660041294 ], [ 14.666787660736377, 61.149365163508726 ], [ 14.666152055065352, 61.148903225347965 ] ] } },
{ "type": "Feature", "properties": { "objektidentitet": "e1565355-a673-42e4-ab57-5dced8094c08", "skapad": "2026-03-17T21:00:01", "objekttypnr": 1628, "objekttyp": "Traktorväg", "avfartsvag_pafartsvag": null, "cirkulationsplats": null, "bro_och_tunnel": null, "gagata": null, "bussgata": null, "industrivag": null, "gatunamn": null, "vardvagnummer": null, "gastvag1nummer": null, "gastvag2nummer": null, "alternativt_manér": "Ingen information", "vagutforande": "Normal", "skoterkorning_tillaten": "Ingen information", "ruskmarkering": "Ingen information", "rotation": null, "trafikplatsnummer": null }, "geometry": { "type": "LineString", "coordinates": [ [ 14.687366766450186, 61.151109193201862 ], [ 14.688652089028617, 61.151028644476334 ], [ 14.69011000771507, 61.151401066258771 ], [ 14.691268368204165, 61.15185569923797 ], [ 14.692894934230736, 61.152331405805754 ], [ 14.69426776443831, 61.153012802004461 ], [ 14.695235766453353, 61.15319050014098 ], [ 14.695633322111854, 61.153187920285262 ], [ 14.696758072522837, 61.153295529259339 ], [ 14.697617911359401, 61.153504354542548 ], [ 14.698460872126283, 61.15383013484896 ], [ 14.6990528207306, 61.15419726025916 ], [ 14.699332518572911, 61.154370721594951 ], [ 14.699587296667218, 61.154711113539122 ], [ 14.699615344657602, 61.15477834736344 ] ] } },
{ "type": "Feature", "properties": { "objektidentitet": "00d432c7-7e35-42ff-bcc5-4954bf490c1a", "skapad": "2026-03-17T21:00:01", "objekttypnr": 1628, "objekttyp": "Traktorväg", "avfartsvag_pafartsvag": null, "cirkulationsplats": null, "bro_och_tunnel": null, "gagata": null, "bussgata": null, "industrivag": null, "gatunamn": null, "vardvagnummer": null, "gastvag1nummer": null, "gastvag2nummer": null, "alternativt_manér": "Ingen information", "vagutforande": "Normal", "skoterkorning_tillaten": "Ingen information", "ruskmarkering": "Ingen information", "rotation": null, "trafikplatsnummer": null }, "geometry": { "type": "LineString", "coordinates": [ [ 14.687247129895606, 61.151212161250363 ], [ 14.687366766450186, 61.151109193201862 ] ] } },
{ "type": "Feature", "properties": { "objektidentitet": "98e73bd4-0288-454d-962c-8a8db7e40252", "skapad": "2026-03-17T21:00:01", "objekttypnr": 1628, "objekttyp": "Traktorväg", "avfartsvag_pafartsvag": null, "cirkulationsplats": null, "bro_och_tunnel": null, "gagata": null, "bussgata": null, "industrivag": null, "gatunamn": null, "vardvagnummer": null, "gastvag1nummer": null, "gastvag2nummer": null, "alternativt_manér": "Ingen information", "vagutforande": "Normal", "skoterkorning_tillaten": "Ingen information", "ruskmarkering": "Ingen information", "rotation": null, "trafikplatsnummer": null }, "geometry": { "type": "LineString", "coordinates": [ [ 14.672064356011941, 61.153752798522234 ], [ 14.673475448473379, 61.153284687742527 ], [ 14.674001707364235, 61.153218676777456 ], [ 14.674542177069311, 61.153206770918295 ], [ 14.675039819506747, 61.153290903262139 ], [ 14.675925648064007, 61.153274020901812 ], [ 14.676443724402215, 61.153208249910151 ], [ 14.676747330602883, 61.153092874851666 ], [ 14.676884883456106, 61.153040593337842 ], [ 14.678308858354896, 61.153112862355449 ], [ 14.67940303665789, 61.153008488206417 ], [ 14.68048060090131, 61.152710863803861 ], [ 14.681131401669163, 61.152477512902621 ], [ 14.681285975610225, 61.152422089128862 ], [ 14.682329001580278, 61.152192923176187 ], [ 14.684312028023948, 61.151991567604561 ], [ 14.685444624098363, 61.151631268499145 ], [ 14.68684990459346, 61.151358226816974 ], [ 14.687247129895606, 61.151212161250363 ] ] } },
{ "type": "Feature", "properties": { "objektidentitet": "ae23e13e-4247-4cbe-88ad-63406c0a44e1", "skapad": "2026-03-17T21:00:01", "objekttypnr": 1628, "objekttyp": "Traktorväg", "avfartsvag_pafartsvag": null, "cirkulationsplats": null, "bro_och_tunnel": null, "gagata": null, "bussgata": null, "industrivag": null, "gatunamn": null, "vardvagnummer": null, "gastvag1nummer": null, "gastvag2nummer": null, "alternativt_manér": "Ingen information", "vagutforande": "Normal", "skoterkorning_tillaten": "Ingen information", "ruskmarkering": "Ingen information", "rotation": null, "trafikplatsnummer": null }, "geometry": { "type": "LineString", "coordinates": [ [ 14.687247129895606, 61.151212161250363 ], [ 14.687223102646602, 61.151423092225556 ], [ 14.687420968208984, 61.151942276350951 ], [ 14.687510212188519, 61.152884304814876 ], [ 14.687781319408245, 61.153419574470817 ], [ 14.687652571484055, 61.153939943585328 ], [ 14.687664645655026, 61.154171463321418 ], [ 14.687678248566309, 61.15443254132807 ] ] } },
{ "type": "Feature", "properties": { "objektidentitet": "4f830d03-c397-453c-a99c-548312d8cfb2", "skapad": "2026-03-17T21:00:01", "objekttypnr": 2203, "objekttyp": "Låst grind eller bom", "avfartsvag_pafartsvag": null, "cirkulationsplats": null, "bro_och_tunnel": null, "gagata": null, "bussgata": null, "industrivag": null, "gatunamn": null, "vardvagnummer": null, "gastvag1nummer": null, "gastvag2nummer": null, "alternativt_manér": null, "vagutforande": null, "skoterkorning_tillaten": null, "ruskmarkering": null, "rotation": 342.35, "trafikplatsnummer": null }, "geometry": { "type": "Point", "coordinates": [ 14.64149028578535, 61.139870413829271 ] } },
{ "type": "Feature", "properties": { "objektidentitet": "8b78f7db-1bb9-429c-9832-43feca8a93e2", "skapad": "2026-03-17T21:00:01", "objekttypnr": 2203, "objekttyp": "Låst grind eller bom", "avfartsvag_pafartsvag": null, "cirkulationsplats": null, "bro_och_tunnel": null, "gagata": null, "bussgata": null, "industrivag": null, "gatunamn": null, "vardvagnummer": null, "gastvag1nummer": null, "gastvag2nummer": null, "alternativt_manér": null, "vagutforande": null, "skoterkorning_tillaten": null, "ruskmarkering": null, "rotation": 231.2, "trafikplatsnummer": null }, "geometry": { "type": "Point", "coordinates": [ 14.653224739031495, 61.148145936256299 ] } },
{ "type": "Feature", "properties": { "objektidentitet": "70b2f620-8d9c-435f-ae8c-1b56016ff2b4", "skapad": "2026-03-17T21:00:01", "objekttypnr": 2203, "objekttyp": "Låst grind eller bom", "avfartsvag_pafartsvag": null, "cirkulationsplats": null, "bro_och_tunnel": null, "gagata": null, "bussgata": null, "industrivag": null, "gatunamn": null, "vardvagnummer": null, "gastvag1nummer": null, "gastvag2nummer": null, "alternativt_manér": null, "vagutforande": null, "skoterkorning_tillaten": null, "ruskmarkering": null, "rotation": 205.32, "trafikplatsnummer": null }, "geometry": { "type": "Point", "coordinates": [ 14.633329195180494, 61.140380590271782 ] } }
]
}
