{
"type": "FeatureCollection",
"name": "orsa_stackmora_3_12_topografi_mark_2km",
"crs": { "type": "name", "properties": { "name": "urn:ogc:def:crs:OGC:1.3:CRS84" } },
"features": [
{ "type": "Feature", "properties": { "objektidentitet": "11318a57-a259-4af7-8c9c-eb9856ba66ba", "skapad": "2026-03-17T21:00:01", "objekttypnr": 2645, "objekttyp": "Barr- och blandskog", "vattenytaid": null, "hojd_over_havet": null, "reglerat_vatten": "Ingen information" }, "geometry": { "type": "MultiPolygon", "coordinates": [ [ [ [ 14.640479991914507, 61.115718277838454 ], [ 14.639902620754327, 61.115859561354739 ], [ 14.640127350964812, 61.116389610179148 ], [ 14.640641906356118, 61.116435409682673 ], [ 14.64067896701329, 61.116453257251322 ], [ 14.639940183263684, 61.118107588089231 ], [ 14.639901281416025, 61.118404821597565 ], [ 14.639950836571517, 61.119052202294597 ], [ 14.640096343966398, 61.119482547260233 ], [ 14.639304371344982, 61.119601557731158 ], [ 14.639472563686097, 61.119908680171946 ], [ 14.637241184299416, 61.12008768482594 ], [ 14.637230941807656, 61.120149029870248 ], [ 14.637168991365476, 61.120207219682456 ], [ 14.637100128157584, 61.120253208037468 ], [ 14.636948302224512, 61.120305752026887 ], [ 14.63701693355144, 61.120590767057166 ], [ 14.6374542037381, 61.120499764266583 ], [ 14.63778767036097, 61.120314439202758 ], [ 14.63787731008712, 61.120379580056685 ], [ 14.637831874013578, 61.120517654366964 ], [ 14.637145597117792, 61.121334818741452 ], [ 14.637685433632948, 61.121286564336131 ], [ 14.637582207478191, 61.121942558897004 ], [ 14.638473629128793, 61.12206468173806 ], [ 14.638404285249177, 61.122860839503325 ], [ 14.638261794233669, 61.123368927482176 ], [ 14.638010140930339, 61.12381828618048 ], [ 14.637504746104923, 61.124278420699675 ], [ 14.63718260562929, 61.124662041802708 ], [ 14.636166281774383, 61.124638770975359 ], [ 14.635492134678586, 61.124499317015264 ], [ 14.634307577314262, 61.124560643592559 ], [ 14.634191707972061, 61.124705582894968 ], [ 14.633686927020864, 61.125081007777936 ], [ 14.634467619162988, 61.125794846436676 ], [ 14.634672003649985, 61.125765197239872 ], [ 14.635473908903743, 61.125594914064031 ], [ 14.635303949952641, 61.125459536942394 ], [ 14.635253251080726, 61.125313384941663 ], [ 14.635628922153574, 61.124932641739946 ], [ 14.63622865674318, 61.124869148377726 ], [ 14.637290596343449, 61.124887477575868 ], [ 14.637377623373844, 61.124919259064171 ], [ 14.637592653564829, 61.125265679475923 ], [ 14.636698895697373, 61.125412251316781 ], [ 14.636912524944245, 61.125738073820429 ], [ 14.638493791507107, 61.125655295536504 ], [ 14.638673061344806, 61.12617138945317 ], [ 14.638347584311798, 61.126349483788417 ], [ 14.637314051873, 61.126580607450819 ], [ 14.637453077278565, 61.126823165957845 ], [ 14.638517483808272, 61.126717481315872 ], [ 14.638875591982455, 61.126894493135303 ], [ 14.63899474858521, 61.127231497646605 ], [ 14.637637555437573, 61.127322863630745 ], [ 14.637046971881309, 61.127937734342936 ], [ 14.63706796135653, 61.128223160092858 ], [ 14.638112512341383, 61.128737793153519 ], [ 14.638217717934083, 61.128731242518668 ], [ 14.638258388432162, 61.128777102364282 ], [ 14.638256337972564, 61.128935339895946 ], [ 14.638184485890362, 61.129056079132503 ], [ 14.639019007066585, 61.129361893638816 ], [ 14.638861850427707, 61.129463175100113 ], [ 14.638864712469513, 61.129588154231456 ], [ 14.63839454963364, 61.129616130068733 ], [ 14.638222460029336, 61.129668998332512 ], [ 14.63816480720142, 61.129984666283299 ], [ 14.638969693981638, 61.130125371428385 ], [ 14.639784573176941, 61.130000534094329 ], [ 14.640148161264042, 61.130403169521571 ], [ 14.640492444451491, 61.130397836087248 ], [ 14.641779137264596, 61.130396724145477 ], [ 14.641938461378201, 61.13054806311515 ], [ 14.641043785926774, 61.130852509765752 ], [ 14.641030248639716, 61.130947683512773 ], [ 14.641431776901063, 61.131140469794772 ], [ 14.642100834131032, 61.131322857249813 ], [ 14.642520505923347, 61.13110384839019 ], [ 14.642693177456598, 61.131068536773803 ], [ 14.64282485923402, 61.131100306850307 ], [ 14.642990669225357, 61.131296272425637 ], [ 14.64298119748376, 61.131433096503493 ], [ 14.641827776315839, 61.131585903190796 ], [ 14.641456669931449, 61.131614268617369 ], [ 14.640705598740997, 61.131643204875289 ], [ 14.640328076770786, 61.131623303405291 ], [ 14.640885246935712, 61.131760833550203 ], [ 14.641392735734287, 61.131759342498242 ], [ 14.641427825684501, 61.131798686627874 ], [ 14.641422595930285, 61.131934139056781 ], [ 14.642016696067678, 61.131983824483541 ], [ 14.642766539837016, 61.132920828432091 ], [ 14.642734782811532, 61.132987261233517 ], [ 14.642536292752036, 61.132986413958811 ], [ 14.643192034744633, 61.133512162086951 ], [ 14.644389673128329, 61.134347002278055 ], [ 14.644712753129108, 61.135024769684613 ], [ 14.644681209966581, 61.135067394234532 ], [ 14.643570843563678, 61.13548152052676 ], [ 14.643256503739096, 61.135637436007116 ], [ 14.644294786168739, 61.136408248378316 ], [ 14.644093432496254, 61.136531262806649 ], [ 14.642836335664585, 61.13697924747315 ], [ 14.642165739323337, 61.136605165707202 ], [ 14.641606146333089, 61.136727542611695 ], [ 14.640623985414626, 61.136683361330938 ], [ 14.640036935951322, 61.136313297498184 ], [ 14.639764301675033, 61.136367534251029 ], [ 14.639422521820583, 61.136789344444672 ], [ 14.638924287009413, 61.136991381491008 ], [ 14.638224006786409, 61.13664821913919 ], [ 14.636580556601496, 61.137062495975186 ], [ 14.634708501112572, 61.137459688603073 ], [ 14.634305077354991, 61.137501315382487 ], [ 14.63268077484376, 61.137595330890477 ], [ 14.632050657263026, 61.136914608190907 ], [ 14.631478231862966, 61.137015684974173 ], [ 14.630946009021446, 61.136740877732841 ], [ 14.630835576050053, 61.136648751350513 ], [ 14.632155756702067, 61.13634481124825 ], [ 14.632167586388933, 61.136070050182752 ], [ 14.632610239599787, 61.135954110083894 ], [ 14.632844421642972, 61.135620366728574 ], [ 14.634434991396372, 61.135259913288131 ], [ 14.635537930825082, 61.134971549344627 ], [ 14.63512536929902, 61.134604142109858 ], [ 14.634393910362576, 61.134754548210047 ], [ 14.634183651232028, 61.134591912229546 ], [ 14.633413910654314, 61.134739857681339 ], [ 14.633083009590802, 61.134429315423617 ], [ 14.632982091947479, 61.134402234009173 ], [ 14.632527400996107, 61.134431156509514 ], [ 14.632304843485697, 61.134522484744565 ], [ 14.63208495599047, 61.134537409726612 ], [ 14.631989767811296, 61.134519033569084 ], [ 14.631894382481354, 61.134394727617575 ], [ 14.63154904236748, 61.13453477527117 ], [ 14.631447661898552, 61.134673395184116 ], [ 14.631325129590897, 61.134711791675123 ], [ 14.630000314220842, 61.134390046228035 ], [ 14.629839637331646, 61.13414647828948 ], [ 14.629484973645022, 61.133858145311059 ], [ 14.628710556691319, 61.133432852454945 ], [ 14.628660220321425, 61.133187727376338 ], [ 14.628652973833489, 61.133805049917896 ], [ 14.629095545968893, 61.134050721134855 ], [ 14.629167318758395, 61.134236866397494 ], [ 14.628651247287461, 61.133952128896908 ], [ 14.628639442137468, 61.134957729869804 ], [ 14.630304029285739, 61.134969856311301 ], [ 14.629823310780337, 61.134676915288445 ], [ 14.630889078470394, 61.134883641637437 ], [ 14.631583950404577, 61.13516128925216 ], [ 14.63204047400718, 61.135671771485875 ], [ 14.631905583613452, 61.135862354051639 ], [ 14.630047490665014, 61.136328936711656 ], [ 14.62998090284408, 61.136244776040314 ], [ 14.63003436252283, 61.136119358434861 ], [ 14.62975359283524, 61.136096316335532 ], [ 14.62938656146428, 61.135630368009757 ], [ 14.628636672127429, 61.13519367761873 ], [ 14.628599042429052, 61.138398549626288 ], [ 14.62923908600915, 61.138867142726575 ], [ 14.629709887118226, 61.139131787082569 ], [ 14.630628961323673, 61.13955986555559 ], [ 14.631646348177744, 61.139846831564576 ], [ 14.632530229031753, 61.139922592262828 ], [ 14.634273851599476, 61.139931993181783 ], [ 14.635066305162466, 61.14015830861576 ], [ 14.635719239759164, 61.140417201630306 ], [ 14.635818549840486, 61.140411597232763 ], [ 14.637136690881691, 61.140532828360534 ], [ 14.63753071027479, 61.140583989430603 ], [ 14.637967848834014, 61.140582062231282 ], [ 14.638156171563008, 61.140552149070736 ], [ 14.638798632785896, 61.140335812298964 ], [ 14.639152347494045, 61.140140007072937 ], [ 14.63926908965739, 61.140121770341992 ], [ 14.639348299335731, 61.140132862351415 ], [ 14.639382827074687, 61.140192800613811 ], [ 14.63925863728576, 61.14026639301354 ], [ 14.639034759268574, 61.140453647635994 ], [ 14.6389508639026, 61.140574750072787 ], [ 14.63886694665846, 61.140583880969061 ], [ 14.638749080509248, 61.140493869066965 ], [ 14.638645893832122, 61.140489329057019 ], [ 14.638512259133806, 61.140550613801061 ], [ 14.638404627279428, 61.140665233390358 ], [ 14.638336709237858, 61.140743347484133 ], [ 14.638322010702352, 61.140807418690073 ], [ 14.638339183968823, 61.140892349967338 ], [ 14.638420051226165, 61.140958400161395 ], [ 14.638737612248239, 61.141177526011468 ], [ 14.638998928169284, 61.141344178082932 ], [ 14.639105705303077, 61.141416761282088 ], [ 14.639242608635016, 61.141777351974142 ], [ 14.639212638750459, 61.14236128764842 ], [ 14.639095847664898, 61.142366793953855 ], [ 14.639021388537923, 61.142446677561708 ], [ 14.638866435953556, 61.142372035569252 ], [ 14.638941060631591, 61.142266278537733 ], [ 14.638963776484465, 61.142082303046422 ], [ 14.638890243414407, 61.141928245113114 ], [ 14.638859805294061, 61.141724789378912 ], [ 14.638706144402873, 61.141578058812257 ], [ 14.638542275463545, 61.14152675307546 ], [ 14.638311171534667, 61.141381682638041 ], [ 14.638200133961176, 61.141361858919467 ], [ 14.63820077971741, 61.141729107106052 ], [ 14.638138883687422, 61.141816313638436 ], [ 14.638092678552727, 61.141830698203158 ], [ 14.637974958761705, 61.141807175771724 ], [ 14.637773929082813, 61.141737858725271 ], [ 14.637618104839602, 61.141673366964383 ], [ 14.637227036539377, 61.141366992735513 ], [ 14.637116817105811, 61.141330956664675 ], [ 14.63696043663516, 61.141336265091681 ], [ 14.636904454929098, 61.141390161240828 ], [ 14.636790495292177, 61.141516487592632 ], [ 14.636581358593983, 61.141519481310873 ], [ 14.636545585039592, 61.141535976165962 ], [ 14.636688694111806, 61.141643277187661 ], [ 14.636740114235776, 61.141727869628021 ], [ 14.636793566508755, 61.142085087470889 ], [ 14.636836280556787, 61.142120880194319 ], [ 14.6369517559668, 61.142153878161572 ], [ 14.637058657200248, 61.142166958171984 ], [ 14.637433108134106, 61.142206306082606 ], [ 14.637485456570365, 61.14224097505933 ], [ 14.637470222389572, 61.142289980152334 ], [ 14.637067634699111, 61.142376704087397 ], [ 14.636880998607932, 61.142334734758478 ], [ 14.636594526058742, 61.142018889451712 ], [ 14.636507164144192, 61.141975067723216 ], [ 14.636408263923624, 61.141972090728594 ], [ 14.636377065249965, 61.141954069086509 ], [ 14.636384810439818, 61.141918492900601 ], [ 14.636461743889441, 61.141853251253288 ], [ 14.636421090159757, 61.141767556639067 ], [ 14.636210967396583, 61.141733415024888 ], [ 14.636155794435483, 61.141802413782543 ], [ 14.63623413680377, 61.142003808175488 ], [ 14.636157280609497, 61.142020291400215 ], [ 14.636067017288275, 61.141994650370364 ], [ 14.635839079689202, 61.142034958205748 ], [ 14.635941277746694, 61.142690397884735 ], [ 14.63570807429199, 61.143047087438497 ], [ 14.635704498567478, 61.143186575005181 ], [ 14.635788628691511, 61.143461208276264 ], [ 14.635781959258265, 61.143656457723971 ], [ 14.635913052882337, 61.14402555607019 ], [ 14.636125433895078, 61.144416742826493 ], [ 14.636378844612612, 61.144743776119682 ], [ 14.636897709006419, 61.14507354169006 ], [ 14.637318801564462, 61.145217723090731 ], [ 14.638911938896939, 61.145503006285367 ], [ 14.640247279037389, 61.145671744890535 ], [ 14.640519901065774, 61.1457219729622 ], [ 14.640602192424083, 61.145636417680841 ], [ 14.641627199405781, 61.14570069644622 ], [ 14.642135164496112, 61.145754013060738 ], [ 14.642751098160437, 61.14590494121137 ], [ 14.642958794335723, 61.146058354156146 ], [ 14.644592644668252, 61.14638354817842 ], [ 14.645158298199899, 61.146521503849705 ], [ 14.645648568903281, 61.146567569671184 ], [ 14.646162278616323, 61.146562548537254 ], [ 14.646823163865708, 61.146683329205842 ], [ 14.647215489649104, 61.146869555430591 ], [ 14.64780643876302, 61.147474905513626 ], [ 14.648304306061743, 61.147693040770015 ], [ 14.648464185716502, 61.147693124050193 ], [ 14.649255551298868, 61.147521716943253 ], [ 14.649727378427571, 61.147366662440909 ], [ 14.650266853936456, 61.147250071287061 ], [ 14.651178001309269, 61.146575954444899 ], [ 14.651344788107203, 61.146601028213503 ], [ 14.651794864312093, 61.147039154272697 ], [ 14.652311828850268, 61.146895842039434 ], [ 14.652567462986653, 61.146782309655535 ], [ 14.652684446391362, 61.146701369977933 ], [ 14.653205483379399, 61.146206206762656 ], [ 14.653629312148341, 61.145793388653942 ], [ 14.654188117028275, 61.145524172907734 ], [ 14.654589439340677, 61.145430212463964 ], [ 14.654900771001898, 61.145397124572781 ], [ 14.655184592603133, 61.145398215931202 ], [ 14.655649212503871, 61.145461022598212 ], [ 14.656010587285927, 61.145570931892713 ], [ 14.656222969665256, 61.145671439392316 ], [ 14.656449411616455, 61.145833758303141 ], [ 14.656565674727199, 61.145959814594072 ], [ 14.656702522657552, 61.146152304391563 ], [ 14.657017327449465, 61.146792662848625 ], [ 14.657000530472425, 61.147002027481626 ], [ 14.656949542993514, 61.147080633427954 ], [ 14.657394215614142, 61.147024113433162 ], [ 14.65743581471463, 61.146776395619831 ], [ 14.65812837729051, 61.1467617802425 ], [ 14.658802635945019, 61.146882033347936 ], [ 14.659228701431818, 61.146381544235233 ], [ 14.65990374094112, 61.146009245264082 ], [ 14.660124049114902, 61.145617505062702 ], [ 14.660685583110157, 61.145315249023362 ], [ 14.661116861310552, 61.145202284625022 ], [ 14.663009423006907, 61.146684925616974 ], [ 14.661890977647294, 61.147151037438022 ], [ 14.662057392099623, 61.147432718418003 ], [ 14.660951658687257, 61.147793993407532 ], [ 14.660067425126982, 61.147791757706486 ], [ 14.659516415993787, 61.147603652519088 ], [ 14.659028896206774, 61.147731516908308 ], [ 14.658957141501949, 61.148115253515755 ], [ 14.658694513939352, 61.148158448122388 ], [ 14.658210209638895, 61.148061639409313 ], [ 14.65756613375882, 61.148267093038378 ], [ 14.657297765654633, 61.14766913019858 ], [ 14.657392216643279, 61.147602835056411 ], [ 14.657732677505136, 61.147643288272647 ], [ 14.657861951891714, 61.147474419800815 ], [ 14.656973315321427, 61.147483338817949 ], [ 14.65716754759287, 61.148289543068941 ], [ 14.657298790879711, 61.148469099247073 ], [ 14.658000769794793, 61.148806680101089 ], [ 14.658556174668229, 61.14894663672456 ], [ 14.658866531441564, 61.149056652012518 ], [ 14.659283930806419, 61.149242250840572 ], [ 14.659778340383934, 61.149537867294583 ], [ 14.659975542369482, 61.149754521063485 ], [ 14.660803161704434, 61.150476194514482 ], [ 14.660955083836967, 61.150729308885595 ], [ 14.660970030082469, 61.150827123341024 ], [ 14.660917239155363, 61.150989345295002 ], [ 14.661104655497985, 61.150919473761313 ], [ 14.661931197896592, 61.150564116832264 ], [ 14.662230083456606, 61.150456734733304 ], [ 14.662464993852845, 61.150427047540092 ], [ 14.662777823357533, 61.150412376424384 ], [ 14.662972601949329, 61.150543380582477 ], [ 14.663278883028257, 61.150967454525237 ], [ 14.663220796829656, 61.151273811802966 ], [ 14.662984644413052, 61.151450849588898 ], [ 14.662100184861172, 61.151799074462524 ], [ 14.661989676723646, 61.151926471738037 ], [ 14.661838274587483, 61.151984646740942 ], [ 14.660711180759803, 61.152110594610711 ], [ 14.6604709727842, 61.152144413277689 ], [ 14.659961104583717, 61.152398973224635 ], [ 14.659753088284296, 61.152398450515179 ], [ 14.659663521372014, 61.152322569519072 ], [ 14.659682212052637, 61.152296599065153 ], [ 14.659767117849633, 61.152206585574554 ], [ 14.659733441356831, 61.152078307170008 ], [ 14.659498786037434, 61.152051905959368 ], [ 14.659235877325743, 61.152474951112985 ], [ 14.659185981089097, 61.152596806741116 ], [ 14.659196001496177, 61.152694402389955 ], [ 14.659226491727125, 61.152937121871503 ], [ 14.659250122200714, 61.153054485204443 ], [ 14.659625908203793, 61.153436393932814 ], [ 14.659712831121738, 61.153587277787672 ], [ 14.659747973452092, 61.153995469321337 ], [ 14.659713361271651, 61.154104085354291 ], [ 14.661063822926018, 61.154107473402988 ], [ 14.661140753590807, 61.153965960410027 ], [ 14.661467024064615, 61.153629490367642 ], [ 14.661715344159674, 61.153510464256101 ], [ 14.662069626563561, 61.153465382944709 ], [ 14.662652027479258, 61.153503222652844 ], [ 14.663193866750474, 61.153496195499393 ], [ 14.663789249497002, 61.153573088900721 ], [ 14.664166685890285, 61.153819406599169 ], [ 14.664336809613078, 61.154115628801051 ], [ 14.666778411067542, 61.154121661073262 ], [ 14.666907597166357, 61.153631199459461 ], [ 14.667209398124196, 61.153539237281109 ], [ 14.667123781488939, 61.153349119606744 ], [ 14.666818177937182, 61.153364886841054 ], [ 14.66649644652396, 61.153507496887094 ], [ 14.66582066842407, 61.153302196139769 ], [ 14.665603985563243, 61.153584667506649 ], [ 14.665487064308627, 61.153739451957634 ], [ 14.665429247009584, 61.15377446620635 ], [ 14.665340061746003, 61.153794256986274 ], [ 14.665106605851941, 61.153749446345344 ], [ 14.664691232234807, 61.153521692895026 ], [ 14.66484968677255, 61.1531367858395 ], [ 14.664660146008758, 61.153129771582421 ], [ 14.664550835603254, 61.153158840188944 ], [ 14.664451259738293, 61.153221213489417 ], [ 14.664372167663906, 61.153326389653316 ], [ 14.66420310665648, 61.153376434516382 ], [ 14.663967319134201, 61.153401094759744 ], [ 14.663619953715081, 61.153341221054191 ], [ 14.663570356336832, 61.153307278499291 ], [ 14.663419458306215, 61.153244472053728 ], [ 14.66358671200739, 61.153071024073739 ], [ 14.664089040868594, 61.152733979656482 ], [ 14.664777014305709, 61.152400274973751 ], [ 14.665139437048804, 61.152169186097602 ], [ 14.665667313846225, 61.15254030370798 ], [ 14.666540531121267, 61.152134166017326 ], [ 14.666716763799025, 61.152139474976416 ], [ 14.66693379796668, 61.152251998045003 ], [ 14.667971160371737, 61.15284739449136 ], [ 14.668156919619216, 61.153212760908161 ], [ 14.668517655393112, 61.153661896559143 ], [ 14.66938465234735, 61.15386768684062 ], [ 14.66922953921839, 61.15401811670381 ], [ 14.66937015997247, 61.154080873729121 ], [ 14.669402848702083, 61.154128095953567 ], [ 14.669847739274475, 61.154129181740508 ], [ 14.669976399401166, 61.153946115109022 ], [ 14.671479785554579, 61.15413315234435 ], [ 14.677141583055615, 61.154146774386561 ], [ 14.676777884029709, 61.153544314573288 ], [ 14.677015034282499, 61.153267215839584 ], [ 14.677293335238375, 61.153226393256539 ], [ 14.678122596226686, 61.153792531116061 ], [ 14.678325841730704, 61.154149593714877 ], [ 14.703828128498632, 61.154207792367686 ], [ 14.703956942115596, 61.140453880267387 ], [ 14.703669156851028, 61.140380945671346 ], [ 14.703494775089156, 61.14026775784285 ], [ 14.703020024161869, 61.140231820229388 ], [ 14.702157089404956, 61.140262019414479 ], [ 14.702118820482726, 61.140200203877846 ], [ 14.702364340870171, 61.139934795333275 ], [ 14.702493424506603, 61.139775247608448 ], [ 14.703747230726048, 61.139742553969583 ], [ 14.703742195987928, 61.139990590107836 ], [ 14.703780144409302, 61.140078978642862 ], [ 14.703910528452198, 61.140285663125823 ], [ 14.70395780675867, 61.140361512404191 ], [ 14.703977740724373, 61.138231839220779 ], [ 14.703291893255649, 61.138200250338187 ], [ 14.702926952940803, 61.13825392680932 ], [ 14.702881454697637, 61.138303518996331 ], [ 14.703609331138136, 61.138614175363998 ], [ 14.703841355448027, 61.138710521106674 ], [ 14.703675917891228, 61.13900331068232 ], [ 14.703168810367744, 61.139195634549829 ], [ 14.703168171202551, 61.138725529335389 ], [ 14.702874781936726, 61.138654068685007 ], [ 14.702753190871899, 61.139228308120437 ], [ 14.70249903418717, 61.139248003599832 ], [ 14.702436279126015, 61.139181402944111 ], [ 14.702431485814504, 61.138348702796193 ], [ 14.702275661065755, 61.138189246816452 ], [ 14.702108282032921, 61.138134859128797 ], [ 14.701801811118427, 61.138126175950802 ], [ 14.701588823536436, 61.138201900904285 ], [ 14.701320828570553, 61.138177536379345 ], [ 14.700754287602686, 61.137838818773488 ], [ 14.70072251766792, 61.137137861581884 ], [ 14.700494141384185, 61.137156577661379 ], [ 14.700531363202483, 61.137795034802707 ], [ 14.700470192244756, 61.137891356656873 ], [ 14.700325145059074, 61.137828460325878 ], [ 14.70010333850507, 61.137500396389413 ], [ 14.699902564737288, 61.137365293494234 ], [ 14.699358165911288, 61.137339530678346 ], [ 14.699238198486075, 61.137607969510157 ], [ 14.698720031624717, 61.137590333622441 ], [ 14.698653848329554, 61.137457934282843 ], [ 14.69870805118688, 61.13723196746632 ], [ 14.698426150995564, 61.136996058570112 ], [ 14.697796851526332, 61.136850776545366 ], [ 14.697541878142536, 61.136573053483026 ], [ 14.697311554815462, 61.136556782399822 ], [ 14.696794288223261, 61.136127518378601 ], [ 14.696647021039341, 61.135743962244668 ], [ 14.696298678662421, 61.135550167365686 ], [ 14.695070268877135, 61.134532698374599 ], [ 14.695166787137158, 61.134472683969037 ], [ 14.695692383188343, 61.134312796352248 ], [ 14.696000208959891, 61.134298217171668 ], [ 14.69700132749872, 61.13458864992765 ], [ 14.697535411003916, 61.134693843463481 ], [ 14.697556811844334, 61.134758746868357 ], [ 14.69772004304253, 61.135254236829532 ], [ 14.69801291556135, 61.13558537231728 ], [ 14.698325798622005, 61.135655001804857 ], [ 14.698810337911697, 61.135667312478866 ], [ 14.699203241655022, 61.13578119873754 ], [ 14.69966592854356, 61.136071176651299 ], [ 14.700144099368144, 61.136419103164904 ], [ 14.699949368975815, 61.136728135921352 ], [ 14.699338594203626, 61.136937031113789 ], [ 14.699243039299192, 61.13699145757807 ], [ 14.699313067026981, 61.137272447203138 ], [ 14.700255055460339, 61.136818115395371 ], [ 14.700418629164201, 61.136359604873341 ], [ 14.70072456468179, 61.136370022681028 ], [ 14.700864171672734, 61.136428319052648 ], [ 14.70090440715507, 61.136878374735076 ], [ 14.70096889823246, 61.137098356370572 ], [ 14.701254496982443, 61.137090278735769 ], [ 14.701493061003445, 61.13684195899328 ], [ 14.701767978451464, 61.136822212549582 ], [ 14.702077374850141, 61.136940862088878 ], [ 14.701847070822266, 61.137164323636739 ], [ 14.701738029945851, 61.137446066915743 ], [ 14.702806525186347, 61.137507024682364 ], [ 14.702904677025657, 61.137468213908996 ], [ 14.702879164465537, 61.137404729805134 ], [ 14.702111338564782, 61.137264155308095 ], [ 14.702059401116189, 61.13721081151467 ], [ 14.702441311775416, 61.136852244177263 ], [ 14.70314315245283, 61.136883995863492 ], [ 14.70324272189692, 61.136826478111495 ], [ 14.703305319887841, 61.136751103109006 ], [ 14.702297019584307, 61.136711208850116 ], [ 14.701720616416686, 61.136626437134872 ], [ 14.701506508804362, 61.136564135030504 ], [ 14.701077327536055, 61.136323902463147 ], [ 14.701218386010254, 61.136224623499459 ], [ 14.700552187916415, 61.136140698921388 ], [ 14.700258705361396, 61.135880375428215 ], [ 14.70052608687925, 61.135635954440829 ], [ 14.701255282133898, 61.135133481529358 ], [ 14.701604188406264, 61.13483717633833 ], [ 14.702846679751183, 61.134298217641835 ], [ 14.703122488718748, 61.134295806544294 ], [ 14.703188607608872, 61.133555759690665 ], [ 14.703393240248696, 61.133503966648632 ], [ 14.704021959604271, 61.133506470987477 ], [ 14.704102974009777, 61.124844786846232 ], [ 14.703529409728032, 61.124883693639177 ], [ 14.702530754750615, 61.12386182928951 ], [ 14.701623736128393, 61.12364007304847 ], [ 14.700556161657113, 61.123378551729587 ], [ 14.700217323523031, 61.1230867409041 ], [ 14.69983652384094, 61.123141477896816 ], [ 14.699057146851294, 61.122246831616494 ], [ 14.699078335004563, 61.122194986753087 ], [ 14.699270202238283, 61.122159170136342 ], [ 14.699887486353804, 61.122147828596276 ], [ 14.700146135819971, 61.122186189640402 ], [ 14.701186093171305, 61.122875472631122 ], [ 14.702319969999396, 61.122531734635636 ], [ 14.702390346324815, 61.122668576654135 ], [ 14.702121384080575, 61.122985700058429 ], [ 14.701392373279589, 61.123358189080413 ], [ 14.701454715181759, 61.123500436466905 ], [ 14.70392278929347, 61.12308114771119 ], [ 14.703131009241178, 61.122493422045316 ], [ 14.70299550825994, 61.12211842691385 ], [ 14.703196955954493, 61.121871952231658 ], [ 14.703886640096719, 61.121681724742047 ], [ 14.704131405670323, 61.121803707322762 ], [ 14.704188303583175, 61.115715821141507 ], [ 14.662161316773759, 61.115617374241467 ], [ 14.662144928666745, 61.115639005695748 ], [ 14.662018777560714, 61.115717399181065 ], [ 14.661719879345807, 61.115745470711673 ], [ 14.661452848674839, 61.116468847087695 ], [ 14.66278217304925, 61.116424324929177 ], [ 14.663501494993112, 61.116394119476681 ], [ 14.663633518180793, 61.11639170065633 ], [ 14.663658326249815, 61.116428661386692 ], [ 14.663643856318103, 61.117013324576618 ], [ 14.663099158091427, 61.117311074477783 ], [ 14.662393551634445, 61.117215622399954 ], [ 14.662110562059221, 61.117325415044228 ], [ 14.662634557339745, 61.118346029973374 ], [ 14.662485499614407, 61.118704295447515 ], [ 14.661935608129646, 61.118834636142957 ], [ 14.661387351082064, 61.119198653542256 ], [ 14.661577633099039, 61.119282201535924 ], [ 14.66306602234595, 61.119271732375267 ], [ 14.663236148625938, 61.119345343109458 ], [ 14.663246684189875, 61.119691285092038 ], [ 14.660605687604505, 61.119842559652298 ], [ 14.66027448708145, 61.1202291483933 ], [ 14.660353898228282, 61.120516728227201 ], [ 14.660490473275358, 61.120948051816612 ], [ 14.660461354421725, 61.12132680703634 ], [ 14.660810916209659, 61.121912158464845 ], [ 14.661170876136374, 61.121851652271303 ], [ 14.66104226524034, 61.121514239599755 ], [ 14.661095255196651, 61.121474331335889 ], [ 14.661375760467887, 61.121458290261266 ], [ 14.661735945630257, 61.121541105075821 ], [ 14.662177065447901, 61.121666487389774 ], [ 14.662167649010279, 61.121950495594135 ], [ 14.661478343134599, 61.121982304387828 ], [ 14.660778941666919, 61.121993076272027 ], [ 14.659809192393558, 61.121972236511709 ], [ 14.659022448478796, 61.122117025119984 ], [ 14.658772015288264, 61.12216994633625 ], [ 14.658673620074063, 61.122161833728264 ], [ 14.658581285102871, 61.122116702529425 ], [ 14.658557488724844, 61.122077301452407 ], [ 14.65835073940222, 61.122117135001702 ], [ 14.65765702790463, 61.122172875089497 ], [ 14.657129687621397, 61.122162184653845 ], [ 14.658307754660873, 61.121664822015099 ], [ 14.658702460624264, 61.120864313772316 ], [ 14.658325970290248, 61.120861190643502 ], [ 14.658316154781957, 61.120591013932433 ], [ 14.657270562644745, 61.120571589275421 ], [ 14.65746973487261, 61.120699462365245 ], [ 14.657283152966006, 61.121342296182888 ], [ 14.657133488574846, 61.121651984103124 ], [ 14.657064321710051, 61.121699247590307 ], [ 14.656462475270606, 61.121797473331618 ], [ 14.655955726443942, 61.121725188569776 ], [ 14.655436099236981, 61.121424455262357 ], [ 14.654323323806295, 61.121461729289948 ], [ 14.653548476617376, 61.12151043578023 ], [ 14.65358910562807, 61.121871592324197 ], [ 14.653565813499451, 61.121942699957707 ], [ 14.654411508493835, 61.121998380002054 ], [ 14.655424912356285, 61.121981474176138 ], [ 14.656205755772946, 61.121926586482118 ], [ 14.656450648292378, 61.121963712599438 ], [ 14.656513115191022, 61.122181619483584 ], [ 14.657122502070719, 61.122162408640349 ], [ 14.657252714658414, 61.122199215718155 ], [ 14.657279294324537, 61.122279706247326 ], [ 14.657189057428667, 61.122332330288202 ], [ 14.65718160795803, 61.122332939649105 ], [ 14.656642884483446, 61.122411503044816 ], [ 14.656054511243656, 61.122452168061251 ], [ 14.655678108401554, 61.122258465528311 ], [ 14.655420488685186, 61.122237771070161 ], [ 14.655332589339965, 61.122278297516694 ], [ 14.655285761635664, 61.122596882095493 ], [ 14.655484805371286, 61.122694349886324 ], [ 14.655863936467926, 61.122605114708378 ], [ 14.655949028782576, 61.122745968646967 ], [ 14.655861132801769, 61.123071191348274 ], [ 14.655089410454261, 61.122993291612339 ], [ 14.654362053221872, 61.122886466177846 ], [ 14.653961372465439, 61.122688153947237 ], [ 14.65335722090199, 61.12260786262479 ], [ 14.653020919232175, 61.122810743300633 ], [ 14.653670306241006, 61.122926722148129 ], [ 14.652851011118672, 61.123595948291161 ], [ 14.652709030638494, 61.123542165669626 ], [ 14.652706797281441, 61.123431068339926 ], [ 14.651313584297053, 61.12315611158607 ], [ 14.651044905836567, 61.123301308514733 ], [ 14.649915768206407, 61.123146737579411 ], [ 14.649087066015964, 61.122711472755618 ], [ 14.649636936689564, 61.122463134704503 ], [ 14.649933555649659, 61.122441449289518 ], [ 14.64997501491785, 61.122396640289203 ], [ 14.649751689742509, 61.122311266821015 ], [ 14.648920407111504, 61.122336673639666 ], [ 14.648769680495519, 61.122834615085914 ], [ 14.648664962376284, 61.123797395045287 ], [ 14.648650860099824, 61.123965854395898 ], [ 14.648997251857434, 61.123979834325084 ], [ 14.6494045584381, 61.124044525521768 ], [ 14.649310863031932, 61.124328888751712 ], [ 14.650220885948265, 61.124578503053499 ], [ 14.649260278718542, 61.124824908452119 ], [ 14.649189673191431, 61.125032095200339 ], [ 14.649419722514407, 61.125071709289458 ], [ 14.649634156861346, 61.125146960153828 ], [ 14.650315903879982, 61.125198488199196 ], [ 14.650223033236578, 61.125289426984303 ], [ 14.649957752386159, 61.125497942194819 ], [ 14.649234098649519, 61.125249267383182 ], [ 14.648642905913558, 61.125138697297075 ], [ 14.648412211005482, 61.125315930894118 ], [ 14.649662045360804, 61.125759948887371 ], [ 14.649694829300197, 61.125744645608776 ], [ 14.649842252491935, 61.125795159594603 ], [ 14.649875542991515, 61.125856564199701 ], [ 14.649830173658051, 61.125908742727205 ], [ 14.649406779068412, 61.126028918596539 ], [ 14.648983517901542, 61.126024651888564 ], [ 14.648579157556606, 61.125861265005661 ], [ 14.648204349045946, 61.125608076833693 ], [ 14.648059805667602, 61.125238855613851 ], [ 14.647378723077265, 61.125084629613852 ], [ 14.646773849880805, 61.125487116691659 ], [ 14.645858848388301, 61.125405468179721 ], [ 14.645790303911392, 61.125273826307854 ], [ 14.646115021611546, 61.124908237192265 ], [ 14.646710920820007, 61.12472410612429 ], [ 14.646409017012536, 61.124334505589523 ], [ 14.646325461867104, 61.124177444439255 ], [ 14.646794867331279, 61.123675579937029 ], [ 14.647197074179983, 61.123362818539654 ], [ 14.646821194678617, 61.12309946926446 ], [ 14.646482186677368, 61.123063471620462 ], [ 14.646293908193121, 61.123096161380801 ], [ 14.645639772926444, 61.123071457414937 ], [ 14.645205049890889, 61.122647758071317 ], [ 14.645325434489452, 61.122184162083855 ], [ 14.646043171521358, 61.121767890514199 ], [ 14.646220152542183, 61.121742317830673 ], [ 14.646292002678946, 61.121798527326689 ], [ 14.646629173502577, 61.121834915761504 ], [ 14.646964045490769, 61.12175465756409 ], [ 14.64708143411405, 61.121750178788368 ], [ 14.64731973233839, 61.121826698721478 ], [ 14.647417552819942, 61.121829386683295 ], [ 14.6475517504936, 61.121808880910919 ], [ 14.647660419909592, 61.12181573600602 ], [ 14.647970505613051, 61.121897810426191 ], [ 14.648203164180696, 61.121783993249494 ], [ 14.647789296275302, 61.121677947563235 ], [ 14.647736630783005, 61.121380338834861 ], [ 14.647723271596433, 61.121074806144939 ], [ 14.647659053578725, 61.120981466998437 ], [ 14.647551717074277, 61.120106817997737 ], [ 14.647640542799948, 61.119968422554564 ], [ 14.647971733257958, 61.120000231679228 ], [ 14.64903400736924, 61.120206878649299 ], [ 14.649368950098534, 61.120299042953292 ], [ 14.649491362043133, 61.120261132625828 ], [ 14.649361304699209, 61.120111323414939 ], [ 14.649405426819939, 61.119961615767394 ], [ 14.649485748332907, 61.119913307779875 ], [ 14.649749919404485, 61.119903442950815 ], [ 14.649710250208118, 61.119773359150734 ], [ 14.64971199925974, 61.119771280870495 ], [ 14.65026592926915, 61.119110158806741 ], [ 14.650619145894426, 61.11902565641757 ], [ 14.65106624828597, 61.118833517735084 ], [ 14.651418711331262, 61.118633287151994 ], [ 14.651616623399489, 61.118484585448329 ], [ 14.651588967995076, 61.118289291200966 ], [ 14.651382342153413, 61.118255307265905 ], [ 14.651166599029581, 61.118250486513055 ], [ 14.650867060767908, 61.118102998040278 ], [ 14.650894983226499, 61.117869816751735 ], [ 14.650935775159475, 61.117736735883568 ], [ 14.65070317434056, 61.117702585230354 ], [ 14.650163793671711, 61.117500338952539 ], [ 14.649989857336232, 61.117452719420328 ], [ 14.649418564228451, 61.117372962136841 ], [ 14.648827301413665, 61.117862381425802 ], [ 14.648288265120234, 61.118212894159981 ], [ 14.64801100949397, 61.118364257545821 ], [ 14.648333780694156, 61.118629557295343 ], [ 14.648115481152095, 61.119240128847714 ], [ 14.647560080846848, 61.119165666129199 ], [ 14.647533294065758, 61.118736222353114 ], [ 14.646937335381942, 61.118392154544914 ], [ 14.646690800434092, 61.118084989428496 ], [ 14.646392029427336, 61.118025323118559 ], [ 14.646265287754817, 61.117972875150279 ], [ 14.646258633519267, 61.117801084773596 ], [ 14.646295708832548, 61.117734997284231 ], [ 14.646374973058734, 61.117699858676701 ], [ 14.646555484256602, 61.1177084014518 ], [ 14.646555715897023, 61.117775735857755 ], [ 14.64658217357521, 61.117787943213301 ], [ 14.647278904191817, 61.117910738351043 ], [ 14.647384270956225, 61.117743064628627 ], [ 14.647269852301115, 61.117518966620409 ], [ 14.647300877764639, 61.11742431334023 ], [ 14.647458870845458, 61.117213467622321 ], [ 14.647713714551072, 61.117159303998562 ], [ 14.646539621130994, 61.116863724866278 ], [ 14.646673123040584, 61.116734146219912 ], [ 14.647000453105738, 61.116654685282057 ], [ 14.647367501077136, 61.116478016111856 ], [ 14.64744450319105, 61.116357330246203 ], [ 14.647408760095212, 61.116217550921441 ], [ 14.647662268909263, 61.116019190763623 ], [ 14.647802097444348, 61.116059093287696 ], [ 14.648078177884956, 61.11618031247648 ], [ 14.648456163333442, 61.116374588348741 ], [ 14.648735024109202, 61.116116939645863 ], [ 14.648430056928957, 61.115655754529882 ], [ 14.648420340409027, 61.115613308914831 ], [ 14.648442272446106, 61.115582410459233 ], [ 14.647886882687358, 61.115580965707103 ], [ 14.64788011304157, 61.115620172051543 ], [ 14.647768575084681, 61.115817995816087 ], [ 14.647648300839258, 61.115853638840377 ], [ 14.647537580598733, 61.115817815984968 ], [ 14.647464322429693, 61.115759080583771 ], [ 14.647410143584699, 61.115650127950317 ], [ 14.647409181954226, 61.115579721225281 ], [ 14.640348025243453, 61.115561129055479 ], [ 14.640479991914507, 61.115718277838454 ] ], [ [ 14.670081808115791, 61.152660152322397 ], [ 14.670289678204341, 61.152543076927536 ], [ 14.670518045638673, 61.152489487925813 ], [ 14.670859203442854, 61.152566000529184 ], [ 14.671216137374543, 61.152801331668527 ], [ 14.671758993907428, 61.152950800583525 ], [ 14.672308321783909, 61.152774057319171 ], [ 14.672442969444536, 61.152823410856513 ], [ 14.672092076314282, 61.153117023349338 ], [ 14.671412922814101, 61.153201572251938 ], [ 14.671135748650064, 61.153297679614688 ], [ 14.670624017046958, 61.153750001826623 ], [ 14.670438951229421, 61.153744559751907 ], [ 14.670185399544319, 61.153646793531422 ], [ 14.67001534028917, 61.1537024274689 ], [ 14.669856561049503, 61.153699050646573 ], [ 14.669219670837954, 61.153466255243387 ], [ 14.668334641101866, 61.152745678624051 ], [ 14.667987886239077, 61.152310968052795 ], [ 14.668059004964061, 61.152192348490658 ], [ 14.668385427166525, 61.152036270787065 ], [ 14.670056187078227, 61.151352062989439 ], [ 14.67033408495398, 61.151575379965543 ], [ 14.669866586091448, 61.15187291351652 ], [ 14.670132925934269, 61.152404778344227 ], [ 14.670081808115791, 61.152660152322397 ] ], [ [ 14.672383023825082, 61.153380148434607 ], [ 14.672633530897066, 61.153384848300178 ], [ 14.672828847756449, 61.153735193623042 ], [ 14.671968288792478, 61.153925926655639 ], [ 14.671779761483192, 61.153881514498579 ], [ 14.671632734697747, 61.153800142563668 ], [ 14.671627458080415, 61.153692863270201 ], [ 14.671979501272247, 61.15346312227657 ], [ 14.672383023825082, 61.153380148434607 ] ], [ [ 14.669647583550276, 61.15022896907734 ], [ 14.669223878146896, 61.150067312554469 ], [ 14.668371401000122, 61.150036964734731 ], [ 14.667815420765008, 61.150085490756375 ], [ 14.667079256553199, 61.150121990289257 ], [ 14.666714728857658, 61.149710530136126 ], [ 14.667667304577835, 61.149551963410069 ], [ 14.669284714163574, 61.149414174663427 ], [ 14.66997860473214, 61.149394779485796 ], [ 14.670294989083807, 61.149433355973493 ], [ 14.670816892078168, 61.149707012240633 ], [ 14.671325287077419, 61.14981916833905 ], [ 14.671782684764858, 61.150025079568238 ], [ 14.67167002145248, 61.150530695484449 ], [ 14.67135403521225, 61.150590196344794 ], [ 14.671154754738879, 61.150558227361273 ], [ 14.670898971414532, 61.150027521333008 ], [ 14.670432690635081, 61.149954357960013 ], [ 14.670324246272566, 61.149973216599342 ], [ 14.670270938714649, 61.150070379060438 ], [ 14.670163917362549, 61.15013795445465 ], [ 14.670206320339135, 61.150583948303485 ], [ 14.670101386508183, 61.150640010329191 ], [ 14.66994675638489, 61.150566347764276 ], [ 14.669647583550276, 61.15022896907734 ] ], [ [ 14.677160263229974, 61.149500153611257 ], [ 14.67758278753743, 61.149573162452498 ], [ 14.677993449669199, 61.149683875395588 ], [ 14.678149679583743, 61.149782482012633 ], [ 14.677583018680416, 61.150188024351515 ], [ 14.677381561420024, 61.150252471600375 ], [ 14.677222895335893, 61.150212375797558 ], [ 14.676884970324888, 61.149515216603255 ], [ 14.677160263229974, 61.149500153611257 ] ], [ [ 14.665253767578276, 61.150183223562941 ], [ 14.665089482850505, 61.150429463854223 ], [ 14.664397555912505, 61.150513434124349 ], [ 14.664158528233695, 61.150080955645947 ], [ 14.665083845661474, 61.149941022426809 ], [ 14.665253767578276, 61.150183223562941 ] ], [ [ 14.674474716542861, 61.147919134541894 ], [ 14.675705269969283, 61.147411647646315 ], [ 14.675586667667288, 61.147310103045115 ], [ 14.674893637761631, 61.146544295610916 ], [ 14.676353518080418, 61.146346216443746 ], [ 14.67663450644862, 61.146260144533954 ], [ 14.676573926330144, 61.146157392779948 ], [ 14.676616689539481, 61.146080689783084 ], [ 14.676509120061485, 61.145963066119535 ], [ 14.676443875189996, 61.14567914926478 ], [ 14.676664859775215, 61.145480684630037 ], [ 14.677483689226575, 61.145440622374871 ], [ 14.678850776972867, 61.145396443651684 ], [ 14.679329061950407, 61.145403942828914 ], [ 14.679906809283576, 61.146492412755244 ], [ 14.681380998297357, 61.147479236924219 ], [ 14.683112558980019, 61.146951736385383 ], [ 14.683942265272536, 61.147099385952657 ], [ 14.684097225686576, 61.147212212477037 ], [ 14.684079231986335, 61.147339915379042 ], [ 14.683718733410517, 61.147477923582301 ], [ 14.682910872784621, 61.147746013429781 ], [ 14.682527187636625, 61.147818731656933 ], [ 14.68029308924009, 61.148551985458859 ], [ 14.679976500347163, 61.148412162480525 ], [ 14.679686143735884, 61.148180638840479 ], [ 14.679842827063391, 61.147992116913052 ], [ 14.679001349029544, 61.148273453917405 ], [ 14.67888833621646, 61.148322509682366 ], [ 14.676826470226436, 61.149030231992697 ], [ 14.674474716542861, 61.147919134541894 ] ], [ [ 14.699178572271057, 61.147391186373163 ], [ 14.699170660102956, 61.147851836216894 ], [ 14.699060473302197, 61.147976283651268 ], [ 14.698473599912903, 61.14809225407889 ], [ 14.698132751369954, 61.148246046684449 ], [ 14.697793273189262, 61.148228940748908 ], [ 14.697988834714396, 61.147529460923757 ], [ 14.698226492839247, 61.147420129979295 ], [ 14.699178572271057, 61.147391186373163 ] ], [ [ 14.672343708991541, 61.143282099404729 ], [ 14.671727546561964, 61.14313208659577 ], [ 14.671744727407214, 61.14301570408125 ], [ 14.672160487951915, 61.142898573117023 ], [ 14.672516552075221, 61.142675672834571 ], [ 14.672142079621649, 61.142382907018096 ], [ 14.672589029314166, 61.142092022244078 ], [ 14.672811280517921, 61.142526770692776 ], [ 14.672343708991541, 61.143282099404729 ] ], [ [ 14.648335686528789, 61.118329388252448 ], [ 14.648513906379975, 61.118345760248019 ], [ 14.648659111822948, 61.118288517740041 ], [ 14.649367939977134, 61.118426667713273 ], [ 14.649126980370523, 61.118622280184638 ], [ 14.64890628141768, 61.118634025179276 ], [ 14.648734317697572, 61.118617301994028 ], [ 14.64856725012201, 61.118577491077502 ], [ 14.648489580071629, 61.118544295809301 ], [ 14.648445811146695, 61.118464818001513 ], [ 14.648266220330081, 61.118414757376229 ], [ 14.64829856057737, 61.11833854792733 ], [ 14.648335686528789, 61.118329388252448 ] ], [ [ 14.650561635135126, 61.125746312828646 ], [ 14.650989017692014, 61.125344599104359 ], [ 14.65160553078131, 61.125419088149293 ], [ 14.651904931767072, 61.125575507511094 ], [ 14.650976608513517, 61.126264363391819 ], [ 14.650388604051418, 61.126037699134457 ], [ 14.650452050445898, 61.125797526748045 ], [ 14.650561635135126, 61.125746312828646 ] ], [ [ 14.662938985341825, 61.125906684190589 ], [ 14.66371169760807, 61.125728736543266 ], [ 14.663439635822973, 61.125650814766026 ], [ 14.663163399909967, 61.125318172253053 ], [ 14.663162841707999, 61.125107281917479 ], [ 14.661929827997255, 61.124958747557905 ], [ 14.660924751703202, 61.124969510065156 ], [ 14.660756496439076, 61.124831629013457 ], [ 14.660915564198007, 61.124752897048467 ], [ 14.661324232272976, 61.124671001667153 ], [ 14.662655207070474, 61.124652017493105 ], [ 14.663047618082157, 61.124884820724553 ], [ 14.663424006404645, 61.125010271005692 ], [ 14.663834810029428, 61.124917519315652 ], [ 14.664057413536556, 61.124981715973639 ], [ 14.664560039562902, 61.124635297016845 ], [ 14.664119853157382, 61.124592090035385 ], [ 14.663818701343148, 61.124702262798614 ], [ 14.663640980912145, 61.12470640884974 ], [ 14.663402404049469, 61.124571830319418 ], [ 14.663579917547926, 61.124449176975617 ], [ 14.663426992893246, 61.124310591871009 ], [ 14.662707568473737, 61.12385284341957 ], [ 14.662611785107991, 61.123795882734576 ], [ 14.661762358162472, 61.123456608179026 ], [ 14.661741285865734, 61.123351155912722 ], [ 14.662320135017181, 61.122991459993592 ], [ 14.662908027432918, 61.122771281808845 ], [ 14.66335409227101, 61.122739165803821 ], [ 14.663916818945028, 61.122779798100886 ], [ 14.66399462650079, 61.122841004594605 ], [ 14.663745021942058, 61.123025785437662 ], [ 14.664221573460805, 61.123150512887563 ], [ 14.663965231082798, 61.123394665896718 ], [ 14.664016807367203, 61.123487867144085 ], [ 14.665025838759151, 61.123781026518287 ], [ 14.665256350357408, 61.123493669231884 ], [ 14.664617388711742, 61.123408206908621 ], [ 14.664878462248204, 61.123069150922106 ], [ 14.665080086264023, 61.123052152438895 ], [ 14.666004252960684, 61.123399670678168 ], [ 14.667007250223783, 61.123698016409136 ], [ 14.667787364610955, 61.124055932149403 ], [ 14.667656184827917, 61.124151762323443 ], [ 14.667509173874272, 61.124252608142811 ], [ 14.667361688141469, 61.124409150851413 ], [ 14.66732544446203, 61.124535550146312 ], [ 14.668581007537284, 61.124933368902425 ], [ 14.668800412427018, 61.124842987732997 ], [ 14.669354225529135, 61.12476739372886 ], [ 14.669577887083657, 61.12468323450593 ], [ 14.669905186671057, 61.124512960988447 ], [ 14.670948066004133, 61.125015332874355 ], [ 14.671585137049979, 61.125112422887277 ], [ 14.672165010420306, 61.12528939052924 ], [ 14.672766662082953, 61.125942259748022 ], [ 14.67309005800003, 61.126201575751239 ], [ 14.673291053393191, 61.126369210371983 ], [ 14.673456222429088, 61.126513622149339 ], [ 14.673822989589789, 61.126521213445919 ], [ 14.674131863613871, 61.126430949475974 ], [ 14.674189996848666, 61.126433370111464 ], [ 14.674955590788974, 61.12690548750205 ], [ 14.675380675960476, 61.126854625451081 ], [ 14.676465379714138, 61.12701528711677 ], [ 14.677869415343501, 61.127421229456701 ], [ 14.675966518261927, 61.128023746943057 ], [ 14.675783117335062, 61.128162104447789 ], [ 14.675779685137197, 61.128219868419102 ], [ 14.675901639181973, 61.128255533224241 ], [ 14.676849232665946, 61.128302455562583 ], [ 14.677193389671229, 61.128275643713756 ], [ 14.677472228991038, 61.12816768594579 ], [ 14.678291785064456, 61.128190896820982 ], [ 14.678247056173966, 61.128637104447478 ], [ 14.677997660814228, 61.128639042685045 ], [ 14.677643598319619, 61.128568199569834 ], [ 14.677186904719328, 61.128660174601521 ], [ 14.677959716875279, 61.128808525249987 ], [ 14.679015189349929, 61.128712744471187 ], [ 14.679608228340973, 61.128507651522852 ], [ 14.680146718325419, 61.128752439988801 ], [ 14.681141999914544, 61.12807235011153 ], [ 14.681583088516216, 61.128167646927004 ], [ 14.682830210297814, 61.128137798400175 ], [ 14.683201439817639, 61.128067034222049 ], [ 14.684159146434084, 61.127953082759269 ], [ 14.684334871643214, 61.128161661148575 ], [ 14.68436664210582, 61.128268867577127 ], [ 14.683767298124973, 61.128330097282216 ], [ 14.683342535609091, 61.128643039628052 ], [ 14.683067551821544, 61.128682741893797 ], [ 14.68265721908028, 61.128577547812959 ], [ 14.682468471594328, 61.128788801540814 ], [ 14.683736170197706, 61.129453318654136 ], [ 14.684023298297443, 61.129674179221198 ], [ 14.68346852806849, 61.129916486245513 ], [ 14.683529831103034, 61.129998049376169 ], [ 14.683761127925772, 61.130126909972653 ], [ 14.684180740676991, 61.130076644736292 ], [ 14.684610821697962, 61.130344971112756 ], [ 14.684398513996491, 61.130731473168773 ], [ 14.684342425925427, 61.130819064688176 ], [ 14.684026742479867, 61.130931735334265 ], [ 14.684413056975023, 61.131138471101686 ], [ 14.684507333657027, 61.131339632067345 ], [ 14.684408217890418, 61.131415128662262 ], [ 14.684189797277423, 61.131445870907996 ], [ 14.68353937268747, 61.131531274313296 ], [ 14.683223269719139, 61.13150869147276 ], [ 14.682992257509483, 61.131569271422784 ], [ 14.682761877260587, 61.13197407922835 ], [ 14.683897011278395, 61.132241123345416 ], [ 14.684113048644836, 61.131674239689545 ], [ 14.684959004346055, 61.1313566830841 ], [ 14.685451220269968, 61.131103280673493 ], [ 14.685383862823853, 61.13102492719625 ], [ 14.685099268707509, 61.131056540332125 ], [ 14.685083610032688, 61.130975228023253 ], [ 14.686056709518303, 61.130667216613602 ], [ 14.686210832728861, 61.130684910288331 ], [ 14.686262524745803, 61.130748009314082 ], [ 14.686759583495789, 61.130663521734782 ], [ 14.687038086447878, 61.130663474983351 ], [ 14.687137362026638, 61.131250547615494 ], [ 14.686409582881705, 61.131293114495008 ], [ 14.685563667941773, 61.131357918982957 ], [ 14.685198402091759, 61.131456651497906 ], [ 14.685143330057977, 61.131548563639797 ], [ 14.68533778237552, 61.131601742791709 ], [ 14.68675845912192, 61.131495267843817 ], [ 14.687696845849022, 61.131260028109665 ], [ 14.687984688078529, 61.131567275045526 ], [ 14.688028636542084, 61.131625381949974 ], [ 14.687779629128933, 61.131764421312575 ], [ 14.687372819018716, 61.131858925061181 ], [ 14.687506060621777, 61.132079700790143 ], [ 14.689591070940759, 61.131810820932699 ], [ 14.689895328969387, 61.132142889258091 ], [ 14.689850468990663, 61.132181094691006 ], [ 14.689584622872687, 61.13219361063193 ], [ 14.689316766548137, 61.132200959090348 ], [ 14.68912029454286, 61.132168959747503 ], [ 14.688903675629184, 61.13218637252303 ], [ 14.68859126822958, 61.132249414373646 ], [ 14.688586053776124, 61.132533935731786 ], [ 14.687563965505515, 61.132478655397165 ], [ 14.687481864582301, 61.13259134365633 ], [ 14.686887921725033, 61.132757648887036 ], [ 14.685885430041866, 61.132858120922648 ], [ 14.685635582528022, 61.132986345306435 ], [ 14.68467408556891, 61.133167766846213 ], [ 14.683937563571199, 61.132995326324817 ], [ 14.683712442003069, 61.132991334959897 ], [ 14.683420144874612, 61.133107991304705 ], [ 14.683394008815615, 61.133443143138209 ], [ 14.682972711708416, 61.133595748916754 ], [ 14.682675232120012, 61.133569258489132 ], [ 14.682536672366219, 61.133509267030043 ], [ 14.682439733552293, 61.133329752842108 ], [ 14.682193222043992, 61.133098282788332 ], [ 14.681519618091871, 61.132916783696032 ], [ 14.681367951825216, 61.132934543871961 ], [ 14.681038623479393, 61.133088051446158 ], [ 14.679989924751647, 61.133067530029443 ], [ 14.679601363755971, 61.132936468224145 ], [ 14.678008857632387, 61.132916590625179 ], [ 14.67750549050972, 61.133271693751098 ], [ 14.67838202773571, 61.133958212116269 ], [ 14.678500820599844, 61.133998616175724 ], [ 14.679007657920749, 61.133974933006854 ], [ 14.679685542447046, 61.133857359196504 ], [ 14.680056903025045, 61.133665313698145 ], [ 14.68020259044777, 61.133365144197114 ], [ 14.680641617289377, 61.13324133575717 ], [ 14.680975214485349, 61.133213510366865 ], [ 14.681118459981018, 61.133239264413461 ], [ 14.681604634547716, 61.133438998274052 ], [ 14.681721993020796, 61.133570511722006 ], [ 14.681683993259888, 61.134143645963213 ], [ 14.68128381540018, 61.134459575547744 ], [ 14.680720195741811, 61.134622675230368 ], [ 14.680494195690073, 61.134599751237516 ], [ 14.680051109077967, 61.134493367694802 ], [ 14.679760295687933, 61.134156254367355 ], [ 14.67933372974087, 61.134063966877264 ], [ 14.678947257572844, 61.134097543234468 ], [ 14.678284614474673, 61.134400828564743 ], [ 14.67842185132986, 61.13455035678053 ], [ 14.679159569351951, 61.134676899429913 ], [ 14.679307113944295, 61.135147246184687 ], [ 14.678485187896657, 61.135153088248209 ], [ 14.678025594172196, 61.13495537285322 ], [ 14.677397456580119, 61.135036975093911 ], [ 14.676678838063504, 61.134707534203471 ], [ 14.67641077972684, 61.134469035612504 ], [ 14.676229823466315, 61.134423094250884 ], [ 14.675722834501824, 61.134353810452708 ], [ 14.674590120122147, 61.134921208460327 ], [ 14.674817765897938, 61.13532752541586 ], [ 14.674004733876696, 61.135698569830936 ], [ 14.673466642656951, 61.135341742567995 ], [ 14.673149905354542, 61.134917485684383 ], [ 14.673079034635299, 61.134640457106812 ], [ 14.672856578780562, 61.134584149276201 ], [ 14.672791005378963, 61.134719770972524 ], [ 14.672712657025171, 61.13474945060409 ], [ 14.672480173975705, 61.134777473592159 ], [ 14.672012119032285, 61.13449738129983 ], [ 14.672157982129102, 61.134424502994008 ], [ 14.672356828319137, 61.134492300090656 ], [ 14.672405090046096, 61.134493700819483 ], [ 14.672448608067908, 61.134465499292645 ], [ 14.672490736693108, 61.134345505045147 ], [ 14.6725543050947, 61.13429962079406 ], [ 14.672650834561091, 61.134271313773532 ], [ 14.672780204445663, 61.134229197743032 ], [ 14.672514447156214, 61.133778793531931 ], [ 14.672239870178796, 61.133761070913089 ], [ 14.672026022782433, 61.134182554536473 ], [ 14.671194721159917, 61.134597816448654 ], [ 14.671088307913845, 61.134846072444454 ], [ 14.671272914200246, 61.134951247230823 ], [ 14.67147174410681, 61.134847300131625 ], [ 14.67268419894406, 61.134874424706922 ], [ 14.672578771358957, 61.135258123367471 ], [ 14.672294146042214, 61.135445537250675 ], [ 14.671279848487718, 61.135420372172803 ], [ 14.670350279285389, 61.135373886106429 ], [ 14.670149143877026, 61.135206758866225 ], [ 14.669741400387034, 61.134954493409104 ], [ 14.669349667646539, 61.13474499123182 ], [ 14.669319026109996, 61.134507399566445 ], [ 14.670194826301733, 61.134360388744966 ], [ 14.670309984563053, 61.134007545533443 ], [ 14.669818045034692, 61.134122410872465 ], [ 14.669506915406778, 61.134109172278421 ], [ 14.669444861175108, 61.134013344090476 ], [ 14.669501200479848, 61.133703603802175 ], [ 14.669284050014667, 61.133707633904535 ], [ 14.668937270661733, 61.134095803177381 ], [ 14.668706207022261, 61.13411254692101 ], [ 14.668637224343064, 61.134201563454084 ], [ 14.668687109083589, 61.134329816900348 ], [ 14.668115702224823, 61.134627422631475 ], [ 14.667707652582461, 61.134733553180261 ], [ 14.666915229473656, 61.134632723195452 ], [ 14.66678694929363, 61.13457753499825 ], [ 14.666726530547182, 61.134380036077062 ], [ 14.667210401184009, 61.134179387990955 ], [ 14.666908917564296, 61.133976627391327 ], [ 14.666791061912457, 61.133786977454477 ], [ 14.666404313379116, 61.133653862089226 ], [ 14.666072906018185, 61.133560483413355 ], [ 14.665840365226181, 61.133530964868619 ], [ 14.66500992967366, 61.134279187015181 ], [ 14.665074710481996, 61.134356547549316 ], [ 14.665805681931962, 61.134574908657981 ], [ 14.666176017386235, 61.134895262142415 ], [ 14.66605838949407, 61.135092178437347 ], [ 14.665765552408352, 61.135167551148562 ], [ 14.664962589652555, 61.135211109750401 ], [ 14.664155770847021, 61.135336082803015 ], [ 14.663820065319049, 61.135032876649134 ], [ 14.663919600461462, 61.134535627607136 ], [ 14.66421936794009, 61.1342287832449 ], [ 14.664197773651768, 61.134176326131609 ], [ 14.663875344144104, 61.134012246025648 ], [ 14.66307775171869, 61.133979459467113 ], [ 14.662305977566101, 61.134025961929837 ], [ 14.661570895265537, 61.133955750365601 ], [ 14.661152578888547, 61.133719035884482 ], [ 14.660849874465017, 61.13343501831789 ], [ 14.6605581466229, 61.13310965808887 ], [ 14.660250391297517, 61.132904532750118 ], [ 14.659117435740866, 61.132958099695443 ], [ 14.658891221298916, 61.132818122234198 ], [ 14.658989716473219, 61.132820040425429 ], [ 14.659291854105685, 61.132644288683835 ], [ 14.659245029998306, 61.132564887750469 ], [ 14.659174212362476, 61.132518733975672 ], [ 14.659330488922555, 61.132435921115274 ], [ 14.659044966887617, 61.132308794412921 ], [ 14.659261736234599, 61.132094635979591 ], [ 14.658487412337943, 61.131823798065746 ], [ 14.658013727800151, 61.131705530818166 ], [ 14.657682062001973, 61.131696854585073 ], [ 14.658193027640305, 61.131385377132219 ], [ 14.658362686125292, 61.131139319813862 ], [ 14.658239082864045, 61.131054319785257 ], [ 14.658467165106021, 61.130557210480028 ], [ 14.658969969694189, 61.130294252657926 ], [ 14.659008097131615, 61.130220730821414 ], [ 14.658239329379439, 61.130323391641625 ], [ 14.657836596743135, 61.130485850671562 ], [ 14.657831595871532, 61.130604928902379 ], [ 14.658205313195777, 61.130908111528953 ], [ 14.658097221943512, 61.130988971110824 ], [ 14.657289894117532, 61.130793007656763 ], [ 14.656671177753315, 61.130602752250162 ], [ 14.656602541736525, 61.130657387738971 ], [ 14.656351184549576, 61.130662279848707 ], [ 14.655454515409909, 61.130490614839815 ], [ 14.655394049357385, 61.130389864232505 ], [ 14.655551020911068, 61.130159605958866 ], [ 14.655401173005773, 61.129723907816192 ], [ 14.655082031427332, 61.12979275350478 ], [ 14.654415609875931, 61.129511384813902 ], [ 14.654777429026961, 61.129304858086918 ], [ 14.654692637091655, 61.128924404084898 ], [ 14.654592731584989, 61.128870856670368 ], [ 14.653031312517877, 61.129110375651493 ], [ 14.652389752550574, 61.128284133829993 ], [ 14.652448487924879, 61.128236980468536 ], [ 14.654121331049556, 61.127966501474177 ], [ 14.654489474767171, 61.127697865013289 ], [ 14.654876745789464, 61.127504627262432 ], [ 14.654022661312442, 61.127386030242441 ], [ 14.653598700759433, 61.127745773148753 ], [ 14.653212999006318, 61.127725420016851 ], [ 14.652965067395112, 61.127663752981206 ], [ 14.652654472321645, 61.127510162205553 ], [ 14.652402827638598, 61.12718517417354 ], [ 14.652415816866364, 61.127091012171753 ], [ 14.65264443024425, 61.126945260636425 ], [ 14.653284813657994, 61.127146821583267 ], [ 14.654595591415355, 61.126676980352265 ], [ 14.654986415171644, 61.126788342002499 ], [ 14.655227710499052, 61.127203238986077 ], [ 14.655518986756112, 61.127259966611511 ], [ 14.656020859711735, 61.127153572467293 ], [ 14.65648770325088, 61.127176853062252 ], [ 14.656833504131031, 61.127642548567785 ], [ 14.656978888841254, 61.127823048234795 ], [ 14.657150724321182, 61.128017656042132 ], [ 14.657854151838089, 61.12822727332356 ], [ 14.658358609310463, 61.128138411028559 ], [ 14.659258260176291, 61.128156031881346 ], [ 14.659900697739422, 61.128172659290449 ], [ 14.660133331149158, 61.1281980315336 ], [ 14.660166809847803, 61.128447959450149 ], [ 14.660600261165635, 61.128476268393072 ], [ 14.660473956959432, 61.127721284782005 ], [ 14.660748889953929, 61.127717647225559 ], [ 14.661935839230079, 61.127897239094807 ], [ 14.662121338245216, 61.127926081479039 ], [ 14.662649292456678, 61.12790053731856 ], [ 14.663257710212907, 61.127910851159363 ], [ 14.663381819905135, 61.127995488711207 ], [ 14.663423270238951, 61.128133652912275 ], [ 14.663483613611481, 61.128103044790755 ], [ 14.663678150769289, 61.128057247898646 ], [ 14.664113136541173, 61.12798978309722 ], [ 14.66433345707931, 61.127984305614291 ], [ 14.664711967222006, 61.128057129760272 ], [ 14.665777398675463, 61.127768714119398 ], [ 14.66561179067293, 61.127306647589812 ], [ 14.665631596343509, 61.126925606139835 ], [ 14.665654821806646, 61.126856848486952 ], [ 14.665236717180726, 61.126602586240999 ], [ 14.664818330749064, 61.1266664509861 ], [ 14.664248071499324, 61.126849773464336 ], [ 14.663915152474857, 61.126825640325023 ], [ 14.663612667096647, 61.126702969867686 ], [ 14.663348817933542, 61.126321698697772 ], [ 14.662938985341825, 61.125906684190589 ] ], [ [ 14.652385638752751, 61.129173960045776 ], [ 14.651368543228871, 61.129228540676102 ], [ 14.651213137417676, 61.129127498814327 ], [ 14.651201354212525, 61.128955237972299 ], [ 14.651692002336171, 61.128747462437524 ], [ 14.652290841575454, 61.128750457116617 ], [ 14.65255935951042, 61.128799384672938 ], [ 14.652723576921735, 61.128899576894099 ], [ 14.652848620441279, 61.129094869258033 ], [ 14.652385638752751, 61.129173960045776 ] ], [ [ 14.653694062796264, 61.130162900643924 ], [ 14.653259651758731, 61.130047778908413 ], [ 14.653157267611395, 61.130091516507683 ], [ 14.653128224233599, 61.130244585830575 ], [ 14.652607382695358, 61.130184498581812 ], [ 14.652246929631325, 61.12987601947966 ], [ 14.653931569674604, 61.129545017431738 ], [ 14.654155259746139, 61.129675705077652 ], [ 14.653694062796264, 61.130162900643924 ] ], [ [ 14.669777702649663, 61.135523505479867 ], [ 14.669611394920704, 61.135764333355048 ], [ 14.669875263870695, 61.136156651893835 ], [ 14.670027685913308, 61.137035115736005 ], [ 14.670177883037494, 61.13701472512674 ], [ 14.670516535974397, 61.136550859254669 ], [ 14.671795985784987, 61.136086889406755 ], [ 14.67265152145991, 61.136611047808252 ], [ 14.673012745120211, 61.136839256993994 ], [ 14.673236518580717, 61.13700685649286 ], [ 14.672853724838021, 61.137206684396787 ], [ 14.672013109886214, 61.137041432850609 ], [ 14.671315036455285, 61.137069653068586 ], [ 14.671784765211362, 61.137390160544882 ], [ 14.672312671213291, 61.137507415187294 ], [ 14.671736330554232, 61.137639356772134 ], [ 14.671458335380963, 61.137577462479982 ], [ 14.670958672622362, 61.137346264031891 ], [ 14.67027688478054, 61.137138590914383 ], [ 14.670142498268401, 61.137163481953081 ], [ 14.670046926235248, 61.137284081049003 ], [ 14.669303516227036, 61.137211180065655 ], [ 14.66905921066647, 61.136926004410576 ], [ 14.66957271486128, 61.136751034027235 ], [ 14.669390119661054, 61.136358841750251 ], [ 14.668794683828159, 61.136446122269575 ], [ 14.668234350377046, 61.136461627642355 ], [ 14.66750949842239, 61.135899121729125 ], [ 14.667863117287125, 61.135795075776592 ], [ 14.66833350895347, 61.135857727321351 ], [ 14.668336988447376, 61.135722467384696 ], [ 14.668462617679129, 61.135632656096035 ], [ 14.669508779648217, 61.135356077313517 ], [ 14.669777702649663, 61.135523505479867 ] ], [ [ 14.663782613631565, 61.135768299437885 ], [ 14.66281650769649, 61.135747392159239 ], [ 14.662682860932206, 61.135506166506637 ], [ 14.663881069406234, 61.135392131482689 ], [ 14.66411536078378, 61.135448501542868 ], [ 14.664108587877383, 61.135701649695889 ], [ 14.663782613631565, 61.135768299437885 ] ], [ [ 14.652794109407532, 61.136163278893207 ], [ 14.653062279869621, 61.13621584943661 ], [ 14.653817865141997, 61.136433108520123 ], [ 14.653764329676251, 61.136794535031953 ], [ 14.653625900637749, 61.13706205175373 ], [ 14.653283365529445, 61.137106476465391 ], [ 14.65263768130456, 61.137156218536028 ], [ 14.65225899931853, 61.136900760799172 ], [ 14.651861977472658, 61.136977658231537 ], [ 14.651470362316525, 61.137141716326987 ], [ 14.651398842386209, 61.137285742580616 ], [ 14.651411702352933, 61.137684175127021 ], [ 14.651152947240421, 61.137842837606534 ], [ 14.650769812013591, 61.13782623681869 ], [ 14.650497176137332, 61.137719801169297 ], [ 14.650577061016334, 61.137415740539595 ], [ 14.65071987044788, 61.137006281211164 ], [ 14.651142357453836, 61.136605811519061 ], [ 14.651592062050691, 61.136388539829369 ], [ 14.652173410357449, 61.13611582611555 ], [ 14.652395330852125, 61.136117123530823 ], [ 14.652794109407532, 61.136163278893207 ] ], [ [ 14.649438085597483, 61.138081794230018 ], [ 14.649905622780341, 61.138288049041179 ], [ 14.650985551644832, 61.138819523961907 ], [ 14.651027024699511, 61.138861135207634 ], [ 14.651067991846181, 61.139258311373254 ], [ 14.650282183968606, 61.140182774781067 ], [ 14.649465736899261, 61.139954987280085 ], [ 14.648907557197774, 61.139768292125808 ], [ 14.648147636299759, 61.139465876034116 ], [ 14.647744035996967, 61.139264234931318 ], [ 14.64707125763276, 61.138856523131842 ], [ 14.646930530070202, 61.138916469128219 ], [ 14.647587621256262, 61.139320369697558 ], [ 14.647125694443663, 61.139458429964741 ], [ 14.646335752340578, 61.139373394807969 ], [ 14.646034380467199, 61.139536550535922 ], [ 14.645843103938894, 61.139718694620271 ], [ 14.645705241305659, 61.139721296581371 ], [ 14.645529266245095, 61.139651410313277 ], [ 14.644894755271114, 61.139371793794282 ], [ 14.645089563975606, 61.138995990736866 ], [ 14.644851107607352, 61.138871273879133 ], [ 14.644004421624492, 61.138789092664858 ], [ 14.643702780681249, 61.13866068824418 ], [ 14.643222081115939, 61.138664583799127 ], [ 14.643139944393752, 61.138779813006359 ], [ 14.643630570840848, 61.139132811688995 ], [ 14.643049441806131, 61.139295636938265 ], [ 14.642898447083464, 61.139277202114293 ], [ 14.642493011217606, 61.139546687142634 ], [ 14.641825419235186, 61.139667028893705 ], [ 14.641577018689077, 61.13951428701813 ], [ 14.641860512926351, 61.138875422324858 ], [ 14.64210113283735, 61.13878492512822 ], [ 14.642332566045209, 61.138429440979259 ], [ 14.641790708696519, 61.137957031588968 ], [ 14.64226263783352, 61.137831180981841 ], [ 14.642848123108411, 61.138254092498414 ], [ 14.643275741215671, 61.138270141455031 ], [ 14.643036513560912, 61.137866074432687 ], [ 14.643212898510418, 61.137435667493264 ], [ 14.643364946861048, 61.137285761680488 ], [ 14.643784532634356, 61.137004792822538 ], [ 14.644892593127404, 61.136344047151375 ], [ 14.644970606875031, 61.136343560607095 ], [ 14.645079118950333, 61.136421790731042 ], [ 14.64618484444193, 61.13691509960519 ], [ 14.647495263674189, 61.137429734199955 ], [ 14.649438085597483, 61.138081794230018 ] ], [ [ 14.640150630082946, 61.137829926398261 ], [ 14.639870011986009, 61.138078637576278 ], [ 14.639891819353744, 61.138228131265834 ], [ 14.639347325871178, 61.138342171664036 ], [ 14.638828942193177, 61.137863905573319 ], [ 14.639797046768473, 61.137366403687544 ], [ 14.640593121436249, 61.137039797463451 ], [ 14.640919017393882, 61.137306109935096 ], [ 14.640207889060575, 61.137612088231919 ], [ 14.640150630082946, 61.137829926398261 ] ], [ [ 14.634232878028662, 61.138272126404239 ], [ 14.634007843756036, 61.138408699020609 ], [ 14.633380788624626, 61.138482002350486 ], [ 14.632870713128245, 61.137871474313812 ], [ 14.633766582415491, 61.137654717391932 ], [ 14.634142728485001, 61.137780167348318 ], [ 14.634309182707899, 61.138146849471369 ], [ 14.634232878028662, 61.138272126404239 ] ], [ [ 14.638092218472803, 61.138169149106957 ], [ 14.639348930800812, 61.13898150422245 ], [ 14.641514348003867, 61.13838328462213 ], [ 14.641989348359409, 61.138598725821758 ], [ 14.641899831120497, 61.13869786439421 ], [ 14.636998987522874, 61.140171712432483 ], [ 14.635193602523724, 61.139774239757372 ], [ 14.636224460249682, 61.139376990181468 ], [ 14.635603709812383, 61.138868064337281 ], [ 14.635958339602993, 61.138767300272626 ], [ 14.637275875526672, 61.138392935151714 ], [ 14.638092218472803, 61.138169149106957 ] ], [ [ 14.640451965546356, 61.1396494621371 ], [ 14.64141670522277, 61.139785441171782 ], [ 14.641856092966071, 61.140197214205273 ], [ 14.641531394103669, 61.140824693406394 ], [ 14.641246199098358, 61.140943414501578 ], [ 14.641091349353834, 61.140954782901645 ], [ 14.64098091907813, 61.141190624132292 ], [ 14.640864307304751, 61.1412510946789 ], [ 14.640423386826635, 61.14124673662441 ], [ 14.639876569388667, 61.141133149806059 ], [ 14.639908081521419, 61.14099161748986 ], [ 14.640225358990454, 61.140325679293916 ], [ 14.640135326944046, 61.140048097307037 ], [ 14.640160062001801, 61.139751177118676 ], [ 14.640451965546356, 61.1396494621371 ] ], [ [ 14.646344267282453, 61.14077919839027 ], [ 14.645640319116442, 61.140924422518523 ], [ 14.64523285263863, 61.140681447786527 ], [ 14.644288406013519, 61.139913017549993 ], [ 14.644282113274475, 61.139848360928617 ], [ 14.644450792955121, 61.139835220785493 ], [ 14.645035516126121, 61.140123462191376 ], [ 14.645727047035303, 61.140369210338207 ], [ 14.645927123724729, 61.140282245256628 ], [ 14.646226393945433, 61.139565566130415 ], [ 14.64748541954669, 61.139682537947039 ], [ 14.647900888160196, 61.140112911398894 ], [ 14.647904403010827, 61.140431085088721 ], [ 14.646561992778933, 61.140454168998509 ], [ 14.64643741460883, 61.140573894931173 ], [ 14.647432712645355, 61.141015470551125 ], [ 14.647834232198152, 61.141250684267135 ], [ 14.648370627684722, 61.141691309145472 ], [ 14.648435004977205, 61.141744194169007 ], [ 14.64858120700292, 61.141733962068159 ], [ 14.648910014332955, 61.14162465790492 ], [ 14.648774721414698, 61.141426929882783 ], [ 14.650883612895498, 61.140694168427061 ], [ 14.651078400167927, 61.140457683588643 ], [ 14.651097184404582, 61.139889607307637 ], [ 14.651285657749273, 61.139313969206647 ], [ 14.651473665769359, 61.13903606969167 ], [ 14.651668276396652, 61.138893509409023 ], [ 14.652419046422169, 61.138997939454029 ], [ 14.652533947040077, 61.139049901865093 ], [ 14.652602537101043, 61.140432040877613 ], [ 14.653577410998354, 61.140556790795721 ], [ 14.653974948759327, 61.140908328326184 ], [ 14.653990004891336, 61.141343368441348 ], [ 14.654992387133234, 61.141419823815276 ], [ 14.655386982630521, 61.141082581509949 ], [ 14.655080950343187, 61.140659243635767 ], [ 14.654906081702414, 61.140233716755446 ], [ 14.654816862312586, 61.139805229660631 ], [ 14.654914309821265, 61.139663458268863 ], [ 14.654808286562037, 61.13938459775801 ], [ 14.654362744462578, 61.139292210060333 ], [ 14.6538224264229, 61.138026879077245 ], [ 14.654149114647895, 61.13781237275883 ], [ 14.654753516576942, 61.137498399909838 ], [ 14.655059642134498, 61.137468979405035 ], [ 14.655550208112583, 61.137425196138508 ], [ 14.656090412301769, 61.137582649440951 ], [ 14.656337893443421, 61.137927613085751 ], [ 14.656875475467666, 61.137935925988998 ], [ 14.658265603748651, 61.137809983925699 ], [ 14.658678944512049, 61.137676189346955 ], [ 14.659556602033089, 61.137298684063516 ], [ 14.659801743007478, 61.13712902746289 ], [ 14.660461482221731, 61.13699880048619 ], [ 14.660752417017486, 61.137087997540036 ], [ 14.660921738931572, 61.137250220000318 ], [ 14.660748944259076, 61.137297494924425 ], [ 14.660364369716214, 61.137307887002478 ], [ 14.660302964875065, 61.137466541252856 ], [ 14.66029007339664, 61.137714152843394 ], [ 14.660221483359248, 61.138090375054297 ], [ 14.660551360920254, 61.138737443297423 ], [ 14.660076911759361, 61.139302006918754 ], [ 14.658363700605742, 61.13951953409024 ], [ 14.658145631903588, 61.139706026832513 ], [ 14.6582672720552, 61.140048002436117 ], [ 14.657865150337063, 61.140166561755464 ], [ 14.657461618519061, 61.140279559160263 ], [ 14.656237518503955, 61.140591656732198 ], [ 14.656440921626228, 61.14070541942008 ], [ 14.656517381724528, 61.14114474479257 ], [ 14.65655299915414, 61.141487051210028 ], [ 14.65658847296381, 61.141779395465726 ], [ 14.656620727455286, 61.14202617838756 ], [ 14.656432342996199, 61.142019864747461 ], [ 14.656233903922441, 61.1421218425169 ], [ 14.655879964272224, 61.14206612435872 ], [ 14.653991815837861, 61.141940001986789 ], [ 14.652592967905669, 61.141509388929293 ], [ 14.652000590260059, 61.14131750172244 ], [ 14.651577596118136, 61.141270402074369 ], [ 14.651344884576346, 61.141308039228903 ], [ 14.650990016640739, 61.141445723768911 ], [ 14.650778154793803, 61.141665393752739 ], [ 14.649161545011204, 61.14218460965278 ], [ 14.648909882710875, 61.142262144575753 ], [ 14.649641172669334, 61.142810258468991 ], [ 14.648129304459362, 61.143059761491742 ], [ 14.647459005159584, 61.142523613185269 ], [ 14.6473553686253, 61.142267251288231 ], [ 14.647214625197922, 61.142065961100428 ], [ 14.646650798884179, 61.142046723012584 ], [ 14.646072164603988, 61.142056253767805 ], [ 14.645591945057093, 61.141996156312985 ], [ 14.64464652918298, 61.141717950891447 ], [ 14.644191219244345, 61.14150136795849 ], [ 14.644578618316334, 61.141289306541807 ], [ 14.645095928311308, 61.141341442732575 ], [ 14.645738071241773, 61.141134121856815 ], [ 14.646210706214104, 61.140977896482134 ], [ 14.646344267282453, 61.14077919839027 ] ], [ [ 14.651145201561011, 61.142782667803935 ], [ 14.652971265748464, 61.143238586801495 ], [ 14.655934835512713, 61.143770610002157 ], [ 14.656042630117106, 61.143651524024321 ], [ 14.65478984199375, 61.143471597220092 ], [ 14.654122400397133, 61.143318527473546 ], [ 14.653636163520257, 61.143061964234136 ], [ 14.653916751233972, 61.142864470101493 ], [ 14.655196345063448, 61.142681895682252 ], [ 14.656482314834497, 61.142582935808555 ], [ 14.657288658816649, 61.143447073442118 ], [ 14.657759239160436, 61.143267505222973 ], [ 14.657704198132336, 61.142942351720691 ], [ 14.657369520000547, 61.14271398928593 ], [ 14.65852104238312, 61.14242532780483 ], [ 14.658422187142735, 61.142180594893617 ], [ 14.659052201093409, 61.142099461945065 ], [ 14.659342453201395, 61.142514590393226 ], [ 14.659678969888754, 61.143044391067328 ], [ 14.658956101146735, 61.143400264684828 ], [ 14.65856442959547, 61.143575933292453 ], [ 14.658013712655562, 61.143935145222727 ], [ 14.658295683841926, 61.144388114069052 ], [ 14.658369099622394, 61.144419622798196 ], [ 14.658441501177904, 61.144465906622671 ], [ 14.658346831171762, 61.144569047148352 ], [ 14.658348195972897, 61.144573359761537 ], [ 14.659510165294957, 61.145055199639984 ], [ 14.659785717295495, 61.145235924435511 ], [ 14.6595347067363, 61.145511845417602 ], [ 14.659526381748833, 61.145850278189442 ], [ 14.659143981510567, 61.146055903886513 ], [ 14.65873120453446, 61.146142980789136 ], [ 14.65820656214993, 61.146019253587731 ], [ 14.657171853229718, 61.145973848497263 ], [ 14.657227050510249, 61.14593331889246 ], [ 14.65782837476881, 61.145838041761863 ], [ 14.657796850240029, 61.145704515960546 ], [ 14.657644307788907, 61.145444609151625 ], [ 14.657525705231789, 61.145266791000189 ], [ 14.656700277202534, 61.145471243107103 ], [ 14.656432616091871, 61.145482001505599 ], [ 14.656038977421808, 61.145278166390561 ], [ 14.655964124620725, 61.144941775543025 ], [ 14.655742076485572, 61.144784458613771 ], [ 14.655516840282118, 61.144899501519753 ], [ 14.655501439043018, 61.144976536648066 ], [ 14.655361335973916, 61.14504292986912 ], [ 14.654434127911756, 61.145174649011715 ], [ 14.653994304735917, 61.145292328534033 ], [ 14.653351807008679, 61.145619074418065 ], [ 14.652875398652366, 61.145632011320302 ], [ 14.652251005731404, 61.14593729669717 ], [ 14.652335335698845, 61.146053748836238 ], [ 14.652118093748294, 61.146169578715046 ], [ 14.651655472299025, 61.146171180958966 ], [ 14.651218059999872, 61.145790284575952 ], [ 14.651607464807881, 61.145218009973455 ], [ 14.652056628727436, 61.145293663285905 ], [ 14.6527485683203, 61.145299229003626 ], [ 14.653121022352568, 61.145161719740379 ], [ 14.65351374760875, 61.145169081805818 ], [ 14.653783054992905, 61.145204595858182 ], [ 14.654876537536973, 61.144578062961166 ], [ 14.655040602096765, 61.144210113062577 ], [ 14.654426077490449, 61.144227048610105 ], [ 14.653753720252991, 61.144134869909159 ], [ 14.652495398399175, 61.143717651333382 ], [ 14.651354338187183, 61.143405269806074 ], [ 14.650884454568448, 61.143196904604274 ], [ 14.65096336303448, 61.142847646946294 ], [ 14.651145201561011, 61.142782667803935 ] ], [ [ 14.664194201762209, 61.144354568552245 ], [ 14.665132528799971, 61.145551954722457 ], [ 14.667197680668078, 61.147293685794253 ], [ 14.665828244045288, 61.147311696584758 ], [ 14.665196092201089, 61.146584962291911 ], [ 14.6655400226342, 61.14648519851368 ], [ 14.665549004872227, 61.146445565597674 ], [ 14.665012047984339, 61.146026025335296 ], [ 14.664609446478643, 61.146044949930065 ], [ 14.663712928660955, 61.145178199735952 ], [ 14.663403281466275, 61.144378872771171 ], [ 14.664194201762209, 61.144354568552245 ] ], [ [ 14.673521069943805, 61.145633319342522 ], [ 14.673753651503752, 61.145651988372343 ], [ 14.674413005760583, 61.146286914378592 ], [ 14.674151655303973, 61.14641341093138 ], [ 14.673854564956141, 61.146467836907547 ], [ 14.673100783487598, 61.145912151444342 ], [ 14.673521069943805, 61.145633319342522 ] ], [ [ 14.692352235837124, 61.144446347283825 ], [ 14.692822627989306, 61.14440094679054 ], [ 14.69266953978067, 61.145137118456546 ], [ 14.691809756764972, 61.145076906667882 ], [ 14.69148391224693, 61.145114966173935 ], [ 14.69104976458916, 61.145238282261865 ], [ 14.690791575305996, 61.145250548879567 ], [ 14.69084479000308, 61.145094806965034 ], [ 14.691073046529777, 61.145035868448126 ], [ 14.691589930849492, 61.144879056358057 ], [ 14.691573162686762, 61.144798675926914 ], [ 14.691407088412555, 61.144740211094636 ], [ 14.691436772788938, 61.144633263487826 ], [ 14.692352235837124, 61.144446347283825 ] ], [ [ 14.666714810570257, 61.144226123603026 ], [ 14.666606689253497, 61.144425604187738 ], [ 14.665301547518625, 61.143706735673355 ], [ 14.664899473714412, 61.14321245561397 ], [ 14.665111407138252, 61.143126784540215 ], [ 14.66539931907645, 61.143285272522988 ], [ 14.666010854950622, 61.143425903042406 ], [ 14.666494604949243, 61.143493289165392 ], [ 14.666714810570257, 61.144226123603026 ] ], [ [ 14.661522620695139, 61.142022825179382 ], [ 14.660485573176894, 61.141649964940591 ], [ 14.659539475057386, 61.141408464512629 ], [ 14.658718329946041, 61.141248979161681 ], [ 14.658573624480216, 61.141232930126044 ], [ 14.657915338075865, 61.140383825848659 ], [ 14.658089389309993, 61.140380306414613 ], [ 14.659979222673028, 61.141097393951682 ], [ 14.660219577034988, 61.140934996613446 ], [ 14.660207728211647, 61.140791555456701 ], [ 14.6594499867476, 61.140776345678169 ], [ 14.659384107261362, 61.140457907606255 ], [ 14.659703656808698, 61.140284326854157 ], [ 14.660337009656795, 61.140336337342767 ], [ 14.660495456704039, 61.140409302595735 ], [ 14.660574542569181, 61.140122920348446 ], [ 14.660740507800481, 61.13994855676583 ], [ 14.661579294880926, 61.14013713490727 ], [ 14.661585783862952, 61.14096252534943 ], [ 14.662778762577389, 61.141139250714389 ], [ 14.663095025587928, 61.141180681005416 ], [ 14.664043353164134, 61.141217710829117 ], [ 14.664611736158641, 61.141447767139496 ], [ 14.664921126557847, 61.14156515534728 ], [ 14.664776940136742, 61.141953491914258 ], [ 14.662400514479467, 61.141716549724634 ], [ 14.662155311387242, 61.141936944356722 ], [ 14.661940025236332, 61.142087790397717 ], [ 14.661522620695139, 61.142022825179382 ] ], [ [ 14.663853374040356, 61.140390284941368 ], [ 14.66362947007068, 61.140527250483842 ], [ 14.663537011850011, 61.140676536861463 ], [ 14.663308706047857, 61.14060038486992 ], [ 14.664466793033185, 61.139908136989931 ], [ 14.664897908804212, 61.139344770888009 ], [ 14.665285842870592, 61.139394651063483 ], [ 14.665103659778879, 61.139801918219788 ], [ 14.664741647310041, 61.139902596646039 ], [ 14.664641489088899, 61.1401937500179 ], [ 14.664987495232202, 61.140557839728793 ], [ 14.665066520547063, 61.140592528142172 ], [ 14.66522438017317, 61.140583519020637 ], [ 14.665704257932155, 61.14031197777151 ], [ 14.666296666487872, 61.140366184473251 ], [ 14.666163448513799, 61.140919193636876 ], [ 14.665611577842188, 61.141080409896603 ], [ 14.665140218164566, 61.141112866191712 ], [ 14.664788419598038, 61.140924826137656 ], [ 14.664681860392255, 61.140761489369716 ], [ 14.663853374040356, 61.140390284941368 ] ], [ [ 14.672814648686686, 61.139049067722148 ], [ 14.672719376777321, 61.138974195961403 ], [ 14.672232796631445, 61.138835864370527 ], [ 14.67157871395983, 61.138696020457871 ], [ 14.671704166744098, 61.138170818355121 ], [ 14.672738327562321, 61.138271603244036 ], [ 14.673310229754998, 61.138606016610289 ], [ 14.673358655239802, 61.138852906261171 ], [ 14.673228812945794, 61.139224794423576 ], [ 14.67312157093107, 61.139438278961492 ], [ 14.672827526412563, 61.13942165968232 ], [ 14.672814648686686, 61.139049067722148 ] ], [ [ 14.699435517636333, 61.135523073785542 ], [ 14.699237284663537, 61.135442641158875 ], [ 14.698741597595918, 61.134633959110054 ], [ 14.700763387790447, 61.135022039674368 ], [ 14.699642575011582, 61.135521046636065 ], [ 14.699435517636333, 61.135523073785542 ] ], [ [ 14.676610269227655, 61.136585274986722 ], [ 14.676043259593818, 61.136542046228818 ], [ 14.675002812425554, 61.136303973889639 ], [ 14.67386864673179, 61.136119821613363 ], [ 14.673634402078331, 61.136233122426511 ], [ 14.674104467408512, 61.136475174595269 ], [ 14.67409756350526, 61.136591941168639 ], [ 14.673974694398231, 61.136615113282055 ], [ 14.673753424093466, 61.13657381164127 ], [ 14.673012776878293, 61.13611229758272 ], [ 14.673567333735045, 61.135894614107627 ], [ 14.674220390406502, 61.135849880571499 ], [ 14.674685727139385, 61.136096578943068 ], [ 14.676766386476636, 61.136217531338396 ], [ 14.676678945835949, 61.136502726786574 ], [ 14.676610269227655, 61.136585274986722 ] ], [ [ 14.69870485997045, 61.137913958050106 ], [ 14.698598826837067, 61.13793924565676 ], [ 14.698153790854557, 61.137963597962333 ], [ 14.698061568244738, 61.137909615351816 ], [ 14.697739864981834, 61.137427678563398 ], [ 14.697857674616086, 61.137372773246931 ], [ 14.697902189888547, 61.137300403999802 ], [ 14.697901788071, 61.137229712051713 ], [ 14.697966866347466, 61.137201316786737 ], [ 14.698385556938511, 61.137605739386409 ], [ 14.69870485997045, 61.137913958050106 ] ], [ [ 14.667402815894656, 61.137932251626061 ], [ 14.667603230419635, 61.138000346913373 ], [ 14.667591689541899, 61.138038321343544 ], [ 14.667026778354352, 61.138240719665625 ], [ 14.666724580831971, 61.138169114159787 ], [ 14.66633683903278, 61.138538771098432 ], [ 14.666334152787799, 61.138599768762859 ], [ 14.666649803018194, 61.138699114028633 ], [ 14.666876957929839, 61.138633632536184 ], [ 14.66715154234906, 61.138703796580209 ], [ 14.667034247115939, 61.138935359585552 ], [ 14.665281054625186, 61.138701256600172 ], [ 14.66551049586594, 61.138054614139975 ], [ 14.665357889664545, 61.137605149100317 ], [ 14.664762997943528, 61.137525695372872 ], [ 14.664976265223537, 61.137408704124944 ], [ 14.665480286561399, 61.137264142560205 ], [ 14.66674142687963, 61.137596039579314 ], [ 14.667402815894656, 61.137932251626061 ] ], [ [ 14.662927400120001, 61.139059787471531 ], [ 14.662493574299603, 61.139493052337066 ], [ 14.662246985132033, 61.139556251343116 ], [ 14.661124235087282, 61.139495079666482 ], [ 14.660862759805612, 61.139408363416372 ], [ 14.660876368500475, 61.139176626443756 ], [ 14.661216394809282, 61.138965269833683 ], [ 14.661868873971054, 61.138870973947917 ], [ 14.662927400120001, 61.139059787471531 ] ], [ [ 14.685083491414094, 61.13818655481623 ], [ 14.684242597780464, 61.139102404008177 ], [ 14.683805549627959, 61.138858112373441 ], [ 14.68379363672995, 61.138552561178443 ], [ 14.684353156912829, 61.138286526843835 ], [ 14.685083491414094, 61.13818655481623 ] ], [ [ 14.699003101921772, 61.137907017446672 ], [ 14.69923809862412, 61.137790317188909 ], [ 14.699450701551834, 61.137772968503995 ], [ 14.699940367804231, 61.137890353541465 ], [ 14.700475733294674, 61.138335706649222 ], [ 14.700526767299118, 61.1384039968613 ], [ 14.700327404890002, 61.138466023024868 ], [ 14.699671163423927, 61.138504196132722 ], [ 14.699488674406535, 61.138363459097654 ], [ 14.699478021734576, 61.138257219294481 ], [ 14.699003101921772, 61.137907017446672 ] ], [ [ 14.662102299262209, 61.13679948838481 ], [ 14.661653188243143, 61.136840777313722 ], [ 14.661464931003602, 61.136356923532212 ], [ 14.662512885493911, 61.136317183836141 ], [ 14.664126553615594, 61.13615886215414 ], [ 14.664263493482009, 61.136416533084692 ], [ 14.664227212390667, 61.136771389424453 ], [ 14.663098766076567, 61.136903548130846 ], [ 14.662196077343804, 61.136901728361792 ], [ 14.662102299262209, 61.13679948838481 ] ], [ [ 14.660824541109974, 61.122797029400289 ], [ 14.661393994042664, 61.122743107631926 ], [ 14.661634290780484, 61.122744247557328 ], [ 14.661930733129138, 61.122907101393622 ], [ 14.661944524391526, 61.122947015508778 ], [ 14.661867497261117, 61.122971206523729 ], [ 14.661572712396435, 61.122998749726264 ], [ 14.660540600558141, 61.123057832248037 ], [ 14.660239169325838, 61.123533097804106 ], [ 14.658991592461271, 61.123576876859644 ], [ 14.658841306943735, 61.12336618314648 ], [ 14.658502009736418, 61.123493117489431 ], [ 14.65809572076444, 61.123532482398787 ], [ 14.657854994559306, 61.123393687065736 ], [ 14.657742278044655, 61.123248912836416 ], [ 14.657241979194156, 61.12319049328736 ], [ 14.656144985412816, 61.123409739837726 ], [ 14.6557348915421, 61.123411390317507 ], [ 14.655658921332865, 61.123360077203913 ], [ 14.655702256817246, 61.123311078776617 ], [ 14.656749550664641, 61.122983329182084 ], [ 14.657111074662579, 61.122896819897946 ], [ 14.657326182387658, 61.122896494262498 ], [ 14.658596690186892, 61.122899616856778 ], [ 14.659319565252478, 61.122832732139024 ], [ 14.659805087639555, 61.122575150255869 ], [ 14.660489019488585, 61.122306860279139 ], [ 14.660550565771402, 61.122698070761075 ], [ 14.660824541109974, 61.122797029400289 ] ], [ [ 14.693016906271589, 61.123136193087959 ], [ 14.69318130220563, 61.124009272026136 ], [ 14.694202822793327, 61.124681886333406 ], [ 14.694326536401743, 61.124914673011403 ], [ 14.694173626564423, 61.124996698965937 ], [ 14.693892107461405, 61.124977926901586 ], [ 14.693033491794079, 61.124713874430562 ], [ 14.692745892661939, 61.124532076264316 ], [ 14.692386218448675, 61.124031607676386 ], [ 14.692464813974977, 61.123221171055526 ], [ 14.692823639497821, 61.123010801202291 ], [ 14.693121018572629, 61.122942598414319 ], [ 14.693016906271589, 61.123136193087959 ] ], [ [ 14.696915255487877, 61.124093255750545 ], [ 14.69669169355646, 61.124122767379276 ], [ 14.696573801606268, 61.124082785079388 ], [ 14.696257076258487, 61.12367542463506 ], [ 14.696177565366678, 61.123112122013637 ], [ 14.696585523366341, 61.12295697644025 ], [ 14.697681772264133, 61.124053286920557 ], [ 14.697873369865684, 61.124037330358334 ], [ 14.698127190788378, 61.123797121184495 ], [ 14.698343876200409, 61.123719452855177 ], [ 14.69886905181326, 61.123725668291925 ], [ 14.699342250664335, 61.12423644477655 ], [ 14.698798375297146, 61.12430039579457 ], [ 14.698138897982192, 61.124235515698984 ], [ 14.69805959990849, 61.124262945595071 ], [ 14.697882869893498, 61.124576289306518 ], [ 14.698438865390898, 61.125233870255634 ], [ 14.697962759794043, 61.125564394562126 ], [ 14.697629912514047, 61.125583976568812 ], [ 14.697630049215913, 61.125591042567052 ], [ 14.697553159574813, 61.125595278767427 ], [ 14.697391741960077, 61.125534802281017 ], [ 14.697386549669076, 61.125493501748139 ], [ 14.697758206327924, 61.124990399558165 ], [ 14.697589191342997, 61.12483753366282 ], [ 14.697411235502253, 61.124631813346845 ], [ 14.696969332871024, 61.12412353315807 ], [ 14.696915255487877, 61.124093255750545 ] ], [ [ 14.700368013882414, 61.124428484749821 ], [ 14.701412366053127, 61.125702993502259 ], [ 14.700984039936548, 61.1259045598241 ], [ 14.700695161179674, 61.12587955507319 ], [ 14.700135795422709, 61.125185589230703 ], [ 14.700090200947933, 61.12455740975917 ], [ 14.700368013882414, 61.124428484749821 ] ], [ [ 14.658662164385616, 61.123970890634084 ], [ 14.658877936816049, 61.123966407348355 ], [ 14.65914348344017, 61.123697257262286 ], [ 14.659393579058378, 61.123681951337879 ], [ 14.659623208234011, 61.123717758404005 ], [ 14.659712229378828, 61.123980170865394 ], [ 14.660247005840464, 61.124130995756254 ], [ 14.66071796928636, 61.124417088891043 ], [ 14.66019342265006, 61.124730400264639 ], [ 14.659925682376008, 61.124694148236735 ], [ 14.659271462814512, 61.125090480090712 ], [ 14.659881518507257, 61.12550631488849 ], [ 14.658531002174101, 61.126046017088171 ], [ 14.657926888480953, 61.126109804779588 ], [ 14.658206339106396, 61.125884269845258 ], [ 14.65916173417857, 61.125378903668505 ], [ 14.659183917725182, 61.1253167252233 ], [ 14.658997315846154, 61.125171415794298 ], [ 14.658599332757355, 61.125001575052991 ], [ 14.658762309758643, 61.124870730504441 ], [ 14.658722965521447, 61.124794283581096 ], [ 14.658364578335208, 61.124722750672397 ], [ 14.658291500151444, 61.124732980410471 ], [ 14.65755378418798, 61.124954357544013 ], [ 14.657418800444606, 61.125028010779396 ], [ 14.657085317618808, 61.125981427936914 ], [ 14.656725694285695, 61.126111933279518 ], [ 14.6565851344455, 61.126091520006938 ], [ 14.656960390532806, 61.124967622559275 ], [ 14.657475425150031, 61.123967253713367 ], [ 14.657983479545985, 61.124085538031785 ], [ 14.658687093551098, 61.123678240465622 ], [ 14.658662164385616, 61.123970890634084 ] ], [ [ 14.653815260679083, 61.124127087879693 ], [ 14.653862482872064, 61.124189801995769 ], [ 14.65334757333804, 61.124544373502069 ], [ 14.652092459305059, 61.124239236077962 ], [ 14.652578856292326, 61.123836627669874 ], [ 14.653815260679083, 61.124127087879693 ] ], [ [ 14.668052826236481, 61.120161698581271 ], [ 14.668230276522397, 61.120317189930205 ], [ 14.668461862945581, 61.120434065631329 ], [ 14.66894979237625, 61.120448511777781 ], [ 14.669151022633192, 61.120446077445969 ], [ 14.669137241541343, 61.12059615298503 ], [ 14.668856006397219, 61.120879998938939 ], [ 14.668161103264143, 61.120756386014193 ], [ 14.667637654390193, 61.120567940281205 ], [ 14.668052826236481, 61.120161698581271 ] ], [ [ 14.666979311998944, 61.117282725315512 ], [ 14.666900034054775, 61.116866416629293 ], [ 14.667332859294, 61.116759667074625 ], [ 14.667445406129882, 61.116781275231155 ], [ 14.667490473035254, 61.117275058762495 ], [ 14.668103030918735, 61.117699517994268 ], [ 14.668225717523748, 61.11809972718666 ], [ 14.668158035265915, 61.118220124560992 ], [ 14.66789261102597, 61.118246999227814 ], [ 14.667860281024444, 61.118411618121058 ], [ 14.66828647580156, 61.118285807233164 ], [ 14.668510872242859, 61.118579276812305 ], [ 14.668376581819562, 61.118620093091899 ], [ 14.667697276355582, 61.118797578359278 ], [ 14.666845737977473, 61.118779332734043 ], [ 14.66684370895937, 61.118568312870721 ], [ 14.66698664794024, 61.11752916684614 ], [ 14.666979311998944, 61.117282725315512 ] ], [ [ 14.666983901194143, 61.148488947688669 ], [ 14.665912940582954, 61.14837413980073 ], [ 14.666254116818362, 61.148214889550701 ], [ 14.665998778528168, 61.148161551073663 ], [ 14.665880368603064, 61.147947794111971 ], [ 14.665936629833128, 61.147790013688244 ], [ 14.666244916607663, 61.147643484560703 ], [ 14.666611551956331, 61.147607372573447 ], [ 14.667143318397926, 61.147700515219086 ], [ 14.666804442115023, 61.148269968593183 ], [ 14.666983901194143, 61.148488947688669 ] ] ], [ [ [ 14.633142905245014, 61.115721164005066 ], [ 14.633511089322866, 61.115686152130174 ], [ 14.633487124971817, 61.115542711037513 ], [ 14.633034165371063, 61.115541482824327 ], [ 14.633142905245014, 61.115721164005066 ] ] ], [ [ [ 14.703120933165842, 61.12339150386299 ], [ 14.703306829134062, 61.12368008123326 ], [ 14.703827991797958, 61.123740270244973 ], [ 14.704113564034309, 61.123712145845275 ], [ 14.704118629402199, 61.123170353533439 ], [ 14.703120933165842, 61.12339150386299 ] ] ], [ [ [ 14.703901932208549, 61.122433802174648 ], [ 14.704123758632996, 61.122621708610673 ], [ 14.704126901612865, 61.122285510906941 ], [ 14.703901932208549, 61.122433802174648 ] ] ] ] } },
{ "type": "Feature", "properties": { "objektidentitet": "d5038726-4eb7-4bbc-9fc6-0ab7d2bccafe", "skapad": "2026-03-17T21:00:01", "objekttypnr": 2640, "objekttyp": "Öppen mark", "vattenytaid": null, "hojd_over_havet": null, "reglerat_vatten": "Ingen information" }, "geometry": { "type": "Polygon", "coordinates": [ [ [ 14.655978949431628, 61.115652595815078 ], [ 14.655392665955855, 61.11562527420967 ], [ 14.655321585924952, 61.115723121887569 ], [ 14.655579816528588, 61.115924991183576 ], [ 14.656348242076534, 61.116082262261983 ], [ 14.656317527261425, 61.116301333257205 ], [ 14.655512142341616, 61.116235083844501 ], [ 14.655355347120059, 61.116308904169159 ], [ 14.655213161238729, 61.116412900107193 ], [ 14.65510001469648, 61.116426787725629 ], [ 14.65491815643942, 61.116465682728141 ], [ 14.654905666803787, 61.116550850452178 ], [ 14.655324579586422, 61.116857694970541 ], [ 14.655313452149105, 61.117059856438459 ], [ 14.654715285608091, 61.11746802537229 ], [ 14.654599178429804, 61.117494375027377 ], [ 14.65436251138312, 61.117436420032632 ], [ 14.654378619183465, 61.117274976850744 ], [ 14.654262717388571, 61.117168715149042 ], [ 14.652332573704152, 61.116830231962702 ], [ 14.652334470181344, 61.116824832270844 ], [ 14.652211084459029, 61.116836374914278 ], [ 14.65212402859853, 61.116883877036571 ], [ 14.652122124315724, 61.116925439574203 ], [ 14.652131150971696, 61.11694163183116 ], [ 14.652135841060357, 61.117033289736511 ], [ 14.652047416831509, 61.117193424430695 ], [ 14.651966178390122, 61.117265334296413 ], [ 14.651691366542668, 61.117331888893773 ], [ 14.651575352598631, 61.117331033633036 ], [ 14.651451738493307, 61.117299050237662 ], [ 14.651356452993126, 61.117224118021483 ], [ 14.651248771667191, 61.117061592999356 ], [ 14.651225640527748, 61.116952856519276 ], [ 14.651280183342109, 61.116888653053167 ], [ 14.651453049280233, 61.116858089084204 ], [ 14.651555687492396, 61.116851647009291 ], [ 14.651626987953723, 61.116839629985947 ], [ 14.651696963660735, 61.116759108286423 ], [ 14.651600113552862, 61.116688167409002 ], [ 14.65100651358258, 61.116585806797502 ], [ 14.650892907272565, 61.116604133700882 ], [ 14.650819415133791, 61.116656733729819 ], [ 14.65082114080862, 61.116685350664028 ], [ 14.650830921619194, 61.116686937884957 ], [ 14.650855159234832, 61.1169173181381 ], [ 14.650420968831929, 61.116976060864253 ], [ 14.649989857336232, 61.117452719420328 ], [ 14.650163793671711, 61.117500338952539 ], [ 14.650484058730514, 61.117072403339115 ], [ 14.651002647557789, 61.117013923138728 ], [ 14.651321446806016, 61.117426882048846 ], [ 14.65136535444403, 61.117779070148707 ], [ 14.651205739750667, 61.11792868727165 ], [ 14.650894983226499, 61.117869816751735 ], [ 14.650867060767908, 61.118102998040278 ], [ 14.651166599029581, 61.118250486513055 ], [ 14.651382342153413, 61.118255307265905 ], [ 14.651588967995076, 61.118289291200966 ], [ 14.651766934045591, 61.118021850879671 ], [ 14.651570330737158, 61.117932275263477 ], [ 14.651565901137541, 61.117608038381036 ], [ 14.651686758586205, 61.1174588865291 ], [ 14.651891646799122, 61.117360181875867 ], [ 14.652196768276118, 61.117365797114473 ], [ 14.654065111331507, 61.117833027897966 ], [ 14.652559623243798, 61.118790021990677 ], [ 14.651783613756649, 61.118621119484132 ], [ 14.651616623399489, 61.118484585448329 ], [ 14.651418711331262, 61.118633287151994 ], [ 14.65106624828597, 61.118833517735084 ], [ 14.650619145894426, 61.11902565641757 ], [ 14.65026592926915, 61.119110158806741 ], [ 14.64971199925974, 61.119771280870495 ], [ 14.649768060882792, 61.11986572920496 ], [ 14.650206675041376, 61.119892379268684 ], [ 14.650299807131887, 61.119821686188956 ], [ 14.650306277549033, 61.119795433542421 ], [ 14.650383836062554, 61.119719879158438 ], [ 14.650452083153249, 61.119692538450799 ], [ 14.651125260032355, 61.119746599236464 ], [ 14.651117105809151, 61.119755618781738 ], [ 14.651268179665818, 61.119797584817512 ], [ 14.651405587371379, 61.119777810659102 ], [ 14.651493721186517, 61.119698943058957 ], [ 14.651987001370296, 61.119751683027793 ], [ 14.652043126098432, 61.119542177110766 ], [ 14.65234993667114, 61.119526051746085 ], [ 14.653181475544503, 61.12025109954326 ], [ 14.653489388485509, 61.120611217340951 ], [ 14.653541831252525, 61.120711912274572 ], [ 14.654080929168519, 61.120536024724665 ], [ 14.654341615488025, 61.120500618149229 ], [ 14.654464211178164, 61.12077858880609 ], [ 14.654747351492169, 61.120923980683784 ], [ 14.654830612989539, 61.120957850998366 ], [ 14.655666430599975, 61.12076428240114 ], [ 14.655615559855503, 61.120463898292599 ], [ 14.656032448492768, 61.12043640055348 ], [ 14.656629665654522, 61.120411891274088 ], [ 14.657270562644745, 61.120571589275421 ], [ 14.658316154781957, 61.120591013932433 ], [ 14.658331902872876, 61.120492136201634 ], [ 14.658622391274127, 61.120456661859372 ], [ 14.658671798720064, 61.120685398186851 ], [ 14.659175155345338, 61.120697718995565 ], [ 14.659253121631354, 61.120866968104629 ], [ 14.658702460624264, 61.120864313772316 ], [ 14.658307754660873, 61.121664822015099 ], [ 14.658579268190721, 61.122073109984328 ], [ 14.658557488724844, 61.122077301452407 ], [ 14.658581285102871, 61.122116702529425 ], [ 14.658673620074063, 61.122161833728264 ], [ 14.658772015288264, 61.12216994633625 ], [ 14.659022448478796, 61.122117025119984 ], [ 14.659809192393558, 61.121972236511709 ], [ 14.660778941666919, 61.121993076272027 ], [ 14.661478343134599, 61.121982304387828 ], [ 14.662167649010279, 61.121950495594135 ], [ 14.662177065447901, 61.121666487389774 ], [ 14.661735945630257, 61.121541105075821 ], [ 14.661375760467887, 61.121458290261266 ], [ 14.661095255196651, 61.121474331335889 ], [ 14.66104226524034, 61.121514239599755 ], [ 14.661170876136374, 61.121851652271303 ], [ 14.660810916209659, 61.121912158464845 ], [ 14.660461354421725, 61.12132680703634 ], [ 14.660490473275358, 61.120948051816612 ], [ 14.660353898228282, 61.120516728227201 ], [ 14.66027448708145, 61.1202291483933 ], [ 14.660605687604505, 61.119842559652298 ], [ 14.663246684189875, 61.119691285092038 ], [ 14.663236148625938, 61.119345343109458 ], [ 14.66306602234595, 61.119271732375267 ], [ 14.661577633099039, 61.119282201535924 ], [ 14.661387351082064, 61.119198653542256 ], [ 14.661935608129646, 61.118834636142957 ], [ 14.662485499614407, 61.118704295447515 ], [ 14.662634557339745, 61.118346029973374 ], [ 14.662110562059221, 61.117325415044228 ], [ 14.662393551634445, 61.117215622399954 ], [ 14.663099158091427, 61.117311074477783 ], [ 14.663643856318103, 61.117013324576618 ], [ 14.663658326249815, 61.116428661386692 ], [ 14.663633518180793, 61.11639170065633 ], [ 14.663501494993112, 61.116394119476681 ], [ 14.66278217304925, 61.116424324929177 ], [ 14.661452848674839, 61.116468847087695 ], [ 14.661719879345807, 61.115745470711673 ], [ 14.662018777560714, 61.115717399181065 ], [ 14.662144928666745, 61.115639005695748 ], [ 14.662161316773759, 61.115617374241467 ], [ 14.656045194923387, 61.115601958859273 ], [ 14.655978949431628, 61.115652595815078 ] ], [ [ 14.654591682987116, 61.120756200463568 ], [ 14.654528829608065, 61.120563259034682 ], [ 14.654537447489181, 61.120489582159294 ], [ 14.654674289329503, 61.120470727923767 ], [ 14.655111832336255, 61.120455432726217 ], [ 14.655359505402167, 61.120442282983738 ], [ 14.655463989643339, 61.120659417712247 ], [ 14.654591682987116, 61.120756200463568 ] ], [ [ 14.653644368182253, 61.119211422370348 ], [ 14.654148211632089, 61.118969636601221 ], [ 14.654129177060053, 61.118863721374275 ], [ 14.653772203761733, 61.118892264435765 ], [ 14.653538284353738, 61.118962267291103 ], [ 14.653259938465244, 61.119142008310341 ], [ 14.652917765058724, 61.119176207248913 ], [ 14.652847892633968, 61.119096493220184 ], [ 14.653058867457805, 61.118688632886254 ], [ 14.653385360108201, 61.118501294580355 ], [ 14.653646969099389, 61.118502206916908 ], [ 14.653811962010556, 61.118582936104602 ], [ 14.653972086158934, 61.118596417503355 ], [ 14.654873513983567, 61.118385129015181 ], [ 14.654895827951139, 61.118321515048684 ], [ 14.654777846013351, 61.118299981484945 ], [ 14.654074289223388, 61.11846724554276 ], [ 14.653870611433392, 61.11834661004815 ], [ 14.654008322853365, 61.118191349485159 ], [ 14.654830465402489, 61.117698600793723 ], [ 14.655286777062219, 61.117897330579815 ], [ 14.655719513217768, 61.118216634351498 ], [ 14.655722833647863, 61.118244060981084 ], [ 14.655802737889188, 61.118304532655607 ], [ 14.656006874291064, 61.118305051967887 ], [ 14.656035539425618, 61.118286953573111 ], [ 14.656035524139519, 61.118286666401339 ], [ 14.656215302256797, 61.118158201607976 ], [ 14.656335792300277, 61.118160734448871 ], [ 14.656492976563499, 61.118316746325831 ], [ 14.656670955576597, 61.118371128224609 ], [ 14.656799922974301, 61.118375791827589 ], [ 14.656866604705522, 61.118344843800983 ], [ 14.656978570516955, 61.118217830939351 ], [ 14.657061880829463, 61.118215941571677 ], [ 14.657113229150903, 61.118282992341243 ], [ 14.657116546638791, 61.118411895738397 ], [ 14.65722560265726, 61.118454125329933 ], [ 14.657742441639213, 61.11841593168981 ], [ 14.657810288158572, 61.118127816199518 ], [ 14.657668868060147, 61.117508885619444 ], [ 14.657928984566729, 61.117310558968299 ], [ 14.657789313051952, 61.116693078113016 ], [ 14.657831930529335, 61.116575432662188 ], [ 14.657998737998941, 61.116562118470341 ], [ 14.658345852717815, 61.116782234590985 ], [ 14.659256015408589, 61.116384639646455 ], [ 14.659505422690017, 61.116529757244578 ], [ 14.659468552188379, 61.116714068955417 ], [ 14.659770534645153, 61.117047565525233 ], [ 14.660408316117332, 61.117565474580928 ], [ 14.660587524023997, 61.117517569636966 ], [ 14.660541693318068, 61.11738535487865 ], [ 14.660292556817193, 61.117058304247763 ], [ 14.659950375807732, 61.116816156334536 ], [ 14.660234722165754, 61.116782503739977 ], [ 14.660756115230972, 61.116799604519002 ], [ 14.661040390265233, 61.116873037464622 ], [ 14.660871963182549, 61.117976404091664 ], [ 14.660334148738524, 61.118164792131601 ], [ 14.659954598061599, 61.118344167201535 ], [ 14.659948800788298, 61.118723151782994 ], [ 14.659754693883057, 61.119129117126619 ], [ 14.659580400817271, 61.119205690456631 ], [ 14.659320008879574, 61.119113568553239 ], [ 14.659197938386477, 61.118883428490648 ], [ 14.659334967646458, 61.118589309927529 ], [ 14.659586130631032, 61.118495163227919 ], [ 14.659517720534765, 61.118036528944792 ], [ 14.659083812702409, 61.117486693031999 ], [ 14.65882573390566, 61.117393184403113 ], [ 14.658060682869138, 61.117582570105654 ], [ 14.658372573522621, 61.118194201074857 ], [ 14.658725922981979, 61.118655575244347 ], [ 14.658235022942668, 61.119082551381631 ], [ 14.657943379511988, 61.119134998959261 ], [ 14.657679710972412, 61.119124976824182 ], [ 14.657562965550596, 61.119256296375255 ], [ 14.657626433386783, 61.119328710670217 ], [ 14.657531464953266, 61.119466136470784 ], [ 14.657279450217736, 61.119575970331319 ], [ 14.65725149933353, 61.1195794815456 ], [ 14.657177571619894, 61.119612655853743 ], [ 14.657168471181812, 61.119674948007244 ], [ 14.657175424098126, 61.119677272829264 ], [ 14.657469185422654, 61.119987070022816 ], [ 14.656877995600235, 61.120079533686578 ], [ 14.655998003358201, 61.120147648868581 ], [ 14.65599623291787, 61.12018247839827 ], [ 14.655850166727918, 61.120111074080853 ], [ 14.655571574846554, 61.120161897930373 ], [ 14.655329139351586, 61.120215838648008 ], [ 14.65373305802474, 61.120246569174896 ], [ 14.653224461288509, 61.119830822581939 ], [ 14.653081650615091, 61.1197543513791 ], [ 14.653644368182253, 61.119211422370348 ] ] ] } },
{ "type": "Feature", "properties": { "objektidentitet": "01415754-4d1b-41ca-adee-7cefcd284cfc", "skapad": "2026-03-17T21:00:01", "objekttypnr": 2640, "objekttyp": "Öppen mark", "vattenytaid": null, "hojd_over_havet": null, "reglerat_vatten": "Ingen information" }, "geometry": { "type": "Polygon", "coordinates": [ [ [ 14.639902620754327, 61.115859561354739 ], [ 14.638363009521877, 61.116010348509903 ], [ 14.63714590060383, 61.116062859194969 ], [ 14.637283450628219, 61.116297280403522 ], [ 14.638581414554091, 61.116240522747923 ], [ 14.640127350964812, 61.116389610179148 ], [ 14.639902620754327, 61.115859561354739 ] ] ] } },
{ "type": "Feature", "properties": { "objektidentitet": "760b4d9c-03d6-4a9f-b87e-c5bffd76d34d", "skapad": "2026-03-17T21:00:01", "objekttypnr": 2645, "objekttyp": "Barr- och blandskog", "vattenytaid": null, "hojd_over_havet": null, "reglerat_vatten": "Ingen information" }, "geometry": { "type": "Polygon", "coordinates": [ [ [ 14.63714590060383, 61.116062859194969 ], [ 14.634559298106334, 61.116193606319243 ], [ 14.634658471713312, 61.116493922813071 ], [ 14.63465485198237, 61.116770592561707 ], [ 14.637179077946591, 61.116749627717461 ], [ 14.637283450628219, 61.116297280403522 ], [ 14.63714590060383, 61.116062859194969 ] ] ] } },
{ "type": "Feature", "properties": { "objektidentitet": "e661397a-92a0-49c5-a35b-264cd8834837", "skapad": "2026-03-17T21:00:01", "objekttypnr": 2645, "objekttyp": "Barr- och blandskog", "vattenytaid": null, "hojd_over_havet": null, "reglerat_vatten": "Ingen information" }, "geometry": { "type": "Polygon", "coordinates": [ [ [ 14.636049622933729, 61.118251603307797 ], [ 14.636026796797992, 61.118056255947998 ], [ 14.63606314410753, 61.117821313826653 ], [ 14.635657795146878, 61.117779642519992 ], [ 14.635267332503656, 61.117790961566556 ], [ 14.634835991836903, 61.117914401523564 ], [ 14.634617132320972, 61.117752289801537 ], [ 14.633636717640057, 61.117770825648705 ], [ 14.633743099387004, 61.118793564610733 ], [ 14.63379809722127, 61.11880727015506 ], [ 14.63469118973253, 61.118791792181483 ], [ 14.634671095416182, 61.118278438758665 ], [ 14.635246747012403, 61.118274515704371 ], [ 14.635313613050347, 61.11875774915935 ], [ 14.63556356927787, 61.11876832538389 ], [ 14.635593584448594, 61.118785562733905 ], [ 14.6356573830475, 61.119385885714941 ], [ 14.636583216307278, 61.119342418605953 ], [ 14.636594666058539, 61.119282710873833 ], [ 14.636427176973001, 61.118881525606739 ], [ 14.636049622933729, 61.118251603307797 ] ] ] } },
{ "type": "Feature", "properties": { "objektidentitet": "72758237-d043-4ebf-aaed-8929794039a6", "skapad": "2026-03-17T21:00:01", "objekttypnr": 2639, "objekttyp": "Industri- och handelsbebyggelse", "vattenytaid": null, "hojd_over_havet": null, "reglerat_vatten": "Ingen information" }, "geometry": { "type": "Polygon", "coordinates": [ [ [ 14.628866138244705, 61.115634109349486 ], [ 14.628899125458245, 61.115606188733764 ], [ 14.628941986919513, 61.115530318000673 ], [ 14.628867357416221, 61.115530113236929 ], [ 14.628866138244705, 61.115634109349486 ] ] ] } },
{ "type": "Feature", "properties": { "objektidentitet": "ed7e2175-58f8-4613-8d44-04ad74da2408", "skapad": "2026-03-17T21:00:01", "objekttypnr": 2638, "objekttyp": "Låg bebyggelse", "vattenytaid": null, "hojd_over_havet": null, "reglerat_vatten": "Ingen information" }, "geometry": { "type": "Polygon", "coordinates": [ [ [ 14.633511089322866, 61.115686152130174 ], [ 14.633142905245014, 61.115721164005066 ], [ 14.633350469697953, 61.116137239784862 ], [ 14.63347491596841, 61.116592251365823 ], [ 14.633534510644585, 61.116848146723967 ], [ 14.63465485198237, 61.116770592561707 ], [ 14.634658471713312, 61.116493922813071 ], [ 14.634559298106334, 61.116193606319243 ], [ 14.63714590060383, 61.116062859194969 ], [ 14.638363009521877, 61.116010348509903 ], [ 14.639902620754327, 61.115859561354739 ], [ 14.640479991914507, 61.115718277838454 ], [ 14.640348025243453, 61.115561129055479 ], [ 14.633487124971817, 61.115542711037513 ], [ 14.633511089322866, 61.115686152130174 ] ] ] } },
{ "type": "Feature", "properties": { "objektidentitet": "fe8bfdc4-3fa5-4af4-ae80-863f7202e776", "skapad": "2026-03-17T21:00:01", "objekttypnr": 2642, "objekttyp": "Åker", "vattenytaid": null, "hojd_over_havet": null, "reglerat_vatten": "Ingen information" }, "geometry": { "type": "Polygon", "coordinates": [ [ [ 14.647410143584699, 61.115650127950317 ], [ 14.647464322429693, 61.115759080583771 ], [ 14.647537580598733, 61.115817815984968 ], [ 14.647648300839258, 61.115853638840377 ], [ 14.647768575084681, 61.115817995816087 ], [ 14.64788011304157, 61.115620172051543 ], [ 14.647886882687358, 61.115580965707103 ], [ 14.647409181954226, 61.115579721225281 ], [ 14.647410143584699, 61.115650127950317 ] ] ] } },
{ "type": "Feature", "properties": { "objektidentitet": "66687745-c9b5-4790-baba-cdd4816f4586", "skapad": "2026-03-17T21:00:01", "objekttypnr": 2642, "objekttyp": "Åker", "vattenytaid": null, "hojd_over_havet": null, "reglerat_vatten": "Ingen information" }, "geometry": { "type": "Polygon", "coordinates": [ [ [ 14.657998737998941, 61.116562118470341 ], [ 14.657831930529335, 61.116575432662188 ], [ 14.657789313051952, 61.116693078113016 ], [ 14.657928984566729, 61.117310558968299 ], [ 14.658060682869138, 61.117582570105654 ], [ 14.65882573390566, 61.117393184403113 ], [ 14.658345852717815, 61.116782234590985 ], [ 14.657998737998941, 61.116562118470341 ] ] ] } },
{ "type": "Feature", "properties": { "objektidentitet": "1a5dceb6-816c-4a38-b87f-c4eb76e2f07c", "skapad": "2026-03-17T21:00:01", "objekttypnr": 2642, "objekttyp": "Åker", "vattenytaid": null, "hojd_over_havet": null, "reglerat_vatten": "Ingen information" }, "geometry": { "type": "Polygon", "coordinates": [ [ [ 14.633365600433825, 61.116598149826856 ], [ 14.632594275303781, 61.116641807722829 ], [ 14.630303759155037, 61.116931952155625 ], [ 14.630460840271606, 61.117140954766988 ], [ 14.631565654702982, 61.116989531836431 ], [ 14.632345154540236, 61.116897969099426 ], [ 14.632356114464461, 61.116952952321654 ], [ 14.632414866891921, 61.117090473251842 ], [ 14.632793018578852, 61.117183101158837 ], [ 14.633388327017997, 61.117137079586506 ], [ 14.633365600433825, 61.116598149826856 ] ] ] } },
{ "type": "Feature", "properties": { "objektidentitet": "740fc37b-d8a1-4e91-b914-89251613bfd7", "skapad": "2026-03-17T21:00:01", "objekttypnr": 2642, "objekttyp": "Åker", "vattenytaid": null, "hojd_over_havet": null, "reglerat_vatten": "Ingen information" }, "geometry": { "type": "Polygon", "coordinates": [ [ [ 14.648420340409027, 61.115613308914831 ], [ 14.648430056928957, 61.115655754529882 ], [ 14.648735024109202, 61.116116939645863 ], [ 14.649678545905346, 61.116342880957021 ], [ 14.649732230540243, 61.116441955969499 ], [ 14.649665943884406, 61.116497294128209 ], [ 14.649621801451001, 61.116490105296627 ], [ 14.649320671825757, 61.116778267605646 ], [ 14.648774770310384, 61.11675281744175 ], [ 14.648486648694252, 61.116595585260242 ], [ 14.64744450319105, 61.116357330246203 ], [ 14.647367501077136, 61.116478016111856 ], [ 14.647000453105738, 61.116654685282057 ], [ 14.646673123040584, 61.116734146219912 ], [ 14.646539621130994, 61.116863724866278 ], [ 14.647713714551072, 61.117159303998562 ], [ 14.648230574379742, 61.117295415442229 ], [ 14.647591861237622, 61.11773971812255 ], [ 14.647443582609471, 61.117992982525188 ], [ 14.647647855442239, 61.118306159123236 ], [ 14.64801100949397, 61.118364257545821 ], [ 14.648288265120234, 61.118212894159981 ], [ 14.648827301413665, 61.117862381425802 ], [ 14.649418564228451, 61.117372962136841 ], [ 14.649989857336232, 61.117452719420328 ], [ 14.650420968831929, 61.116976060864253 ], [ 14.650855159234832, 61.1169173181381 ], [ 14.650830921619194, 61.116686937884957 ], [ 14.65082114080862, 61.116685350664028 ], [ 14.650819415133791, 61.116656733729819 ], [ 14.650892907272565, 61.116604133700882 ], [ 14.65100651358258, 61.116585806797502 ], [ 14.651600113552862, 61.116688167409002 ], [ 14.651696963660735, 61.116759108286423 ], [ 14.651626987953723, 61.116839629985947 ], [ 14.651555687492396, 61.116851647009291 ], [ 14.651453049280233, 61.116858089084204 ], [ 14.651280183342109, 61.116888653053167 ], [ 14.651225640527748, 61.116952856519276 ], [ 14.651248771667191, 61.117061592999356 ], [ 14.651356452993126, 61.117224118021483 ], [ 14.651451738493307, 61.117299050237662 ], [ 14.651575352598631, 61.117331033633036 ], [ 14.651691366542668, 61.117331888893773 ], [ 14.651966178390122, 61.117265334296413 ], [ 14.652047416831509, 61.117193424430695 ], [ 14.652135841060357, 61.117033289736511 ], [ 14.652131150971696, 61.11694163183116 ], [ 14.652122124315724, 61.116925439574203 ], [ 14.65212402859853, 61.116883877036571 ], [ 14.652211084459029, 61.116836374914278 ], [ 14.652334470181344, 61.116824832270844 ], [ 14.652332573704152, 61.116830231962702 ], [ 14.654262717388571, 61.117168715149042 ], [ 14.654378619183465, 61.117274976850744 ], [ 14.65436251138312, 61.117436420032632 ], [ 14.654599178429804, 61.117494375027377 ], [ 14.654715285608091, 61.11746802537229 ], [ 14.655313452149105, 61.117059856438459 ], [ 14.655324579586422, 61.116857694970541 ], [ 14.654905666803787, 61.116550850452178 ], [ 14.65491815643942, 61.116465682728141 ], [ 14.65510001469648, 61.116426787725629 ], [ 14.655213161238729, 61.116412900107193 ], [ 14.655355347120059, 61.116308904169159 ], [ 14.655512142341616, 61.116235083844501 ], [ 14.656317527261425, 61.116301333257205 ], [ 14.656348242076534, 61.116082262261983 ], [ 14.655579816528588, 61.115924991183576 ], [ 14.655321585924952, 61.115723121887569 ], [ 14.655392665955855, 61.11562527420967 ], [ 14.655978949431628, 61.115652595815078 ], [ 14.656045194923387, 61.115601958859273 ], [ 14.651377282095158, 61.115590007515365 ], [ 14.65098991186046, 61.11564591003571 ], [ 14.650946815392324, 61.115588897269816 ], [ 14.648442272446106, 61.115582410459233 ], [ 14.648420340409027, 61.115613308914831 ] ] ] } },
{ "type": "Feature", "properties": { "objektidentitet": "11113fd2-1a21-4b1e-8c07-c52837d06b60", "skapad": "2026-03-17T21:00:01", "objekttypnr": 2642, "objekttyp": "Åker", "vattenytaid": null, "hojd_over_havet": null, "reglerat_vatten": "Ingen information" }, "geometry": { "type": "Polygon", "coordinates": [ [ [ 14.66828647580156, 61.118285807233164 ], [ 14.667860281024444, 61.118411618121058 ], [ 14.66789261102597, 61.118246999227814 ], [ 14.668158035265915, 61.118220124560992 ], [ 14.668225717523748, 61.11809972718666 ], [ 14.668103030918735, 61.117699517994268 ], [ 14.667490473035254, 61.117275058762495 ], [ 14.667445406129882, 61.116781275231155 ], [ 14.667332859294, 61.116759667074625 ], [ 14.666900034054775, 61.116866416629293 ], [ 14.666979311998944, 61.117282725315512 ], [ 14.66698664794024, 61.11752916684614 ], [ 14.66684370895937, 61.118568312870721 ], [ 14.666845737977473, 61.118779332734043 ], [ 14.667697276355582, 61.118797578359278 ], [ 14.668376581819562, 61.118620093091899 ], [ 14.668510872242859, 61.118579276812305 ], [ 14.66828647580156, 61.118285807233164 ] ] ] } },
{ "type": "Feature", "properties": { "objektidentitet": "5e55a73a-a863-4a45-8e54-f29e4b8bb55a", "skapad": "2026-03-17T21:00:01", "objekttypnr": 2640, "objekttyp": "Öppen mark", "vattenytaid": null, "hojd_over_havet": null, "reglerat_vatten": "Ingen information" }, "geometry": { "type": "Polygon", "coordinates": [ [ [ 14.65098991186046, 61.11564591003571 ], [ 14.651377282095158, 61.115590007515365 ], [ 14.650946815392324, 61.115588897269816 ], [ 14.65098991186046, 61.11564591003571 ] ] ] } },
{ "type": "Feature", "properties": { "objektidentitet": "1c2b5e1a-d9c8-4da1-a235-872523fd8941", "skapad": "2026-03-17T21:00:01", "objekttypnr": 2640, "objekttyp": "Öppen mark", "vattenytaid": null, "hojd_over_havet": null, "reglerat_vatten": "Ingen information" }, "geometry": { "type": "Polygon", "coordinates": [ [ [ 14.649621801451001, 61.116490105296627 ], [ 14.649665943884406, 61.116497294128209 ], [ 14.649732230540243, 61.116441955969499 ], [ 14.649678545905346, 61.116342880957021 ], [ 14.648735024109202, 61.116116939645863 ], [ 14.648456163333442, 61.116374588348741 ], [ 14.648078177884956, 61.11618031247648 ], [ 14.647802097444348, 61.116059093287696 ], [ 14.647662268909263, 61.116019190763623 ], [ 14.647408760095212, 61.116217550921441 ], [ 14.64744450319105, 61.116357330246203 ], [ 14.648486648694252, 61.116595585260242 ], [ 14.648774770310384, 61.11675281744175 ], [ 14.649320671825757, 61.116778267605646 ], [ 14.649621801451001, 61.116490105296627 ] ] ] } },
{ "type": "Feature", "properties": { "objektidentitet": "62633b47-c570-44f0-9dda-fa82224b8bc2", "skapad": "2026-03-17T21:00:01", "objekttypnr": 2640, "objekttyp": "Öppen mark", "vattenytaid": null, "hojd_over_havet": null, "reglerat_vatten": "Ingen information" }, "geometry": { "type": "Polygon", "coordinates": [ [ [ 14.703886640096719, 61.121681724742047 ], [ 14.703196955954493, 61.121871952231658 ], [ 14.70299550825994, 61.12211842691385 ], [ 14.703131009241178, 61.122493422045316 ], [ 14.70392278929347, 61.12308114771119 ], [ 14.701454715181759, 61.123500436466905 ], [ 14.701392373279589, 61.123358189080413 ], [ 14.702121384080575, 61.122985700058429 ], [ 14.702390346324815, 61.122668576654135 ], [ 14.702319969999396, 61.122531734635636 ], [ 14.701186093171305, 61.122875472631122 ], [ 14.700146135819971, 61.122186189640402 ], [ 14.699887486353804, 61.122147828596276 ], [ 14.699270202238283, 61.122159170136342 ], [ 14.699078335004563, 61.122194986753087 ], [ 14.699057146851294, 61.122246831616494 ], [ 14.69983652384094, 61.123141477896816 ], [ 14.700217323523031, 61.1230867409041 ], [ 14.700556161657113, 61.123378551729587 ], [ 14.701623736128393, 61.12364007304847 ], [ 14.702530754750615, 61.12386182928951 ], [ 14.703529409728032, 61.124883693639177 ], [ 14.704102974009777, 61.124844786846232 ], [ 14.704113564034309, 61.123712145845275 ], [ 14.703827991797958, 61.123740270244973 ], [ 14.703306829134062, 61.12368008123326 ], [ 14.703120933165842, 61.12339150386299 ], [ 14.704118629402199, 61.123170353533439 ], [ 14.704123758632996, 61.122621708610673 ], [ 14.703901932208549, 61.122433802174648 ], [ 14.704126901612865, 61.122285510906941 ], [ 14.704131405670323, 61.121803707322762 ], [ 14.703886640096719, 61.121681724742047 ] ] ] } },
{ "type": "Feature", "properties": { "objektidentitet": "72ca8930-5e36-4965-b667-4cafbcebdbe6", "skapad": "2026-03-17T21:00:01", "objekttypnr": 2640, "objekttyp": "Öppen mark", "vattenytaid": null, "hojd_over_havet": null, "reglerat_vatten": "Ingen information" }, "geometry": { "type": "Polygon", "coordinates": [ [ [ 14.693121018572629, 61.122942598414319 ], [ 14.692823639497821, 61.123010801202291 ], [ 14.692464813974977, 61.123221171055526 ], [ 14.692386218448675, 61.124031607676386 ], [ 14.692745892661939, 61.124532076264316 ], [ 14.693033491794079, 61.124713874430562 ], [ 14.693892107461405, 61.124977926901586 ], [ 14.694173626564423, 61.124996698965937 ], [ 14.694326536401743, 61.124914673011403 ], [ 14.694202822793327, 61.124681886333406 ], [ 14.69318130220563, 61.124009272026136 ], [ 14.693016906271589, 61.123136193087959 ], [ 14.693121018572629, 61.122942598414319 ] ] ] } },
{ "type": "Feature", "properties": { "objektidentitet": "580e1dc2-48b4-460c-8db2-80b6cbf3384a", "skapad": "2026-03-17T21:00:01", "objekttypnr": 2640, "objekttyp": "Öppen mark", "vattenytaid": null, "hojd_over_havet": null, "reglerat_vatten": "Ingen information" }, "geometry": { "type": "Polygon", "coordinates": [ [ [ 14.698138897982192, 61.124235515698984 ], [ 14.698798375297146, 61.12430039579457 ], [ 14.699342250664335, 61.12423644477655 ], [ 14.69886905181326, 61.123725668291925 ], [ 14.698343876200409, 61.123719452855177 ], [ 14.698127190788378, 61.123797121184495 ], [ 14.697873369865684, 61.124037330358334 ], [ 14.697681772264133, 61.124053286920557 ], [ 14.696585523366341, 61.12295697644025 ], [ 14.696177565366678, 61.123112122013637 ], [ 14.696257076258487, 61.12367542463506 ], [ 14.696573801606268, 61.124082785079388 ], [ 14.69669169355646, 61.124122767379276 ], [ 14.696915255487877, 61.124093255750545 ], [ 14.696969332871024, 61.12412353315807 ], [ 14.697411235502253, 61.124631813346845 ], [ 14.697589191342997, 61.12483753366282 ], [ 14.697758206327924, 61.124990399558165 ], [ 14.697386549669076, 61.125493501748139 ], [ 14.697391741960077, 61.125534802281017 ], [ 14.697553159574813, 61.125595278767427 ], [ 14.697630049215913, 61.125591042567052 ], [ 14.697629912514047, 61.125583976568812 ], [ 14.697962759794043, 61.125564394562126 ], [ 14.698438865390898, 61.125233870255634 ], [ 14.697882869893498, 61.124576289306518 ], [ 14.69805959990849, 61.124262945595071 ], [ 14.698138897982192, 61.124235515698984 ] ] ] } },
{ "type": "Feature", "properties": { "objektidentitet": "1444fe2c-783c-4304-b32e-4001f5df337e", "skapad": "2026-03-17T21:00:01", "objekttypnr": 2640, "objekttyp": "Öppen mark", "vattenytaid": null, "hojd_over_havet": null, "reglerat_vatten": "Ingen information" }, "geometry": { "type": "Polygon", "coordinates": [ [ [ 14.700368013882414, 61.124428484749821 ], [ 14.700090200947933, 61.12455740975917 ], [ 14.700135795422709, 61.125185589230703 ], [ 14.700695161179674, 61.12587955507319 ], [ 14.700984039936548, 61.1259045598241 ], [ 14.701412366053127, 61.125702993502259 ], [ 14.700368013882414, 61.124428484749821 ] ] ] } },
{ "type": "Feature", "properties": { "objektidentitet": "eacfd71a-2125-4ee3-b86f-14603cc8b9fc", "skapad": "2026-03-17T21:00:01", "objekttypnr": 2640, "objekttyp": "Öppen mark", "vattenytaid": null, "hojd_over_havet": null, "reglerat_vatten": "Ingen information" }, "geometry": { "type": "Polygon", "coordinates": [ [ [ 14.628899125458245, 61.115606188733764 ], [ 14.628866138244705, 61.115634109349486 ], [ 14.628855818177195, 61.116514386126113 ], [ 14.628971015198095, 61.11663531081998 ], [ 14.629331930133924, 61.11671051122709 ], [ 14.629607086978069, 61.11728419557862 ], [ 14.628845956167797, 61.117355538833657 ], [ 14.628811149645346, 61.120323851986349 ], [ 14.629389856298413, 61.120174808640385 ], [ 14.629187446294583, 61.119683713297981 ], [ 14.630910718022967, 61.119490060972744 ], [ 14.631302845876327, 61.120491271322898 ], [ 14.632785266762772, 61.120359756431178 ], [ 14.632626404153164, 61.119984922003304 ], [ 14.632207150508547, 61.120003875156286 ], [ 14.631917094722603, 61.119387044285311 ], [ 14.631705793285967, 61.119362139234873 ], [ 14.631646413636547, 61.119203446560974 ], [ 14.631657740833205, 61.119174218583026 ], [ 14.631828944360446, 61.119118555343526 ], [ 14.631901633463093, 61.118922784725711 ], [ 14.631795526037079, 61.118478254170263 ], [ 14.632275833995443, 61.118419543921767 ], [ 14.632206300666786, 61.118342405613888 ], [ 14.630993506478134, 61.118469927784446 ], [ 14.630882385966444, 61.118222572132524 ], [ 14.630772428379155, 61.117948860547784 ], [ 14.632235862777931, 61.117799433915621 ], [ 14.632145525501132, 61.117458981858263 ], [ 14.632068973363822, 61.117296184667751 ], [ 14.631676778579982, 61.117302057206217 ], [ 14.631565654702982, 61.116989531836431 ], [ 14.630460840271606, 61.117140954766988 ], [ 14.630303759155037, 61.116931952155625 ], [ 14.630161298828112, 61.116931410084568 ], [ 14.630038864234423, 61.11662105228757 ], [ 14.630134633976846, 61.11617674896037 ], [ 14.630228284902856, 61.116115380935362 ], [ 14.630701338625551, 61.116023483263149 ], [ 14.631544435887047, 61.116068598127214 ], [ 14.632362056371853, 61.116196827159996 ], [ 14.632848806066425, 61.116206831009478 ], [ 14.633350469697953, 61.116137239784862 ], [ 14.633142905245014, 61.115721164005066 ], [ 14.633034165371063, 61.115541482824327 ], [ 14.628941986919513, 61.115530318000673 ], [ 14.628899125458245, 61.115606188733764 ] ] ] } },
{ "type": "Feature", "properties": { "objektidentitet": "6cc51f27-0138-463a-bac7-3759a22aa658", "skapad": "2026-03-17T21:00:01", "objekttypnr": 2645, "objekttyp": "Barr- och blandskog", "vattenytaid": null, "hojd_over_havet": null, "reglerat_vatten": "Ingen information" }, "geometry": { "type": "Polygon", "coordinates": [ [ [ 14.633350469697953, 61.116137239784862 ], [ 14.632848806066425, 61.116206831009478 ], [ 14.632362056371853, 61.116196827159996 ], [ 14.631544435887047, 61.116068598127214 ], [ 14.630701338625551, 61.116023483263149 ], [ 14.630228284902856, 61.116115380935362 ], [ 14.630134633976846, 61.11617674896037 ], [ 14.630038864234423, 61.11662105228757 ], [ 14.630161298828112, 61.116931410084568 ], [ 14.630303759155037, 61.116931952155625 ], [ 14.632594275303781, 61.116641807722829 ], [ 14.633365600433825, 61.116598149826856 ], [ 14.63347491596841, 61.116592251365823 ], [ 14.633350469697953, 61.116137239784862 ] ] ] } },
{ "type": "Feature", "properties": { "objektidentitet": "6afa3293-077e-4c41-b3c9-48e7c92bdfd6", "skapad": "2026-03-17T21:00:01", "objekttypnr": 2645, "objekttyp": "Barr- och blandskog", "vattenytaid": null, "hojd_over_havet": null, "reglerat_vatten": "Ingen information" }, "geometry": { "type": "Polygon", "coordinates": [ [ [ 14.661040390265233, 61.116873037464622 ], [ 14.660756115230972, 61.116799604519002 ], [ 14.660234722165754, 61.116782503739977 ], [ 14.659950375807732, 61.116816156334536 ], [ 14.660292556817193, 61.117058304247763 ], [ 14.660541693318068, 61.11738535487865 ], [ 14.660587524023997, 61.117517569636966 ], [ 14.660408316117332, 61.117565474580928 ], [ 14.659770534645153, 61.117047565525233 ], [ 14.659468552188379, 61.116714068955417 ], [ 14.659505422690017, 61.116529757244578 ], [ 14.659256015408589, 61.116384639646455 ], [ 14.658345852717815, 61.116782234590985 ], [ 14.65882573390566, 61.117393184403113 ], [ 14.659083812702409, 61.117486693031999 ], [ 14.659517720534765, 61.118036528944792 ], [ 14.659586130631032, 61.118495163227919 ], [ 14.659334967646458, 61.118589309927529 ], [ 14.659197938386477, 61.118883428490648 ], [ 14.659320008879574, 61.119113568553239 ], [ 14.659580400817271, 61.119205690456631 ], [ 14.659754693883057, 61.119129117126619 ], [ 14.659948800788298, 61.118723151782994 ], [ 14.659954598061599, 61.118344167201535 ], [ 14.660334148738524, 61.118164792131601 ], [ 14.660871963182549, 61.117976404091664 ], [ 14.661040390265233, 61.116873037464622 ] ] ] } },
{ "type": "Feature", "properties": { "objektidentitet": "e6934888-70f6-4af6-ab3e-c4c3c81afdd1", "skapad": "2026-03-17T21:00:01", "objekttypnr": 2640, "objekttyp": "Öppen mark", "vattenytaid": null, "hojd_over_havet": null, "reglerat_vatten": "Ingen information" }, "geometry": { "type": "Polygon", "coordinates": [ [ [ 14.633557206408613, 61.117181609724469 ], [ 14.634621594416007, 61.117122927893469 ], [ 14.63465485198237, 61.116770592561707 ], [ 14.633534510644585, 61.116848146723967 ], [ 14.63347491596841, 61.116592251365823 ], [ 14.633365600433825, 61.116598149826856 ], [ 14.633388327017997, 61.117137079586506 ], [ 14.632793018578852, 61.117183101158837 ], [ 14.632414866891921, 61.117090473251842 ], [ 14.632501057455226, 61.117230411527785 ], [ 14.633557206408613, 61.117181609724469 ] ] ] } },
{ "type": "Feature", "properties": { "objektidentitet": "4103a8b2-2ec1-4c33-826d-462159494f11", "skapad": "2026-03-17T21:00:01", "objekttypnr": 2640, "objekttyp": "Öppen mark", "vattenytaid": null, "hojd_over_havet": null, "reglerat_vatten": "Ingen information" }, "geometry": { "type": "Polygon", "coordinates": [ [ [ 14.647443582609471, 61.117992982525188 ], [ 14.647591861237622, 61.11773971812255 ], [ 14.648230574379742, 61.117295415442229 ], [ 14.647713714551072, 61.117159303998562 ], [ 14.647458870845458, 61.117213467622321 ], [ 14.647300877764639, 61.11742431334023 ], [ 14.647269852301115, 61.117518966620409 ], [ 14.647384270956225, 61.117743064628627 ], [ 14.647278904191817, 61.117910738351043 ], [ 14.647126391317569, 61.118147337373244 ], [ 14.647002923017704, 61.118142337786395 ], [ 14.646690800434092, 61.118084989428496 ], [ 14.646937335381942, 61.118392154544914 ], [ 14.647533294065758, 61.118736222353114 ], [ 14.647560080846848, 61.119165666129199 ], [ 14.648115481152095, 61.119240128847714 ], [ 14.648333780694156, 61.118629557295343 ], [ 14.64801100949397, 61.118364257545821 ], [ 14.647647855442239, 61.118306159123236 ], [ 14.647443582609471, 61.117992982525188 ] ] ] } },
{ "type": "Feature", "properties": { "objektidentitet": "84872185-b832-4746-86c2-7daab5149878", "skapad": "2026-03-17T21:00:01", "objekttypnr": 2645, "objekttyp": "Barr- och blandskog", "vattenytaid": null, "hojd_over_havet": null, "reglerat_vatten": "Ingen information" }, "geometry": { "type": "Polygon", "coordinates": [ [ [ 14.657928984566729, 61.117310558968299 ], [ 14.657668868060147, 61.117508885619444 ], [ 14.657810288158572, 61.118127816199518 ], [ 14.657742441639213, 61.11841593168981 ], [ 14.657755857548279, 61.118488192426909 ], [ 14.657677604782629, 61.118878691798038 ], [ 14.657619580497851, 61.118968807939901 ], [ 14.657679710972412, 61.119124976824182 ], [ 14.657943379511988, 61.119134998959261 ], [ 14.658235022942668, 61.119082551381631 ], [ 14.658725922981979, 61.118655575244347 ], [ 14.658372573522621, 61.118194201074857 ], [ 14.658060682869138, 61.117582570105654 ], [ 14.657928984566729, 61.117310558968299 ] ] ] } },
{ "type": "Feature", "properties": { "objektidentitet": "1fd4bd66-8cd9-475f-a5e0-64385cb74c04", "skapad": "2026-03-17T21:00:01", "objekttypnr": 2645, "objekttyp": "Barr- och blandskog", "vattenytaid": null, "hojd_over_havet": null, "reglerat_vatten": "Ingen information" }, "geometry": { "type": "Polygon", "coordinates": [ [ [ 14.65294870919919, 61.120743035373152 ], [ 14.653408643765346, 61.120812131954061 ], [ 14.653541831252525, 61.120711912274572 ], [ 14.653489388485509, 61.120611217340951 ], [ 14.653181475544503, 61.12025109954326 ], [ 14.65234993667114, 61.119526051746085 ], [ 14.652043126098432, 61.119542177110766 ], [ 14.651987001370296, 61.119751683027793 ], [ 14.651817388298369, 61.120060479069764 ], [ 14.651323620237548, 61.120324529196878 ], [ 14.651279636847004, 61.120833027857309 ], [ 14.651361527919882, 61.120964010154665 ], [ 14.651292977850188, 61.121342096460452 ], [ 14.65246792239615, 61.121322352607919 ], [ 14.652419644033223, 61.121172244677851 ], [ 14.652518871832587, 61.120897858977123 ], [ 14.65294870919919, 61.120743035373152 ] ] ] } },
{ "type": "Feature", "properties": { "objektidentitet": "56764c7f-15cc-4cd7-b404-e14122214fde", "skapad": "2026-03-17T21:00:01", "objekttypnr": 2640, "objekttyp": "Öppen mark", "vattenytaid": null, "hojd_over_havet": null, "reglerat_vatten": "Ingen information" }, "geometry": { "type": "Polygon", "coordinates": [ [ [ 14.649694829300197, 61.125744645608776 ], [ 14.649662045360804, 61.125759948887371 ], [ 14.648412211005482, 61.125315930894118 ], [ 14.648642905913558, 61.125138697297075 ], [ 14.648640491747015, 61.125110365986778 ], [ 14.648801936294756, 61.124954131290536 ], [ 14.649189673191431, 61.125032095200339 ], [ 14.649260278718542, 61.124824908452119 ], [ 14.648517138669664, 61.124778350806771 ], [ 14.648256669746864, 61.124703588627661 ], [ 14.64820294790397, 61.124600347728503 ], [ 14.648581178928259, 61.124186537127315 ], [ 14.649208394353609, 61.124244114814488 ], [ 14.649310863031932, 61.124328888751712 ], [ 14.6494045584381, 61.124044525521768 ], [ 14.648997251857434, 61.123979834325084 ], [ 14.648650860099824, 61.123965854395898 ], [ 14.648664962376284, 61.123797395045287 ], [ 14.648769680495519, 61.122834615085914 ], [ 14.648920407111504, 61.122336673639666 ], [ 14.649751689742509, 61.122311266821015 ], [ 14.64997501491785, 61.122396640289203 ], [ 14.649933555649659, 61.122441449289518 ], [ 14.649636936689564, 61.122463134704503 ], [ 14.649087066015964, 61.122711472755618 ], [ 14.649915768206407, 61.123146737579411 ], [ 14.651044905836567, 61.123301308514733 ], [ 14.651313584297053, 61.12315611158607 ], [ 14.652706797281441, 61.123431068339926 ], [ 14.652709030638494, 61.123542165669626 ], [ 14.652851011118672, 61.123595948291161 ], [ 14.653670306241006, 61.122926722148129 ], [ 14.653020919232175, 61.122810743300633 ], [ 14.65335722090199, 61.12260786262479 ], [ 14.653961372465439, 61.122688153947237 ], [ 14.654362053221872, 61.122886466177846 ], [ 14.655089410454261, 61.122993291612339 ], [ 14.655861132801769, 61.123071191348274 ], [ 14.655949028782576, 61.122745968646967 ], [ 14.655863936467926, 61.122605114708378 ], [ 14.655484805371286, 61.122694349886324 ], [ 14.655285761635664, 61.122596882095493 ], [ 14.655332589339965, 61.122278297516694 ], [ 14.655420488685186, 61.122237771070161 ], [ 14.655678108401554, 61.122258465528311 ], [ 14.656054511243656, 61.122452168061251 ], [ 14.656642884483446, 61.122411503044816 ], [ 14.65718160795803, 61.122332939649105 ], [ 14.657189057428667, 61.122332330288202 ], [ 14.657279294324537, 61.122279706247326 ], [ 14.657252714658414, 61.122199215718155 ], [ 14.657122502070719, 61.122162408640349 ], [ 14.656513115191022, 61.122181619483584 ], [ 14.656450648292378, 61.121963712599438 ], [ 14.656205755772946, 61.121926586482118 ], [ 14.655424912356285, 61.121981474176138 ], [ 14.654411508493835, 61.121998380002054 ], [ 14.653565813499451, 61.121942699957707 ], [ 14.653138662191923, 61.122042605933501 ], [ 14.653074141304529, 61.122158137722764 ], [ 14.652608355088974, 61.122236584697987 ], [ 14.652172115528531, 61.122249127977113 ], [ 14.651840295959209, 61.122148826954152 ], [ 14.651858406640031, 61.121599151780629 ], [ 14.652631468309188, 61.121703405858824 ], [ 14.652639922918091, 61.121526644997857 ], [ 14.652703253288292, 61.121504407962476 ], [ 14.6527231889471, 61.121465315654788 ], [ 14.652689897793891, 61.121403911710388 ], [ 14.652675618637653, 61.121399412981489 ], [ 14.652666143274898, 61.121400277448402 ], [ 14.65246792239615, 61.121322352607919 ], [ 14.651292977850188, 61.121342096460452 ], [ 14.65120345319076, 61.121393443253822 ], [ 14.651006501826616, 61.121401024301683 ], [ 14.649798446447786, 61.121215706202051 ], [ 14.650266913078079, 61.120796540079411 ], [ 14.651361527919882, 61.120964010154665 ], [ 14.651279636847004, 61.120833027857309 ], [ 14.650950842438602, 61.120828570938613 ], [ 14.650365884306407, 61.120708247495003 ], [ 14.650515319448525, 61.120574522884674 ], [ 14.650598860835512, 61.120471592240676 ], [ 14.650512735307631, 61.120408524905258 ], [ 14.650431156865521, 61.120394201032219 ], [ 14.650424747733107, 61.120401492384659 ], [ 14.650089419842175, 61.120343768668803 ], [ 14.650037804008683, 61.120313711944078 ], [ 14.650040217685836, 61.120305234343 ], [ 14.64992758766277, 61.120247448645962 ], [ 14.64976186858458, 61.120259301440299 ], [ 14.649751561144139, 61.120268306560845 ], [ 14.649667705670076, 61.12028204987336 ], [ 14.649491362043133, 61.120261132625828 ], [ 14.649368950098534, 61.120299042953292 ], [ 14.64942293522323, 61.120503895493101 ], [ 14.649492145430372, 61.12058590772746 ], [ 14.649612433689368, 61.120771746397011 ], [ 14.649559165696134, 61.120892575737244 ], [ 14.649426402285474, 61.121102438744806 ], [ 14.648672148857699, 61.121128555396879 ], [ 14.647659053578725, 61.120981466998437 ], [ 14.647723271596433, 61.121074806144939 ], [ 14.647736630783005, 61.121380338834861 ], [ 14.647789296275302, 61.121677947563235 ], [ 14.648203164180696, 61.121783993249494 ], [ 14.6488916213119, 61.121878083117942 ], [ 14.648848073630774, 61.122008992525551 ], [ 14.648644518354665, 61.122181359034244 ], [ 14.647431904166501, 61.122162259310294 ], [ 14.647082460003519, 61.12249543127691 ], [ 14.647104006167103, 61.122550629325261 ], [ 14.647367795908547, 61.122908545287295 ], [ 14.647721508866148, 61.12300573610937 ], [ 14.647694873403934, 61.123072470879912 ], [ 14.647584637049562, 61.123087598771114 ], [ 14.646872650041308, 61.122922803193916 ], [ 14.646828124021114, 61.122881020908871 ], [ 14.646728354975371, 61.122869699753807 ], [ 14.646584188401158, 61.122929788756956 ], [ 14.646562441732677, 61.122984003061916 ], [ 14.646482186677368, 61.123063471620462 ], [ 14.646821194678617, 61.12309946926446 ], [ 14.647197074179983, 61.123362818539654 ], [ 14.646794867331279, 61.123675579937029 ], [ 14.646325461867104, 61.124177444439255 ], [ 14.646409017012536, 61.124334505589523 ], [ 14.646710920820007, 61.12472410612429 ], [ 14.646115021611546, 61.124908237192265 ], [ 14.645790303911392, 61.125273826307854 ], [ 14.645858848388301, 61.125405468179721 ], [ 14.646773849880805, 61.125487116691659 ], [ 14.647378723077265, 61.125084629613852 ], [ 14.648059805667602, 61.125238855613851 ], [ 14.648204349045946, 61.125608076833693 ], [ 14.648579157556606, 61.125861265005661 ], [ 14.648983517901542, 61.126024651888564 ], [ 14.649406779068412, 61.126028918596539 ], [ 14.649830173658051, 61.125908742727205 ], [ 14.649875542991515, 61.125856564199701 ], [ 14.649842252491935, 61.125795159594603 ], [ 14.649694829300197, 61.125744645608776 ] ], [ [ 14.649540689295478, 61.121490128366716 ], [ 14.650730555847504, 61.121634175753975 ], [ 14.650690169943882, 61.121783713979582 ], [ 14.650605787369162, 61.121849931958259 ], [ 14.650471805264122, 61.121891422559194 ], [ 14.649839295365945, 61.121913766433103 ], [ 14.649399109917958, 61.121904151182733 ], [ 14.649179219806976, 61.121855944703128 ], [ 14.649540689295478, 61.121490128366716 ] ] ] } },
{ "type": "Feature", "properties": { "objektidentitet": "f5fe9111-3b6f-4c17-8983-0954e6f815ae", "skapad": "2026-03-17T21:00:01", "objekttypnr": 2645, "objekttyp": "Barr- och blandskog", "vattenytaid": null, "hojd_over_havet": null, "reglerat_vatten": "Ingen information" }, "geometry": { "type": "Polygon", "coordinates": [ [ [ 14.651858406640031, 61.121599151780629 ], [ 14.651840295959209, 61.122148826954152 ], [ 14.652172115528531, 61.122249127977113 ], [ 14.652608355088974, 61.122236584697987 ], [ 14.653074141304529, 61.122158137722764 ], [ 14.653138662191923, 61.122042605933501 ], [ 14.652631468309188, 61.121703405858824 ], [ 14.651858406640031, 61.121599151780629 ] ] ] } },
{ "type": "Feature", "properties": { "objektidentitet": "72c943ab-e66a-4afa-9f00-7300c99e11f7", "skapad": "2026-03-17T21:00:01", "objekttypnr": 2639, "objekttyp": "Industri- och handelsbebyggelse", "vattenytaid": null, "hojd_over_havet": null, "reglerat_vatten": "Ingen information" }, "geometry": { "type": "Polygon", "coordinates": [ [ [ 14.649905622780341, 61.138288049041179 ], [ 14.649438085597483, 61.138081794230018 ], [ 14.647495263674189, 61.137429734199955 ], [ 14.64618484444193, 61.13691509960519 ], [ 14.645079118950333, 61.136421790731042 ], [ 14.644970606875031, 61.136343560607095 ], [ 14.644892593127404, 61.136344047151375 ], [ 14.643784532634356, 61.137004792822538 ], [ 14.643364946861048, 61.137285761680488 ], [ 14.643212898510418, 61.137435667493264 ], [ 14.643036513560912, 61.137866074432687 ], [ 14.643275741215671, 61.138270141455031 ], [ 14.644385198695561, 61.138517392773558 ], [ 14.644397516313445, 61.138632493652949 ], [ 14.644851107607352, 61.138871273879133 ], [ 14.645089563975606, 61.138995990736866 ], [ 14.645749756225779, 61.139084607964008 ], [ 14.645880194226043, 61.139119585778673 ], [ 14.646870056933171, 61.138764128272648 ], [ 14.646925087900318, 61.138765178745587 ], [ 14.64707125763276, 61.138856523131842 ], [ 14.647744035996967, 61.139264234931318 ], [ 14.648147636299759, 61.139465876034116 ], [ 14.648907557197774, 61.139768292125808 ], [ 14.649465736899261, 61.139954987280085 ], [ 14.650282183968606, 61.140182774781067 ], [ 14.651067991846181, 61.139258311373254 ], [ 14.651027024699511, 61.138861135207634 ], [ 14.650985551644832, 61.138819523961907 ], [ 14.649905622780341, 61.138288049041179 ] ] ] } },
{ "type": "Feature", "properties": { "objektidentitet": "593725a7-176f-466e-a8cd-8333141aaa86", "skapad": "2026-03-17T21:00:01", "objekttypnr": 2640, "objekttyp": "Öppen mark", "vattenytaid": null, "hojd_over_havet": null, "reglerat_vatten": "Ingen information" }, "geometry": { "type": "Polygon", "coordinates": [ [ [ 14.655387858218718, 61.139224627009384 ], [ 14.655115163990281, 61.139035865205933 ], [ 14.65489048149672, 61.137924315474812 ], [ 14.655279710631209, 61.137891524082534 ], [ 14.656337893443421, 61.137927613085751 ], [ 14.656090412301769, 61.137582649440951 ], [ 14.655550208112583, 61.137425196138508 ], [ 14.655059642134498, 61.137468979405035 ], [ 14.654753516576942, 61.137498399909838 ], [ 14.654149114647895, 61.13781237275883 ], [ 14.6538224264229, 61.138026879077245 ], [ 14.654362744462578, 61.139292210060333 ], [ 14.654808286562037, 61.13938459775801 ], [ 14.654914309821265, 61.139663458268863 ], [ 14.655203566813286, 61.139638223015403 ], [ 14.655569827847936, 61.13969735886019 ], [ 14.657461618519061, 61.140279559160263 ], [ 14.657865150337063, 61.140166561755464 ], [ 14.656663557595076, 61.139779878988236 ], [ 14.655387858218718, 61.139224627009384 ] ] ] } },
{ "type": "Feature", "properties": { "objektidentitet": "99f0d135-4b53-4f43-b545-d79a17670e70", "skapad": "2026-03-17T21:00:01", "objekttypnr": 2642, "objekttyp": "Åker", "vattenytaid": null, "hojd_over_havet": null, "reglerat_vatten": "Ingen information" }, "geometry": { "type": "Polygon", "coordinates": [ [ [ 14.66029007339664, 61.137714152843394 ], [ 14.660302964875065, 61.137466541252856 ], [ 14.658678944512049, 61.137676189346955 ], [ 14.658265603748651, 61.137809983925699 ], [ 14.656875475467666, 61.137935925988998 ], [ 14.656337893443421, 61.137927613085751 ], [ 14.655279710631209, 61.137891524082534 ], [ 14.65489048149672, 61.137924315474812 ], [ 14.655115163990281, 61.139035865205933 ], [ 14.655387858218718, 61.139224627009384 ], [ 14.656663557595076, 61.139779878988236 ], [ 14.657865150337063, 61.140166561755464 ], [ 14.6582672720552, 61.140048002436117 ], [ 14.658145631903588, 61.139706026832513 ], [ 14.658363700605742, 61.13951953409024 ], [ 14.660076911759361, 61.139302006918754 ], [ 14.660551360920254, 61.138737443297423 ], [ 14.660221483359248, 61.138090375054297 ], [ 14.66029007339664, 61.137714152843394 ] ] ] } },
{ "type": "Feature", "properties": { "objektidentitet": "2ec03499-8926-4155-b609-db16744a8930", "skapad": "2026-03-17T21:00:01", "objekttypnr": 2640, "objekttyp": "Öppen mark", "vattenytaid": null, "hojd_over_havet": null, "reglerat_vatten": "Ingen information" }, "geometry": { "type": "Polygon", "coordinates": [ [ [ 14.633766582415491, 61.137654717391932 ], [ 14.632870713128245, 61.137871474313812 ], [ 14.633380788624626, 61.138482002350486 ], [ 14.634007843756036, 61.138408699020609 ], [ 14.634232878028662, 61.138272126404239 ], [ 14.634309182707899, 61.138146849471369 ], [ 14.634142728485001, 61.137780167348318 ], [ 14.633766582415491, 61.137654717391932 ] ] ] } },
{ "type": "Feature", "properties": { "objektidentitet": "392c6e94-6e95-4cf5-9bed-f69487eb7494", "skapad": "2026-03-17T21:00:01", "objekttypnr": 2639, "objekttyp": "Industri- och handelsbebyggelse", "vattenytaid": null, "hojd_over_havet": null, "reglerat_vatten": "Ingen information" }, "geometry": { "type": "Polygon", "coordinates": [ [ [ 14.641899831120497, 61.13869786439421 ], [ 14.641989348359409, 61.138598725821758 ], [ 14.641514348003867, 61.13838328462213 ], [ 14.639348930800812, 61.13898150422245 ], [ 14.638092218472803, 61.138169149106957 ], [ 14.637275875526672, 61.138392935151714 ], [ 14.635958339602993, 61.138767300272626 ], [ 14.635603709812383, 61.138868064337281 ], [ 14.636224460249682, 61.139376990181468 ], [ 14.635193602523724, 61.139774239757372 ], [ 14.636998987522874, 61.140171712432483 ], [ 14.641899831120497, 61.13869786439421 ] ] ] } },
{ "type": "Feature", "properties": { "objektidentitet": "406a61c3-e8ef-46fa-a2c1-4574264c0150", "skapad": "2026-03-17T21:00:01", "objekttypnr": 2633, "objekttyp": "Vattendragsyta", "vattenytaid": "2882a789-c9f6-45b7-8708-41373ca85059", "hojd_over_havet": null, "reglerat_vatten": "Ingen information" }, "geometry": { "type": "Polygon", "coordinates": [ [ [ 14.633018191427659, 61.140339688169405 ], [ 14.633370224556531, 61.140405776471844 ], [ 14.633594979918573, 61.140156918441555 ], [ 14.633303161582715, 61.140085589343059 ], [ 14.633215420074421, 61.140041728538236 ], [ 14.632735798438413, 61.139944463598944 ], [ 14.632530229031753, 61.139922592262828 ], [ 14.631646348177744, 61.139846831564576 ], [ 14.630628961323673, 61.13955986555559 ], [ 14.629709887118226, 61.139131787082569 ], [ 14.62923908600915, 61.138867142726575 ], [ 14.628599042429052, 61.138398549626288 ], [ 14.628591563149588, 61.139035460720372 ], [ 14.629068193218981, 61.139306371998408 ], [ 14.6302789156146, 61.139831817213292 ], [ 14.630527739501762, 61.13991210315892 ], [ 14.631742741407743, 61.140142670659749 ], [ 14.632249155241064, 61.140286776964601 ], [ 14.632494716587946, 61.14048395052928 ], [ 14.632566715693713, 61.140613606280112 ], [ 14.633113373625953, 61.140534621150636 ], [ 14.633018191427659, 61.140339688169405 ] ] ] } },
{ "type": "Feature", "properties": { "objektidentitet": "27f43c9b-c70e-4e37-b5cb-2e69a1dee810", "skapad": "2026-03-17T21:00:01", "objekttypnr": 2640, "objekttyp": "Öppen mark", "vattenytaid": null, "hojd_over_havet": null, "reglerat_vatten": "Ingen information" }, "geometry": { "type": "Polygon", "coordinates": [ [ [ 14.642898447083464, 61.139277202114293 ], [ 14.643049441806131, 61.139295636938265 ], [ 14.643630570840848, 61.139132811688995 ], [ 14.643139944393752, 61.138779813006359 ], [ 14.643222081115939, 61.138664583799127 ], [ 14.643702780681249, 61.13866068824418 ], [ 14.644004421624492, 61.138789092664858 ], [ 14.644851107607352, 61.138871273879133 ], [ 14.644397516313445, 61.138632493652949 ], [ 14.644385198695561, 61.138517392773558 ], [ 14.643275741215671, 61.138270141455031 ], [ 14.642848123108411, 61.138254092498414 ], [ 14.64226263783352, 61.137831180981841 ], [ 14.641790708696519, 61.137957031588968 ], [ 14.642332566045209, 61.138429440979259 ], [ 14.64210113283735, 61.13878492512822 ], [ 14.641860512926351, 61.138875422324858 ], [ 14.641577018689077, 61.13951428701813 ], [ 14.641825419235186, 61.139667028893705 ], [ 14.642493011217606, 61.139546687142634 ], [ 14.642898447083464, 61.139277202114293 ] ] ] } },
{ "type": "Feature", "properties": { "objektidentitet": "6458b293-686d-490e-8566-1354492ebfa7", "skapad": "2026-03-17T21:00:01", "objekttypnr": 2640, "objekttyp": "Öppen mark", "vattenytaid": null, "hojd_over_havet": null, "reglerat_vatten": "Ingen information" }, "geometry": { "type": "Polygon", "coordinates": [ [ [ 14.640593121436249, 61.137039797463451 ], [ 14.639797046768473, 61.137366403687544 ], [ 14.638828942193177, 61.137863905573319 ], [ 14.639347325871178, 61.138342171664036 ], [ 14.639891819353744, 61.138228131265834 ], [ 14.639870011986009, 61.138078637576278 ], [ 14.640150630082946, 61.137829926398261 ], [ 14.640207889060575, 61.137612088231919 ], [ 14.640919017393882, 61.137306109935096 ], [ 14.640593121436249, 61.137039797463451 ] ] ] } },
{ "type": "Feature", "properties": { "objektidentitet": "9a19b80c-fcf0-46f4-9fc1-3e77082401e9", "skapad": "2026-03-17T21:00:01", "objekttypnr": 2640, "objekttyp": "Öppen mark", "vattenytaid": null, "hojd_over_havet": null, "reglerat_vatten": "Ingen information" }, "geometry": { "type": "Polygon", "coordinates": [ [ [ 14.644093432496254, 61.136531262806649 ], [ 14.644294786168739, 61.136408248378316 ], [ 14.643256503739096, 61.135637436007116 ], [ 14.643570843563678, 61.13548152052676 ], [ 14.642529578693514, 61.134911501179879 ], [ 14.63925398051742, 61.13596123910505 ], [ 14.639764301675033, 61.136367534251029 ], [ 14.640036935951322, 61.136313297498184 ], [ 14.640623985414626, 61.136683361330938 ], [ 14.641606146333089, 61.136727542611695 ], [ 14.642165739323337, 61.136605165707202 ], [ 14.642836335664585, 61.13697924747315 ], [ 14.644093432496254, 61.136531262806649 ] ] ] } },
{ "type": "Feature", "properties": { "objektidentitet": "557a145a-a800-499b-9d04-c94c934712ec", "skapad": "2026-03-17T21:00:01", "objekttypnr": 2640, "objekttyp": "Öppen mark", "vattenytaid": null, "hojd_over_havet": null, "reglerat_vatten": "Ingen information" }, "geometry": { "type": "Polygon", "coordinates": [ [ [ 14.65225899931853, 61.136900760799172 ], [ 14.65263768130456, 61.137156218536028 ], [ 14.653283365529445, 61.137106476465391 ], [ 14.653625900637749, 61.13706205175373 ], [ 14.653764329676251, 61.136794535031953 ], [ 14.653817865141997, 61.136433108520123 ], [ 14.653062279869621, 61.13621584943661 ], [ 14.652794109407532, 61.136163278893207 ], [ 14.652395330852125, 61.136117123530823 ], [ 14.652173410357449, 61.13611582611555 ], [ 14.651592062050691, 61.136388539829369 ], [ 14.651142357453836, 61.136605811519061 ], [ 14.65071987044788, 61.137006281211164 ], [ 14.650577061016334, 61.137415740539595 ], [ 14.650497176137332, 61.137719801169297 ], [ 14.650769812013591, 61.13782623681869 ], [ 14.651152947240421, 61.137842837606534 ], [ 14.651411702352933, 61.137684175127021 ], [ 14.651398842386209, 61.137285742580616 ], [ 14.651470362316525, 61.137141716326987 ], [ 14.651861977472658, 61.136977658231537 ], [ 14.65225899931853, 61.136900760799172 ] ] ] } },
{ "type": "Feature", "properties": { "objektidentitet": "63ece506-8ae9-400d-b0f5-3a602e475c14", "skapad": "2026-03-17T21:00:01", "objekttypnr": 2640, "objekttyp": "Öppen mark", "vattenytaid": null, "hojd_over_havet": null, "reglerat_vatten": "Ingen information" }, "geometry": { "type": "Polygon", "coordinates": [ [ [ 14.652578856292326, 61.123836627669874 ], [ 14.652092459305059, 61.124239236077962 ], [ 14.65334757333804, 61.124544373502069 ], [ 14.653862482872064, 61.124189801995769 ], [ 14.653815260679083, 61.124127087879693 ], [ 14.652578856292326, 61.123836627669874 ] ] ] } },
{ "type": "Feature", "properties": { "objektidentitet": "a2119d98-2cc6-487f-abce-d7ec653d7258", "skapad": "2026-03-17T21:00:01", "objekttypnr": 2640, "objekttyp": "Öppen mark", "vattenytaid": null, "hojd_over_havet": null, "reglerat_vatten": "Ingen information" }, "geometry": { "type": "Polygon", "coordinates": [ [ [ 14.651692002336171, 61.128747462437524 ], [ 14.651201354212525, 61.128955237972299 ], [ 14.651213137417676, 61.129127498814327 ], [ 14.651368543228871, 61.129228540676102 ], [ 14.652385638752751, 61.129173960045776 ], [ 14.652848620441279, 61.129094869258033 ], [ 14.652723576921735, 61.128899576894099 ], [ 14.65255935951042, 61.128799384672938 ], [ 14.652290841575454, 61.128750457116617 ], [ 14.651692002336171, 61.128747462437524 ] ] ] } },
{ "type": "Feature", "properties": { "objektidentitet": "0c0abfc9-30f6-4d7b-89be-99124c56b796", "skapad": "2026-03-17T21:00:01", "objekttypnr": 2640, "objekttyp": "Öppen mark", "vattenytaid": null, "hojd_over_havet": null, "reglerat_vatten": "Ingen information" }, "geometry": { "type": "Polygon", "coordinates": [ [ [ 14.653259651758731, 61.130047778908413 ], [ 14.653694062796264, 61.130162900643924 ], [ 14.654155259746139, 61.129675705077652 ], [ 14.653931569674604, 61.129545017431738 ], [ 14.652246929631325, 61.12987601947966 ], [ 14.652607382695358, 61.130184498581812 ], [ 14.653128224233599, 61.130244585830575 ], [ 14.653157267611395, 61.130091516507683 ], [ 14.653259651758731, 61.130047778908413 ] ] ] } },
{ "type": "Feature", "properties": { "objektidentitet": "9ed7fe07-1449-4e96-9dfd-caa1c68fdb91", "skapad": "2026-03-17T21:00:01", "objekttypnr": 2642, "objekttyp": "Åker", "vattenytaid": null, "hojd_over_havet": null, "reglerat_vatten": "Ingen information" }, "geometry": { "type": "Polygon", "coordinates": [ [ [ 14.628651247287461, 61.133952128896908 ], [ 14.629167318758395, 61.134236866397494 ], [ 14.629095545968893, 61.134050721134855 ], [ 14.628652973833489, 61.133805049917896 ], [ 14.628651247287461, 61.133952128896908 ] ] ] } },
{ "type": "Feature", "properties": { "objektidentitet": "16fe4347-d889-4fcc-8644-9f7e5f1e0a4d", "skapad": "2026-03-17T21:00:01", "objekttypnr": 2639, "objekttyp": "Industri- och handelsbebyggelse", "vattenytaid": null, "hojd_over_havet": null, "reglerat_vatten": "Ingen information" }, "geometry": { "type": "Polygon", "coordinates": [ [ [ 14.630556947550303, 61.123072233528994 ], [ 14.630693206059465, 61.12304192810344 ], [ 14.630521591489089, 61.122720600543744 ], [ 14.630407043773204, 61.122732398725638 ], [ 14.630328577374529, 61.122674393843141 ], [ 14.629193248822698, 61.122787747190799 ], [ 14.628850859278305, 61.122008563892933 ], [ 14.62879132299568, 61.122014388679304 ], [ 14.628770674603837, 61.12377477029009 ], [ 14.630139377679363, 61.123645476773518 ], [ 14.630556947550303, 61.123072233528994 ] ] ] } },
{ "type": "Feature", "properties": { "objektidentitet": "193e4fab-5955-4fa2-8509-4ca4b364285a", "skapad": "2026-03-17T21:00:01", "objekttypnr": 2642, "objekttyp": "Åker", "vattenytaid": null, "hojd_over_havet": null, "reglerat_vatten": "Ingen information" }, "geometry": { "type": "Polygon", "coordinates": [ [ [ 14.630889078470394, 61.134883641637437 ], [ 14.629823310780337, 61.134676915288445 ], [ 14.630304029285739, 61.134969856311301 ], [ 14.628639442137468, 61.134957729869804 ], [ 14.628636672127429, 61.13519367761873 ], [ 14.62938656146428, 61.135630368009757 ], [ 14.62975359283524, 61.136096316335532 ], [ 14.63003436252283, 61.136119358434861 ], [ 14.62998090284408, 61.136244776040314 ], [ 14.630047490665014, 61.136328936711656 ], [ 14.631905583613452, 61.135862354051639 ], [ 14.63204047400718, 61.135671771485875 ], [ 14.631583950404577, 61.13516128925216 ], [ 14.630889078470394, 61.134883641637437 ] ] ] } },
{ "type": "Feature", "properties": { "objektidentitet": "b2259b37-deb9-46bb-ba6b-e0221e55424d", "skapad": "2026-03-17T21:00:01", "objekttypnr": 2642, "objekttyp": "Åker", "vattenytaid": null, "hojd_over_havet": null, "reglerat_vatten": "Ingen information" }, "geometry": { "type": "Polygon", "coordinates": [ [ [ 14.631028929291846, 61.132647385767591 ], [ 14.63118509893963, 61.132803101294115 ], [ 14.632951791210006, 61.132672205424768 ], [ 14.632718061182024, 61.132426853577584 ], [ 14.632343334598712, 61.132477575080202 ], [ 14.63184071795064, 61.132499694364114 ], [ 14.631619669781667, 61.132291776875697 ], [ 14.631426255980735, 61.132183884151154 ], [ 14.63124930204369, 61.131966946670246 ], [ 14.630453492045282, 61.132078039694477 ], [ 14.63032069665009, 61.132002460480116 ], [ 14.629108756300548, 61.132143219958259 ], [ 14.629300140091296, 61.132539352537783 ], [ 14.628979644143966, 61.132898440150576 ], [ 14.628661140927841, 61.133109299656574 ], [ 14.628660220321425, 61.133187727376338 ], [ 14.628710556691319, 61.133432852454945 ], [ 14.629484973645022, 61.133858145311059 ], [ 14.629839637331646, 61.13414647828948 ], [ 14.630000314220842, 61.134390046228035 ], [ 14.631325129590897, 61.134711791675123 ], [ 14.631447661898552, 61.134673395184116 ], [ 14.63154904236748, 61.13453477527117 ], [ 14.631002359131742, 61.134408000085237 ], [ 14.631202142241877, 61.134075718598517 ], [ 14.631397374389776, 61.133857990882092 ], [ 14.63161712567028, 61.133345757843685 ], [ 14.631569148977018, 61.13310494072558 ], [ 14.630231366100489, 61.133048321952963 ], [ 14.630304532991609, 61.132681795622197 ], [ 14.631028929291846, 61.132647385767591 ] ] ] } },
{ "type": "Feature", "properties": { "objektidentitet": "1c066caf-80b9-451a-a1de-dc2370cbe283", "skapad": "2026-03-17T21:00:01", "objekttypnr": 2642, "objekttyp": "Åker", "vattenytaid": null, "hojd_over_havet": null, "reglerat_vatten": "Ingen information" }, "geometry": { "type": "Polygon", "coordinates": [ [ [ 14.632034855448051, 61.130108106777513 ], [ 14.632086170559404, 61.130133599771668 ], [ 14.63261179832856, 61.129993986186463 ], [ 14.632824863602249, 61.129941891888571 ], [ 14.633935188213927, 61.129651909036845 ], [ 14.633191276986008, 61.128624697461312 ], [ 14.633493677637118, 61.128565015547494 ], [ 14.633688944190528, 61.128737658321867 ], [ 14.634111852622405, 61.129000174391855 ], [ 14.634295587297171, 61.129074056059942 ], [ 14.635122947618303, 61.129313430377337 ], [ 14.635451672198128, 61.129276654463084 ], [ 14.637084441319434, 61.128960041772729 ], [ 14.637854104688939, 61.129294849362772 ], [ 14.638184485890362, 61.129056079132503 ], [ 14.638256337972564, 61.128935339895946 ], [ 14.638258388432162, 61.128777102364282 ], [ 14.638217717934083, 61.128731242518668 ], [ 14.638112512341383, 61.128737793153519 ], [ 14.63706796135653, 61.128223160092858 ], [ 14.6365777075103, 61.128091512873361 ], [ 14.635817274973947, 61.127697100750993 ], [ 14.635395182448629, 61.127066016316832 ], [ 14.635408732614607, 61.126892134158609 ], [ 14.633650749242289, 61.126208185000849 ], [ 14.633695392449935, 61.126108840356864 ], [ 14.634710657148764, 61.126010728481269 ], [ 14.634467619162988, 61.125794846436676 ], [ 14.633686927020864, 61.125081007777936 ], [ 14.634191707972061, 61.124705582894968 ], [ 14.634307577314262, 61.124560643592559 ], [ 14.63433784662913, 61.124358706261219 ], [ 14.633896218060121, 61.123497309226885 ], [ 14.634752578825029, 61.123395086066104 ], [ 14.634799547213234, 61.123344533072867 ], [ 14.634693780045886, 61.123233981559864 ], [ 14.6337293120528, 61.12331942837546 ], [ 14.633420487367832, 61.122912515014654 ], [ 14.632947219157064, 61.122953903540242 ], [ 14.632778282845827, 61.122990101360976 ], [ 14.632689821488878, 61.123033170338445 ], [ 14.633195944398825, 61.123863000875957 ], [ 14.633164981582301, 61.123925626989809 ], [ 14.633015898483766, 61.123963647773657 ], [ 14.632889316531879, 61.123946874993869 ], [ 14.632847062115772, 61.12392036544982 ], [ 14.632789715652013, 61.1238412049197 ], [ 14.632187428573353, 61.122841340400065 ], [ 14.631027940178509, 61.12267719203556 ], [ 14.630521591489089, 61.122720600543744 ], [ 14.630693206059465, 61.12304192810344 ], [ 14.630243907430538, 61.123670038427157 ], [ 14.629811326247362, 61.123756119967823 ], [ 14.62986687112085, 61.123925199094202 ], [ 14.630106109578604, 61.124622641584587 ], [ 14.628759329588892, 61.124741894920682 ], [ 14.628736777774748, 61.126664159083376 ], [ 14.628991166931042, 61.126634269356543 ], [ 14.630133241199225, 61.126560725783378 ], [ 14.630297601372629, 61.126946710219855 ], [ 14.629873457299675, 61.127021826195318 ], [ 14.630193359729178, 61.127739994444916 ], [ 14.629085931834577, 61.127890160540616 ], [ 14.628721944789342, 61.12792834125171 ], [ 14.628720411650308, 61.12805900061187 ], [ 14.628967862233663, 61.128203827598988 ], [ 14.630242827881128, 61.128825424051499 ], [ 14.630083253407822, 61.128905851081484 ], [ 14.629767813368268, 61.129001787355584 ], [ 14.630758306083781, 61.129691154906297 ], [ 14.631667891979966, 61.13023901041678 ], [ 14.632034855448051, 61.130108106777513 ] ] ] } },
{ "type": "Feature", "properties": { "objektidentitet": "3e633692-edce-46a6-a6f9-371d044674f0", "skapad": "2026-03-17T21:00:01", "objekttypnr": 2638, "objekttyp": "Låg bebyggelse", "vattenytaid": null, "hojd_over_havet": null, "reglerat_vatten": "Ingen information" }, "geometry": { "type": "Polygon", "coordinates": [ [ [ 14.633762144883482, 61.131739971061762 ], [ 14.634171753997439, 61.131494305636181 ], [ 14.635131403354553, 61.130933807578963 ], [ 14.636248337417337, 61.131454018838767 ], [ 14.636641349969137, 61.131270876815492 ], [ 14.637199379983239, 61.13100283291336 ], [ 14.636611955078033, 61.130844575452151 ], [ 14.636546915419419, 61.130789959243629 ], [ 14.636541523105391, 61.130658168117193 ], [ 14.636767504538035, 61.130527142197487 ], [ 14.637203423545989, 61.130483431712939 ], [ 14.637215913998888, 61.130381791193088 ], [ 14.638179963080049, 61.13016426337596 ], [ 14.638205709570583, 61.130106155803546 ], [ 14.63816480720142, 61.129984666283299 ], [ 14.638222460029336, 61.129668998332512 ], [ 14.63839454963364, 61.129616130068733 ], [ 14.638864712469513, 61.129588154231456 ], [ 14.638861850427707, 61.129463175100113 ], [ 14.639019007066585, 61.129361893638816 ], [ 14.638184485890362, 61.129056079132503 ], [ 14.637854104688939, 61.129294849362772 ], [ 14.637084441319434, 61.128960041772729 ], [ 14.635451672198128, 61.129276654463084 ], [ 14.635122947618303, 61.129313430377337 ], [ 14.634295587297171, 61.129074056059942 ], [ 14.634111852622405, 61.129000174391855 ], [ 14.633688944190528, 61.128737658321867 ], [ 14.633493677637118, 61.128565015547494 ], [ 14.633191276986008, 61.128624697461312 ], [ 14.633935188213927, 61.129651909036845 ], [ 14.632824863602249, 61.129941891888571 ], [ 14.63261179832856, 61.129993986186463 ], [ 14.632086170559404, 61.130133599771668 ], [ 14.632034855448051, 61.130108106777513 ], [ 14.631667891979966, 61.13023901041678 ], [ 14.632247929954577, 61.130475439325856 ], [ 14.632848201656703, 61.130605686173197 ], [ 14.63276601563272, 61.130736503604865 ], [ 14.632199439642767, 61.130912779478884 ], [ 14.632124991125581, 61.130899972000783 ], [ 14.631562503227634, 61.130597100518031 ], [ 14.631191336929012, 61.13036004418904 ], [ 14.630477961830918, 61.12979867091309 ], [ 14.630758306083781, 61.129691154906297 ], [ 14.629767813368268, 61.129001787355584 ], [ 14.629643498421318, 61.129048275518386 ], [ 14.629599752813503, 61.129042544613434 ], [ 14.628760113179641, 61.128489973879134 ], [ 14.628715205469902, 61.128502679841219 ], [ 14.628698628653968, 61.129915287579266 ], [ 14.629023592517981, 61.129798237280042 ], [ 14.629507766100808, 61.130139545456572 ], [ 14.628692394405592, 61.130446506775101 ], [ 14.628683829031305, 61.131176327209161 ], [ 14.629412321764873, 61.130968503621141 ], [ 14.631113539337928, 61.131519947381015 ], [ 14.631280612194518, 61.131585608773783 ], [ 14.630120697762729, 61.131750076819884 ], [ 14.629181483503823, 61.131875341420191 ], [ 14.628777898879218, 61.131929816274969 ], [ 14.629108756300548, 61.132143219958259 ], [ 14.63032069665009, 61.132002460480116 ], [ 14.630453492045282, 61.132078039694477 ], [ 14.63124930204369, 61.131966946670246 ], [ 14.631426255980735, 61.132183884151154 ], [ 14.631619669781667, 61.132291776875697 ], [ 14.63184071795064, 61.132499694364114 ], [ 14.632343334598712, 61.132477575080202 ], [ 14.632718061182024, 61.132426853577584 ], [ 14.632766466826224, 61.132394673773909 ], [ 14.632724483435632, 61.132308669062809 ], [ 14.633762144883482, 61.131739971061762 ] ] ] } },
{ "type": "Feature", "properties": { "objektidentitet": "f80c24d6-2d46-42ac-ad64-531ad2f404cf", "skapad": "2026-03-17T21:00:01", "objekttypnr": 2642, "objekttyp": "Åker", "vattenytaid": null, "hojd_over_havet": null, "reglerat_vatten": "Ingen information" }, "geometry": { "type": "Polygon", "coordinates": [ [ [ 14.630910718022967, 61.119490060972744 ], [ 14.629187446294583, 61.119683713297981 ], [ 14.629389856298413, 61.120174808640385 ], [ 14.62989416309691, 61.121323243641257 ], [ 14.630444630943202, 61.122549506100817 ], [ 14.631645853559725, 61.122433152570629 ], [ 14.631839891625575, 61.122356265006317 ], [ 14.631893930414815, 61.122239044761407 ], [ 14.63150953466765, 61.121075636868831 ], [ 14.631302845876327, 61.120491271322898 ], [ 14.630910718022967, 61.119490060972744 ] ] ] } },
{ "type": "Feature", "properties": { "objektidentitet": "410fea9a-2d9d-4ccb-9cad-f84c6d326274", "skapad": "2026-03-17T21:00:01", "objekttypnr": 2642, "objekttyp": "Åker", "vattenytaid": null, "hojd_over_havet": null, "reglerat_vatten": "Ingen information" }, "geometry": { "type": "Polygon", "coordinates": [ [ [ 14.632103456219019, 61.118105559600316 ], [ 14.630882385966444, 61.118222572132524 ], [ 14.630993506478134, 61.118469927784446 ], [ 14.632206300666786, 61.118342405613888 ], [ 14.632103456219019, 61.118105559600316 ] ] ] } },
{ "type": "Feature", "properties": { "objektidentitet": "b3db84c5-6f3a-468d-8f43-edda8136b9db", "skapad": "2026-03-17T21:00:01", "objekttypnr": 2642, "objekttyp": "Åker", "vattenytaid": null, "hojd_over_havet": null, "reglerat_vatten": "Ingen information" }, "geometry": { "type": "Polygon", "coordinates": [ [ [ 14.632982091947479, 61.134402234009173 ], [ 14.633083009590802, 61.134429315423617 ], [ 14.63363668697921, 61.134305646995607 ], [ 14.633663165801233, 61.134279898400045 ], [ 14.63342339888405, 61.134017249039857 ], [ 14.632624692313904, 61.134007846686636 ], [ 14.632557469335469, 61.133506611698245 ], [ 14.632246250481966, 61.133510847714511 ], [ 14.632154503360132, 61.133552892847497 ], [ 14.631847966619427, 61.134135968004543 ], [ 14.631894382481354, 61.134394727617575 ], [ 14.631989767811296, 61.134519033569084 ], [ 14.63208495599047, 61.134537409726612 ], [ 14.632304843485697, 61.134522484744565 ], [ 14.632527400996107, 61.134431156509514 ], [ 14.632982091947479, 61.134402234009173 ] ] ] } },
{ "type": "Feature", "properties": { "objektidentitet": "42c5ff0f-3b06-4718-ac25-b79f877f3709", "skapad": "2026-03-17T21:00:01", "objekttypnr": 2642, "objekttyp": "Åker", "vattenytaid": null, "hojd_over_havet": null, "reglerat_vatten": "Ingen information" }, "geometry": { "type": "Polygon", "coordinates": [ [ [ 14.632823306180191, 61.132873983682764 ], [ 14.632746219131572, 61.132897736345669 ], [ 14.632674450163481, 61.132947970019394 ], [ 14.632655840700451, 61.133021968487462 ], [ 14.632910885065405, 61.133352533068596 ], [ 14.633073036068353, 61.133473877101473 ], [ 14.633664073045566, 61.133470415156282 ], [ 14.633117255151463, 61.132898240180324 ], [ 14.633069648963549, 61.132883881306427 ], [ 14.632823306180191, 61.132873983682764 ] ] ] } },
{ "type": "Feature", "properties": { "objektidentitet": "b44a4641-e95d-4104-8233-21e039c26f95", "skapad": "2026-03-17T21:00:01", "objekttypnr": 2639, "objekttyp": "Industri- och handelsbebyggelse", "vattenytaid": null, "hojd_over_havet": null, "reglerat_vatten": "Ingen information" }, "geometry": { "type": "Polygon", "coordinates": [ [ [ 14.642529578693514, 61.134911501179879 ], [ 14.643570843563678, 61.13548152052676 ], [ 14.644681209966581, 61.135067394234532 ], [ 14.644712753129108, 61.135024769684613 ], [ 14.644389673128329, 61.134347002278055 ], [ 14.643192034744633, 61.133512162086951 ], [ 14.642536292752036, 61.132986413958811 ], [ 14.641396344575847, 61.13294624726273 ], [ 14.639278943403649, 61.132834330197589 ], [ 14.639258014365074, 61.132964955598361 ], [ 14.638691065911672, 61.132854900977364 ], [ 14.638001806781958, 61.132823988674573 ], [ 14.636912472448634, 61.132231531804081 ], [ 14.636539600434807, 61.132002027079899 ], [ 14.636449745005365, 61.131778543060705 ], [ 14.636235355755925, 61.131777293383692 ], [ 14.635944112135345, 61.131778395582565 ], [ 14.635518538210585, 61.1319264253627 ], [ 14.635300647702527, 61.131942141766565 ], [ 14.635160270159625, 61.131735820972466 ], [ 14.634454738264838, 61.131598818262546 ], [ 14.634250140586326, 61.131503926359365 ], [ 14.634171753997439, 61.131494305636181 ], [ 14.633762144883482, 61.131739971061762 ], [ 14.634939100878375, 61.132542609361622 ], [ 14.636017626640546, 61.132334221869471 ], [ 14.63615046060178, 61.132494923261341 ], [ 14.636132784254491, 61.132527294586986 ], [ 14.635930219722781, 61.132620990003716 ], [ 14.635240387497515, 61.132766080948954 ], [ 14.63925398051742, 61.13596123910505 ], [ 14.642529578693514, 61.134911501179879 ] ] ] } },
{ "type": "Feature", "properties": { "objektidentitet": "eb71e927-e9e2-439e-bba3-6feb2805b3b6", "skapad": "2026-03-17T21:00:01", "objekttypnr": 2642, "objekttyp": "Åker", "vattenytaid": null, "hojd_over_havet": null, "reglerat_vatten": "Ingen information" }, "geometry": { "type": "Polygon", "coordinates": [ [ [ 14.635798500398369, 61.120975110435324 ], [ 14.636345781614814, 61.121147637462336 ], [ 14.636305147019522, 61.121285499775446 ], [ 14.63653765775476, 61.121368846448249 ], [ 14.637145597117792, 61.121334818741452 ], [ 14.637831874013578, 61.120517654366964 ], [ 14.63787731008712, 61.120379580056685 ], [ 14.63778767036097, 61.120314439202758 ], [ 14.6374542037381, 61.120499764266583 ], [ 14.63701693355144, 61.120590767057166 ], [ 14.636948302224512, 61.120305752026887 ], [ 14.637100128157584, 61.120253208037468 ], [ 14.637168991365476, 61.120207219682456 ], [ 14.637230941807656, 61.120149029870248 ], [ 14.637241184299416, 61.12008768482594 ], [ 14.63671942838903, 61.120138966640098 ], [ 14.636626063618591, 61.120421185539158 ], [ 14.636557004366139, 61.120508381352224 ], [ 14.636192470269053, 61.120666919748139 ], [ 14.635820561438463, 61.120777307169071 ], [ 14.635031674164114, 61.12093194304078 ], [ 14.634976424717134, 61.121037840059167 ], [ 14.634663349041618, 61.121440324558236 ], [ 14.635503877827885, 61.121036515153655 ], [ 14.635798500398369, 61.120975110435324 ] ] ] } },
{ "type": "Feature", "properties": { "objektidentitet": "7e4a355c-b8cb-4f20-82bf-97806adb004e", "skapad": "2026-03-17T21:00:01", "objekttypnr": 2642, "objekttyp": "Åker", "vattenytaid": null, "hojd_over_havet": null, "reglerat_vatten": "Ingen information" }, "geometry": { "type": "Polygon", "coordinates": [ [ [ 14.63816480720142, 61.129984666283299 ], [ 14.638205709570583, 61.130106155803546 ], [ 14.638179963080049, 61.13016426337596 ], [ 14.637215913998888, 61.130381791193088 ], [ 14.637203423545989, 61.130483431712939 ], [ 14.636767504538035, 61.130527142197487 ], [ 14.636541523105391, 61.130658168117193 ], [ 14.636546915419419, 61.130789959243629 ], [ 14.636611955078033, 61.130844575452151 ], [ 14.637199379983239, 61.13100283291336 ], [ 14.63763634172629, 61.131098800979991 ], [ 14.63874841889438, 61.131019214613957 ], [ 14.638703100082271, 61.130425775907781 ], [ 14.638970640571316, 61.130382453854601 ], [ 14.638969693981638, 61.130125371428385 ], [ 14.63816480720142, 61.129984666283299 ] ] ] } },
{ "type": "Feature", "properties": { "objektidentitet": "e4f59af0-fc0a-4f1f-ae27-da2a11c165d7", "skapad": "2026-03-17T21:00:01", "objekttypnr": 2642, "objekttyp": "Åker", "vattenytaid": null, "hojd_over_havet": null, "reglerat_vatten": "Ingen information" }, "geometry": { "type": "Polygon", "coordinates": [ [ [ 14.641392735734287, 61.131759342498242 ], [ 14.640885246935712, 61.131760833550203 ], [ 14.640328076770786, 61.131623303405291 ], [ 14.64010722879221, 61.131600729399281 ], [ 14.63939488089591, 61.13145580697082 ], [ 14.639388289116894, 61.131389102306422 ], [ 14.639731600972979, 61.131331427597914 ], [ 14.639678357516452, 61.131238185805373 ], [ 14.638745991547431, 61.131358623829392 ], [ 14.638589506108005, 61.131419695038808 ], [ 14.638660847394306, 61.131724386432722 ], [ 14.639112749175052, 61.13199466701932 ], [ 14.638983594714142, 61.132639504975948 ], [ 14.639278943403649, 61.132834330197589 ], [ 14.641396344575847, 61.13294624726273 ], [ 14.642536292752036, 61.132986413958811 ], [ 14.642734782811532, 61.132987261233517 ], [ 14.642766539837016, 61.132920828432091 ], [ 14.642016696067678, 61.131983824483541 ], [ 14.641422595930285, 61.131934139056781 ], [ 14.641427825684501, 61.131798686627874 ], [ 14.641392735734287, 61.131759342498242 ] ] ] } },
{ "type": "Feature", "properties": { "objektidentitet": "aca3a1ce-690d-4fb2-af22-92555669f047", "skapad": "2026-03-17T21:00:01", "objekttypnr": 2642, "objekttyp": "Åker", "vattenytaid": null, "hojd_over_havet": null, "reglerat_vatten": "Ingen information" }, "geometry": { "type": "Polygon", "coordinates": [ [ [ 14.646728354975371, 61.122869699753807 ], [ 14.646828124021114, 61.122881020908871 ], [ 14.646872650041308, 61.122922803193916 ], [ 14.647584637049562, 61.123087598771114 ], [ 14.647694873403934, 61.123072470879912 ], [ 14.647721508866148, 61.12300573610937 ], [ 14.647367795908547, 61.122908545287295 ], [ 14.647104006167103, 61.122550629325261 ], [ 14.647082460003519, 61.12249543127691 ], [ 14.647431904166501, 61.122162259310294 ], [ 14.648644518354665, 61.122181359034244 ], [ 14.648848073630774, 61.122008992525551 ], [ 14.6488916213119, 61.121878083117942 ], [ 14.648203164180696, 61.121783993249494 ], [ 14.647970505613051, 61.121897810426191 ], [ 14.647660419909592, 61.12181573600602 ], [ 14.6475517504936, 61.121808880910919 ], [ 14.647417552819942, 61.121829386683295 ], [ 14.64731973233839, 61.121826698721478 ], [ 14.64708143411405, 61.121750178788368 ], [ 14.646964045490769, 61.12175465756409 ], [ 14.646629173502577, 61.121834915761504 ], [ 14.646292002678946, 61.121798527326689 ], [ 14.646220152542183, 61.121742317830673 ], [ 14.646043171521358, 61.121767890514199 ], [ 14.645325434489452, 61.122184162083855 ], [ 14.645205049890889, 61.122647758071317 ], [ 14.645639772926444, 61.123071457414937 ], [ 14.646293908193121, 61.123096161380801 ], [ 14.646482186677368, 61.123063471620462 ], [ 14.646562441732677, 61.122984003061916 ], [ 14.646584188401158, 61.122929788756956 ], [ 14.646728354975371, 61.122869699753807 ] ] ] } },
{ "type": "Feature", "properties": { "objektidentitet": "49cec3bd-f069-4bd4-829e-78952e228a5b", "skapad": "2026-03-17T21:00:01", "objekttypnr": 2642, "objekttyp": "Åker", "vattenytaid": null, "hojd_over_havet": null, "reglerat_vatten": "Ingen information" }, "geometry": { "type": "Polygon", "coordinates": [ [ [ 14.647640542799948, 61.119968422554564 ], [ 14.647551717074277, 61.120106817997737 ], [ 14.647659053578725, 61.120981466998437 ], [ 14.648672148857699, 61.121128555396879 ], [ 14.649426402285474, 61.121102438744806 ], [ 14.649559165696134, 61.120892575737244 ], [ 14.649612433689368, 61.120771746397011 ], [ 14.649492145430372, 61.12058590772746 ], [ 14.64942293522323, 61.120503895493101 ], [ 14.649368950098534, 61.120299042953292 ], [ 14.64903400736924, 61.120206878649299 ], [ 14.647971733257958, 61.120000231679228 ], [ 14.647640542799948, 61.119968422554564 ] ] ] } },
{ "type": "Feature", "properties": { "objektidentitet": "632f9229-a403-4b50-a858-7a709566036e", "skapad": "2026-03-17T21:00:01", "objekttypnr": 2642, "objekttyp": "Åker", "vattenytaid": null, "hojd_over_havet": null, "reglerat_vatten": "Ingen information" }, "geometry": { "type": "Polygon", "coordinates": [ [ [ 14.648659111822948, 61.118288517740041 ], [ 14.648513906379975, 61.118345760248019 ], [ 14.648335686528789, 61.118329388252448 ], [ 14.64829856057737, 61.11833854792733 ], [ 14.648266220330081, 61.118414757376229 ], [ 14.648445811146695, 61.118464818001513 ], [ 14.648489580071629, 61.118544295809301 ], [ 14.64856725012201, 61.118577491077502 ], [ 14.648734317697572, 61.118617301994028 ], [ 14.64890628141768, 61.118634025179276 ], [ 14.649126980370523, 61.118622280184638 ], [ 14.649367939977134, 61.118426667713273 ], [ 14.648659111822948, 61.118288517740041 ] ] ] } },
{ "type": "Feature", "properties": { "objektidentitet": "221ed344-1d2f-4dde-97e2-4e9271512599", "skapad": "2026-03-17T21:00:01", "objekttypnr": 2642, "objekttyp": "Åker", "vattenytaid": null, "hojd_over_havet": null, "reglerat_vatten": "Ingen information" }, "geometry": { "type": "Polygon", "coordinates": [ [ [ 14.648581178928259, 61.124186537127315 ], [ 14.64820294790397, 61.124600347728503 ], [ 14.648256669746864, 61.124703588627661 ], [ 14.648517138669664, 61.124778350806771 ], [ 14.649260278718542, 61.124824908452119 ], [ 14.650220885948265, 61.124578503053499 ], [ 14.649310863031932, 61.124328888751712 ], [ 14.649208394353609, 61.124244114814488 ], [ 14.648581178928259, 61.124186537127315 ] ] ] } },
{ "type": "Feature", "properties": { "objektidentitet": "f475dc74-96b6-4c82-b78d-32288603acf7", "skapad": "2026-03-17T21:00:01", "objekttypnr": 2642, "objekttyp": "Åker", "vattenytaid": null, "hojd_over_havet": null, "reglerat_vatten": "Ingen information" }, "geometry": { "type": "Polygon", "coordinates": [ [ [ 14.648801936294756, 61.124954131290536 ], [ 14.648640491747015, 61.125110365986778 ], [ 14.648642905913558, 61.125138697297075 ], [ 14.649234098649519, 61.125249267383182 ], [ 14.649957752386159, 61.125497942194819 ], [ 14.650223033236578, 61.125289426984303 ], [ 14.650315903879982, 61.125198488199196 ], [ 14.649634156861346, 61.125146960153828 ], [ 14.649419722514407, 61.125071709289458 ], [ 14.649189673191431, 61.125032095200339 ], [ 14.648801936294756, 61.124954131290536 ] ] ] } },
{ "type": "Feature", "properties": { "objektidentitet": "cab21974-50a9-4f84-8bc3-817410c83d49", "skapad": "2026-03-17T21:00:01", "objekttypnr": 2642, "objekttyp": "Åker", "vattenytaid": null, "hojd_over_havet": null, "reglerat_vatten": "Ingen information" }, "geometry": { "type": "Polygon", "coordinates": [ [ [ 14.649540689295478, 61.121490128366716 ], [ 14.649179219806976, 61.121855944703128 ], [ 14.649399109917958, 61.121904151182733 ], [ 14.649839295365945, 61.121913766433103 ], [ 14.650471805264122, 61.121891422559194 ], [ 14.650605787369162, 61.121849931958259 ], [ 14.650690169943882, 61.121783713979582 ], [ 14.650730555847504, 61.121634175753975 ], [ 14.649540689295478, 61.121490128366716 ] ] ] } },
{ "type": "Feature", "properties": { "objektidentitet": "eebf7906-25a9-4b30-b7f6-ff9050fe9df4", "skapad": "2026-03-17T21:00:01", "objekttypnr": 2642, "objekttyp": "Åker", "vattenytaid": null, "hojd_over_havet": null, "reglerat_vatten": "Ingen information" }, "geometry": { "type": "Polygon", "coordinates": [ [ [ 14.651323620237548, 61.120324529196878 ], [ 14.651817388298369, 61.120060479069764 ], [ 14.651987001370296, 61.119751683027793 ], [ 14.651493721186517, 61.119698943058957 ], [ 14.651405587371379, 61.119777810659102 ], [ 14.651268179665818, 61.119797584817512 ], [ 14.651117105809151, 61.119755618781738 ], [ 14.651125260032355, 61.119746599236464 ], [ 14.650452083153249, 61.119692538450799 ], [ 14.650383836062554, 61.119719879158438 ], [ 14.650306277549033, 61.119795433542421 ], [ 14.650299807131887, 61.119821686188956 ], [ 14.650206675041376, 61.119892379268684 ], [ 14.649768060882792, 61.11986572920496 ], [ 14.64971199925974, 61.119771280870495 ], [ 14.649710250208118, 61.119773359150734 ], [ 14.649749919404485, 61.119903442950815 ], [ 14.649485748332907, 61.119913307779875 ], [ 14.649405426819939, 61.119961615767394 ], [ 14.649361304699209, 61.120111323414939 ], [ 14.649491362043133, 61.120261132625828 ], [ 14.649667705670076, 61.12028204987336 ], [ 14.649751561144139, 61.120268306560845 ], [ 14.64976186858458, 61.120259301440299 ], [ 14.64992758766277, 61.120247448645962 ], [ 14.650040217685836, 61.120305234343 ], [ 14.650037804008683, 61.120313711944078 ], [ 14.650089419842175, 61.120343768668803 ], [ 14.650424747733107, 61.120401492384659 ], [ 14.650431156865521, 61.120394201032219 ], [ 14.650512735307631, 61.120408524905258 ], [ 14.650598860835512, 61.120471592240676 ], [ 14.650515319448525, 61.120574522884674 ], [ 14.650365884306407, 61.120708247495003 ], [ 14.650950842438602, 61.120828570938613 ], [ 14.651279636847004, 61.120833027857309 ], [ 14.651323620237548, 61.120324529196878 ] ] ] } },
{ "type": "Feature", "properties": { "objektidentitet": "2ada6704-2959-4d9d-8f3d-a0478bb1eca7", "skapad": "2026-03-17T21:00:01", "objekttypnr": 2642, "objekttyp": "Åker", "vattenytaid": null, "hojd_over_havet": null, "reglerat_vatten": "Ingen information" }, "geometry": { "type": "Polygon", "coordinates": [ [ [ 14.650266913078079, 61.120796540079411 ], [ 14.649798446447786, 61.121215706202051 ], [ 14.651006501826616, 61.121401024301683 ], [ 14.65120345319076, 61.121393443253822 ], [ 14.651292977850188, 61.121342096460452 ], [ 14.651361527919882, 61.120964010154665 ], [ 14.650266913078079, 61.120796540079411 ] ] ] } },
{ "type": "Feature", "properties": { "objektidentitet": "3f6ff2fa-9ae3-447d-a9e1-13bfa658dc2e", "skapad": "2026-03-17T21:00:01", "objekttypnr": 2640, "objekttyp": "Öppen mark", "vattenytaid": null, "hojd_over_havet": null, "reglerat_vatten": "Ingen information" }, "geometry": { "type": "Polygon", "coordinates": [ [ [ 14.638875591982455, 61.126894493135303 ], [ 14.638517483808272, 61.126717481315872 ], [ 14.637453077278565, 61.126823165957845 ], [ 14.637314051873, 61.126580607450819 ], [ 14.638347584311798, 61.126349483788417 ], [ 14.638673061344806, 61.12617138945317 ], [ 14.638493791507107, 61.125655295536504 ], [ 14.636912524944245, 61.125738073820429 ], [ 14.636698895697373, 61.125412251316781 ], [ 14.637592653564829, 61.125265679475923 ], [ 14.637377623373844, 61.124919259064171 ], [ 14.637290596343449, 61.124887477575868 ], [ 14.63622865674318, 61.124869148377726 ], [ 14.635628922153574, 61.124932641739946 ], [ 14.635253251080726, 61.125313384941663 ], [ 14.635303949952641, 61.125459536942394 ], [ 14.635473908903743, 61.125594914064031 ], [ 14.634672003649985, 61.125765197239872 ], [ 14.634467619162988, 61.125794846436676 ], [ 14.634710657148764, 61.126010728481269 ], [ 14.63490902922298, 61.125977785594195 ], [ 14.636109590589284, 61.126908637237747 ], [ 14.635787106350616, 61.126945754540692 ], [ 14.635408732614607, 61.126892134158609 ], [ 14.635395182448629, 61.127066016316832 ], [ 14.635817274973947, 61.127697100750993 ], [ 14.6365777075103, 61.128091512873361 ], [ 14.63706796135653, 61.128223160092858 ], [ 14.637046971881309, 61.127937734342936 ], [ 14.637637555437573, 61.127322863630745 ], [ 14.63899474858521, 61.127231497646605 ], [ 14.638875591982455, 61.126894493135303 ] ] ] } },
{ "type": "Feature", "properties": { "objektidentitet": "0193ad6c-8640-4d6d-b6ba-04ca53fdb9ea", "skapad": "2026-03-17T21:00:01", "objekttypnr": 2640, "objekttyp": "Öppen mark", "vattenytaid": null, "hojd_over_havet": null, "reglerat_vatten": "Ingen information" }, "geometry": { "type": "Polygon", "coordinates": [ [ [ 14.639678357516452, 61.131238185805373 ], [ 14.639731600972979, 61.131331427597914 ], [ 14.639388289116894, 61.131389102306422 ], [ 14.63939488089591, 61.13145580697082 ], [ 14.64010722879221, 61.131600729399281 ], [ 14.640328076770786, 61.131623303405291 ], [ 14.640705598740997, 61.131643204875289 ], [ 14.641456669931449, 61.131614268617369 ], [ 14.641827776315839, 61.131585903190796 ], [ 14.64298119748376, 61.131433096503493 ], [ 14.642990669225357, 61.131296272425637 ], [ 14.64282485923402, 61.131100306850307 ], [ 14.642693177456598, 61.131068536773803 ], [ 14.642520505923347, 61.13110384839019 ], [ 14.642100834131032, 61.131322857249813 ], [ 14.641431776901063, 61.131140469794772 ], [ 14.641030248639716, 61.130947683512773 ], [ 14.641043785926774, 61.130852509765752 ], [ 14.641938461378201, 61.13054806311515 ], [ 14.641779137264596, 61.130396724145477 ], [ 14.640492444451491, 61.130397836087248 ], [ 14.640148161264042, 61.130403169521571 ], [ 14.639784573176941, 61.130000534094329 ], [ 14.638969693981638, 61.130125371428385 ], [ 14.638970640571316, 61.130382453854601 ], [ 14.638703100082271, 61.130425775907781 ], [ 14.63874841889438, 61.131019214613957 ], [ 14.63763634172629, 61.131098800979991 ], [ 14.637199379983239, 61.13100283291336 ], [ 14.636641349969137, 61.131270876815492 ], [ 14.636248337417337, 61.131454018838767 ], [ 14.636235355755925, 61.131777293383692 ], [ 14.636449745005365, 61.131778543060705 ], [ 14.636539600434807, 61.132002027079899 ], [ 14.636912472448634, 61.132231531804081 ], [ 14.638001806781958, 61.132823988674573 ], [ 14.638691065911672, 61.132854900977364 ], [ 14.639258014365074, 61.132964955598361 ], [ 14.639278943403649, 61.132834330197589 ], [ 14.638983594714142, 61.132639504975948 ], [ 14.639112749175052, 61.13199466701932 ], [ 14.638660847394306, 61.131724386432722 ], [ 14.638589506108005, 61.131419695038808 ], [ 14.638745991547431, 61.131358623829392 ], [ 14.639678357516452, 61.131238185805373 ] ] ] } },
{ "type": "Feature", "properties": { "objektidentitet": "127b1635-15bd-4d9d-8238-624a4f12fdd3", "skapad": "2026-03-17T21:00:01", "objekttypnr": 2645, "objekttyp": "Barr- och blandskog", "vattenytaid": null, "hojd_over_havet": null, "reglerat_vatten": "Ingen information" }, "geometry": { "type": "Polygon", "coordinates": [ [ [ 14.628683829031305, 61.131176327209161 ], [ 14.628661140927841, 61.133109299656574 ], [ 14.628979644143966, 61.132898440150576 ], [ 14.629300140091296, 61.132539352537783 ], [ 14.629108756300548, 61.132143219958259 ], [ 14.628777898879218, 61.131929816274969 ], [ 14.629181483503823, 61.131875341420191 ], [ 14.630120697762729, 61.131750076819884 ], [ 14.631280612194518, 61.131585608773783 ], [ 14.631113539337928, 61.131519947381015 ], [ 14.629412321764873, 61.130968503621141 ], [ 14.628683829031305, 61.131176327209161 ] ] ] } },
{ "type": "Feature", "properties": { "objektidentitet": "9e3ab796-847d-47f3-966d-2bd7c6973251", "skapad": "2026-03-17T21:00:01", "objekttypnr": 2640, "objekttyp": "Öppen mark", "vattenytaid": null, "hojd_over_havet": null, "reglerat_vatten": "Ingen information" }, "geometry": { "type": "Polygon", "coordinates": [ [ [ 14.629023592517981, 61.129798237280042 ], [ 14.628698628653968, 61.129915287579266 ], [ 14.628692394405592, 61.130446506775101 ], [ 14.629507766100808, 61.130139545456572 ], [ 14.629023592517981, 61.129798237280042 ] ] ] } },
{ "type": "Feature", "properties": { "objektidentitet": "1d2be400-2b65-4480-8d13-f1111b1087f4", "skapad": "2026-03-17T21:00:01", "objekttypnr": 2640, "objekttyp": "Öppen mark", "vattenytaid": null, "hojd_over_havet": null, "reglerat_vatten": "Ingen information" }, "geometry": { "type": "Polygon", "coordinates": [ [ [ 14.630758306083781, 61.129691154906297 ], [ 14.630477961830918, 61.12979867091309 ], [ 14.631191336929012, 61.13036004418904 ], [ 14.631562503227634, 61.130597100518031 ], [ 14.632124991125581, 61.130899972000783 ], [ 14.632199439642767, 61.130912779478884 ], [ 14.63276601563272, 61.130736503604865 ], [ 14.632848201656703, 61.130605686173197 ], [ 14.632247929954577, 61.130475439325856 ], [ 14.631667891979966, 61.13023901041678 ], [ 14.630758306083781, 61.129691154906297 ] ] ] } },
{ "type": "Feature", "properties": { "objektidentitet": "862e2ed6-24c6-43d6-ad59-cf4bbbd0e5e0", "skapad": "2026-03-17T21:00:01", "objekttypnr": 2640, "objekttyp": "Öppen mark", "vattenytaid": null, "hojd_over_havet": null, "reglerat_vatten": "Ingen information" }, "geometry": { "type": "Polygon", "coordinates": [ [ [ 14.632581288461092, 61.133465288732076 ], [ 14.633073036068353, 61.133473877101473 ], [ 14.632910885065405, 61.133352533068596 ], [ 14.632655840700451, 61.133021968487462 ], [ 14.632674450163481, 61.132947970019394 ], [ 14.632746219131572, 61.132897736345669 ], [ 14.632823306180191, 61.132873983682764 ], [ 14.633069648963549, 61.132883881306427 ], [ 14.633117255151463, 61.132898240180324 ], [ 14.633664073045566, 61.133470415156282 ], [ 14.633841671692766, 61.133434903755294 ], [ 14.633577924143673, 61.133176786590653 ], [ 14.632951791210006, 61.132672205424768 ], [ 14.63118509893963, 61.132803101294115 ], [ 14.631028929291846, 61.132647385767591 ], [ 14.630304532991609, 61.132681795622197 ], [ 14.630231366100489, 61.133048321952963 ], [ 14.631569148977018, 61.13310494072558 ], [ 14.63161712567028, 61.133345757843685 ], [ 14.631397374389776, 61.133857990882092 ], [ 14.631202142241877, 61.134075718598517 ], [ 14.631002359131742, 61.134408000085237 ], [ 14.63154904236748, 61.13453477527117 ], [ 14.631894382481354, 61.134394727617575 ], [ 14.631847966619427, 61.134135968004543 ], [ 14.632154503360132, 61.133552892847497 ], [ 14.632246250481966, 61.133510847714511 ], [ 14.632557469335469, 61.133506611698245 ], [ 14.632581288461092, 61.133465288732076 ] ] ] } },
{ "type": "Feature", "properties": { "objektidentitet": "e712d4ca-d19f-4332-839a-cf62950db97d", "skapad": "2026-03-17T21:00:01", "objekttypnr": 2645, "objekttyp": "Barr- och blandskog", "vattenytaid": null, "hojd_over_havet": null, "reglerat_vatten": "Ingen information" }, "geometry": { "type": "Polygon", "coordinates": [ [ [ 14.636132784254491, 61.132527294586986 ], [ 14.63615046060178, 61.132494923261341 ], [ 14.636017626640546, 61.132334221869471 ], [ 14.634939100878375, 61.132542609361622 ], [ 14.633762144883482, 61.131739971061762 ], [ 14.632724483435632, 61.132308669062809 ], [ 14.632766466826224, 61.132394673773909 ], [ 14.632718061182024, 61.132426853577584 ], [ 14.632951791210006, 61.132672205424768 ], [ 14.633577924143673, 61.133176786590653 ], [ 14.635240387497515, 61.132766080948954 ], [ 14.635930219722781, 61.132620990003716 ], [ 14.636132784254491, 61.132527294586986 ] ] ] } },
{ "type": "Feature", "properties": { "objektidentitet": "872872de-a4f4-4d84-a12b-9404588397cd", "skapad": "2026-03-17T21:00:01", "objekttypnr": 2645, "objekttyp": "Barr- och blandskog", "vattenytaid": null, "hojd_over_havet": null, "reglerat_vatten": "Ingen information" }, "geometry": { "type": "Polygon", "coordinates": [ [ [ 14.628967862233663, 61.128203827598988 ], [ 14.628760113179641, 61.128489973879134 ], [ 14.629599752813503, 61.129042544613434 ], [ 14.629643498421318, 61.129048275518386 ], [ 14.629767813368268, 61.129001787355584 ], [ 14.630083253407822, 61.128905851081484 ], [ 14.630242827881128, 61.128825424051499 ], [ 14.628967862233663, 61.128203827598988 ] ] ] } },
{ "type": "Feature", "properties": { "objektidentitet": "33fb7e8e-0be9-4584-8311-3ad9bd6c2ff2", "skapad": "2026-03-17T21:00:01", "objekttypnr": 2645, "objekttyp": "Barr- och blandskog", "vattenytaid": null, "hojd_over_havet": null, "reglerat_vatten": "Ingen information" }, "geometry": { "type": "Polygon", "coordinates": [ [ [ 14.636518197753503, 61.122061335829272 ], [ 14.635764398824049, 61.122135314652411 ], [ 14.635865616190976, 61.122273513765833 ], [ 14.63675296313553, 61.122794575976208 ], [ 14.636918076690371, 61.122824161334108 ], [ 14.637014150398283, 61.122746312137828 ], [ 14.636782316173694, 61.122476875251557 ], [ 14.636755510437647, 61.122313882400483 ], [ 14.636788676291292, 61.122173360652837 ], [ 14.636518197753503, 61.122061335829272 ] ] ] } },
{ "type": "Feature", "properties": { "objektidentitet": "b7d46577-0349-46bc-a496-ff64be42d11b", "skapad": "2026-03-17T21:00:01", "objekttypnr": 2640, "objekttyp": "Öppen mark", "vattenytaid": null, "hojd_over_havet": null, "reglerat_vatten": "Ingen information" }, "geometry": { "type": "Polygon", "coordinates": [ [ [ 14.628715205469902, 61.128502679841219 ], [ 14.628760113179641, 61.128489973879134 ], [ 14.628967862233663, 61.128203827598988 ], [ 14.628720411650308, 61.12805900061187 ], [ 14.628715205469902, 61.128502679841219 ] ] ] } },
{ "type": "Feature", "properties": { "objektidentitet": "66f6f387-9284-49fa-9404-e9236fbc578f", "skapad": "2026-03-17T21:00:01", "objekttypnr": 2640, "objekttyp": "Öppen mark", "vattenytaid": null, "hojd_over_havet": null, "reglerat_vatten": "Ingen information" }, "geometry": { "type": "Polygon", "coordinates": [ [ [ 14.630693206059465, 61.12304192810344 ], [ 14.630556947550303, 61.123072233528994 ], [ 14.630139377679363, 61.123645476773518 ], [ 14.628770674603837, 61.12377477029009 ], [ 14.628765656134158, 61.124202586486334 ], [ 14.629552601178483, 61.124196528961605 ], [ 14.629591895656439, 61.12405863815426 ], [ 14.62986687112085, 61.123925199094202 ], [ 14.629811326247362, 61.123756119967823 ], [ 14.630243907430538, 61.123670038427157 ], [ 14.630693206059465, 61.12304192810344 ] ] ] } },
{ "type": "Feature", "properties": { "objektidentitet": "e814a98d-572c-4830-80c0-1dfc904a4b98", "skapad": "2026-03-17T21:00:01", "objekttypnr": 2640, "objekttyp": "Öppen mark", "vattenytaid": null, "hojd_over_havet": null, "reglerat_vatten": "Ingen information" }, "geometry": { "type": "Polygon", "coordinates": [ [ [ 14.637504746104923, 61.124278420699675 ], [ 14.638010140930339, 61.12381828618048 ], [ 14.638261794233669, 61.123368927482176 ], [ 14.638404285249177, 61.122860839503325 ], [ 14.638473629128793, 61.12206468173806 ], [ 14.637582207478191, 61.121942558897004 ], [ 14.637685433632948, 61.121286564336131 ], [ 14.637145597117792, 61.121334818741452 ], [ 14.63653765775476, 61.121368846448249 ], [ 14.636305147019522, 61.121285499775446 ], [ 14.636345781614814, 61.121147637462336 ], [ 14.635798500398369, 61.120975110435324 ], [ 14.635503877827885, 61.121036515153655 ], [ 14.634663349041618, 61.121440324558236 ], [ 14.634943988107556, 61.121489481681714 ], [ 14.635760223910813, 61.121498172923815 ], [ 14.636091913353855, 61.12160964586522 ], [ 14.635211686128054, 61.12188209559708 ], [ 14.63437498713748, 61.121900710251623 ], [ 14.63405861577453, 61.121850009766852 ], [ 14.633024890245942, 61.121765178573902 ], [ 14.632445300566074, 61.121439433016683 ], [ 14.632097726091018, 61.121027222213442 ], [ 14.63150953466765, 61.121075636868831 ], [ 14.631893930414815, 61.122239044761407 ], [ 14.631839891625575, 61.122356265006317 ], [ 14.631645853559725, 61.122433152570629 ], [ 14.630444630943202, 61.122549506100817 ], [ 14.62989416309691, 61.121323243641257 ], [ 14.629221579649045, 61.121396133356228 ], [ 14.628798789216953, 61.1213777992443 ], [ 14.62879132299568, 61.122014388679304 ], [ 14.628850859278305, 61.122008563892933 ], [ 14.629193248822698, 61.122787747190799 ], [ 14.630328577374529, 61.122674393843141 ], [ 14.630407043773204, 61.122732398725638 ], [ 14.630521591489089, 61.122720600543744 ], [ 14.631027940178509, 61.12267719203556 ], [ 14.632187428573353, 61.122841340400065 ], [ 14.632789715652013, 61.1238412049197 ], [ 14.632847062115772, 61.12392036544982 ], [ 14.632889316531879, 61.123946874993869 ], [ 14.633015898483766, 61.123963647773657 ], [ 14.633164981582301, 61.123925626989809 ], [ 14.633195944398825, 61.123863000875957 ], [ 14.632689821488878, 61.123033170338445 ], [ 14.632778282845827, 61.122990101360976 ], [ 14.632947219157064, 61.122953903540242 ], [ 14.633420487367832, 61.122912515014654 ], [ 14.6337293120528, 61.12331942837546 ], [ 14.634693780045886, 61.123233981559864 ], [ 14.634799547213234, 61.123344533072867 ], [ 14.634752578825029, 61.123395086066104 ], [ 14.633896218060121, 61.123497309226885 ], [ 14.63433784662913, 61.124358706261219 ], [ 14.634307577314262, 61.124560643592559 ], [ 14.635492134678586, 61.124499317015264 ], [ 14.636166281774383, 61.124638770975359 ], [ 14.63718260562929, 61.124662041802708 ], [ 14.637504746104923, 61.124278420699675 ] ], [ [ 14.635865616190976, 61.122273513765833 ], [ 14.635764398824049, 61.122135314652411 ], [ 14.636518197753503, 61.122061335829272 ], [ 14.636788676291292, 61.122173360652837 ], [ 14.636755510437647, 61.122313882400483 ], [ 14.636782316173694, 61.122476875251557 ], [ 14.637014150398283, 61.122746312137828 ], [ 14.636918076690371, 61.122824161334108 ], [ 14.63675296313553, 61.122794575976208 ], [ 14.635865616190976, 61.122273513765833 ] ] ] } },
{ "type": "Feature", "properties": { "objektidentitet": "5159be85-d1d4-4dd7-90df-8a603d2fac5d", "skapad": "2026-03-17T21:00:01", "objekttypnr": 2640, "objekttyp": "Öppen mark", "vattenytaid": null, "hojd_over_havet": null, "reglerat_vatten": "Ingen information" }, "geometry": { "type": "Polygon", "coordinates": [ [ [ 14.62880545249887, 61.120809645534457 ], [ 14.628801524749763, 61.121144553203756 ], [ 14.629011662433609, 61.121003549176187 ], [ 14.629356113213833, 61.120885025189779 ], [ 14.62925363262876, 61.120778240384844 ], [ 14.62880545249887, 61.120809645534457 ] ] ] } },
{ "type": "Feature", "properties": { "objektidentitet": "89c6eb82-bad5-4b57-8d70-982a5fb0fcfb", "skapad": "2026-03-17T21:00:01", "objekttypnr": 2640, "objekttyp": "Öppen mark", "vattenytaid": null, "hojd_over_havet": null, "reglerat_vatten": "Ingen information" }, "geometry": { "type": "Polygon", "coordinates": [ [ [ 14.630133241199225, 61.126560725783378 ], [ 14.628991166931042, 61.126634269356543 ], [ 14.628965539599674, 61.1272145444063 ], [ 14.629131544752029, 61.127362631133281 ], [ 14.629085931834577, 61.127890160540616 ], [ 14.630193359729178, 61.127739994444916 ], [ 14.629873457299675, 61.127021826195318 ], [ 14.630297601372629, 61.126946710219855 ], [ 14.630133241199225, 61.126560725783378 ] ] ] } },
{ "type": "Feature", "properties": { "objektidentitet": "b7024314-9e5f-4920-92c3-d60f801d9d7f", "skapad": "2026-03-17T21:00:01", "objekttypnr": 2645, "objekttyp": "Barr- och blandskog", "vattenytaid": null, "hojd_over_havet": null, "reglerat_vatten": "Ingen information" }, "geometry": { "type": "Polygon", "coordinates": [ [ [ 14.629389856298413, 61.120174808640385 ], [ 14.628811149645346, 61.120323851986349 ], [ 14.62880545249887, 61.120809645534457 ], [ 14.62925363262876, 61.120778240384844 ], [ 14.629356113213833, 61.120885025189779 ], [ 14.629011662433609, 61.121003549176187 ], [ 14.628801524749763, 61.121144553203756 ], [ 14.628798789216953, 61.1213777992443 ], [ 14.629221579649045, 61.121396133356228 ], [ 14.62989416309691, 61.121323243641257 ], [ 14.629389856298413, 61.120174808640385 ] ] ] } },
{ "type": "Feature", "properties": { "objektidentitet": "20582d0d-bfdc-4400-b07d-4cb8f5bd596c", "skapad": "2026-03-17T21:00:01", "objekttypnr": 2645, "objekttyp": "Barr- och blandskog", "vattenytaid": null, "hojd_over_havet": null, "reglerat_vatten": "Ingen information" }, "geometry": { "type": "Polygon", "coordinates": [ [ [ 14.634837106409481, 61.120378876507601 ], [ 14.634043620423423, 61.120454947117118 ], [ 14.634136435635646, 61.12089180853453 ], [ 14.632097726091018, 61.121027222213442 ], [ 14.632445300566074, 61.121439433016683 ], [ 14.633024890245942, 61.121765178573902 ], [ 14.63405861577453, 61.121850009766852 ], [ 14.63437498713748, 61.121900710251623 ], [ 14.635211686128054, 61.12188209559708 ], [ 14.636091913353855, 61.12160964586522 ], [ 14.635760223910813, 61.121498172923815 ], [ 14.634943988107556, 61.121489481681714 ], [ 14.634663349041618, 61.121440324558236 ], [ 14.634976424717134, 61.121037840059167 ], [ 14.635031674164114, 61.12093194304078 ], [ 14.63488179420909, 61.120401720111097 ], [ 14.634837106409481, 61.120378876507601 ] ] ] } },
{ "type": "Feature", "properties": { "objektidentitet": "9dd55be3-1d95-46bd-bb25-be2194b7e07f", "skapad": "2026-03-17T21:00:01", "objekttypnr": 2645, "objekttyp": "Barr- och blandskog", "vattenytaid": null, "hojd_over_havet": null, "reglerat_vatten": "Ingen information" }, "geometry": { "type": "Polygon", "coordinates": [ [ [ 14.63490902922298, 61.125977785594195 ], [ 14.634710657148764, 61.126010728481269 ], [ 14.633695392449935, 61.126108840356864 ], [ 14.633650749242289, 61.126208185000849 ], [ 14.635408732614607, 61.126892134158609 ], [ 14.635787106350616, 61.126945754540692 ], [ 14.636109590589284, 61.126908637237747 ], [ 14.63490902922298, 61.125977785594195 ] ] ] } },
{ "type": "Feature", "properties": { "objektidentitet": "e471a324-70a1-4360-ac8e-452107dfcb69", "skapad": "2026-03-17T21:00:01", "objekttypnr": 2645, "objekttyp": "Barr- och blandskog", "vattenytaid": null, "hojd_over_havet": null, "reglerat_vatten": "Ingen information" }, "geometry": { "type": "Polygon", "coordinates": [ [ [ 14.628991166931042, 61.126634269356543 ], [ 14.628736777774748, 61.126664159083376 ], [ 14.628721944789342, 61.12792834125171 ], [ 14.629085931834577, 61.127890160540616 ], [ 14.629131544752029, 61.127362631133281 ], [ 14.628965539599674, 61.1272145444063 ], [ 14.628991166931042, 61.126634269356543 ] ] ] } },
{ "type": "Feature", "properties": { "objektidentitet": "53372c36-3bb9-48e3-bf08-5d2b87e30100", "skapad": "2026-03-17T21:00:01", "objekttypnr": 2645, "objekttyp": "Barr- och blandskog", "vattenytaid": null, "hojd_over_havet": null, "reglerat_vatten": "Ingen information" }, "geometry": { "type": "Polygon", "coordinates": [ [ [ 14.62986687112085, 61.123925199094202 ], [ 14.629591895656439, 61.12405863815426 ], [ 14.629552601178483, 61.124196528961605 ], [ 14.628765656134158, 61.124202586486334 ], [ 14.628759329588892, 61.124741894920682 ], [ 14.630106109578604, 61.124622641584587 ], [ 14.62986687112085, 61.123925199094202 ] ] ] } },
{ "type": "Feature", "properties": { "objektidentitet": "75fe80fb-2fd2-4dc4-9880-b73ab18022bf", "skapad": "2026-03-17T21:00:01", "objekttypnr": 2645, "objekttyp": "Barr- och blandskog", "vattenytaid": null, "hojd_over_havet": null, "reglerat_vatten": "Ingen information" }, "geometry": { "type": "Polygon", "coordinates": [ [ [ 14.635131403354553, 61.130933807578963 ], [ 14.634171753997439, 61.131494305636181 ], [ 14.634250140586326, 61.131503926359365 ], [ 14.634454738264838, 61.131598818262546 ], [ 14.635160270159625, 61.131735820972466 ], [ 14.635300647702527, 61.131942141766565 ], [ 14.635518538210585, 61.1319264253627 ], [ 14.635944112135345, 61.131778395582565 ], [ 14.636235355755925, 61.131777293383692 ], [ 14.636248337417337, 61.131454018838767 ], [ 14.635131403354553, 61.130933807578963 ] ] ] } },
{ "type": "Feature", "properties": { "objektidentitet": "a99f2a36-245b-4142-8472-9fbe73d5662a", "skapad": "2026-03-17T21:00:01", "objekttypnr": 2640, "objekttyp": "Öppen mark", "vattenytaid": null, "hojd_over_havet": null, "reglerat_vatten": "Ingen information" }, "geometry": { "type": "Polygon", "coordinates": [ [ [ 14.650989017692014, 61.125344599104359 ], [ 14.650561635135126, 61.125746312828646 ], [ 14.650452050445898, 61.125797526748045 ], [ 14.650388604051418, 61.126037699134457 ], [ 14.650976608513517, 61.126264363391819 ], [ 14.651904931767072, 61.125575507511094 ], [ 14.65160553078131, 61.125419088149293 ], [ 14.650989017692014, 61.125344599104359 ] ] ] } },
{ "type": "Feature", "properties": { "objektidentitet": "e223c73f-8105-42c1-851a-962714520ae3", "skapad": "2026-03-17T21:00:01", "objekttypnr": 2640, "objekttyp": "Öppen mark", "vattenytaid": null, "hojd_over_havet": null, "reglerat_vatten": "Ingen information" }, "geometry": { "type": "Polygon", "coordinates": [ [ [ 14.669151022633192, 61.120446077445969 ], [ 14.66894979237625, 61.120448511777781 ], [ 14.668461862945581, 61.120434065631329 ], [ 14.668230276522397, 61.120317189930205 ], [ 14.668052826236481, 61.120161698581271 ], [ 14.667637654390193, 61.120567940281205 ], [ 14.668161103264143, 61.120756386014193 ], [ 14.668856006397219, 61.120879998938939 ], [ 14.669137241541343, 61.12059615298503 ], [ 14.669151022633192, 61.120446077445969 ] ] ] } },
{ "type": "Feature", "properties": { "objektidentitet": "f37fd49a-55dc-4580-90f4-e2241065a3b8", "skapad": "2026-03-17T21:00:01", "objekttypnr": 2640, "objekttyp": "Öppen mark", "vattenytaid": null, "hojd_over_havet": null, "reglerat_vatten": "Ingen information" }, "geometry": { "type": "Polygon", "coordinates": [ [ [ 14.671315036455285, 61.137069653068586 ], [ 14.672013109886214, 61.137041432850609 ], [ 14.672853724838021, 61.137206684396787 ], [ 14.673236518580717, 61.13700685649286 ], [ 14.673012745120211, 61.136839256993994 ], [ 14.67265152145991, 61.136611047808252 ], [ 14.671795985784987, 61.136086889406755 ], [ 14.670516535974397, 61.136550859254669 ], [ 14.670177883037494, 61.13701472512674 ], [ 14.670027685913308, 61.137035115736005 ], [ 14.669875263870695, 61.136156651893835 ], [ 14.669611394920704, 61.135764333355048 ], [ 14.669777702649663, 61.135523505479867 ], [ 14.669508779648217, 61.135356077313517 ], [ 14.668462617679129, 61.135632656096035 ], [ 14.668336988447376, 61.135722467384696 ], [ 14.66833350895347, 61.135857727321351 ], [ 14.667863117287125, 61.135795075776592 ], [ 14.66750949842239, 61.135899121729125 ], [ 14.668234350377046, 61.136461627642355 ], [ 14.668794683828159, 61.136446122269575 ], [ 14.669390119661054, 61.136358841750251 ], [ 14.66957271486128, 61.136751034027235 ], [ 14.66905921066647, 61.136926004410576 ], [ 14.669303516227036, 61.137211180065655 ], [ 14.670046926235248, 61.137284081049003 ], [ 14.670142498268401, 61.137163481953081 ], [ 14.67027688478054, 61.137138590914383 ], [ 14.670958672622362, 61.137346264031891 ], [ 14.671458335380963, 61.137577462479982 ], [ 14.671736330554232, 61.137639356772134 ], [ 14.672312671213291, 61.137507415187294 ], [ 14.671784765211362, 61.137390160544882 ], [ 14.671315036455285, 61.137069653068586 ] ] ] } },
{ "type": "Feature", "properties": { "objektidentitet": "a7e0e787-f49e-46a5-ab1e-93ee7159d1de", "skapad": "2026-03-17T21:00:01", "objekttypnr": 2640, "objekttyp": "Öppen mark", "vattenytaid": null, "hojd_over_havet": null, "reglerat_vatten": "Ingen information" }, "geometry": { "type": "Polygon", "coordinates": [ [ [ 14.663881069406234, 61.135392131482689 ], [ 14.662682860932206, 61.135506166506637 ], [ 14.66281650769649, 61.135747392159239 ], [ 14.663782613631565, 61.135768299437885 ], [ 14.664108587877383, 61.135701649695889 ], [ 14.66411536078378, 61.135448501542868 ], [ 14.663881069406234, 61.135392131482689 ] ] ] } },
{ "type": "Feature", "properties": { "objektidentitet": "556d52e8-2d20-4717-b971-bb3f76bc96da", "skapad": "2026-03-17T21:00:01", "objekttypnr": 2640, "objekttyp": "Öppen mark", "vattenytaid": null, "hojd_over_havet": null, "reglerat_vatten": "Ingen information" }, "geometry": { "type": "Polygon", "coordinates": [ [ [ 14.67386864673179, 61.136119821613363 ], [ 14.675002812425554, 61.136303973889639 ], [ 14.676043259593818, 61.136542046228818 ], [ 14.676610269227655, 61.136585274986722 ], [ 14.676678945835949, 61.136502726786574 ], [ 14.676766386476636, 61.136217531338396 ], [ 14.674685727139385, 61.136096578943068 ], [ 14.674220390406502, 61.135849880571499 ], [ 14.673567333735045, 61.135894614107627 ], [ 14.673012776878293, 61.13611229758272 ], [ 14.673753424093466, 61.13657381164127 ], [ 14.673974694398231, 61.136615113282055 ], [ 14.67409756350526, 61.136591941168639 ], [ 14.674104467408512, 61.136475174595269 ], [ 14.673634402078331, 61.136233122426511 ], [ 14.67386864673179, 61.136119821613363 ] ] ] } },
{ "type": "Feature", "properties": { "objektidentitet": "d7841b4c-7852-4efd-abd4-b3c0dd3872dd", "skapad": "2026-03-17T21:00:01", "objekttypnr": 2640, "objekttyp": "Öppen mark", "vattenytaid": null, "hojd_over_havet": null, "reglerat_vatten": "Ingen information" }, "geometry": { "type": "Polygon", "coordinates": [ [ [ 14.703910528452198, 61.140285663125823 ], [ 14.703780144409302, 61.140078978642862 ], [ 14.703742195987928, 61.139990590107836 ], [ 14.703747230726048, 61.139742553969583 ], [ 14.702493424506603, 61.139775247608448 ], [ 14.702364340870171, 61.139934795333275 ], [ 14.702118820482726, 61.140200203877846 ], [ 14.702157089404956, 61.140262019414479 ], [ 14.703020024161869, 61.140231820229388 ], [ 14.703494775089156, 61.14026775784285 ], [ 14.703669156851028, 61.140380945671346 ], [ 14.703956942115596, 61.140453880267387 ], [ 14.70395780675867, 61.140361512404191 ], [ 14.703910528452198, 61.140285663125823 ] ] ] } },
{ "type": "Feature", "properties": { "objektidentitet": "9cb1990c-e65c-4b80-bb91-a7c6a95745d6", "skapad": "2026-03-17T21:00:01", "objekttypnr": 2642, "objekttyp": "Åker", "vattenytaid": null, "hojd_over_havet": null, "reglerat_vatten": "Ingen information" }, "geometry": { "type": "Polygon", "coordinates": [ [ [ 14.655436099236981, 61.121424455262357 ], [ 14.655955726443942, 61.121725188569776 ], [ 14.656462475270606, 61.121797473331618 ], [ 14.657064321710051, 61.121699247590307 ], [ 14.657133488574846, 61.121651984103124 ], [ 14.657283152966006, 61.121342296182888 ], [ 14.65746973487261, 61.120699462365245 ], [ 14.657270562644745, 61.120571589275421 ], [ 14.656629665654522, 61.120411891274088 ], [ 14.656032448492768, 61.12043640055348 ], [ 14.655615559855503, 61.120463898292599 ], [ 14.655666430599975, 61.12076428240114 ], [ 14.654830612989539, 61.120957850998366 ], [ 14.654747351492169, 61.120923980683784 ], [ 14.654464211178164, 61.12077858880609 ], [ 14.654341615488025, 61.120500618149229 ], [ 14.654080929168519, 61.120536024724665 ], [ 14.653541831252525, 61.120711912274572 ], [ 14.653408643765346, 61.120812131954061 ], [ 14.65294870919919, 61.120743035373152 ], [ 14.652518871832587, 61.120897858977123 ], [ 14.652419644033223, 61.121172244677851 ], [ 14.65246792239615, 61.121322352607919 ], [ 14.652666143274898, 61.121400277448402 ], [ 14.652675618637653, 61.121399412981489 ], [ 14.652689897793891, 61.121403911710388 ], [ 14.6527231889471, 61.121465315654788 ], [ 14.652703253288292, 61.121504407962476 ], [ 14.652639922918091, 61.121526644997857 ], [ 14.652631468309188, 61.121703405858824 ], [ 14.653138662191923, 61.122042605933501 ], [ 14.653565813499451, 61.121942699957707 ], [ 14.65358910562807, 61.121871592324197 ], [ 14.653548476617376, 61.12151043578023 ], [ 14.654323323806295, 61.121461729289948 ], [ 14.655436099236981, 61.121424455262357 ] ] ] } },
{ "type": "Feature", "properties": { "objektidentitet": "699642ed-f999-46ea-9a1a-3a49df79f7b1", "skapad": "2026-03-17T21:00:01", "objekttypnr": 2642, "objekttyp": "Åker", "vattenytaid": null, "hojd_over_havet": null, "reglerat_vatten": "Ingen information" }, "geometry": { "type": "Polygon", "coordinates": [ [ [ 14.65648770325088, 61.127176853062252 ], [ 14.656020859711735, 61.127153572467293 ], [ 14.655518986756112, 61.127259966611511 ], [ 14.655227710499052, 61.127203238986077 ], [ 14.654986415171644, 61.126788342002499 ], [ 14.654595591415355, 61.126676980352265 ], [ 14.653284813657994, 61.127146821583267 ], [ 14.654022661312442, 61.127386030242441 ], [ 14.654876745789464, 61.127504627262432 ], [ 14.655135621605286, 61.127688192740806 ], [ 14.656032106696157, 61.127760044083978 ], [ 14.656310640601415, 61.127358311938536 ], [ 14.65648770325088, 61.127176853062252 ] ] ] } },
{ "type": "Feature", "properties": { "objektidentitet": "37a4911a-e8f1-4a6f-82d6-084c340347d6", "skapad": "2026-03-17T21:00:01", "objekttypnr": 2642, "objekttyp": "Åker", "vattenytaid": null, "hojd_over_havet": null, "reglerat_vatten": "Ingen information" }, "geometry": { "type": "Polygon", "coordinates": [ [ [ 14.661051501150153, 61.130275396057385 ], [ 14.661141502872576, 61.130286107585242 ], [ 14.661090708615975, 61.130341517169462 ], [ 14.660194408364546, 61.130737228641387 ], [ 14.660463191576337, 61.130869670852597 ], [ 14.660620572375429, 61.130864589105833 ], [ 14.66163174477791, 61.130435010676514 ], [ 14.661621678566279, 61.130327727344877 ], [ 14.661400429994492, 61.129956919729516 ], [ 14.661088581368491, 61.129878032076128 ], [ 14.660791741726854, 61.129685943793639 ], [ 14.66085295224897, 61.129557642788861 ], [ 14.66115817137028, 61.129371103292442 ], [ 14.661259368876673, 61.12919939566553 ], [ 14.661232928790621, 61.129198018737156 ], [ 14.661150051554396, 61.129101353353249 ], [ 14.661293348104072, 61.129030643903455 ], [ 14.661322364292673, 61.129032404267271 ], [ 14.661362312620518, 61.128810644382256 ], [ 14.661777990848506, 61.128626561634398 ], [ 14.662088451957425, 61.128111238633892 ], [ 14.662121338245216, 61.127926081479039 ], [ 14.661935839230079, 61.127897239094807 ], [ 14.660748889953929, 61.127717647225559 ], [ 14.660473956959432, 61.127721284782005 ], [ 14.660600261165635, 61.128476268393072 ], [ 14.660166809847803, 61.128447959450149 ], [ 14.660003584129219, 61.128459103962399 ], [ 14.660045705887491, 61.128955063601289 ], [ 14.660379280547003, 61.128975275413858 ], [ 14.660478755725327, 61.129066407685862 ], [ 14.660427891636951, 61.129124941062912 ], [ 14.66032795674667, 61.129150959248101 ], [ 14.660288918552727, 61.129148931033498 ], [ 14.6601312287452, 61.12949467469236 ], [ 14.659924825219665, 61.12961890270973 ], [ 14.659565240653119, 61.129706825020463 ], [ 14.658856726455188, 61.129685944694536 ], [ 14.658747762395583, 61.129638284839672 ], [ 14.658792353744651, 61.129099629568167 ], [ 14.658475866415646, 61.129094117443913 ], [ 14.657645663705194, 61.129156641511528 ], [ 14.655977076705389, 61.128838050678425 ], [ 14.655497829408683, 61.1288349637328 ], [ 14.654692637091655, 61.128924404084898 ], [ 14.654777429026961, 61.129304858086918 ], [ 14.654415609875931, 61.129511384813902 ], [ 14.655082031427332, 61.12979275350478 ], [ 14.655401173005773, 61.129723907816192 ], [ 14.655551020911068, 61.130159605958866 ], [ 14.655394049357385, 61.130389864232505 ], [ 14.655454515409909, 61.130490614839815 ], [ 14.656351184549576, 61.130662279848707 ], [ 14.656602541736525, 61.130657387738971 ], [ 14.656671177753315, 61.130602752250162 ], [ 14.657289894117532, 61.130793007656763 ], [ 14.658097221943512, 61.130988971110824 ], [ 14.658205313195777, 61.130908111528953 ], [ 14.657831595871532, 61.130604928902379 ], [ 14.657836596743135, 61.130485850671562 ], [ 14.658239329379439, 61.130323391641625 ], [ 14.659008097131615, 61.130220730821414 ], [ 14.658969969694189, 61.130294252657926 ], [ 14.658467165106021, 61.130557210480028 ], [ 14.658239082864045, 61.131054319785257 ], [ 14.658362686125292, 61.131139319813862 ], [ 14.658707550353586, 61.131214795805931 ], [ 14.658873312645399, 61.131202232063522 ], [ 14.659831125593779, 61.130758760293745 ], [ 14.661051501150153, 61.130275396057385 ] ] ] } },
{ "type": "Feature", "properties": { "objektidentitet": "b789228a-1f2d-4c1e-bc16-5ae6429ccaf9", "skapad": "2026-03-17T21:00:01", "objekttypnr": 2642, "objekttyp": "Åker", "vattenytaid": null, "hojd_over_havet": null, "reglerat_vatten": "Ingen information" }, "geometry": { "type": "Polygon", "coordinates": [ [ [ 14.655359505402167, 61.120442282983738 ], [ 14.655111832336255, 61.120455432726217 ], [ 14.654674289329503, 61.120470727923767 ], [ 14.654537447489181, 61.120489582159294 ], [ 14.654528829608065, 61.120563259034682 ], [ 14.654591682987116, 61.120756200463568 ], [ 14.655463989643339, 61.120659417712247 ], [ 14.655359505402167, 61.120442282983738 ] ] ] } },
{ "type": "Feature", "properties": { "objektidentitet": "a51c485f-67a0-44c9-9b6b-b53f987e838b", "skapad": "2026-03-17T21:00:01", "objekttypnr": 2642, "objekttyp": "Åker", "vattenytaid": null, "hojd_over_havet": null, "reglerat_vatten": "Ingen information" }, "geometry": { "type": "Polygon", "coordinates": [ [ [ 14.659319565252478, 61.122832732139024 ], [ 14.658596690186892, 61.122899616856778 ], [ 14.657326182387658, 61.122896494262498 ], [ 14.657111074662579, 61.122896819897946 ], [ 14.656749550664641, 61.122983329182084 ], [ 14.655702256817246, 61.123311078776617 ], [ 14.655658921332865, 61.123360077203913 ], [ 14.6557348915421, 61.123411390317507 ], [ 14.656144985412816, 61.123409739837726 ], [ 14.657241979194156, 61.12319049328736 ], [ 14.657742278044655, 61.123248912836416 ], [ 14.657854994559306, 61.123393687065736 ], [ 14.65809572076444, 61.123532482398787 ], [ 14.658502009736418, 61.123493117489431 ], [ 14.658841306943735, 61.12336618314648 ], [ 14.659319565252478, 61.122832732139024 ] ] ] } },
{ "type": "Feature", "properties": { "objektidentitet": "df0b23ff-a01d-4858-8516-a0ec4806424f", "skapad": "2026-03-17T21:00:01", "objekttypnr": 2642, "objekttyp": "Åker", "vattenytaid": null, "hojd_over_havet": null, "reglerat_vatten": "Ingen information" }, "geometry": { "type": "Polygon", "coordinates": [ [ [ 14.656509196506949, 61.127635459052094 ], [ 14.656214172270468, 61.127967643079359 ], [ 14.655976622912947, 61.128096077606529 ], [ 14.656305717488385, 61.128312318742267 ], [ 14.656503762078344, 61.128071093990322 ], [ 14.656492575502169, 61.127984896530727 ], [ 14.656833504131031, 61.127642548567785 ], [ 14.656509196506949, 61.127635459052094 ] ] ] } },
{ "type": "Feature", "properties": { "objektidentitet": "fdbe72c5-906f-4aa1-aa3b-3a0981549823", "skapad": "2026-03-17T21:00:01", "objekttypnr": 2642, "objekttyp": "Åker", "vattenytaid": null, "hojd_over_havet": null, "reglerat_vatten": "Ingen information" }, "geometry": { "type": "Polygon", "coordinates": [ [ [ 14.658307754660873, 61.121664822015099 ], [ 14.657129687621397, 61.122162184653845 ], [ 14.65765702790463, 61.122172875089497 ], [ 14.65835073940222, 61.122117135001702 ], [ 14.658557488724844, 61.122077301452407 ], [ 14.658579268190721, 61.122073109984328 ], [ 14.658307754660873, 61.121664822015099 ] ] ] } },
{ "type": "Feature", "properties": { "objektidentitet": "30fa0ccc-4954-4f8d-b30d-8bf3f4318631", "skapad": "2026-03-17T21:00:01", "objekttypnr": 2642, "objekttyp": "Åker", "vattenytaid": null, "hojd_over_havet": null, "reglerat_vatten": "Ingen information" }, "geometry": { "type": "Polygon", "coordinates": [ [ [ 14.659271462814512, 61.125090480090712 ], [ 14.658997315846154, 61.125171415794298 ], [ 14.659183917725182, 61.1253167252233 ], [ 14.65916173417857, 61.125378903668505 ], [ 14.658206339106396, 61.125884269845258 ], [ 14.657926888480953, 61.126109804779588 ], [ 14.658531002174101, 61.126046017088171 ], [ 14.659881518507257, 61.12550631488849 ], [ 14.659271462814512, 61.125090480090712 ] ] ] } },
{ "type": "Feature", "properties": { "objektidentitet": "19130d86-539b-48ea-9a09-24af70754f3e", "skapad": "2026-03-17T21:00:01", "objekttypnr": 2642, "objekttyp": "Åker", "vattenytaid": null, "hojd_over_havet": null, "reglerat_vatten": "Ingen information" }, "geometry": { "type": "Polygon", "coordinates": [ [ [ 14.659623208234011, 61.123717758404005 ], [ 14.659393579058378, 61.123681951337879 ], [ 14.65914348344017, 61.123697257262286 ], [ 14.658877936816049, 61.123966407348355 ], [ 14.658662164385616, 61.123970890634084 ], [ 14.658687093551098, 61.123678240465622 ], [ 14.657983479545985, 61.124085538031785 ], [ 14.658297437637772, 61.124179656106463 ], [ 14.658688571929128, 61.124196884319304 ], [ 14.659591858227312, 61.124023168053505 ], [ 14.659712229378828, 61.123980170865394 ], [ 14.659623208234011, 61.123717758404005 ] ] ] } },
{ "type": "Feature", "properties": { "objektidentitet": "57b272a7-d72d-4ef4-b7d2-1bcdefaa7fa7", "skapad": "2026-03-17T21:00:01", "objekttypnr": 2642, "objekttyp": "Åker", "vattenytaid": null, "hojd_over_havet": null, "reglerat_vatten": "Ingen information" }, "geometry": { "type": "Polygon", "coordinates": [ [ [ 14.658622391274127, 61.120456661859372 ], [ 14.658331902872876, 61.120492136201634 ], [ 14.658316154781957, 61.120591013932433 ], [ 14.658325970290248, 61.120861190643502 ], [ 14.658702460624264, 61.120864313772316 ], [ 14.659253121631354, 61.120866968104629 ], [ 14.659175155345338, 61.120697718995565 ], [ 14.658671798720064, 61.120685398186851 ], [ 14.658622391274127, 61.120456661859372 ] ] ] } },
{ "type": "Feature", "properties": { "objektidentitet": "643d4595-53c4-49cf-ae3b-86462e8b72e7", "skapad": "2026-03-17T21:00:01", "objekttypnr": 2642, "objekttyp": "Åker", "vattenytaid": null, "hojd_over_havet": null, "reglerat_vatten": "Ingen information" }, "geometry": { "type": "Polygon", "coordinates": [ [ [ 14.661173020559692, 61.132772636967331 ], [ 14.661563785926374, 61.132667793593583 ], [ 14.660825597363447, 61.131854817714149 ], [ 14.660727477961084, 61.131833716266698 ], [ 14.66039972145035, 61.13198127014055 ], [ 14.660256936380401, 61.132065123621381 ], [ 14.660151313030328, 61.132084043888838 ], [ 14.660007217973231, 61.132054755494771 ], [ 14.65997222817067, 61.1320350239397 ], [ 14.659984328317758, 61.132023392340614 ], [ 14.659649069909673, 61.13183919546919 ], [ 14.659261736234599, 61.132094635979591 ], [ 14.659044966887617, 61.132308794412921 ], [ 14.659330488922555, 61.132435921115274 ], [ 14.659174212362476, 61.132518733975672 ], [ 14.659245029998306, 61.132564887750469 ], [ 14.659291854105685, 61.132644288683835 ], [ 14.658989716473219, 61.132820040425429 ], [ 14.658891221298916, 61.132818122234198 ], [ 14.659117435740866, 61.132958099695443 ], [ 14.660250391297517, 61.132904532750118 ], [ 14.661173020559692, 61.132772636967331 ] ] ] } },
{ "type": "Feature", "properties": { "objektidentitet": "0e797787-e4fd-4db7-bcb3-3487f714084d", "skapad": "2026-03-17T21:00:01", "objekttypnr": 2642, "objekttyp": "Åker", "vattenytaid": null, "hojd_over_havet": null, "reglerat_vatten": "Ingen information" }, "geometry": { "type": "Polygon", "coordinates": [ [ [ 14.661393994042664, 61.122743107631926 ], [ 14.660824541109974, 61.122797029400289 ], [ 14.660447146049011, 61.122858783839412 ], [ 14.660447896010481, 61.123043199114605 ], [ 14.660540600558141, 61.123057832248037 ], [ 14.661572712396435, 61.122998749726264 ], [ 14.661867497261117, 61.122971206523729 ], [ 14.661944524391526, 61.122947015508778 ], [ 14.661930733129138, 61.122907101393622 ], [ 14.661634290780484, 61.122744247557328 ], [ 14.661393994042664, 61.122743107631926 ] ] ] } },
{ "type": "Feature", "properties": { "objektidentitet": "d3d5e01f-cf8e-4e1d-abbc-3d04e6011363", "skapad": "2026-03-17T21:00:01", "objekttypnr": 2642, "objekttyp": "Åker", "vattenytaid": null, "hojd_over_havet": null, "reglerat_vatten": "Ingen information" }, "geometry": { "type": "Polygon", "coordinates": [ [ [ 14.663275484916147, 61.131229643902685 ], [ 14.663668172462032, 61.131392131406024 ], [ 14.664138732522488, 61.131096197662536 ], [ 14.664155593673751, 61.130990956790093 ], [ 14.663994724730358, 61.130513359495218 ], [ 14.66366276806445, 61.130321729274989 ], [ 14.662654368601341, 61.130849376647696 ], [ 14.662111475573475, 61.130980956497581 ], [ 14.661698744631005, 61.131169725031818 ], [ 14.662561093462108, 61.131514417936764 ], [ 14.662846231984847, 61.131401155364159 ], [ 14.663053855674574, 61.131308806131756 ], [ 14.663275484916147, 61.131229643902685 ] ] ] } },
{ "type": "Feature", "properties": { "objektidentitet": "8de1742f-8017-4084-849d-627c0b79d962", "skapad": "2026-03-17T21:00:01", "objekttypnr": 2642, "objekttyp": "Åker", "vattenytaid": null, "hojd_over_havet": null, "reglerat_vatten": "Ingen information" }, "geometry": { "type": "Polygon", "coordinates": [ [ [ 14.662564312422193, 61.132406748746185 ], [ 14.662247884970702, 61.132569867321379 ], [ 14.662045657089667, 61.132853096898074 ], [ 14.662100195371188, 61.133123564210663 ], [ 14.662261134019186, 61.133154930549324 ], [ 14.663477352972068, 61.132863318138291 ], [ 14.662564312422193, 61.132406748746185 ] ] ] } },
{ "type": "Feature", "properties": { "objektidentitet": "c1ae1579-a2e2-4d12-8045-7cbef905e17f", "skapad": "2026-03-17T21:00:01", "objekttypnr": 2642, "objekttyp": "Åker", "vattenytaid": null, "hojd_over_havet": null, "reglerat_vatten": "Ingen information" }, "geometry": { "type": "Polygon", "coordinates": [ [ [ 14.66319185287951, 61.123659868712487 ], [ 14.663555868416283, 61.123795486826545 ], [ 14.663760913650716, 61.123689357857295 ], [ 14.663922228319397, 61.123544614317019 ], [ 14.663909681591837, 61.123518305038218 ], [ 14.66371586889184, 61.123449672684735 ], [ 14.663166671691704, 61.123287782771364 ], [ 14.662934328099764, 61.123543350397156 ], [ 14.663002080789328, 61.123604029918987 ], [ 14.662611785107991, 61.123795882734576 ], [ 14.662707568473737, 61.12385284341957 ], [ 14.66319185287951, 61.123659868712487 ] ] ] } },
{ "type": "Feature", "properties": { "objektidentitet": "a7f3181e-460d-47e1-875d-845376c70a34", "skapad": "2026-03-17T21:00:01", "objekttypnr": 2642, "objekttyp": "Åker", "vattenytaid": null, "hojd_over_havet": null, "reglerat_vatten": "Ingen information" }, "geometry": { "type": "Polygon", "coordinates": [ [ [ 14.672022464477047, 61.13273127450659 ], [ 14.672142345280864, 61.132756864445639 ], [ 14.673281081054489, 61.133044996649893 ], [ 14.675004809590542, 61.132702828972583 ], [ 14.675246815332752, 61.132676916642062 ], [ 14.675874124855143, 61.13261229911965 ], [ 14.676411367207303, 61.13226606330106 ], [ 14.67641590715483, 61.132059988465748 ], [ 14.675365045590537, 61.132042128239405 ], [ 14.674848842695443, 61.132056689735165 ], [ 14.67360678265992, 61.132415208522197 ], [ 14.672451756277344, 61.132660518825233 ], [ 14.672427058074875, 61.132621513464137 ], [ 14.672885514506575, 61.13242158253496 ], [ 14.673487452146022, 61.13198913011459 ], [ 14.67315069726008, 61.131764293760284 ], [ 14.672904660093051, 61.131737097818686 ], [ 14.672736784283053, 61.131711967002687 ], [ 14.672688858678049, 61.131610276188027 ], [ 14.672796044908186, 61.131557826710576 ], [ 14.673435384238973, 61.13125783364422 ], [ 14.674093900494187, 61.130868455817186 ], [ 14.674105821563073, 61.130662802893283 ], [ 14.673330905658069, 61.130212115678951 ], [ 14.673108220165341, 61.13016663480132 ], [ 14.672685458484235, 61.130221544554672 ], [ 14.672578859605139, 61.130285792170319 ], [ 14.67216342514438, 61.130280144656133 ], [ 14.671350891231173, 61.130123018716553 ], [ 14.670377722957857, 61.130136739447735 ], [ 14.670099487547494, 61.130170338792915 ], [ 14.669572151241717, 61.130389663682848 ], [ 14.669193584838817, 61.130426813476575 ], [ 14.668852569911342, 61.130388218629861 ], [ 14.667679525136728, 61.130006972338705 ], [ 14.667734637694556, 61.12995996513753 ], [ 14.668450899515033, 61.129905224904853 ], [ 14.668818779413813, 61.129808375486483 ], [ 14.668946825308801, 61.129565058010783 ], [ 14.671149533058527, 61.129274494449433 ], [ 14.670860785692058, 61.128954146214845 ], [ 14.669682134224528, 61.128717967215167 ], [ 14.66900957028051, 61.128470537709418 ], [ 14.667312046836939, 61.128857429849162 ], [ 14.66710471766905, 61.128710994473757 ], [ 14.665844625708989, 61.128998535791546 ], [ 14.665748177030627, 61.128772343884336 ], [ 14.66743568805561, 61.128242636771269 ], [ 14.667397097234096, 61.128109778014597 ], [ 14.667143379292629, 61.127961774055507 ], [ 14.666938852011105, 61.127666196763016 ], [ 14.667146771331796, 61.127515773586552 ], [ 14.667495328083646, 61.127490711531088 ], [ 14.66758022103493, 61.127439360720729 ], [ 14.667442864616332, 61.12735667863921 ], [ 14.666149191128486, 61.126995061914819 ], [ 14.665934260025638, 61.126840651417048 ], [ 14.665881210579238, 61.126708358145429 ], [ 14.666777426270153, 61.126671443240845 ], [ 14.666848377109574, 61.126868734894408 ], [ 14.667077519468057, 61.127006731535928 ], [ 14.667642661678391, 61.126846251062219 ], [ 14.667889079571234, 61.126702259324063 ], [ 14.666990672126589, 61.126053163257332 ], [ 14.666225538132387, 61.12587091331072 ], [ 14.665390474033092, 61.125830362364461 ], [ 14.665244830018139, 61.125897093225056 ], [ 14.664870670922767, 61.125843431207684 ], [ 14.664632166732648, 61.125728732144559 ], [ 14.66371169760807, 61.125728736543266 ], [ 14.662938985341825, 61.125906684190589 ], [ 14.663348817933542, 61.126321698697772 ], [ 14.663612667096647, 61.126702969867686 ], [ 14.663915152474857, 61.126825640325023 ], [ 14.664248071499324, 61.126849773464336 ], [ 14.664818330749064, 61.1266664509861 ], [ 14.665236717180726, 61.126602586240999 ], [ 14.665654821806646, 61.126856848486952 ], [ 14.665631596343509, 61.126925606139835 ], [ 14.66561179067293, 61.127306647589812 ], [ 14.665777398675463, 61.127768714119398 ], [ 14.664711967222006, 61.128057129760272 ], [ 14.66432503082647, 61.128463592415962 ], [ 14.664113940720306, 61.128749945755175 ], [ 14.663773111110968, 61.12883072555838 ], [ 14.663718462069717, 61.128877409014677 ], [ 14.663474176681136, 61.129255638439986 ], [ 14.663765504653503, 61.129425971654271 ], [ 14.664752205036086, 61.12929497412518 ], [ 14.664876221433092, 61.129315678997948 ], [ 14.664934049297724, 61.129378936257325 ], [ 14.664926003335436, 61.129395417395187 ], [ 14.665077781924699, 61.129447011800728 ], [ 14.665417006761006, 61.12936908866908 ], [ 14.665984862178286, 61.129577170029826 ], [ 14.666826225955125, 61.12998977298161 ], [ 14.667212413564158, 61.130470435055123 ], [ 14.667167318437857, 61.130645104069082 ], [ 14.667113965916494, 61.130754035369542 ], [ 14.66712249967725, 61.13075993682191 ], [ 14.667085233187425, 61.130857478838578 ], [ 14.666956725838874, 61.130885254127101 ], [ 14.666776742983933, 61.130854142896567 ], [ 14.666840039590433, 61.13103692525268 ], [ 14.667004740463309, 61.131302957285506 ], [ 14.667327288117058, 61.131465306421298 ], [ 14.668545756925461, 61.131866220362099 ], [ 14.669337086942058, 61.132031723549424 ], [ 14.669458133122687, 61.132014593305584 ], [ 14.670573714795978, 61.131763080533439 ], [ 14.670672682537631, 61.131719348058368 ], [ 14.670739808044264, 61.131484813545498 ], [ 14.670621057488338, 61.131404756578931 ], [ 14.668714421398265, 61.131138497050863 ], [ 14.668729863200864, 61.131192168294838 ], [ 14.66932407558396, 61.131384795434514 ], [ 14.669551083333337, 61.131537577752184 ], [ 14.669461423521142, 61.131578836456107 ], [ 14.668237945730436, 61.13110669736038 ], [ 14.668223731528625, 61.131104238594936 ], [ 14.668188933919675, 61.131030382489186 ], [ 14.668245364385362, 61.130979957937797 ], [ 14.668344492146536, 61.130956463519361 ], [ 14.668376307729661, 61.130960599438424 ], [ 14.668632338422727, 61.130566247959415 ], [ 14.668828463812215, 61.130520250014712 ], [ 14.669537213656907, 61.130814219684332 ], [ 14.671028712124098, 61.13063161882647 ], [ 14.671542974076557, 61.130866327220737 ], [ 14.671404541228236, 61.131206636066473 ], [ 14.670925977073052, 61.131184294217846 ], [ 14.670838571524293, 61.131323210806698 ], [ 14.671071776090658, 61.131353844630461 ], [ 14.671147232072716, 61.131417770554705 ], [ 14.671088628642639, 61.131493643311586 ], [ 14.671078692209615, 61.131492209523692 ], [ 14.670966822593781, 61.131598387356 ], [ 14.670826292271354, 61.132012685629711 ], [ 14.670765417631896, 61.132297690893346 ], [ 14.671726631156996, 61.132429701885734 ], [ 14.671975611228387, 61.132506563127691 ], [ 14.671778758623416, 61.132824142550525 ], [ 14.671457111810184, 61.13307211003228 ], [ 14.671257573814035, 61.133116613042624 ], [ 14.671090353109207, 61.13323147289821 ], [ 14.671169168695197, 61.133521010242831 ], [ 14.671366846165464, 61.13390608162198 ], [ 14.671832763755472, 61.133898620670344 ], [ 14.671940928582249, 61.133827904377981 ], [ 14.67191977985606, 61.133086735280351 ], [ 14.672022464477047, 61.13273127450659 ] ] ] } },
{ "type": "Feature", "properties": { "objektidentitet": "c95995b4-bc8d-41f9-98f5-0f7809d7f166", "skapad": "2026-03-17T21:00:01", "objekttypnr": 2642, "objekttyp": "Åker", "vattenytaid": null, "hojd_over_havet": null, "reglerat_vatten": "Ingen information" }, "geometry": { "type": "Polygon", "coordinates": [ [ [ 14.66433345707931, 61.127984305614291 ], [ 14.664113136541173, 61.12798978309722 ], [ 14.663678150769289, 61.128057247898646 ], [ 14.663483613611481, 61.128103044790755 ], [ 14.663423270238951, 61.128133652912275 ], [ 14.663353222942757, 61.12818994890543 ], [ 14.663250710903812, 61.128387107136895 ], [ 14.663953727827796, 61.128402241077985 ], [ 14.664124824691346, 61.128329748040876 ], [ 14.664395717988443, 61.128157857872267 ], [ 14.664439584491646, 61.128096621186266 ], [ 14.664432069449262, 61.128042053155127 ], [ 14.66433345707931, 61.127984305614291 ] ] ] } },
{ "type": "Feature", "properties": { "objektidentitet": "982fa665-9342-47c7-9888-a4ddc13c1ba6", "skapad": "2026-03-17T21:00:01", "objekttypnr": 2642, "objekttyp": "Åker", "vattenytaid": null, "hojd_over_havet": null, "reglerat_vatten": "Ingen information" }, "geometry": { "type": "Polygon", "coordinates": [ [ [ 14.664954599542462, 61.123880970573552 ], [ 14.663625704279415, 61.124173770472723 ], [ 14.663426992893246, 61.124310591871009 ], [ 14.663579917547926, 61.124449176975617 ], [ 14.663700286470764, 61.124502086171589 ], [ 14.663836542127941, 61.124490601163572 ], [ 14.665048537745164, 61.124152988911646 ], [ 14.66540126236432, 61.123976163778337 ], [ 14.664954599542462, 61.123880970573552 ] ] ] } },
{ "type": "Feature", "properties": { "objektidentitet": "ccdc9e8a-e55b-4b24-a6d4-de1e625d2e62", "skapad": "2026-03-17T21:00:01", "objekttypnr": 2642, "objekttyp": "Åker", "vattenytaid": null, "hojd_over_havet": null, "reglerat_vatten": "Ingen information" }, "geometry": { "type": "Polygon", "coordinates": [ [ [ 14.665371844899441, 61.133289857142714 ], [ 14.665076075963174, 61.133082393235128 ], [ 14.664206491270102, 61.132833805951549 ], [ 14.664023845110645, 61.132825425174225 ], [ 14.663842501525313, 61.132939064849332 ], [ 14.663429083325711, 61.133273017017693 ], [ 14.663465244315564, 61.133345306447659 ], [ 14.663844172508204, 61.133410843808583 ], [ 14.664397783344905, 61.133395842505159 ], [ 14.665159877877223, 61.133581470488359 ], [ 14.665371844899441, 61.133289857142714 ] ] ] } },
{ "type": "Feature", "properties": { "objektidentitet": "93f832d7-cefd-4d5b-a196-68c9f79dc347", "skapad": "2026-03-17T21:00:01", "objekttypnr": 2642, "objekttyp": "Åker", "vattenytaid": null, "hojd_over_havet": null, "reglerat_vatten": "Ingen information" }, "geometry": { "type": "Polygon", "coordinates": [ [ [ 14.66554215840903, 61.124294605411556 ], [ 14.664560039562902, 61.124635297016845 ], [ 14.664057413536556, 61.124981715973639 ], [ 14.663622398655317, 61.125188525491431 ], [ 14.663610338117925, 61.12549190082234 ], [ 14.663625163783726, 61.125532625288379 ], [ 14.663775169942353, 61.125614552576721 ], [ 14.664452401621928, 61.125508518279034 ], [ 14.664728663132836, 61.125496777896302 ], [ 14.664989579547175, 61.125433556213821 ], [ 14.66527083454443, 61.125274303482207 ], [ 14.665295613090187, 61.125230642847143 ], [ 14.665125951855101, 61.125107936057518 ], [ 14.665299889308205, 61.124979031969261 ], [ 14.665715341834984, 61.124832185448192 ], [ 14.665966051550971, 61.124732890584326 ], [ 14.665969152676121, 61.124535799065811 ], [ 14.66554215840903, 61.124294605411556 ] ] ] } },
{ "type": "Feature", "properties": { "objektidentitet": "036cc8ce-9d32-4de2-b72c-71b5a965473d", "skapad": "2026-03-17T21:00:01", "objekttypnr": 2642, "objekttyp": "Åker", "vattenytaid": null, "hojd_over_havet": null, "reglerat_vatten": "Ingen information" }, "geometry": { "type": "Polygon", "coordinates": [ [ [ 14.666481072496458, 61.132482545786118 ], [ 14.666710880393124, 61.132511724449643 ], [ 14.666750347902699, 61.132452289695735 ], [ 14.666293684894095, 61.132107080691142 ], [ 14.66623377262618, 61.132112202936611 ], [ 14.66616900755804, 61.132065196780474 ], [ 14.666186490920058, 61.131974285877348 ], [ 14.666216187064208, 61.131961152705081 ], [ 14.665870602087562, 61.131853023801199 ], [ 14.665317729468022, 61.131779817033724 ], [ 14.665292330311825, 61.131742999093845 ], [ 14.666597469236391, 61.131620828273427 ], [ 14.66684376792721, 61.131532689216151 ], [ 14.666904275273945, 61.13142155831693 ], [ 14.666463816244462, 61.130984627408097 ], [ 14.666104761046784, 61.131094752357171 ], [ 14.665978711199745, 61.131234279533949 ], [ 14.665197689702424, 61.13142802067032 ], [ 14.664878367649838, 61.131589701735102 ], [ 14.664288468201439, 61.131944595591428 ], [ 14.664340909710496, 61.132060898610973 ], [ 14.664923687645723, 61.132225999687819 ], [ 14.664961658295768, 61.132215284342053 ], [ 14.665031680592561, 61.132233844310122 ], [ 14.66512120338648, 61.132309721946875 ], [ 14.665099690532648, 61.132347770423898 ], [ 14.664447073791406, 61.132767958020601 ], [ 14.665207827987295, 61.133027945561885 ], [ 14.665790197777833, 61.133154733535058 ], [ 14.666182091045041, 61.133165477701752 ], [ 14.666307811939815, 61.133108841685456 ], [ 14.666357048787425, 61.133021079313011 ], [ 14.66634335432701, 61.132890059330109 ], [ 14.666314271638567, 61.132568599922614 ], [ 14.666481072496458, 61.132482545786118 ] ] ] } },
{ "type": "Feature", "properties": { "objektidentitet": "2b3fd1bc-4440-492d-88fa-1e7e31e72ff5", "skapad": "2026-03-17T21:00:01", "objekttypnr": 2642, "objekttyp": "Åker", "vattenytaid": null, "hojd_over_havet": null, "reglerat_vatten": "Ingen information" }, "geometry": { "type": "Polygon", "coordinates": [ [ [ 14.667176141313632, 61.123950430519322 ], [ 14.666981977731728, 61.124050010400055 ], [ 14.666499192168883, 61.123945621029883 ], [ 14.666410488835183, 61.123959443591119 ], [ 14.666314019526222, 61.124076043107735 ], [ 14.666323636828135, 61.124112768279268 ], [ 14.667361688141469, 61.124409150851413 ], [ 14.667509173874272, 61.124252608142811 ], [ 14.667656184827917, 61.124151762323443 ], [ 14.667176141313632, 61.123950430519322 ] ] ] } },
{ "type": "Feature", "properties": { "objektidentitet": "39dbcd4d-c81d-44e2-a985-79a8c4640262", "skapad": "2026-03-17T21:00:01", "objekttypnr": 2642, "objekttyp": "Åker", "vattenytaid": null, "hojd_over_havet": null, "reglerat_vatten": "Ingen information" }, "geometry": { "type": "Polygon", "coordinates": [ [ [ 14.669501200479848, 61.133703603802175 ], [ 14.669444861175108, 61.134013344090476 ], [ 14.669506915406778, 61.134109172278421 ], [ 14.669818045034692, 61.134122410872465 ], [ 14.670309984563053, 61.134007545533443 ], [ 14.670242042837119, 61.133692564110397 ], [ 14.670437071886665, 61.133427287092047 ], [ 14.670372125421528, 61.13314021631848 ], [ 14.669181678416203, 61.133135066478687 ], [ 14.668622511204294, 61.13338869472117 ], [ 14.668016420438526, 61.133852394137989 ], [ 14.667210401184009, 61.134179387990955 ], [ 14.666726530547182, 61.134380036077062 ], [ 14.66678694929363, 61.13457753499825 ], [ 14.666915229473656, 61.134632723195452 ], [ 14.667707652582461, 61.134733553180261 ], [ 14.668115702224823, 61.134627422631475 ], [ 14.668687109083589, 61.134329816900348 ], [ 14.668637224343064, 61.134201563454084 ], [ 14.668706207022261, 61.13411254692101 ], [ 14.668937270661733, 61.134095803177381 ], [ 14.669284050014667, 61.133707633904535 ], [ 14.669501200479848, 61.133703603802175 ] ] ] } },
{ "type": "Feature", "properties": { "objektidentitet": "4ec8739d-86b9-4871-b784-4e191aa02585", "skapad": "2026-03-17T21:00:01", "objekttypnr": 2642, "objekttyp": "Åker", "vattenytaid": null, "hojd_over_havet": null, "reglerat_vatten": "Ingen information" }, "geometry": { "type": "Polygon", "coordinates": [ [ [ 14.672095666164015, 61.126824141923173 ], [ 14.672118176984094, 61.126840895087611 ], [ 14.672344114922559, 61.126808305285195 ], [ 14.672379211019541, 61.126773143425218 ], [ 14.672256223019906, 61.126499507105081 ], [ 14.671946152911818, 61.126228280779515 ], [ 14.672766662082953, 61.125942259748022 ], [ 14.672165010420306, 61.12528939052924 ], [ 14.671585137049979, 61.125112422887277 ], [ 14.670948066004133, 61.125015332874355 ], [ 14.669905186671057, 61.124512960988447 ], [ 14.669577887083657, 61.12468323450593 ], [ 14.669354225529135, 61.12476739372886 ], [ 14.668800412427018, 61.124842987732997 ], [ 14.668581007537284, 61.124933368902425 ], [ 14.66732544446203, 61.124535550146312 ], [ 14.667028533577204, 61.125062356481877 ], [ 14.667243487519903, 61.125125685192089 ], [ 14.66764952364661, 61.125240261733175 ], [ 14.668343613246673, 61.125374540588453 ], [ 14.66950467716237, 61.125465382663648 ], [ 14.669725040643955, 61.125363286354585 ], [ 14.669908404053334, 61.125368321708088 ], [ 14.669956189498658, 61.125394491724613 ], [ 14.670154142605396, 61.125502897111495 ], [ 14.670562648876155, 61.125337102591295 ], [ 14.670687039647174, 61.125420593832011 ], [ 14.670809197458173, 61.125517151168161 ], [ 14.670700585575013, 61.125781364492276 ], [ 14.671338925167049, 61.126267108476405 ], [ 14.671484235197104, 61.126369144062139 ], [ 14.671202498061968, 61.126433979758353 ], [ 14.670824495781662, 61.126187849530645 ], [ 14.670152754247544, 61.126471303714823 ], [ 14.67000324969186, 61.126668612729958 ], [ 14.670106961992175, 61.127040798722497 ], [ 14.670293787434916, 61.127284633847516 ], [ 14.671875446409571, 61.126944368471271 ], [ 14.671857469675919, 61.126930732388921 ], [ 14.67187422305685, 61.126881511755798 ], [ 14.6719675217551, 61.126836839894288 ], [ 14.672095666164015, 61.126824141923173 ] ] ] } },
{ "type": "Feature", "properties": { "objektidentitet": "4a3a0bf7-7c47-42a3-bbad-92b7687ed599", "skapad": "2026-03-17T21:00:01", "objekttypnr": 2642, "objekttyp": "Åker", "vattenytaid": null, "hojd_over_havet": null, "reglerat_vatten": "Ingen information" }, "geometry": { "type": "Polygon", "coordinates": [ [ [ 14.667996599781434, 61.13188063004911 ], [ 14.667626440652292, 61.132071729617522 ], [ 14.667409148384053, 61.132279247535884 ], [ 14.667514036894167, 61.132610777418073 ], [ 14.667025458844915, 61.133023004237401 ], [ 14.667765945632734, 61.133168164224756 ], [ 14.667886490069222, 61.133241772814529 ], [ 14.668348188483753, 61.133336597740332 ], [ 14.668539456472972, 61.133254371848842 ], [ 14.669029943347519, 61.13276107494498 ], [ 14.669018272240301, 61.132716013511015 ], [ 14.668522644006318, 61.13253760517253 ], [ 14.668992054277988, 61.132098626348366 ], [ 14.667996599781434, 61.13188063004911 ] ] ] } },
{ "type": "Feature", "properties": { "objektidentitet": "8dbb2852-a19e-4647-8e29-df0272a64349", "skapad": "2026-03-17T21:00:01", "objekttypnr": 2642, "objekttyp": "Åker", "vattenytaid": null, "hojd_over_havet": null, "reglerat_vatten": "Ingen information" }, "geometry": { "type": "Polygon", "coordinates": [ [ [ 14.674116409259897, 61.128522769909175 ], [ 14.673345708281419, 61.128706419766466 ], [ 14.673168281056643, 61.128687317532687 ], [ 14.672857069293944, 61.128417742506343 ], [ 14.672722871583764, 61.128295364561907 ], [ 14.67227835050447, 61.128058854333432 ], [ 14.671826283486322, 61.128219449016377 ], [ 14.671787207526497, 61.128702495266431 ], [ 14.672267039607783, 61.12919031875397 ], [ 14.672459754926253, 61.12923566546722 ], [ 14.673596618783257, 61.129048972354788 ], [ 14.674536328730927, 61.128815748120388 ], [ 14.674116409259897, 61.128522769909175 ] ] ] } },
{ "type": "Feature", "properties": { "objektidentitet": "71ad0e79-35a2-4324-9f78-40725741f381", "skapad": "2026-03-17T21:00:01", "objekttypnr": 2642, "objekttyp": "Åker", "vattenytaid": null, "hojd_over_havet": null, "reglerat_vatten": "Ingen information" }, "geometry": { "type": "Polygon", "coordinates": [ [ [ 14.672856578780562, 61.134584149276201 ], [ 14.673079034635299, 61.134640457106812 ], [ 14.673347746157219, 61.134633618451289 ], [ 14.673440430965451, 61.134585658530249 ], [ 14.673395961789728, 61.134529825961387 ], [ 14.672814717258811, 61.134310404470654 ], [ 14.672650834561091, 61.134271313773532 ], [ 14.6725543050947, 61.13429962079406 ], [ 14.672490736693108, 61.134345505045147 ], [ 14.672448608067908, 61.134465499292645 ], [ 14.672405090046096, 61.134493700819483 ], [ 14.672356828319137, 61.134492300090656 ], [ 14.672157982129102, 61.134424502994008 ], [ 14.672012119032285, 61.13449738129983 ], [ 14.672480173975705, 61.134777473592159 ], [ 14.672712657025171, 61.13474945060409 ], [ 14.672791005378963, 61.134719770972524 ], [ 14.672856578780562, 61.134584149276201 ] ] ] } },
{ "type": "Feature", "properties": { "objektidentitet": "b2a329a7-4a8d-48a1-9c4b-ac615dd34f0c", "skapad": "2026-03-17T21:00:01", "objekttypnr": 2642, "objekttyp": "Åker", "vattenytaid": null, "hojd_over_havet": null, "reglerat_vatten": "Ingen information" }, "geometry": { "type": "Polygon", "coordinates": [ [ [ 14.672744343104258, 61.133641181469187 ], [ 14.672579512576714, 61.133695789575405 ], [ 14.672514447156214, 61.133778793531931 ], [ 14.672780204445663, 61.134229197743032 ], [ 14.673321646428912, 61.134291330617806 ], [ 14.673835807040856, 61.134442455502089 ], [ 14.674075134277478, 61.134436406514133 ], [ 14.673386225766265, 61.133733767226659 ], [ 14.672744343104258, 61.133641181469187 ] ] ] } },
{ "type": "Feature", "properties": { "objektidentitet": "2ff15b14-c619-4004-a320-9823f0bbba63", "skapad": "2026-03-17T21:00:01", "objekttypnr": 2642, "objekttyp": "Åker", "vattenytaid": null, "hojd_over_havet": null, "reglerat_vatten": "Ingen information" }, "geometry": { "type": "Polygon", "coordinates": [ [ [ 14.673843367923581, 61.126779141317641 ], [ 14.673466790817002, 61.126889019114614 ], [ 14.673655891188016, 61.127141500525866 ], [ 14.672844212784138, 61.127364757568543 ], [ 14.673213039090102, 61.127621471732816 ], [ 14.674326231266067, 61.127313577628044 ], [ 14.673843367923581, 61.126779141317641 ] ] ] } },
{ "type": "Feature", "properties": { "objektidentitet": "591cdfc1-2702-48d0-8b81-427b733b09c7", "skapad": "2026-03-17T21:00:01", "objekttypnr": 2642, "objekttyp": "Åker", "vattenytaid": null, "hojd_over_havet": null, "reglerat_vatten": "Ingen information" }, "geometry": { "type": "Polygon", "coordinates": [ [ [ 14.674131863613871, 61.126430949475974 ], [ 14.673822989589789, 61.126521213445919 ], [ 14.674016604096382, 61.126704944198799 ], [ 14.674282467660301, 61.127121490677254 ], [ 14.674506392967855, 61.12707159242899 ], [ 14.674955590788974, 61.12690548750205 ], [ 14.674189996848666, 61.126433370111464 ], [ 14.674131863613871, 61.126430949475974 ] ] ] } },
{ "type": "Feature", "properties": { "objektidentitet": "16390c58-3ecd-487d-8f05-bc160e8a8187", "skapad": "2026-03-17T21:00:01", "objekttypnr": 2642, "objekttyp": "Åker", "vattenytaid": null, "hojd_over_havet": null, "reglerat_vatten": "Ingen information" }, "geometry": { "type": "Polygon", "coordinates": [ [ [ 14.675250860072889, 61.133997525370695 ], [ 14.675339963249007, 61.134050241596626 ], [ 14.675640582695854, 61.134032943951773 ], [ 14.677011922253637, 61.133782565537196 ], [ 14.676701312184436, 61.133376969643294 ], [ 14.676959446017657, 61.133297549252809 ], [ 14.676901135295072, 61.133198519376386 ], [ 14.676569304964685, 61.132964205023953 ], [ 14.67614504008799, 61.133021420175218 ], [ 14.674738378253865, 61.13333287056463 ], [ 14.674585292491505, 61.133208285570404 ], [ 14.673759963931095, 61.133379587728506 ], [ 14.674280819547933, 61.134141514012548 ], [ 14.6746673020993, 61.134127361172951 ], [ 14.675250860072889, 61.133997525370695 ] ] ] } },
{ "type": "Feature", "properties": { "objektidentitet": "e354c887-8429-4117-9767-fec6cfda92cd", "skapad": "2026-03-17T21:00:01", "objekttypnr": 2642, "objekttyp": "Åker", "vattenytaid": null, "hojd_over_havet": null, "reglerat_vatten": "Ingen information" }, "geometry": { "type": "Polygon", "coordinates": [ [ [ 14.677959716875279, 61.128808525249987 ], [ 14.677186904719328, 61.128660174601521 ], [ 14.676349302409575, 61.128841105377347 ], [ 14.675891744733226, 61.128721278413387 ], [ 14.675617457802455, 61.128568869242059 ], [ 14.674929369961102, 61.128774811498417 ], [ 14.674844023636979, 61.128840386793193 ], [ 14.675144069346347, 61.129071253852032 ], [ 14.67530524638838, 61.129123846754986 ], [ 14.676515877673111, 61.128857852484565 ], [ 14.676744003868713, 61.128864628345717 ], [ 14.67694145107323, 61.128930592938083 ], [ 14.677094818595739, 61.129062843121787 ], [ 14.677035356502559, 61.129186451290344 ], [ 14.675795562697262, 61.129543783686017 ], [ 14.676208014642478, 61.129830930050055 ], [ 14.678373051293811, 61.12929473212867 ], [ 14.678457325930136, 61.129262792009015 ], [ 14.677959716875279, 61.128808525249987 ] ] ] } },
{ "type": "Feature", "properties": { "objektidentitet": "4876afa5-a535-4bc5-905b-c0022fe09a1a", "skapad": "2026-03-17T21:00:01", "objekttypnr": 2642, "objekttyp": "Åker", "vattenytaid": null, "hojd_over_havet": null, "reglerat_vatten": "Ingen information" }, "geometry": { "type": "Polygon", "coordinates": [ [ [ 14.676197169827587, 61.130003538424042 ], [ 14.675787081931997, 61.130114150441976 ], [ 14.676453749949046, 61.130483746639271 ], [ 14.675998951301926, 61.130637848772622 ], [ 14.675989002507745, 61.13073549450425 ], [ 14.676211064192421, 61.130753838165525 ], [ 14.676787347797145, 61.130667843823694 ], [ 14.677177113379997, 61.130926275912827 ], [ 14.677332157341134, 61.131004411686888 ], [ 14.677524516329617, 61.130940786706987 ], [ 14.676197169827587, 61.130003538424042 ] ] ] } },
{ "type": "Feature", "properties": { "objektidentitet": "7344102b-3bbb-459c-9c03-d7fc31a4eebd", "skapad": "2026-03-17T21:00:01", "objekttypnr": 2642, "objekttyp": "Åker", "vattenytaid": null, "hojd_over_havet": null, "reglerat_vatten": "Ingen information" }, "geometry": { "type": "Polygon", "coordinates": [ [ [ 14.676673227921777, 61.131466901507025 ], [ 14.676638853495849, 61.131478643004755 ], [ 14.676598962092797, 61.131543322504044 ], [ 14.676478657580407, 61.131933291117861 ], [ 14.677342113789209, 61.131932336458142 ], [ 14.677448758513483, 61.131901392805069 ], [ 14.677483468798375, 61.131856721316801 ], [ 14.677420089344849, 61.131827024124583 ], [ 14.677028035840681, 61.131811437159506 ], [ 14.676977251463192, 61.131561050527097 ], [ 14.676868514232577, 61.131484255130644 ], [ 14.676673227921777, 61.131466901507025 ] ] ] } },
{ "type": "Feature", "properties": { "objektidentitet": "4cdb9052-2a5a-4efe-9ced-48748a973af2", "skapad": "2026-03-17T21:00:01", "objekttypnr": 2640, "objekttyp": "Öppen mark", "vattenytaid": null, "hojd_over_havet": null, "reglerat_vatten": "Ingen information" }, "geometry": { "type": "Polygon", "coordinates": [ [ [ 14.665390474033092, 61.125830362364461 ], [ 14.666225538132387, 61.12587091331072 ], [ 14.666367464496595, 61.125834391271447 ], [ 14.666365393329212, 61.12578260232695 ], [ 14.666070214528958, 61.125616681932982 ], [ 14.665322041898925, 61.125520637751208 ], [ 14.664728663132836, 61.125496777896302 ], [ 14.664452401621928, 61.125508518279034 ], [ 14.663775169942353, 61.125614552576721 ], [ 14.663625163783726, 61.125532625288379 ], [ 14.663610338117925, 61.12549190082234 ], [ 14.663622398655317, 61.125188525491431 ], [ 14.664057413536556, 61.124981715973639 ], [ 14.663834810029428, 61.124917519315652 ], [ 14.663424006404645, 61.125010271005692 ], [ 14.663047618082157, 61.124884820724553 ], [ 14.662655207070474, 61.124652017493105 ], [ 14.661324232272976, 61.124671001667153 ], [ 14.660915564198007, 61.124752897048467 ], [ 14.660756496439076, 61.124831629013457 ], [ 14.660924751703202, 61.124969510065156 ], [ 14.661929827997255, 61.124958747557905 ], [ 14.663162841707999, 61.125107281917479 ], [ 14.663163399909967, 61.125318172253053 ], [ 14.663439635822973, 61.125650814766026 ], [ 14.66371169760807, 61.125728736543266 ], [ 14.664632166732648, 61.125728732144559 ], [ 14.664870670922767, 61.125843431207684 ], [ 14.665244830018139, 61.125897093225056 ], [ 14.665390474033092, 61.125830362364461 ] ] ] } },
{ "type": "Feature", "properties": { "objektidentitet": "b8b61135-e6bd-458b-a744-6776e193549e", "skapad": "2026-03-17T21:00:01", "objekttypnr": 2640, "objekttyp": "Öppen mark", "vattenytaid": null, "hojd_over_havet": null, "reglerat_vatten": "Ingen information" }, "geometry": { "type": "Polygon", "coordinates": [ [ [ 14.658364578335208, 61.124722750672397 ], [ 14.658722965521447, 61.124794283581096 ], [ 14.658762309758643, 61.124870730504441 ], [ 14.658599332757355, 61.125001575052991 ], [ 14.658997315846154, 61.125171415794298 ], [ 14.659271462814512, 61.125090480090712 ], [ 14.659925682376008, 61.124694148236735 ], [ 14.66019342265006, 61.124730400264639 ], [ 14.66071796928636, 61.124417088891043 ], [ 14.660247005840464, 61.124130995756254 ], [ 14.659712229378828, 61.123980170865394 ], [ 14.659591858227312, 61.124023168053505 ], [ 14.658688571929128, 61.124196884319304 ], [ 14.658297437637772, 61.124179656106463 ], [ 14.657983479545985, 61.124085538031785 ], [ 14.657475425150031, 61.123967253713367 ], [ 14.656960390532806, 61.124967622559275 ], [ 14.6565851344455, 61.126091520006938 ], [ 14.656725694285695, 61.126111933279518 ], [ 14.657085317618808, 61.125981427936914 ], [ 14.657418800444606, 61.125028010779396 ], [ 14.65755378418798, 61.124954357544013 ], [ 14.658291500151444, 61.124732980410471 ], [ 14.658364578335208, 61.124722750672397 ] ] ] } },
{ "type": "Feature", "properties": { "objektidentitet": "ed0c29f7-3b08-412b-8d49-894744686b9b", "skapad": "2026-03-17T21:00:01", "objekttypnr": 2640, "objekttyp": "Öppen mark", "vattenytaid": null, "hojd_over_havet": null, "reglerat_vatten": "Ingen information" }, "geometry": { "type": "Polygon", "coordinates": [ [ [ 14.65264443024425, 61.126945260636425 ], [ 14.652415816866364, 61.127091012171753 ], [ 14.652402827638598, 61.12718517417354 ], [ 14.652654472321645, 61.127510162205553 ], [ 14.652965067395112, 61.127663752981206 ], [ 14.653212999006318, 61.127725420016851 ], [ 14.653598700759433, 61.127745773148753 ], [ 14.654022661312442, 61.127386030242441 ], [ 14.653284813657994, 61.127146821583267 ], [ 14.65264443024425, 61.126945260636425 ] ] ] } },
{ "type": "Feature", "properties": { "objektidentitet": "3cb10bc9-95bd-4bbc-91c7-abf26635cef6", "skapad": "2026-03-17T21:00:01", "objekttypnr": 2640, "objekttyp": "Öppen mark", "vattenytaid": null, "hojd_over_havet": null, "reglerat_vatten": "Ingen information" }, "geometry": { "type": "Polygon", "coordinates": [ [ [ 14.65648770325088, 61.127176853062252 ], [ 14.656310640601415, 61.127358311938536 ], [ 14.656032106696157, 61.127760044083978 ], [ 14.655135621605286, 61.127688192740806 ], [ 14.654876745789464, 61.127504627262432 ], [ 14.654489474767171, 61.127697865013289 ], [ 14.655462128535463, 61.127991164197546 ], [ 14.656176964980702, 61.128419141867582 ], [ 14.655862798619342, 61.128492778345688 ], [ 14.654873089714464, 61.128442333492607 ], [ 14.654121331049556, 61.127966501474177 ], [ 14.652448487924879, 61.128236980468536 ], [ 14.652389752550574, 61.128284133829993 ], [ 14.653031312517877, 61.129110375651493 ], [ 14.654592731584989, 61.128870856670368 ], [ 14.654692637091655, 61.128924404084898 ], [ 14.655497829408683, 61.1288349637328 ], [ 14.655977076705389, 61.128838050678425 ], [ 14.657645663705194, 61.129156641511528 ], [ 14.658475866415646, 61.129094117443913 ], [ 14.658792353744651, 61.129099629568167 ], [ 14.658747762395583, 61.129638284839672 ], [ 14.658856726455188, 61.129685944694536 ], [ 14.659565240653119, 61.129706825020463 ], [ 14.659924825219665, 61.12961890270973 ], [ 14.6601312287452, 61.12949467469236 ], [ 14.660288918552727, 61.129148931033498 ], [ 14.66032795674667, 61.129150959248101 ], [ 14.660427891636951, 61.129124941062912 ], [ 14.660478755725327, 61.129066407685862 ], [ 14.660379280547003, 61.128975275413858 ], [ 14.660045705887491, 61.128955063601289 ], [ 14.660003584129219, 61.128459103962399 ], [ 14.660166809847803, 61.128447959450149 ], [ 14.660133331149158, 61.1281980315336 ], [ 14.659900697739422, 61.128172659290449 ], [ 14.659258260176291, 61.128156031881346 ], [ 14.658358609310463, 61.128138411028559 ], [ 14.657854151838089, 61.12822727332356 ], [ 14.657150724321182, 61.128017656042132 ], [ 14.656978888841254, 61.127823048234795 ], [ 14.656833504131031, 61.127642548567785 ], [ 14.65648770325088, 61.127176853062252 ] ], [ [ 14.656492575502169, 61.127984896530727 ], [ 14.656503762078344, 61.128071093990322 ], [ 14.656305717488385, 61.128312318742267 ], [ 14.655976622912947, 61.128096077606529 ], [ 14.656214172270468, 61.127967643079359 ], [ 14.656509196506949, 61.127635459052094 ], [ 14.656833504131031, 61.127642548567785 ], [ 14.656492575502169, 61.127984896530727 ] ] ] } },
{ "type": "Feature", "properties": { "objektidentitet": "43dbad09-2c09-4fa9-b898-bfa27ff172b4", "skapad": "2026-03-17T21:00:01", "objekttypnr": 2645, "objekttyp": "Barr- och blandskog", "vattenytaid": null, "hojd_over_havet": null, "reglerat_vatten": "Ingen information" }, "geometry": { "type": "Polygon", "coordinates": [ [ [ 14.671350891231173, 61.130123018716553 ], [ 14.67216342514438, 61.130280144656133 ], [ 14.672578859605139, 61.130285792170319 ], [ 14.672685458484235, 61.130221544554672 ], [ 14.672937184572755, 61.129878644104004 ], [ 14.672400482006223, 61.129844845980898 ], [ 14.671800155765926, 61.129864973894165 ], [ 14.671641418848061, 61.129811790119049 ], [ 14.671696533193014, 61.129479538254024 ], [ 14.671721322378845, 61.129423585987404 ], [ 14.672267039607783, 61.12919031875397 ], [ 14.671787207526497, 61.128702495266431 ], [ 14.671826283486322, 61.128219449016377 ], [ 14.671332457473406, 61.127938923454224 ], [ 14.671423761039502, 61.127845399022561 ], [ 14.671297808328848, 61.127752109887531 ], [ 14.670069749878346, 61.128047767448507 ], [ 14.669952750330165, 61.128030819359289 ], [ 14.669861207165649, 61.127949328805933 ], [ 14.669919596172971, 61.127786891946947 ], [ 14.670241951503659, 61.127431321697109 ], [ 14.670293787434916, 61.127284633847516 ], [ 14.670106961992175, 61.127040798722497 ], [ 14.67000324969186, 61.126668612729958 ], [ 14.670152754247544, 61.126471303714823 ], [ 14.670824495781662, 61.126187849530645 ], [ 14.671202498061968, 61.126433979758353 ], [ 14.671484235197104, 61.126369144062139 ], [ 14.671338925167049, 61.126267108476405 ], [ 14.670700585575013, 61.125781364492276 ], [ 14.670809197458173, 61.125517151168161 ], [ 14.670687039647174, 61.125420593832011 ], [ 14.670562648876155, 61.125337102591295 ], [ 14.670154142605396, 61.125502897111495 ], [ 14.669956189498658, 61.125394491724613 ], [ 14.669908404053334, 61.125368321708088 ], [ 14.669725040643955, 61.125363286354585 ], [ 14.66950467716237, 61.125465382663648 ], [ 14.668343613246673, 61.125374540588453 ], [ 14.66764952364661, 61.125240261733175 ], [ 14.667243487519903, 61.125125685192089 ], [ 14.667028533577204, 61.125062356481877 ], [ 14.666863380413293, 61.125168543414091 ], [ 14.66664028466797, 61.125175068590778 ], [ 14.665715341834984, 61.124832185448192 ], [ 14.665299889308205, 61.124979031969261 ], [ 14.665125951855101, 61.125107936057518 ], [ 14.665295613090187, 61.125230642847143 ], [ 14.66527083454443, 61.125274303482207 ], [ 14.664989579547175, 61.125433556213821 ], [ 14.664728663132836, 61.125496777896302 ], [ 14.665322041898925, 61.125520637751208 ], [ 14.666070214528958, 61.125616681932982 ], [ 14.666365393329212, 61.12578260232695 ], [ 14.666367464496595, 61.125834391271447 ], [ 14.666225538132387, 61.12587091331072 ], [ 14.666990672126589, 61.126053163257332 ], [ 14.667889079571234, 61.126702259324063 ], [ 14.667642661678391, 61.126846251062219 ], [ 14.667077519468057, 61.127006731535928 ], [ 14.666848377109574, 61.126868734894408 ], [ 14.666777426270153, 61.126671443240845 ], [ 14.665881210579238, 61.126708358145429 ], [ 14.665934260025638, 61.126840651417048 ], [ 14.666149191128486, 61.126995061914819 ], [ 14.667442864616332, 61.12735667863921 ], [ 14.66758022103493, 61.127439360720729 ], [ 14.667495328083646, 61.127490711531088 ], [ 14.667146771331796, 61.127515773586552 ], [ 14.666938852011105, 61.127666196763016 ], [ 14.667143379292629, 61.127961774055507 ], [ 14.667397097234096, 61.128109778014597 ], [ 14.66743568805561, 61.128242636771269 ], [ 14.665748177030627, 61.128772343884336 ], [ 14.665844625708989, 61.128998535791546 ], [ 14.66710471766905, 61.128710994473757 ], [ 14.667312046836939, 61.128857429849162 ], [ 14.66900957028051, 61.128470537709418 ], [ 14.669682134224528, 61.128717967215167 ], [ 14.670860785692058, 61.128954146214845 ], [ 14.671149533058527, 61.129274494449433 ], [ 14.668946825308801, 61.129565058010783 ], [ 14.668818779413813, 61.129808375486483 ], [ 14.668450899515033, 61.129905224904853 ], [ 14.667734637694556, 61.12995996513753 ], [ 14.667679525136728, 61.130006972338705 ], [ 14.668852569911342, 61.130388218629861 ], [ 14.669193584838817, 61.130426813476575 ], [ 14.669572151241717, 61.130389663682848 ], [ 14.670099487547494, 61.130170338792915 ], [ 14.670377722957857, 61.130136739447735 ], [ 14.671350891231173, 61.130123018716553 ] ] ] } },
{ "type": "Feature", "properties": { "objektidentitet": "9d5230a7-49c2-4457-9cb8-a4de8a86427a", "skapad": "2026-03-17T21:00:01", "objekttypnr": 2645, "objekttyp": "Barr- och blandskog", "vattenytaid": null, "hojd_over_havet": null, "reglerat_vatten": "Ingen information" }, "geometry": { "type": "Polygon", "coordinates": [ [ [ 14.666481072496458, 61.132482545786118 ], [ 14.666314271638567, 61.132568599922614 ], [ 14.66634335432701, 61.132890059330109 ], [ 14.666357048787425, 61.133021079313011 ], [ 14.666307811939815, 61.133108841685456 ], [ 14.667025458844915, 61.133023004237401 ], [ 14.667514036894167, 61.132610777418073 ], [ 14.666710880393124, 61.132511724449643 ], [ 14.666481072496458, 61.132482545786118 ] ] ] } },
{ "type": "Feature", "properties": { "objektidentitet": "0edb1ef1-38ba-4761-a11a-32969974151c", "skapad": "2026-03-17T21:00:01", "objekttypnr": 2645, "objekttyp": "Barr- och blandskog", "vattenytaid": null, "hojd_over_havet": null, "reglerat_vatten": "Ingen information" }, "geometry": { "type": "Polygon", "coordinates": [ [ [ 14.664397783344905, 61.133395842505159 ], [ 14.663844172508204, 61.133410843808583 ], [ 14.663465244315564, 61.133345306447659 ], [ 14.663429083325711, 61.133273017017693 ], [ 14.663842501525313, 61.132939064849332 ], [ 14.663477352972068, 61.132863318138291 ], [ 14.662261134019186, 61.133154930549324 ], [ 14.662651895831655, 61.133336072034488 ], [ 14.663140406404155, 61.133563745415017 ], [ 14.664760465524006, 61.133794485579038 ], [ 14.664941174274347, 61.133747943253177 ], [ 14.665159877877223, 61.133581470488359 ], [ 14.664397783344905, 61.133395842505159 ] ] ] } },
{ "type": "Feature", "properties": { "objektidentitet": "e2705783-d918-418a-a226-cfd8a9a13a25", "skapad": "2026-03-17T21:00:01", "objekttypnr": 2640, "objekttyp": "Öppen mark", "vattenytaid": null, "hojd_over_havet": null, "reglerat_vatten": "Ingen information" }, "geometry": { "type": "Polygon", "coordinates": [ [ [ 14.675722834501824, 61.134353810452708 ], [ 14.676229823466315, 61.134423094250884 ], [ 14.67641077972684, 61.134469035612504 ], [ 14.676678838063504, 61.134707534203471 ], [ 14.677397456580119, 61.135036975093911 ], [ 14.678025594172196, 61.13495537285322 ], [ 14.678485187896657, 61.135153088248209 ], [ 14.679307113944295, 61.135147246184687 ], [ 14.679159569351951, 61.134676899429913 ], [ 14.67842185132986, 61.13455035678053 ], [ 14.678284614474673, 61.134400828564743 ], [ 14.678947257572844, 61.134097543234468 ], [ 14.67933372974087, 61.134063966877264 ], [ 14.679760295687933, 61.134156254367355 ], [ 14.680051109077967, 61.134493367694802 ], [ 14.680494195690073, 61.134599751237516 ], [ 14.680720195741811, 61.134622675230368 ], [ 14.68128381540018, 61.134459575547744 ], [ 14.681683993259888, 61.134143645963213 ], [ 14.681721993020796, 61.133570511722006 ], [ 14.681604634547716, 61.133438998274052 ], [ 14.681118459981018, 61.133239264413461 ], [ 14.680975214485349, 61.133213510366865 ], [ 14.680641617289377, 61.13324133575717 ], [ 14.68020259044777, 61.133365144197114 ], [ 14.680056903025045, 61.133665313698145 ], [ 14.679685542447046, 61.133857359196504 ], [ 14.679007657920749, 61.133974933006854 ], [ 14.678500820599844, 61.133998616175724 ], [ 14.67838202773571, 61.133958212116269 ], [ 14.67750549050972, 61.133271693751098 ], [ 14.678008857632387, 61.132916590625179 ], [ 14.679601363755971, 61.132936468224145 ], [ 14.679989924751647, 61.133067530029443 ], [ 14.681038623479393, 61.133088051446158 ], [ 14.681367951825216, 61.132934543871961 ], [ 14.681519618091871, 61.132916783696032 ], [ 14.682193222043992, 61.133098282788332 ], [ 14.682439733552293, 61.133329752842108 ], [ 14.682536672366219, 61.133509267030043 ], [ 14.682675232120012, 61.133569258489132 ], [ 14.682972711708416, 61.133595748916754 ], [ 14.683394008815615, 61.133443143138209 ], [ 14.683420144874612, 61.133107991304705 ], [ 14.683712442003069, 61.132991334959897 ], [ 14.683937563571199, 61.132995326324817 ], [ 14.68467408556891, 61.133167766846213 ], [ 14.685635582528022, 61.132986345306435 ], [ 14.685885430041866, 61.132858120922648 ], [ 14.686887921725033, 61.132757648887036 ], [ 14.687481864582301, 61.13259134365633 ], [ 14.687563965505515, 61.132478655397165 ], [ 14.687506060621777, 61.132079700790143 ], [ 14.687372819018716, 61.131858925061181 ], [ 14.687779629128933, 61.131764421312575 ], [ 14.688028636542084, 61.131625381949974 ], [ 14.687984688078529, 61.131567275045526 ], [ 14.687696845849022, 61.131260028109665 ], [ 14.68675845912192, 61.131495267843817 ], [ 14.68533778237552, 61.131601742791709 ], [ 14.685143330057977, 61.131548563639797 ], [ 14.685198402091759, 61.131456651497906 ], [ 14.685563667941773, 61.131357918982957 ], [ 14.686409582881705, 61.131293114495008 ], [ 14.686262524745803, 61.130748009314082 ], [ 14.686210832728861, 61.130684910288331 ], [ 14.686056709518303, 61.130667216613602 ], [ 14.685083610032688, 61.130975228023253 ], [ 14.685099268707509, 61.131056540332125 ], [ 14.685383862823853, 61.13102492719625 ], [ 14.685451220269968, 61.131103280673493 ], [ 14.684959004346055, 61.1313566830841 ], [ 14.684113048644836, 61.131674239689545 ], [ 14.683897011278395, 61.132241123345416 ], [ 14.682761877260587, 61.13197407922835 ], [ 14.682992257509483, 61.131569271422784 ], [ 14.683223269719139, 61.13150869147276 ], [ 14.68353937268747, 61.131531274313296 ], [ 14.684189797277423, 61.131445870907996 ], [ 14.684408217890418, 61.131415128662262 ], [ 14.684507333657027, 61.131339632067345 ], [ 14.684413056975023, 61.131138471101686 ], [ 14.684026742479867, 61.130931735334265 ], [ 14.684342425925427, 61.130819064688176 ], [ 14.684398513996491, 61.130731473168773 ], [ 14.684610821697962, 61.130344971112756 ], [ 14.684180740676991, 61.130076644736292 ], [ 14.683761127925772, 61.130126909972653 ], [ 14.683529831103034, 61.129998049376169 ], [ 14.68346852806849, 61.129916486245513 ], [ 14.684023298297443, 61.129674179221198 ], [ 14.683736170197706, 61.129453318654136 ], [ 14.682468471594328, 61.128788801540814 ], [ 14.68265721908028, 61.128577547812959 ], [ 14.683067551821544, 61.128682741893797 ], [ 14.683342535609091, 61.128643039628052 ], [ 14.683767298124973, 61.128330097282216 ], [ 14.683614796605296, 61.128194193587909 ], [ 14.682923875470161, 61.128196149317787 ], [ 14.682830210297814, 61.128137798400175 ], [ 14.681583088516216, 61.128167646927004 ], [ 14.68095181832224, 61.12862764615798 ], [ 14.681537363067923, 61.128833719658786 ], [ 14.681674590936083, 61.12873600482277 ], [ 14.682087336387678, 61.128885504245339 ], [ 14.681658620514431, 61.129321419333557 ], [ 14.68103891520024, 61.129646751906627 ], [ 14.680675871659085, 61.129487221660774 ], [ 14.680058526657216, 61.129730184052811 ], [ 14.679600715124469, 61.129555766057365 ], [ 14.679512038620974, 61.129512821572995 ], [ 14.679376396126461, 61.129513532825996 ], [ 14.678356466433405, 61.129781146476731 ], [ 14.678098914028267, 61.13006753639894 ], [ 14.677823142068894, 61.130129913146511 ], [ 14.677335532993879, 61.129954348274133 ], [ 14.677138540010588, 61.129786756500522 ], [ 14.677299903683958, 61.129732547476102 ], [ 14.6779146906427, 61.12961713024314 ], [ 14.678297485386567, 61.129465238786658 ], [ 14.678373051293811, 61.12929473212867 ], [ 14.676208014642478, 61.129830930050055 ], [ 14.675795562697262, 61.129543783686017 ], [ 14.677035356502559, 61.129186451290344 ], [ 14.677094818595739, 61.129062843121787 ], [ 14.67694145107323, 61.128930592938083 ], [ 14.676744003868713, 61.128864628345717 ], [ 14.676515877673111, 61.128857852484565 ], [ 14.67530524638838, 61.129123846754986 ], [ 14.675144069346347, 61.129071253852032 ], [ 14.674844023636979, 61.128840386793193 ], [ 14.674929369961102, 61.128774811498417 ], [ 14.675617457802455, 61.128568869242059 ], [ 14.675891744733226, 61.128721278413387 ], [ 14.676349302409575, 61.128841105377347 ], [ 14.677186904719328, 61.128660174601521 ], [ 14.677643598319619, 61.128568199569834 ], [ 14.677997660814228, 61.128639042685045 ], [ 14.678247056173966, 61.128637104447478 ], [ 14.678291785064456, 61.128190896820982 ], [ 14.677472228991038, 61.12816768594579 ], [ 14.677193389671229, 61.128275643713756 ], [ 14.676849232665946, 61.128302455562583 ], [ 14.675901639181973, 61.128255533224241 ], [ 14.675779685137197, 61.128219868419102 ], [ 14.675783117335062, 61.128162104447789 ], [ 14.675966518261927, 61.128023746943057 ], [ 14.677869415343501, 61.127421229456701 ], [ 14.676465379714138, 61.12701528711677 ], [ 14.675380675960476, 61.126854625451081 ], [ 14.674955590788974, 61.12690548750205 ], [ 14.674506392967855, 61.12707159242899 ], [ 14.674282467660301, 61.127121490677254 ], [ 14.674016604096382, 61.126704944198799 ], [ 14.673822989589789, 61.126521213445919 ], [ 14.673456222429088, 61.126513622149339 ], [ 14.673291053393191, 61.126369210371983 ], [ 14.67309005800003, 61.126201575751239 ], [ 14.672766662082953, 61.125942259748022 ], [ 14.671946152911818, 61.126228280779515 ], [ 14.672256223019906, 61.126499507105081 ], [ 14.672379211019541, 61.126773143425218 ], [ 14.672344114922559, 61.126808305285195 ], [ 14.672118176984094, 61.126840895087611 ], [ 14.672095666164015, 61.126824141923173 ], [ 14.6719675217551, 61.126836839894288 ], [ 14.67187422305685, 61.126881511755798 ], [ 14.671857469675919, 61.126930732388921 ], [ 14.671875446409571, 61.126944368471271 ], [ 14.670293787434916, 61.127284633847516 ], [ 14.670241951503659, 61.127431321697109 ], [ 14.669919596172971, 61.127786891946947 ], [ 14.669861207165649, 61.127949328805933 ], [ 14.669952750330165, 61.128030819359289 ], [ 14.670069749878346, 61.128047767448507 ], [ 14.671297808328848, 61.127752109887531 ], [ 14.671423761039502, 61.127845399022561 ], [ 14.671332457473406, 61.127938923454224 ], [ 14.671826283486322, 61.128219449016377 ], [ 14.67227835050447, 61.128058854333432 ], [ 14.672722871583764, 61.128295364561907 ], [ 14.672857069293944, 61.128417742506343 ], [ 14.673168281056643, 61.128687317532687 ], [ 14.673345708281419, 61.128706419766466 ], [ 14.674116409259897, 61.128522769909175 ], [ 14.674536328730927, 61.128815748120388 ], [ 14.673596618783257, 61.129048972354788 ], [ 14.672459754926253, 61.12923566546722 ], [ 14.672267039607783, 61.12919031875397 ], [ 14.671721322378845, 61.129423585987404 ], [ 14.671696533193014, 61.129479538254024 ], [ 14.671641418848061, 61.129811790119049 ], [ 14.671800155765926, 61.129864973894165 ], [ 14.672400482006223, 61.129844845980898 ], [ 14.672937184572755, 61.129878644104004 ], [ 14.672685458484235, 61.130221544554672 ], [ 14.673108220165341, 61.13016663480132 ], [ 14.673330905658069, 61.130212115678951 ], [ 14.674105821563073, 61.130662802893283 ], [ 14.674093900494187, 61.130868455817186 ], [ 14.673435384238973, 61.13125783364422 ], [ 14.672796044908186, 61.131557826710576 ], [ 14.672688858678049, 61.131610276188027 ], [ 14.672736784283053, 61.131711967002687 ], [ 14.672904660093051, 61.131737097818686 ], [ 14.67315069726008, 61.131764293760284 ], [ 14.673487452146022, 61.13198913011459 ], [ 14.672885514506575, 61.13242158253496 ], [ 14.672427058074875, 61.132621513464137 ], [ 14.672451756277344, 61.132660518825233 ], [ 14.67360678265992, 61.132415208522197 ], [ 14.674848842695443, 61.132056689735165 ], [ 14.675365045590537, 61.132042128239405 ], [ 14.67641590715483, 61.132059988465748 ], [ 14.676411367207303, 61.13226606330106 ], [ 14.675874124855143, 61.13261229911965 ], [ 14.675246815332752, 61.132676916642062 ], [ 14.67614504008799, 61.133021420175218 ], [ 14.676569304964685, 61.132964205023953 ], [ 14.676901135295072, 61.133198519376386 ], [ 14.676959446017657, 61.133297549252809 ], [ 14.676701312184436, 61.133376969643294 ], [ 14.677011922253637, 61.133782565537196 ], [ 14.677103674536419, 61.133903392527486 ], [ 14.676742190955505, 61.134175257032794 ], [ 14.676046934503427, 61.13417069443026 ], [ 14.675395995292755, 61.134224428655934 ], [ 14.674960816770106, 61.134389625944195 ], [ 14.674826639797303, 61.134592534041801 ], [ 14.674726267072158, 61.13461729600634 ], [ 14.674585561314498, 61.134579206142639 ], [ 14.674489716239181, 61.134369630959135 ], [ 14.674966709402979, 61.13419199361347 ], [ 14.67543732485314, 61.134141402288797 ], [ 14.675640582695854, 61.134032943951773 ], [ 14.675339963249007, 61.134050241596626 ], [ 14.675250860072889, 61.133997525370695 ], [ 14.6746673020993, 61.134127361172951 ], [ 14.674280819547933, 61.134141514012548 ], [ 14.673759963931095, 61.133379587728506 ], [ 14.674585292491505, 61.133208285570404 ], [ 14.674558886968686, 61.133121954247855 ], [ 14.675161824846271, 61.132981706506328 ], [ 14.675004809590542, 61.132702828972583 ], [ 14.673281081054489, 61.133044996649893 ], [ 14.672142345280864, 61.132756864445639 ], [ 14.672022464477047, 61.13273127450659 ], [ 14.67191977985606, 61.133086735280351 ], [ 14.671940928582249, 61.133827904377981 ], [ 14.671832763755472, 61.133898620670344 ], [ 14.671366846165464, 61.13390608162198 ], [ 14.671169168695197, 61.133521010242831 ], [ 14.671090353109207, 61.13323147289821 ], [ 14.671257573814035, 61.133116613042624 ], [ 14.671457111810184, 61.13307211003228 ], [ 14.671778758623416, 61.132824142550525 ], [ 14.671975611228387, 61.132506563127691 ], [ 14.671726631156996, 61.132429701885734 ], [ 14.670765417631896, 61.132297690893346 ], [ 14.670826292271354, 61.132012685629711 ], [ 14.670966822593781, 61.131598387356 ], [ 14.671078692209615, 61.131492209523692 ], [ 14.671088628642639, 61.131493643311586 ], [ 14.671147232072716, 61.131417770554705 ], [ 14.671071776090658, 61.131353844630461 ], [ 14.670838571524293, 61.131323210806698 ], [ 14.670925977073052, 61.131184294217846 ], [ 14.671404541228236, 61.131206636066473 ], [ 14.671542974076557, 61.130866327220737 ], [ 14.671028712124098, 61.13063161882647 ], [ 14.669537213656907, 61.130814219684332 ], [ 14.668828463812215, 61.130520250014712 ], [ 14.668632338422727, 61.130566247959415 ], [ 14.668376307729661, 61.130960599438424 ], [ 14.668344492146536, 61.130956463519361 ], [ 14.668245364385362, 61.130979957937797 ], [ 14.668188933919675, 61.131030382489186 ], [ 14.668223731528625, 61.131104238594936 ], [ 14.668237945730436, 61.13110669736038 ], [ 14.669461423521142, 61.131578836456107 ], [ 14.669551083333337, 61.131537577752184 ], [ 14.66932407558396, 61.131384795434514 ], [ 14.668729863200864, 61.131192168294838 ], [ 14.668714421398265, 61.131138497050863 ], [ 14.670621057488338, 61.131404756578931 ], [ 14.670739808044264, 61.131484813545498 ], [ 14.670672682537631, 61.131719348058368 ], [ 14.670573714795978, 61.131763080533439 ], [ 14.669458133122687, 61.132014593305584 ], [ 14.669337086942058, 61.132031723549424 ], [ 14.668545756925461, 61.131866220362099 ], [ 14.667327288117058, 61.131465306421298 ], [ 14.667004740463309, 61.131302957285506 ], [ 14.666840039590433, 61.13103692525268 ], [ 14.666776742983933, 61.130854142896567 ], [ 14.666956725838874, 61.130885254127101 ], [ 14.667085233187425, 61.130857478838578 ], [ 14.66712249967725, 61.13075993682191 ], [ 14.667113965916494, 61.130754035369542 ], [ 14.667167318437857, 61.130645104069082 ], [ 14.667212413564158, 61.130470435055123 ], [ 14.666826225955125, 61.12998977298161 ], [ 14.665984862178286, 61.129577170029826 ], [ 14.665417006761006, 61.12936908866908 ], [ 14.665077781924699, 61.129447011800728 ], [ 14.664926003335436, 61.129395417395187 ], [ 14.664934049297724, 61.129378936257325 ], [ 14.664876221433092, 61.129315678997948 ], [ 14.664752205036086, 61.12929497412518 ], [ 14.663765504653503, 61.129425971654271 ], [ 14.663474176681136, 61.129255638439986 ], [ 14.663718462069717, 61.128877409014677 ], [ 14.663773111110968, 61.12883072555838 ], [ 14.664113940720306, 61.128749945755175 ], [ 14.66432503082647, 61.128463592415962 ], [ 14.664711967222006, 61.128057129760272 ], [ 14.66433345707931, 61.127984305614291 ], [ 14.664432069449262, 61.128042053155127 ], [ 14.664439584491646, 61.128096621186266 ], [ 14.664395717988443, 61.128157857872267 ], [ 14.664124824691346, 61.128329748040876 ], [ 14.663953727827796, 61.128402241077985 ], [ 14.663250710903812, 61.128387107136895 ], [ 14.663353222942757, 61.12818994890543 ], [ 14.663423270238951, 61.128133652912275 ], [ 14.663381819905135, 61.127995488711207 ], [ 14.663257710212907, 61.127910851159363 ], [ 14.662649292456678, 61.12790053731856 ], [ 14.662121338245216, 61.127926081479039 ], [ 14.662088451957425, 61.128111238633892 ], [ 14.661777990848506, 61.128626561634398 ], [ 14.661362312620518, 61.128810644382256 ], [ 14.661322364292673, 61.129032404267271 ], [ 14.661293348104072, 61.129030643903455 ], [ 14.661150051554396, 61.129101353353249 ], [ 14.661232928790621, 61.129198018737156 ], [ 14.661259368876673, 61.12919939566553 ], [ 14.66115817137028, 61.129371103292442 ], [ 14.66085295224897, 61.129557642788861 ], [ 14.660791741726854, 61.129685943793639 ], [ 14.661088581368491, 61.129878032076128 ], [ 14.661400429994492, 61.129956919729516 ], [ 14.661621678566279, 61.130327727344877 ], [ 14.66163174477791, 61.130435010676514 ], [ 14.660620572375429, 61.130864589105833 ], [ 14.660463191576337, 61.130869670852597 ], [ 14.660194408364546, 61.130737228641387 ], [ 14.661090708615975, 61.130341517169462 ], [ 14.661141502872576, 61.130286107585242 ], [ 14.661051501150153, 61.130275396057385 ], [ 14.659831125593779, 61.130758760293745 ], [ 14.658873312645399, 61.131202232063522 ], [ 14.658707550353586, 61.131214795805931 ], [ 14.658362686125292, 61.131139319813862 ], [ 14.658193027640305, 61.131385377132219 ], [ 14.657682062001973, 61.131696854585073 ], [ 14.658013727800151, 61.131705530818166 ], [ 14.658487412337943, 61.131823798065746 ], [ 14.659261736234599, 61.132094635979591 ], [ 14.659649069909673, 61.13183919546919 ], [ 14.659984328317758, 61.132023392340614 ], [ 14.65997222817067, 61.1320350239397 ], [ 14.660007217973231, 61.132054755494771 ], [ 14.660151313030328, 61.132084043888838 ], [ 14.660256936380401, 61.132065123621381 ], [ 14.66039972145035, 61.13198127014055 ], [ 14.660727477961084, 61.131833716266698 ], [ 14.660825597363447, 61.131854817714149 ], [ 14.661563785926374, 61.132667793593583 ], [ 14.661173020559692, 61.132772636967331 ], [ 14.660250391297517, 61.132904532750118 ], [ 14.6605581466229, 61.13310965808887 ], [ 14.660849874465017, 61.13343501831789 ], [ 14.661152578888547, 61.133719035884482 ], [ 14.661570895265537, 61.133955750365601 ], [ 14.662305977566101, 61.134025961929837 ], [ 14.66307775171869, 61.133979459467113 ], [ 14.663875344144104, 61.134012246025648 ], [ 14.664197773651768, 61.134176326131609 ], [ 14.66421936794009, 61.1342287832449 ], [ 14.663919600461462, 61.134535627607136 ], [ 14.663820065319049, 61.135032876649134 ], [ 14.664155770847021, 61.135336082803015 ], [ 14.664962589652555, 61.135211109750401 ], [ 14.665765552408352, 61.135167551148562 ], [ 14.66605838949407, 61.135092178437347 ], [ 14.666176017386235, 61.134895262142415 ], [ 14.665805681931962, 61.134574908657981 ], [ 14.665074710481996, 61.134356547549316 ], [ 14.66500992967366, 61.134279187015181 ], [ 14.665840365226181, 61.133530964868619 ], [ 14.666072906018185, 61.133560483413355 ], [ 14.666404313379116, 61.133653862089226 ], [ 14.666791061912457, 61.133786977454477 ], [ 14.666908917564296, 61.133976627391327 ], [ 14.667210401184009, 61.134179387990955 ], [ 14.668016420438526, 61.133852394137989 ], [ 14.668622511204294, 61.13338869472117 ], [ 14.669181678416203, 61.133135066478687 ], [ 14.670372125421528, 61.13314021631848 ], [ 14.670437071886665, 61.133427287092047 ], [ 14.670242042837119, 61.133692564110397 ], [ 14.670309984563053, 61.134007545533443 ], [ 14.670194826301733, 61.134360388744966 ], [ 14.669319026109996, 61.134507399566445 ], [ 14.669349667646539, 61.13474499123182 ], [ 14.669741400387034, 61.134954493409104 ], [ 14.670149143877026, 61.135206758866225 ], [ 14.670350279285389, 61.135373886106429 ], [ 14.671279848487718, 61.135420372172803 ], [ 14.672294146042214, 61.135445537250675 ], [ 14.672578771358957, 61.135258123367471 ], [ 14.67268419894406, 61.134874424706922 ], [ 14.67147174410681, 61.134847300131625 ], [ 14.671272914200246, 61.134951247230823 ], [ 14.671088307913845, 61.134846072444454 ], [ 14.671194721159917, 61.134597816448654 ], [ 14.672026022782433, 61.134182554536473 ], [ 14.672239870178796, 61.133761070913089 ], [ 14.672514447156214, 61.133778793531931 ], [ 14.672579512576714, 61.133695789575405 ], [ 14.672744343104258, 61.133641181469187 ], [ 14.673386225766265, 61.133733767226659 ], [ 14.674075134277478, 61.134436406514133 ], [ 14.673835807040856, 61.134442455502089 ], [ 14.673321646428912, 61.134291330617806 ], [ 14.672780204445663, 61.134229197743032 ], [ 14.672650834561091, 61.134271313773532 ], [ 14.672814717258811, 61.134310404470654 ], [ 14.673395961789728, 61.134529825961387 ], [ 14.673440430965451, 61.134585658530249 ], [ 14.673347746157219, 61.134633618451289 ], [ 14.673079034635299, 61.134640457106812 ], [ 14.673149905354542, 61.134917485684383 ], [ 14.673466642656951, 61.135341742567995 ], [ 14.674004733876696, 61.135698569830936 ], [ 14.674817765897938, 61.13532752541586 ], [ 14.674590120122147, 61.134921208460327 ], [ 14.675722834501824, 61.134353810452708 ] ], [ [ 14.668348188483753, 61.133336597740332 ], [ 14.667886490069222, 61.133241772814529 ], [ 14.667765945632734, 61.133168164224756 ], [ 14.667025458844915, 61.133023004237401 ], [ 14.666307811939815, 61.133108841685456 ], [ 14.666182091045041, 61.133165477701752 ], [ 14.665790197777833, 61.133154733535058 ], [ 14.665207827987295, 61.133027945561885 ], [ 14.664447073791406, 61.132767958020601 ], [ 14.665099690532648, 61.132347770423898 ], [ 14.66512120338648, 61.132309721946875 ], [ 14.665031680592561, 61.132233844310122 ], [ 14.664961658295768, 61.132215284342053 ], [ 14.664923687645723, 61.132225999687819 ], [ 14.664340909710496, 61.132060898610973 ], [ 14.664288468201439, 61.131944595591428 ], [ 14.664878367649838, 61.131589701735102 ], [ 14.665197689702424, 61.13142802067032 ], [ 14.665978711199745, 61.131234279533949 ], [ 14.666104761046784, 61.131094752357171 ], [ 14.666463816244462, 61.130984627408097 ], [ 14.666904275273945, 61.13142155831693 ], [ 14.66684376792721, 61.131532689216151 ], [ 14.666597469236391, 61.131620828273427 ], [ 14.665292330311825, 61.131742999093845 ], [ 14.665317729468022, 61.131779817033724 ], [ 14.665870602087562, 61.131853023801199 ], [ 14.666216187064208, 61.131961152705081 ], [ 14.666186490920058, 61.131974285877348 ], [ 14.66616900755804, 61.132065196780474 ], [ 14.66623377262618, 61.132112202936611 ], [ 14.666293684894095, 61.132107080691142 ], [ 14.666750347902699, 61.132452289695735 ], [ 14.666710880393124, 61.132511724449643 ], [ 14.667514036894167, 61.132610777418073 ], [ 14.667409148384053, 61.132279247535884 ], [ 14.667626440652292, 61.132071729617522 ], [ 14.667996599781434, 61.13188063004911 ], [ 14.668992054277988, 61.132098626348366 ], [ 14.668522644006318, 61.13253760517253 ], [ 14.669018272240301, 61.132716013511015 ], [ 14.669029943347519, 61.13276107494498 ], [ 14.668539456472972, 61.133254371848842 ], [ 14.668348188483753, 61.133336597740332 ] ], [ [ 14.663668172462032, 61.131392131406024 ], [ 14.663275484916147, 61.131229643902685 ], [ 14.663053855674574, 61.131308806131756 ], [ 14.662846231984847, 61.131401155364159 ], [ 14.662561093462108, 61.131514417936764 ], [ 14.661698744631005, 61.131169725031818 ], [ 14.662111475573475, 61.130980956497581 ], [ 14.662654368601341, 61.130849376647696 ], [ 14.66366276806445, 61.130321729274989 ], [ 14.663994724730358, 61.130513359495218 ], [ 14.664155593673751, 61.130990956790093 ], [ 14.664138732522488, 61.131096197662536 ], [ 14.663668172462032, 61.131392131406024 ] ], [ [ 14.663477352972068, 61.132863318138291 ], [ 14.663842501525313, 61.132939064849332 ], [ 14.664023845110645, 61.132825425174225 ], [ 14.664206491270102, 61.132833805951549 ], [ 14.665076075963174, 61.133082393235128 ], [ 14.665371844899441, 61.133289857142714 ], [ 14.665159877877223, 61.133581470488359 ], [ 14.664941174274347, 61.133747943253177 ], [ 14.664760465524006, 61.133794485579038 ], [ 14.663140406404155, 61.133563745415017 ], [ 14.662651895831655, 61.133336072034488 ], [ 14.662261134019186, 61.133154930549324 ], [ 14.662100195371188, 61.133123564210663 ], [ 14.662045657089667, 61.132853096898074 ], [ 14.662247884970702, 61.132569867321379 ], [ 14.662564312422193, 61.132406748746185 ], [ 14.663477352972068, 61.132863318138291 ] ], [ [ 14.676673227921777, 61.131466901507025 ], [ 14.676868514232577, 61.131484255130644 ], [ 14.676977251463192, 61.131561050527097 ], [ 14.677028035840681, 61.131811437159506 ], [ 14.677420089344849, 61.131827024124583 ], [ 14.677483468798375, 61.131856721316801 ], [ 14.677448758513483, 61.131901392805069 ], [ 14.677342113789209, 61.131932336458142 ], [ 14.676478657580407, 61.131933291117861 ], [ 14.676598962092797, 61.131543322504044 ], [ 14.676638853495849, 61.131478643004755 ], [ 14.676673227921777, 61.131466901507025 ] ], [ [ 14.677945844907246, 61.131021288567673 ], [ 14.678005277452103, 61.130780160499931 ], [ 14.678464907262907, 61.130354547461948 ], [ 14.679479353531338, 61.130410013383106 ], [ 14.679655651105328, 61.130166144592096 ], [ 14.679926293005609, 61.129997598339457 ], [ 14.680292286252126, 61.130142853829845 ], [ 14.679541275568054, 61.130620204797388 ], [ 14.67913174951533, 61.131138914340745 ], [ 14.678854071875778, 61.131273075504481 ], [ 14.678220287808626, 61.131150602442595 ], [ 14.677945844907246, 61.131021288567673 ] ], [ [ 14.681622182478751, 61.129619845682946 ], [ 14.681779877603461, 61.129588058171329 ], [ 14.682016712461678, 61.129647006649627 ], [ 14.682521352660324, 61.129736991172273 ], [ 14.682803352711353, 61.129722489137791 ], [ 14.683041267707051, 61.129775818178778 ], [ 14.682853264671806, 61.129847514314882 ], [ 14.682635152577321, 61.130079779499049 ], [ 14.682434043862091, 61.130543181636348 ], [ 14.682329099608816, 61.130856853244339 ], [ 14.681426721317916, 61.130998053375052 ], [ 14.681118407977404, 61.130860882399382 ], [ 14.681060108157013, 61.130522380221947 ], [ 14.681245140596021, 61.130449665295664 ], [ 14.681526152515218, 61.130146688544933 ], [ 14.681622182478751, 61.129619845682946 ] ], [ [ 14.677524516329617, 61.130940786706987 ], [ 14.677332157341134, 61.131004411686888 ], [ 14.677177113379997, 61.130926275912827 ], [ 14.676840432846923, 61.131030790993343 ], [ 14.676164995203449, 61.131091957668744 ], [ 14.675601920539927, 61.13108927121386 ], [ 14.675387160000815, 61.131026845194981 ], [ 14.675440270136653, 61.130915279611195 ], [ 14.675989002507745, 61.13073549450425 ], [ 14.675998951301926, 61.130637848772622 ], [ 14.676453749949046, 61.130483746639271 ], [ 14.675787081931997, 61.130114150441976 ], [ 14.676197169827587, 61.130003538424042 ], [ 14.677524516329617, 61.130940786706987 ] ], [ [ 14.673843367923581, 61.126779141317641 ], [ 14.674326231266067, 61.127313577628044 ], [ 14.673213039090102, 61.127621471732816 ], [ 14.672844212784138, 61.127364757568543 ], [ 14.673655891188016, 61.127141500525866 ], [ 14.673466790817002, 61.126889019114614 ], [ 14.673843367923581, 61.126779141317641 ] ] ] } },
{ "type": "Feature", "properties": { "objektidentitet": "2d4d73ac-8b03-4768-941f-57c664fb2cf7", "skapad": "2026-03-17T21:00:01", "objekttypnr": 2645, "objekttyp": "Barr- och blandskog", "vattenytaid": null, "hojd_over_havet": null, "reglerat_vatten": "Ingen information" }, "geometry": { "type": "Polygon", "coordinates": [ [ [ 14.680680436204682, 61.129084595775119 ], [ 14.681276752675878, 61.129193259682992 ], [ 14.681537363067923, 61.128833719658786 ], [ 14.68095181832224, 61.12862764615798 ], [ 14.680535613631834, 61.128897012551249 ], [ 14.68025027618954, 61.128829067935833 ], [ 14.679441103215424, 61.12902709786313 ], [ 14.678457325930136, 61.129262792009015 ], [ 14.678373051293811, 61.12929473212867 ], [ 14.678297485386567, 61.129465238786658 ], [ 14.6779146906427, 61.12961713024314 ], [ 14.677299903683958, 61.129732547476102 ], [ 14.677138540010588, 61.129786756500522 ], [ 14.677335532993879, 61.129954348274133 ], [ 14.677823142068894, 61.130129913146511 ], [ 14.678098914028267, 61.13006753639894 ], [ 14.678356466433405, 61.129781146476731 ], [ 14.679376396126461, 61.129513532825996 ], [ 14.679512038620974, 61.129512821572995 ], [ 14.680680436204682, 61.129084595775119 ] ] ] } },
{ "type": "Feature", "properties": { "objektidentitet": "d0334543-d490-4572-b68d-9ce3eefc180c", "skapad": "2026-03-17T21:00:01", "objekttypnr": 2645, "objekttyp": "Barr- och blandskog", "vattenytaid": null, "hojd_over_havet": null, "reglerat_vatten": "Ingen information" }, "geometry": { "type": "Polygon", "coordinates": [ [ [ 14.676787347797145, 61.130667843823694 ], [ 14.676211064192421, 61.130753838165525 ], [ 14.675989002507745, 61.13073549450425 ], [ 14.675440270136653, 61.130915279611195 ], [ 14.675387160000815, 61.131026845194981 ], [ 14.675601920539927, 61.13108927121386 ], [ 14.676164995203449, 61.131091957668744 ], [ 14.676840432846923, 61.131030790993343 ], [ 14.677177113379997, 61.130926275912827 ], [ 14.676787347797145, 61.130667843823694 ] ] ] } },
{ "type": "Feature", "properties": { "objektidentitet": "4c3a5b22-d7e6-47b1-a14b-e75d63d1804c", "skapad": "2026-03-17T21:00:01", "objekttypnr": 2645, "objekttyp": "Barr- och blandskog", "vattenytaid": null, "hojd_over_havet": null, "reglerat_vatten": "Ingen information" }, "geometry": { "type": "Polygon", "coordinates": [ [ [ 14.675246815332752, 61.132676916642062 ], [ 14.675004809590542, 61.132702828972583 ], [ 14.675161824846271, 61.132981706506328 ], [ 14.674558886968686, 61.133121954247855 ], [ 14.674585292491505, 61.133208285570404 ], [ 14.674738378253865, 61.13333287056463 ], [ 14.67614504008799, 61.133021420175218 ], [ 14.675246815332752, 61.132676916642062 ] ] ] } },
{ "type": "Feature", "properties": { "objektidentitet": "31ff49ab-40bc-40f0-853e-00f037f79117", "skapad": "2026-03-17T21:00:01", "objekttypnr": 2645, "objekttyp": "Barr- och blandskog", "vattenytaid": null, "hojd_over_havet": null, "reglerat_vatten": "Ingen information" }, "geometry": { "type": "Polygon", "coordinates": [ [ [ 14.676046934503427, 61.13417069443026 ], [ 14.676742190955505, 61.134175257032794 ], [ 14.677103674536419, 61.133903392527486 ], [ 14.677011922253637, 61.133782565537196 ], [ 14.675640582695854, 61.134032943951773 ], [ 14.67543732485314, 61.134141402288797 ], [ 14.674966709402979, 61.13419199361347 ], [ 14.674489716239181, 61.134369630959135 ], [ 14.674585561314498, 61.134579206142639 ], [ 14.674726267072158, 61.13461729600634 ], [ 14.674826639797303, 61.134592534041801 ], [ 14.674960816770106, 61.134389625944195 ], [ 14.675395995292755, 61.134224428655934 ], [ 14.676046934503427, 61.13417069443026 ] ] ] } },
{ "type": "Feature", "properties": { "objektidentitet": "26d34f72-edbc-4a2b-8b1c-121f0988a1af", "skapad": "2026-03-17T21:00:01", "objekttypnr": 2640, "objekttyp": "Öppen mark", "vattenytaid": null, "hojd_over_havet": null, "reglerat_vatten": "Ingen information" }, "geometry": { "type": "Polygon", "coordinates": [ [ [ 14.660489019488585, 61.122306860279139 ], [ 14.659805087639555, 61.122575150255869 ], [ 14.659319565252478, 61.122832732139024 ], [ 14.658841306943735, 61.12336618314648 ], [ 14.658991592461271, 61.123576876859644 ], [ 14.660239169325838, 61.123533097804106 ], [ 14.660540600558141, 61.123057832248037 ], [ 14.660447896010481, 61.123043199114605 ], [ 14.660447146049011, 61.122858783839412 ], [ 14.660824541109974, 61.122797029400289 ], [ 14.660550565771402, 61.122698070761075 ], [ 14.660489019488585, 61.122306860279139 ] ] ] } },
{ "type": "Feature", "properties": { "objektidentitet": "3518ac16-df4a-4005-82b6-8cd49c77cf5b", "skapad": "2026-03-17T21:00:01", "objekttypnr": 2640, "objekttyp": "Öppen mark", "vattenytaid": null, "hojd_over_havet": null, "reglerat_vatten": "Ingen information" }, "geometry": { "type": "Polygon", "coordinates": [ [ [ 14.666323636828135, 61.124112768279268 ], [ 14.666314019526222, 61.124076043107735 ], [ 14.666410488835183, 61.123959443591119 ], [ 14.666499192168883, 61.123945621029883 ], [ 14.666981977731728, 61.124050010400055 ], [ 14.667176141313632, 61.123950430519322 ], [ 14.667656184827917, 61.124151762323443 ], [ 14.667787364610955, 61.124055932149403 ], [ 14.667007250223783, 61.123698016409136 ], [ 14.666004252960684, 61.123399670678168 ], [ 14.665080086264023, 61.123052152438895 ], [ 14.664878462248204, 61.123069150922106 ], [ 14.664617388711742, 61.123408206908621 ], [ 14.665256350357408, 61.123493669231884 ], [ 14.665025838759151, 61.123781026518287 ], [ 14.664016807367203, 61.123487867144085 ], [ 14.663965231082798, 61.123394665896718 ], [ 14.664221573460805, 61.123150512887563 ], [ 14.663745021942058, 61.123025785437662 ], [ 14.66399462650079, 61.122841004594605 ], [ 14.663916818945028, 61.122779798100886 ], [ 14.66335409227101, 61.122739165803821 ], [ 14.662908027432918, 61.122771281808845 ], [ 14.662320135017181, 61.122991459993592 ], [ 14.661741285865734, 61.123351155912722 ], [ 14.661762358162472, 61.123456608179026 ], [ 14.662611785107991, 61.123795882734576 ], [ 14.663002080789328, 61.123604029918987 ], [ 14.662934328099764, 61.123543350397156 ], [ 14.663166671691704, 61.123287782771364 ], [ 14.66371586889184, 61.123449672684735 ], [ 14.663909681591837, 61.123518305038218 ], [ 14.663922228319397, 61.123544614317019 ], [ 14.663760913650716, 61.123689357857295 ], [ 14.663555868416283, 61.123795486826545 ], [ 14.66319185287951, 61.123659868712487 ], [ 14.662707568473737, 61.12385284341957 ], [ 14.663426992893246, 61.124310591871009 ], [ 14.663625704279415, 61.124173770472723 ], [ 14.664954599542462, 61.123880970573552 ], [ 14.66540126236432, 61.123976163778337 ], [ 14.665048537745164, 61.124152988911646 ], [ 14.663836542127941, 61.124490601163572 ], [ 14.663700286470764, 61.124502086171589 ], [ 14.663579917547926, 61.124449176975617 ], [ 14.663402404049469, 61.124571830319418 ], [ 14.663640980912145, 61.12470640884974 ], [ 14.663818701343148, 61.124702262798614 ], [ 14.664119853157382, 61.124592090035385 ], [ 14.664560039562902, 61.124635297016845 ], [ 14.66554215840903, 61.124294605411556 ], [ 14.665969152676121, 61.124535799065811 ], [ 14.665966051550971, 61.124732890584326 ], [ 14.665715341834984, 61.124832185448192 ], [ 14.66664028466797, 61.125175068590778 ], [ 14.666863380413293, 61.125168543414091 ], [ 14.667028533577204, 61.125062356481877 ], [ 14.66732544446203, 61.124535550146312 ], [ 14.667361688141469, 61.124409150851413 ], [ 14.666323636828135, 61.124112768279268 ] ] ] } },
{ "type": "Feature", "properties": { "objektidentitet": "0231bd0b-1a8f-4037-9d9e-5fbd24b3be59", "skapad": "2026-03-17T21:00:01", "objekttypnr": 2642, "objekttyp": "Åker", "vattenytaid": null, "hojd_over_havet": null, "reglerat_vatten": "Ingen information" }, "geometry": { "type": "Polygon", "coordinates": [ [ [ 14.680292286252126, 61.130142853829845 ], [ 14.679926293005609, 61.129997598339457 ], [ 14.679655651105328, 61.130166144592096 ], [ 14.679479353531338, 61.130410013383106 ], [ 14.678464907262907, 61.130354547461948 ], [ 14.678005277452103, 61.130780160499931 ], [ 14.677945844907246, 61.131021288567673 ], [ 14.678220287808626, 61.131150602442595 ], [ 14.678854071875778, 61.131273075504481 ], [ 14.67913174951533, 61.131138914340745 ], [ 14.679541275568054, 61.130620204797388 ], [ 14.680292286252126, 61.130142853829845 ] ] ] } },
{ "type": "Feature", "properties": { "objektidentitet": "1f770513-9767-4c07-87ff-e495cd3f673f", "skapad": "2026-03-17T21:00:01", "objekttypnr": 2642, "objekttyp": "Åker", "vattenytaid": null, "hojd_over_havet": null, "reglerat_vatten": "Ingen information" }, "geometry": { "type": "Polygon", "coordinates": [ [ [ 14.68025027618954, 61.128829067935833 ], [ 14.680535613631834, 61.128897012551249 ], [ 14.68095181832224, 61.12862764615798 ], [ 14.681583088516216, 61.128167646927004 ], [ 14.681141999914544, 61.12807235011153 ], [ 14.680146718325419, 61.128752439988801 ], [ 14.679608228340973, 61.128507651522852 ], [ 14.679015189349929, 61.128712744471187 ], [ 14.679441103215424, 61.12902709786313 ], [ 14.68025027618954, 61.128829067935833 ] ] ] } },
{ "type": "Feature", "properties": { "objektidentitet": "d6bc1cf0-0d52-478f-ac11-87945126333d", "skapad": "2026-03-17T21:00:01", "objekttypnr": 2642, "objekttyp": "Åker", "vattenytaid": null, "hojd_over_havet": null, "reglerat_vatten": "Ingen information" }, "geometry": { "type": "Polygon", "coordinates": [ [ [ 14.680675871659085, 61.129487221660774 ], [ 14.68103891520024, 61.129646751906627 ], [ 14.681658620514431, 61.129321419333557 ], [ 14.682087336387678, 61.128885504245339 ], [ 14.681674590936083, 61.12873600482277 ], [ 14.681537363067923, 61.128833719658786 ], [ 14.681276752675878, 61.129193259682992 ], [ 14.680680436204682, 61.129084595775119 ], [ 14.679512038620974, 61.129512821572995 ], [ 14.679600715124469, 61.129555766057365 ], [ 14.680058526657216, 61.129730184052811 ], [ 14.680675871659085, 61.129487221660774 ] ] ] } },
{ "type": "Feature", "properties": { "objektidentitet": "f796be95-60cc-4927-8c29-d7a744685de5", "skapad": "2026-03-17T21:00:01", "objekttypnr": 2642, "objekttyp": "Åker", "vattenytaid": null, "hojd_over_havet": null, "reglerat_vatten": "Ingen information" }, "geometry": { "type": "Polygon", "coordinates": [ [ [ 14.684334871643214, 61.128161661148575 ], [ 14.684159146434084, 61.127953082759269 ], [ 14.683201439817639, 61.128067034222049 ], [ 14.682830210297814, 61.128137798400175 ], [ 14.682923875470161, 61.128196149317787 ], [ 14.683614796605296, 61.128194193587909 ], [ 14.683767298124973, 61.128330097282216 ], [ 14.68436664210582, 61.128268867577127 ], [ 14.684334871643214, 61.128161661148575 ] ] ] } },
{ "type": "Feature", "properties": { "objektidentitet": "63072f24-0007-424c-8065-951f313a5fef", "skapad": "2026-03-17T21:00:01", "objekttypnr": 2642, "objekttyp": "Åker", "vattenytaid": null, "hojd_over_havet": null, "reglerat_vatten": "Ingen information" }, "geometry": { "type": "Polygon", "coordinates": [ [ [ 14.687038086447878, 61.130663474983351 ], [ 14.686759583495789, 61.130663521734782 ], [ 14.686262524745803, 61.130748009314082 ], [ 14.686409582881705, 61.131293114495008 ], [ 14.687137362026638, 61.131250547615494 ], [ 14.687038086447878, 61.130663474983351 ] ] ] } },
{ "type": "Feature", "properties": { "objektidentitet": "ee8aef23-5f9f-48ef-b8ca-3408e82a2c22", "skapad": "2026-03-17T21:00:01", "objekttypnr": 2642, "objekttyp": "Åker", "vattenytaid": null, "hojd_over_havet": null, "reglerat_vatten": "Ingen information" }, "geometry": { "type": "Polygon", "coordinates": [ [ [ 14.68912029454286, 61.132168959747503 ], [ 14.689316766548137, 61.132200959090348 ], [ 14.689584622872687, 61.13219361063193 ], [ 14.689850468990663, 61.132181094691006 ], [ 14.689895328969387, 61.132142889258091 ], [ 14.689591070940759, 61.131810820932699 ], [ 14.687506060621777, 61.132079700790143 ], [ 14.687563965505515, 61.132478655397165 ], [ 14.688586053776124, 61.132533935731786 ], [ 14.68859126822958, 61.132249414373646 ], [ 14.688903675629184, 61.13218637252303 ], [ 14.68912029454286, 61.132168959747503 ] ] ] } },
{ "type": "Feature", "properties": { "objektidentitet": "a8fb7103-d71a-450a-b964-1e0ee3375d2c", "skapad": "2026-03-17T21:00:01", "objekttypnr": 2642, "objekttyp": "Åker", "vattenytaid": null, "hojd_over_havet": null, "reglerat_vatten": "Ingen information" }, "geometry": { "type": "Polygon", "coordinates": [ [ [ 14.702689577187842, 61.135446176832104 ], [ 14.702514543047384, 61.135739302948366 ], [ 14.702556030369504, 61.136031010656176 ], [ 14.702204715583179, 61.136176369494116 ], [ 14.702046813430568, 61.136150004170894 ], [ 14.701819149337222, 61.135987642187118 ], [ 14.701647571615005, 61.13599386280287 ], [ 14.701218386010254, 61.136224623499459 ], [ 14.701077327536055, 61.136323902463147 ], [ 14.701506508804362, 61.136564135030504 ], [ 14.701720616416686, 61.136626437134872 ], [ 14.702297019584307, 61.136711208850116 ], [ 14.703305319887841, 61.136751103109006 ], [ 14.70324272189692, 61.136826478111495 ], [ 14.70314315245283, 61.136883995863492 ], [ 14.702441311775416, 61.136852244177263 ], [ 14.702059401116189, 61.13721081151467 ], [ 14.702111338564782, 61.137264155308095 ], [ 14.702879164465537, 61.137404729805134 ], [ 14.702904677025657, 61.137468213908996 ], [ 14.702806525186347, 61.137507024682364 ], [ 14.701738029945851, 61.137446066915743 ], [ 14.701847070822266, 61.137164323636739 ], [ 14.702077374850141, 61.136940862088878 ], [ 14.701767978451464, 61.136822212549582 ], [ 14.701493061003445, 61.13684195899328 ], [ 14.701254496982443, 61.137090278735769 ], [ 14.70096889823246, 61.137098356370572 ], [ 14.70090440715507, 61.136878374735076 ], [ 14.700864171672734, 61.136428319052648 ], [ 14.70072456468179, 61.136370022681028 ], [ 14.700418629164201, 61.136359604873341 ], [ 14.700255055460339, 61.136818115395371 ], [ 14.699313067026981, 61.137272447203138 ], [ 14.699243039299192, 61.13699145757807 ], [ 14.698753875995815, 61.136920486388625 ], [ 14.698618115294106, 61.136758835109688 ], [ 14.69822437555953, 61.136610856402569 ], [ 14.69801869369045, 61.136538090547788 ], [ 14.697751462126989, 61.136503584719534 ], [ 14.697541878142536, 61.136573053483026 ], [ 14.697796851526332, 61.136850776545366 ], [ 14.698426150995564, 61.136996058570112 ], [ 14.69870805118688, 61.13723196746632 ], [ 14.698653848329554, 61.137457934282843 ], [ 14.698720031624717, 61.137590333622441 ], [ 14.699238198486075, 61.137607969510157 ], [ 14.699358165911288, 61.137339530678346 ], [ 14.699902564737288, 61.137365293494234 ], [ 14.70010333850507, 61.137500396389413 ], [ 14.700325145059074, 61.137828460325878 ], [ 14.700470192244756, 61.137891356656873 ], [ 14.700531363202483, 61.137795034802707 ], [ 14.700494141384185, 61.137156577661379 ], [ 14.70072251766792, 61.137137861581884 ], [ 14.700754287602686, 61.137838818773488 ], [ 14.701320828570553, 61.138177536379345 ], [ 14.701588823536436, 61.138201900904285 ], [ 14.701801811118427, 61.138126175950802 ], [ 14.702108282032921, 61.138134859128797 ], [ 14.702275661065755, 61.138189246816452 ], [ 14.702431485814504, 61.138348702796193 ], [ 14.702436279126015, 61.139181402944111 ], [ 14.70249903418717, 61.139248003599832 ], [ 14.702753190871899, 61.139228308120437 ], [ 14.702874781936726, 61.138654068685007 ], [ 14.703168171202551, 61.138725529335389 ], [ 14.703168810367744, 61.139195634549829 ], [ 14.703675917891228, 61.13900331068232 ], [ 14.703841355448027, 61.138710521106674 ], [ 14.703609331138136, 61.138614175363998 ], [ 14.702881454697637, 61.138303518996331 ], [ 14.702926952940803, 61.13825392680932 ], [ 14.703291893255649, 61.138200250338187 ], [ 14.703977740724373, 61.138231839220779 ], [ 14.704001345836616, 61.135709525686117 ], [ 14.702689577187842, 61.135446176832104 ] ] ] } },
{ "type": "Feature", "properties": { "objektidentitet": "c39c5c97-c111-4ed0-8d8a-40112ba276c6", "skapad": "2026-03-17T21:00:01", "objekttypnr": 2642, "objekttyp": "Åker", "vattenytaid": null, "hojd_over_havet": null, "reglerat_vatten": "Ingen information" }, "geometry": { "type": "Polygon", "coordinates": [ [ [ 14.697966866347466, 61.137201316786737 ], [ 14.697901788071, 61.137229712051713 ], [ 14.697902189888547, 61.137300403999802 ], [ 14.697857674616086, 61.137372773246931 ], [ 14.697739864981834, 61.137427678563398 ], [ 14.698061568244738, 61.137909615351816 ], [ 14.698153790854557, 61.137963597962333 ], [ 14.698598826837067, 61.13793924565676 ], [ 14.69870485997045, 61.137913958050106 ], [ 14.698385556938511, 61.137605739386409 ], [ 14.697966866347466, 61.137201316786737 ] ] ] } },
{ "type": "Feature", "properties": { "objektidentitet": "7ef7e535-f8ea-4213-95e9-b4b6cf0363a6", "skapad": "2026-03-17T21:00:01", "objekttypnr": 2640, "objekttyp": "Öppen mark", "vattenytaid": null, "hojd_over_havet": null, "reglerat_vatten": "Ingen information" }, "geometry": { "type": "Polygon", "coordinates": [ [ [ 14.698741597595918, 61.134633959110054 ], [ 14.699237284663537, 61.135442641158875 ], [ 14.699435517636333, 61.135523073785542 ], [ 14.699642575011582, 61.135521046636065 ], [ 14.700763387790447, 61.135022039674368 ], [ 14.698741597595918, 61.134633959110054 ] ] ] } },
{ "type": "Feature", "properties": { "objektidentitet": "fc9849e5-57b9-4f9f-8e68-3f7195be8382", "skapad": "2026-03-17T21:00:01", "objekttypnr": 2640, "objekttyp": "Öppen mark", "vattenytaid": null, "hojd_over_havet": null, "reglerat_vatten": "Ingen information" }, "geometry": { "type": "Polygon", "coordinates": [ [ [ 14.699450701551834, 61.137772968503995 ], [ 14.69923809862412, 61.137790317188909 ], [ 14.699003101921772, 61.137907017446672 ], [ 14.699478021734576, 61.138257219294481 ], [ 14.699488674406535, 61.138363459097654 ], [ 14.699671163423927, 61.138504196132722 ], [ 14.700327404890002, 61.138466023024868 ], [ 14.700526767299118, 61.1384039968613 ], [ 14.700475733294674, 61.138335706649222 ], [ 14.699940367804231, 61.137890353541465 ], [ 14.699450701551834, 61.137772968503995 ] ] ] } },
{ "type": "Feature", "properties": { "objektidentitet": "5023b837-9e5f-4ec7-96f2-9f4200288a1a", "skapad": "2026-03-17T21:00:01", "objekttypnr": 2642, "objekttyp": "Åker", "vattenytaid": null, "hojd_over_havet": null, "reglerat_vatten": "Ingen information" }, "geometry": { "type": "Polygon", "coordinates": [ [ [ 14.703393240248696, 61.133503966648632 ], [ 14.703188607608872, 61.133555759690665 ], [ 14.703122488718748, 61.134295806544294 ], [ 14.702846679751183, 61.134298217641835 ], [ 14.701604188406264, 61.13483717633833 ], [ 14.701708529616141, 61.135049021764374 ], [ 14.702836084128238, 61.134639476190365 ], [ 14.703034847813425, 61.134620322963741 ], [ 14.703141096959337, 61.134677295810995 ], [ 14.703112442821928, 61.134780585209434 ], [ 14.70297237558748, 61.134809204116941 ], [ 14.702785366995489, 61.134762890244723 ], [ 14.702599265983483, 61.13483927723005 ], [ 14.703562964599525, 61.135267298306971 ], [ 14.703719162978052, 61.135231388147972 ], [ 14.704007043279747, 61.135100658409044 ], [ 14.704021959604271, 61.133506470987477 ], [ 14.703393240248696, 61.133503966648632 ] ] ] } },
{ "type": "Feature", "properties": { "objektidentitet": "ab7a708b-6889-4f9d-9e34-f49112e4f5de", "skapad": "2026-03-17T21:00:01", "objekttypnr": 2640, "objekttyp": "Öppen mark", "vattenytaid": null, "hojd_over_havet": null, "reglerat_vatten": "Ingen information" }, "geometry": { "type": "Polygon", "coordinates": [ [ [ 14.700144099368144, 61.136419103164904 ], [ 14.69966592854356, 61.136071176651299 ], [ 14.699203241655022, 61.13578119873754 ], [ 14.698810337911697, 61.135667312478866 ], [ 14.698325798622005, 61.135655001804857 ], [ 14.69801291556135, 61.13558537231728 ], [ 14.69772004304253, 61.135254236829532 ], [ 14.697556811844334, 61.134758746868357 ], [ 14.697535411003916, 61.134693843463481 ], [ 14.69700132749872, 61.13458864992765 ], [ 14.696000208959891, 61.134298217171668 ], [ 14.695692383188343, 61.134312796352248 ], [ 14.695166787137158, 61.134472683969037 ], [ 14.695070268877135, 61.134532698374599 ], [ 14.696298678662421, 61.135550167365686 ], [ 14.696647021039341, 61.135743962244668 ], [ 14.696794288223261, 61.136127518378601 ], [ 14.697311554815462, 61.136556782399822 ], [ 14.697541878142536, 61.136573053483026 ], [ 14.697751462126989, 61.136503584719534 ], [ 14.69801869369045, 61.136538090547788 ], [ 14.69822437555953, 61.136610856402569 ], [ 14.698618115294106, 61.136758835109688 ], [ 14.698753875995815, 61.136920486388625 ], [ 14.699243039299192, 61.13699145757807 ], [ 14.699338594203626, 61.136937031113789 ], [ 14.699949368975815, 61.136728135921352 ], [ 14.700144099368144, 61.136419103164904 ] ] ] } },
{ "type": "Feature", "properties": { "objektidentitet": "8d219c2d-c8ac-458c-9e44-709012700d5a", "skapad": "2026-03-17T21:00:01", "objekttypnr": 2640, "objekttyp": "Öppen mark", "vattenytaid": null, "hojd_over_havet": null, "reglerat_vatten": "Ingen information" }, "geometry": { "type": "Polygon", "coordinates": [ [ [ 14.679015189349929, 61.128712744471187 ], [ 14.677959716875279, 61.128808525249987 ], [ 14.678457325930136, 61.129262792009015 ], [ 14.679441103215424, 61.12902709786313 ], [ 14.679015189349929, 61.128712744471187 ] ] ] } },
{ "type": "Feature", "properties": { "objektidentitet": "fa4c08b2-d498-4b9a-9766-2c730980344f", "skapad": "2026-03-17T21:00:01", "objekttypnr": 2640, "objekttyp": "Öppen mark", "vattenytaid": null, "hojd_over_havet": null, "reglerat_vatten": "Ingen information" }, "geometry": { "type": "Polygon", "coordinates": [ [ [ 14.703719162978052, 61.135231388147972 ], [ 14.703562964599525, 61.135267298306971 ], [ 14.702599265983483, 61.13483927723005 ], [ 14.702785366995489, 61.134762890244723 ], [ 14.70297237558748, 61.134809204116941 ], [ 14.703112442821928, 61.134780585209434 ], [ 14.703141096959337, 61.134677295810995 ], [ 14.703034847813425, 61.134620322963741 ], [ 14.702836084128238, 61.134639476190365 ], [ 14.701708529616141, 61.135049021764374 ], [ 14.701604188406264, 61.13483717633833 ], [ 14.701255282133898, 61.135133481529358 ], [ 14.70052608687925, 61.135635954440829 ], [ 14.700258705361396, 61.135880375428215 ], [ 14.700552187916415, 61.136140698921388 ], [ 14.701218386010254, 61.136224623499459 ], [ 14.701647571615005, 61.13599386280287 ], [ 14.701819149337222, 61.135987642187118 ], [ 14.702046813430568, 61.136150004170894 ], [ 14.702204715583179, 61.136176369494116 ], [ 14.702556030369504, 61.136031010656176 ], [ 14.702514543047384, 61.135739302948366 ], [ 14.702689577187842, 61.135446176832104 ], [ 14.704001345836616, 61.135709525686117 ], [ 14.704007043279747, 61.135100658409044 ], [ 14.703719162978052, 61.135231388147972 ] ] ] } },
{ "type": "Feature", "properties": { "objektidentitet": "c7ae72d0-4dd8-4be0-80b3-b281f8bdd280", "skapad": "2026-03-17T21:00:01", "objekttypnr": 2645, "objekttyp": "Barr- och blandskog", "vattenytaid": null, "hojd_over_havet": null, "reglerat_vatten": "Ingen information" }, "geometry": { "type": "Polygon", "coordinates": [ [ [ 14.682803352711353, 61.129722489137791 ], [ 14.682521352660324, 61.129736991172273 ], [ 14.682016712461678, 61.129647006649627 ], [ 14.681779877603461, 61.129588058171329 ], [ 14.681622182478751, 61.129619845682946 ], [ 14.681526152515218, 61.130146688544933 ], [ 14.681245140596021, 61.130449665295664 ], [ 14.681060108157013, 61.130522380221947 ], [ 14.681118407977404, 61.130860882399382 ], [ 14.681426721317916, 61.130998053375052 ], [ 14.682329099608816, 61.130856853244339 ], [ 14.682434043862091, 61.130543181636348 ], [ 14.682635152577321, 61.130079779499049 ], [ 14.682853264671806, 61.129847514314882 ], [ 14.683041267707051, 61.129775818178778 ], [ 14.682803352711353, 61.129722489137791 ] ] ] } },
{ "type": "Feature", "properties": { "objektidentitet": "b85605f5-f805-48db-b254-7d23ae16ef28", "skapad": "2026-03-17T21:00:01", "objekttypnr": 2640, "objekttyp": "Öppen mark", "vattenytaid": null, "hojd_over_havet": null, "reglerat_vatten": "Ingen information" }, "geometry": { "type": "Polygon", "coordinates": [ [ [ 14.685083491414094, 61.13818655481623 ], [ 14.684353156912829, 61.138286526843835 ], [ 14.68379363672995, 61.138552561178443 ], [ 14.683805549627959, 61.138858112373441 ], [ 14.684242597780464, 61.139102404008177 ], [ 14.685083491414094, 61.13818655481623 ] ] ] } },
{ "type": "Feature", "properties": { "objektidentitet": "09aed507-ea39-4d3f-9d3a-5b15a22a27f8", "skapad": "2026-03-17T21:00:01", "objekttypnr": 2633, "objekttyp": "Vattendragsyta", "vattenytaid": "81c58b47-b54d-48fd-ab06-6daac825ce29", "hojd_over_havet": null, "reglerat_vatten": "Ingen information" }, "geometry": { "type": "Polygon", "coordinates": [ [ [ 14.655870431579411, 61.147259873830201 ], [ 14.655951452109521, 61.14760687429105 ], [ 14.655939814435069, 61.147752823475358 ], [ 14.655890042958543, 61.148192115190312 ], [ 14.655898852485088, 61.148323105769776 ], [ 14.65598048387309, 61.148416224463077 ], [ 14.656562098888719, 61.148819843813904 ], [ 14.65696664761675, 61.149048061733779 ], [ 14.657286364496077, 61.149221290027782 ], [ 14.657643706036488, 61.149323876995034 ], [ 14.657986647893372, 61.149476702044893 ], [ 14.658158166216371, 61.149538570244289 ], [ 14.658249572964316, 61.149608154560866 ], [ 14.658474041532044, 61.149709065920071 ], [ 14.658773250987672, 61.149811260717819 ], [ 14.659037716789564, 61.149981239136544 ], [ 14.659169399929747, 61.150085452929808 ], [ 14.659311008217115, 61.150272026798952 ], [ 14.659735724358686, 61.150501023270401 ], [ 14.659903819835355, 61.150671197680651 ], [ 14.659878439795126, 61.150892535267765 ], [ 14.659376224386941, 61.151250348067478 ], [ 14.659092337313197, 61.151557095528503 ], [ 14.658641121757631, 61.151902501075874 ], [ 14.658288398087723, 61.152230763709255 ], [ 14.658310903082228, 61.152355602951872 ], [ 14.658325806836999, 61.152406805031553 ], [ 14.658308643030859, 61.152523428015982 ], [ 14.658116025145016, 61.152847748911469 ], [ 14.658218722499489, 61.153238290752192 ], [ 14.658276878971511, 61.153681239885323 ], [ 14.658212861806568, 61.153952117647719 ], [ 14.658085070885788, 61.154067419814503 ], [ 14.658104765154711, 61.154100032113618 ], [ 14.659713361271651, 61.154104085354291 ], [ 14.659747973452092, 61.153995469321337 ], [ 14.659712831121738, 61.153587277787672 ], [ 14.659625908203793, 61.153436393932814 ], [ 14.659250122200714, 61.153054485204443 ], [ 14.659226491727125, 61.152937121871503 ], [ 14.659196001496177, 61.152694402389955 ], [ 14.659185981089097, 61.152596806741116 ], [ 14.659235877325743, 61.152474951112985 ], [ 14.659498786037434, 61.152051905959368 ], [ 14.660012925643384, 61.151610781965722 ], [ 14.660493298896631, 61.151311132868756 ], [ 14.660797864164156, 61.151191495493016 ], [ 14.660917239155363, 61.150989345295002 ], [ 14.660970030082469, 61.150827123341024 ], [ 14.660955083836967, 61.150729308885595 ], [ 14.660803161704434, 61.150476194514482 ], [ 14.659975542369482, 61.149754521063485 ], [ 14.659778340383934, 61.149537867294583 ], [ 14.659283930806419, 61.149242250840572 ], [ 14.658866531441564, 61.149056652012518 ], [ 14.658556174668229, 61.14894663672456 ], [ 14.658000769794793, 61.148806680101089 ], [ 14.657298790879711, 61.148469099247073 ], [ 14.65716754759287, 61.148289543068941 ], [ 14.656973315321427, 61.147483338817949 ], [ 14.656966026042729, 61.14724778801493 ], [ 14.65684023850552, 61.147240502372725 ], [ 14.656791737448344, 61.147144765651333 ], [ 14.655870431579411, 61.147259873830201 ] ] ] } },
{ "type": "Feature", "properties": { "objektidentitet": "75dc9e9b-e60a-439f-8db9-81a7a1d1686a", "skapad": "2026-03-17T21:00:01", "objekttypnr": 2642, "objekttyp": "Åker", "vattenytaid": null, "hojd_over_havet": null, "reglerat_vatten": "Ingen information" }, "geometry": { "type": "Polygon", "coordinates": [ [ [ 14.658348195972897, 61.144573359761537 ], [ 14.658326395169262, 61.144564318159773 ], [ 14.658377128489933, 61.14471312731488 ], [ 14.658345030241648, 61.14475807007809 ], [ 14.658169170414222, 61.144796050983665 ], [ 14.658027360807871, 61.144752931479886 ], [ 14.657416667226347, 61.143930286352557 ], [ 14.656130170963625, 61.144276170463506 ], [ 14.657162073588742, 61.144902332544696 ], [ 14.657439937104234, 61.145116941051946 ], [ 14.657525705231789, 61.145266791000189 ], [ 14.657644307788907, 61.145444609151625 ], [ 14.657796850240029, 61.145704515960546 ], [ 14.65782837476881, 61.145838041761863 ], [ 14.657227050510249, 61.14593331889246 ], [ 14.657171853229718, 61.145973848497263 ], [ 14.65820656214993, 61.146019253587731 ], [ 14.65873120453446, 61.146142980789136 ], [ 14.659143981510567, 61.146055903886513 ], [ 14.659526381748833, 61.145850278189442 ], [ 14.6595347067363, 61.145511845417602 ], [ 14.659785717295495, 61.145235924435511 ], [ 14.659510165294957, 61.145055199639984 ], [ 14.658348195972897, 61.144573359761537 ] ] ] } },
{ "type": "Feature", "properties": { "objektidentitet": "d05c6a90-bfdb-4952-a9e1-8af05ed43b4a", "skapad": "2026-03-17T21:00:01", "objekttypnr": 2640, "objekttyp": "Öppen mark", "vattenytaid": null, "hojd_over_havet": null, "reglerat_vatten": "Ingen information" }, "geometry": { "type": "Polygon", "coordinates": [ [ [ 14.658210209638895, 61.148061639409313 ], [ 14.658694513939352, 61.148158448122388 ], [ 14.658957141501949, 61.148115253515755 ], [ 14.659028896206774, 61.147731516908308 ], [ 14.659516415993787, 61.147603652519088 ], [ 14.660067425126982, 61.147791757706486 ], [ 14.660951658687257, 61.147793993407532 ], [ 14.662057392099623, 61.147432718418003 ], [ 14.661890977647294, 61.147151037438022 ], [ 14.661421889590454, 61.147255677167585 ], [ 14.660341496916786, 61.147258617207129 ], [ 14.659575129067781, 61.147388423019002 ], [ 14.659432102958833, 61.147406934436376 ], [ 14.658965809674729, 61.147187671812013 ], [ 14.658802635945019, 61.146882033347936 ], [ 14.65812837729051, 61.1467617802425 ], [ 14.65743581471463, 61.146776395619831 ], [ 14.657394215614142, 61.147024113433162 ], [ 14.656949542993514, 61.147080633427954 ], [ 14.656791737448344, 61.147144765651333 ], [ 14.65684023850552, 61.147240502372725 ], [ 14.656966026042729, 61.14724778801493 ], [ 14.656973315321427, 61.147483338817949 ], [ 14.657861951891714, 61.147474419800815 ], [ 14.657732677505136, 61.147643288272647 ], [ 14.657392216643279, 61.147602835056411 ], [ 14.657297765654633, 61.14766913019858 ], [ 14.65756613375882, 61.148267093038378 ], [ 14.658210209638895, 61.148061639409313 ] ] ] } },
{ "type": "Feature", "properties": { "objektidentitet": "5fde0077-bf71-4a40-b605-649651706b1f", "skapad": "2026-03-17T21:00:01", "objekttypnr": 2642, "objekttyp": "Åker", "vattenytaid": null, "hojd_over_havet": null, "reglerat_vatten": "Ingen information" }, "geometry": { "type": "Polygon", "coordinates": [ [ [ 14.661116861310552, 61.145202284625022 ], [ 14.660685583110157, 61.145315249023362 ], [ 14.660124049114902, 61.145617505062702 ], [ 14.65990374094112, 61.146009245264082 ], [ 14.659228701431818, 61.146381544235233 ], [ 14.658802635945019, 61.146882033347936 ], [ 14.658965809674729, 61.147187671812013 ], [ 14.659432102958833, 61.147406934436376 ], [ 14.659575129067781, 61.147388423019002 ], [ 14.660341496916786, 61.147258617207129 ], [ 14.661421889590454, 61.147255677167585 ], [ 14.661890977647294, 61.147151037438022 ], [ 14.663009423006907, 61.146684925616974 ], [ 14.661116861310552, 61.145202284625022 ] ] ] } },
{ "type": "Feature", "properties": { "objektidentitet": "82e441a0-cd0f-4724-8423-12847a813d57", "skapad": "2026-03-17T21:00:01", "objekttypnr": 2642, "objekttyp": "Åker", "vattenytaid": null, "hojd_over_havet": null, "reglerat_vatten": "Ingen information" }, "geometry": { "type": "Polygon", "coordinates": [ [ [ 14.660740507800481, 61.13994855676583 ], [ 14.660574542569181, 61.140122920348446 ], [ 14.660495456704039, 61.140409302595735 ], [ 14.660857232770702, 61.141231274499653 ], [ 14.662648448745962, 61.141302501466491 ], [ 14.662400514479467, 61.141716549724634 ], [ 14.664776940136742, 61.141953491914258 ], [ 14.664921126557847, 61.14156515534728 ], [ 14.664611736158641, 61.141447767139496 ], [ 14.664043353164134, 61.141217710829117 ], [ 14.663095025587928, 61.141180681005416 ], [ 14.662778762577389, 61.141139250714389 ], [ 14.661585783862952, 61.14096252534943 ], [ 14.661579294880926, 61.14013713490727 ], [ 14.660740507800481, 61.13994855676583 ] ] ] } },
{ "type": "Feature", "properties": { "objektidentitet": "af02684f-7997-4c30-aeee-294066474c0e", "skapad": "2026-03-17T21:00:01", "objekttypnr": 2640, "objekttyp": "Öppen mark", "vattenytaid": null, "hojd_over_havet": null, "reglerat_vatten": "Ingen information" }, "geometry": { "type": "Polygon", "coordinates": [ [ [ 14.66218115139667, 61.153597975959485 ], [ 14.663071409507102, 61.153928718679445 ], [ 14.663281380288568, 61.15406763374061 ], [ 14.663321770712029, 61.154113108064323 ], [ 14.664336809613078, 61.154115628801051 ], [ 14.664166685890285, 61.153819406599169 ], [ 14.663789249497002, 61.153573088900721 ], [ 14.663193866750474, 61.153496195499393 ], [ 14.662652027479258, 61.153503222652844 ], [ 14.662069626563561, 61.153465382944709 ], [ 14.661715344159674, 61.153510464256101 ], [ 14.661467024064615, 61.153629490367642 ], [ 14.661140753590807, 61.153965960410027 ], [ 14.661063822926018, 61.154107473402988 ], [ 14.661485284828924, 61.154108528011363 ], [ 14.662037702825108, 61.153655264158338 ], [ 14.66218115139667, 61.153597975959485 ] ] ] } },
{ "type": "Feature", "properties": { "objektidentitet": "60501684-8ff2-4dc9-a7f4-ecc3c0babe63", "skapad": "2026-03-17T21:00:01", "objekttypnr": 2642, "objekttyp": "Åker", "vattenytaid": null, "hojd_over_havet": null, "reglerat_vatten": "Ingen information" }, "geometry": { "type": "Polygon", "coordinates": [ [ [ 14.664227212390667, 61.136771389424453 ], [ 14.664263493482009, 61.136416533084692 ], [ 14.664126553615594, 61.13615886215414 ], [ 14.662512885493911, 61.136317183836141 ], [ 14.661464931003602, 61.136356923532212 ], [ 14.661653188243143, 61.136840777313722 ], [ 14.662102299262209, 61.13679948838481 ], [ 14.662196077343804, 61.136901728361792 ], [ 14.663098766076567, 61.136903548130846 ], [ 14.664227212390667, 61.136771389424453 ] ] ] } },
{ "type": "Feature", "properties": { "objektidentitet": "0056e876-fdc9-41f6-90f4-88ed447610b0", "skapad": "2026-03-17T21:00:01", "objekttypnr": 2632, "objekttyp": "Sjö", "vattenytaid": "b1332c8a-1426-4130-9d5d-a4f50c9b4802", "hojd_over_havet": null, "reglerat_vatten": "Ingen information" }, "geometry": { "type": "Polygon", "coordinates": [ [ [ 14.662037702825108, 61.153655264158338 ], [ 14.661485284828924, 61.154108528011363 ], [ 14.663321770712029, 61.154113108064323 ], [ 14.663281380288568, 61.15406763374061 ], [ 14.663071409507102, 61.153928718679445 ], [ 14.66218115139667, 61.153597975959485 ], [ 14.662037702825108, 61.153655264158338 ] ] ] } },
{ "type": "Feature", "properties": { "objektidentitet": "6b423d1a-0d6f-446a-95bd-5e02ea0a1338", "skapad": "2026-03-17T21:00:01", "objekttypnr": 2642, "objekttyp": "Åker", "vattenytaid": null, "hojd_over_havet": null, "reglerat_vatten": "Ingen information" }, "geometry": { "type": "Polygon", "coordinates": [ [ [ 14.665132528799971, 61.145551954722457 ], [ 14.664194201762209, 61.144354568552245 ], [ 14.663403281466275, 61.144378872771171 ], [ 14.663712928660955, 61.145178199735952 ], [ 14.664609446478643, 61.146044949930065 ], [ 14.665012047984339, 61.146026025335296 ], [ 14.665549004872227, 61.146445565597674 ], [ 14.6655400226342, 61.14648519851368 ], [ 14.665196092201089, 61.146584962291911 ], [ 14.665828244045288, 61.147311696584758 ], [ 14.667197680668078, 61.147293685794253 ], [ 14.665132528799971, 61.145551954722457 ] ] ] } },
{ "type": "Feature", "properties": { "objektidentitet": "0eb0b080-0e5c-42cc-98cb-85cea55df9cc", "skapad": "2026-03-17T21:00:01", "objekttypnr": 2642, "objekttyp": "Åker", "vattenytaid": null, "hojd_over_havet": null, "reglerat_vatten": "Ingen information" }, "geometry": { "type": "Polygon", "coordinates": [ [ [ 14.66582066842407, 61.153302196139769 ], [ 14.66649644652396, 61.153507496887094 ], [ 14.666818177937182, 61.153364886841054 ], [ 14.666903164562189, 61.153223202209233 ], [ 14.666779875932571, 61.153099786324148 ], [ 14.665138715212869, 61.152454776662303 ], [ 14.664939633572645, 61.152396521045475 ], [ 14.664777014305709, 61.152400274973751 ], [ 14.664089040868594, 61.152733979656482 ], [ 14.66358671200739, 61.153071024073739 ], [ 14.663419458306215, 61.153244472053728 ], [ 14.663570356336832, 61.153307278499291 ], [ 14.663619953715081, 61.153341221054191 ], [ 14.663967319134201, 61.153401094759744 ], [ 14.66420310665648, 61.153376434516382 ], [ 14.664372167663906, 61.153326389653316 ], [ 14.664451259738293, 61.153221213489417 ], [ 14.664550835603254, 61.153158840188944 ], [ 14.664660146008758, 61.153129771582421 ], [ 14.66484968677255, 61.1531367858395 ], [ 14.664691232234807, 61.153521692895026 ], [ 14.665106605851941, 61.153749446345344 ], [ 14.665340061746003, 61.153794256986274 ], [ 14.665429247009584, 61.15377446620635 ], [ 14.665487064308627, 61.153739451957634 ], [ 14.665603985563243, 61.153584667506649 ], [ 14.66582066842407, 61.153302196139769 ] ] ] } },
{ "type": "Feature", "properties": { "objektidentitet": "93740d0b-9985-410b-b684-e05e38245598", "skapad": "2026-03-17T21:00:01", "objekttypnr": 2640, "objekttyp": "Öppen mark", "vattenytaid": null, "hojd_over_havet": null, "reglerat_vatten": "Ingen information" }, "geometry": { "type": "Polygon", "coordinates": [ [ [ 14.668156919619216, 61.153212760908161 ], [ 14.667971160371737, 61.15284739449136 ], [ 14.66693379796668, 61.152251998045003 ], [ 14.666716763799025, 61.152139474976416 ], [ 14.666540531121267, 61.152134166017326 ], [ 14.665667313846225, 61.15254030370798 ], [ 14.665139437048804, 61.152169186097602 ], [ 14.664777014305709, 61.152400274973751 ], [ 14.664939633572645, 61.152396521045475 ], [ 14.665138715212869, 61.152454776662303 ], [ 14.666779875932571, 61.153099786324148 ], [ 14.666903164562189, 61.153223202209233 ], [ 14.666818177937182, 61.153364886841054 ], [ 14.667123781488939, 61.153349119606744 ], [ 14.667501737656952, 61.153396347047057 ], [ 14.667793185121299, 61.153504239270077 ], [ 14.667852834983332, 61.153869143912281 ], [ 14.667934197052743, 61.153934234898308 ], [ 14.668913090226573, 61.1541268989725 ], [ 14.668915969934641, 61.154126906015748 ], [ 14.66922953921839, 61.15401811670381 ], [ 14.66938465234735, 61.15386768684062 ], [ 14.668517655393112, 61.153661896559143 ], [ 14.668156919619216, 61.153212760908161 ] ] ] } },
{ "type": "Feature", "properties": { "objektidentitet": "22d51b4f-5ed1-466c-9d48-8e67320cbb52", "skapad": "2026-03-17T21:00:01", "objekttypnr": 2642, "objekttyp": "Åker", "vattenytaid": null, "hojd_over_havet": null, "reglerat_vatten": "Ingen information" }, "geometry": { "type": "Polygon", "coordinates": [ [ [ 14.667209398124196, 61.153539237281109 ], [ 14.666907597166357, 61.153631199459461 ], [ 14.666778411067542, 61.154121661073262 ], [ 14.668913090226573, 61.1541268989725 ], [ 14.667934197052743, 61.153934234898308 ], [ 14.667852834983332, 61.153869143912281 ], [ 14.667793185121299, 61.153504239270077 ], [ 14.667501737656952, 61.153396347047057 ], [ 14.667123781488939, 61.153349119606744 ], [ 14.667209398124196, 61.153539237281109 ] ] ] } },
{ "type": "Feature", "properties": { "objektidentitet": "ee2bcca8-9a77-46d2-824c-99c3cbde81f0", "skapad": "2026-03-17T21:00:01", "objekttypnr": 2642, "objekttyp": "Åker", "vattenytaid": null, "hojd_over_havet": null, "reglerat_vatten": "Ingen information" }, "geometry": { "type": "Polygon", "coordinates": [ [ [ 14.670056187078227, 61.151352062989439 ], [ 14.668385427166525, 61.152036270787065 ], [ 14.668059004964061, 61.152192348490658 ], [ 14.667987886239077, 61.152310968052795 ], [ 14.668334641101866, 61.152745678624051 ], [ 14.669219670837954, 61.153466255243387 ], [ 14.669856561049503, 61.153699050646573 ], [ 14.67001534028917, 61.1537024274689 ], [ 14.670185399544319, 61.153646793531422 ], [ 14.670601883018115, 61.153370879219537 ], [ 14.670767611575551, 61.153163545466235 ], [ 14.670465484852661, 61.152789119199348 ], [ 14.670081808115791, 61.152660152322397 ], [ 14.670132925934269, 61.152404778344227 ], [ 14.669866586091448, 61.15187291351652 ], [ 14.67033408495398, 61.151575379965543 ], [ 14.670056187078227, 61.151352062989439 ] ] ] } },
{ "type": "Feature", "properties": { "objektidentitet": "5d2ba24b-b077-45bb-bbfd-277129a009de", "skapad": "2026-03-17T21:00:01", "objekttypnr": 2642, "objekttyp": "Åker", "vattenytaid": null, "hojd_over_havet": null, "reglerat_vatten": "Ingen information" }, "geometry": { "type": "Polygon", "coordinates": [ [ [ 14.668915969934641, 61.154126906015748 ], [ 14.669402848702083, 61.154128095953567 ], [ 14.66937015997247, 61.154080873729121 ], [ 14.66922953921839, 61.15401811670381 ], [ 14.668915969934641, 61.154126906015748 ] ] ] } },
{ "type": "Feature", "properties": { "objektidentitet": "a9c34073-a933-443a-bfc5-6a12343b863b", "skapad": "2026-03-17T21:00:01", "objekttypnr": 2640, "objekttyp": "Öppen mark", "vattenytaid": null, "hojd_over_havet": null, "reglerat_vatten": "Ingen information" }, "geometry": { "type": "Polygon", "coordinates": [ [ [ 14.669847739274475, 61.154129181740508 ], [ 14.671479785554579, 61.15413315234435 ], [ 14.669976399401166, 61.153946115109022 ], [ 14.669847739274475, 61.154129181740508 ] ] ] } },
{ "type": "Feature", "properties": { "objektidentitet": "1ae44f85-4728-4eda-b418-3ff24ca26507", "skapad": "2026-03-17T21:00:01", "objekttypnr": 2640, "objekttyp": "Öppen mark", "vattenytaid": null, "hojd_over_havet": null, "reglerat_vatten": "Ingen information" }, "geometry": { "type": "Polygon", "coordinates": [ [ [ 14.672442969444536, 61.152823410856513 ], [ 14.672308321783909, 61.152774057319171 ], [ 14.671758993907428, 61.152950800583525 ], [ 14.671216137374543, 61.152801331668527 ], [ 14.670859203442854, 61.152566000529184 ], [ 14.670518045638673, 61.152489487925813 ], [ 14.670289678204341, 61.152543076927536 ], [ 14.670081808115791, 61.152660152322397 ], [ 14.670465484852661, 61.152789119199348 ], [ 14.670767611575551, 61.153163545466235 ], [ 14.670601883018115, 61.153370879219537 ], [ 14.670185399544319, 61.153646793531422 ], [ 14.670438951229421, 61.153744559751907 ], [ 14.670624017046958, 61.153750001826623 ], [ 14.671135748650064, 61.153297679614688 ], [ 14.671412922814101, 61.153201572251938 ], [ 14.672092076314282, 61.153117023349338 ], [ 14.672442969444536, 61.152823410856513 ] ] ] } },
{ "type": "Feature", "properties": { "objektidentitet": "1369b501-21f5-437e-904e-370d1a9ff466", "skapad": "2026-03-17T21:00:01", "objekttypnr": 2642, "objekttyp": "Åker", "vattenytaid": null, "hojd_over_havet": null, "reglerat_vatten": "Ingen information" }, "geometry": { "type": "Polygon", "coordinates": [ [ [ 14.679842827063391, 61.147992116913052 ], [ 14.679686143735884, 61.148180638840479 ], [ 14.679976500347163, 61.148412162480525 ], [ 14.68029308924009, 61.148551985458859 ], [ 14.682527187636625, 61.147818731656933 ], [ 14.682910872784621, 61.147746013429781 ], [ 14.683718733410517, 61.147477923582301 ], [ 14.684079231986335, 61.147339915379042 ], [ 14.684097225686576, 61.147212212477037 ], [ 14.683942265272536, 61.147099385952657 ], [ 14.683112558980019, 61.146951736385383 ], [ 14.681380998297357, 61.147479236924219 ], [ 14.679906809283576, 61.146492412755244 ], [ 14.679329061950407, 61.145403942828914 ], [ 14.678850776972867, 61.145396443651684 ], [ 14.677483689226575, 61.145440622374871 ], [ 14.676664859775215, 61.145480684630037 ], [ 14.676443875189996, 61.14567914926478 ], [ 14.676509120061485, 61.145963066119535 ], [ 14.676616689539481, 61.146080689783084 ], [ 14.676573926330144, 61.146157392779948 ], [ 14.67663450644862, 61.146260144533954 ], [ 14.676353518080418, 61.146346216443746 ], [ 14.674893637761631, 61.146544295610916 ], [ 14.675586667667288, 61.147310103045115 ], [ 14.675705269969283, 61.147411647646315 ], [ 14.674474716542861, 61.147919134541894 ], [ 14.676826470226436, 61.149030231992697 ], [ 14.67888833621646, 61.148322509682366 ], [ 14.679001349029544, 61.148273453917405 ], [ 14.679842827063391, 61.147992116913052 ] ] ] } },
{ "type": "Feature", "properties": { "objektidentitet": "fad24226-c62c-4981-8601-5c5dad943830", "skapad": "2026-03-17T21:00:01", "objekttypnr": 2640, "objekttyp": "Öppen mark", "vattenytaid": null, "hojd_over_havet": null, "reglerat_vatten": "Ingen information" }, "geometry": { "type": "Polygon", "coordinates": [ [ [ 14.677015034282499, 61.153267215839584 ], [ 14.676777884029709, 61.153544314573288 ], [ 14.677141583055615, 61.154146774386561 ], [ 14.678325841730704, 61.154149593714877 ], [ 14.678122596226686, 61.153792531116061 ], [ 14.677293335238375, 61.153226393256539 ], [ 14.677015034282499, 61.153267215839584 ] ] ] } },
{ "type": "Feature", "properties": { "objektidentitet": "64a8f535-d3a0-43b3-831d-16e5fa74eb2d", "skapad": "2026-03-17T21:00:01", "objekttypnr": 2640, "objekttyp": "Öppen mark", "vattenytaid": null, "hojd_over_havet": null, "reglerat_vatten": "Ingen information" }, "geometry": { "type": "Polygon", "coordinates": [ [ [ 14.666296666487872, 61.140366184473251 ], [ 14.665704257932155, 61.14031197777151 ], [ 14.66522438017317, 61.140583519020637 ], [ 14.665066520547063, 61.140592528142172 ], [ 14.664987495232202, 61.140557839728793 ], [ 14.664641489088899, 61.1401937500179 ], [ 14.664741647310041, 61.139902596646039 ], [ 14.665103659778879, 61.139801918219788 ], [ 14.665285842870592, 61.139394651063483 ], [ 14.664897908804212, 61.139344770888009 ], [ 14.664466793033185, 61.139908136989931 ], [ 14.663308706047857, 61.14060038486992 ], [ 14.663537011850011, 61.140676536861463 ], [ 14.66362947007068, 61.140527250483842 ], [ 14.663853374040356, 61.140390284941368 ], [ 14.664681860392255, 61.140761489369716 ], [ 14.664788419598038, 61.140924826137656 ], [ 14.665140218164566, 61.141112866191712 ], [ 14.665611577842188, 61.141080409896603 ], [ 14.666163448513799, 61.140919193636876 ], [ 14.666296666487872, 61.140366184473251 ] ] ] } },
{ "type": "Feature", "properties": { "objektidentitet": "747f824e-8195-403b-88d9-74d54f95ea24", "skapad": "2026-03-17T21:00:01", "objekttypnr": 2640, "objekttyp": "Öppen mark", "vattenytaid": null, "hojd_over_havet": null, "reglerat_vatten": "Ingen information" }, "geometry": { "type": "Polygon", "coordinates": [ [ [ 14.660495456704039, 61.140409302595735 ], [ 14.660337009656795, 61.140336337342767 ], [ 14.659703656808698, 61.140284326854157 ], [ 14.659384107261362, 61.140457907606255 ], [ 14.6594499867476, 61.140776345678169 ], [ 14.660207728211647, 61.140791555456701 ], [ 14.660219577034988, 61.140934996613446 ], [ 14.659979222673028, 61.141097393951682 ], [ 14.658089389309993, 61.140380306414613 ], [ 14.657915338075865, 61.140383825848659 ], [ 14.658573624480216, 61.141232930126044 ], [ 14.658718329946041, 61.141248979161681 ], [ 14.659539475057386, 61.141408464512629 ], [ 14.660485573176894, 61.141649964940591 ], [ 14.661522620695139, 61.142022825179382 ], [ 14.661940025236332, 61.142087790397717 ], [ 14.662155311387242, 61.141936944356722 ], [ 14.662400514479467, 61.141716549724634 ], [ 14.662648448745962, 61.141302501466491 ], [ 14.660857232770702, 61.141231274499653 ], [ 14.660495456704039, 61.140409302595735 ] ] ] } },
{ "type": "Feature", "properties": { "objektidentitet": "99e0872c-085c-4858-8bce-40e40b83dd0e", "skapad": "2026-03-17T21:00:01", "objekttypnr": 2640, "objekttyp": "Öppen mark", "vattenytaid": null, "hojd_over_havet": null, "reglerat_vatten": "Ingen information" }, "geometry": { "type": "Polygon", "coordinates": [ [ [ 14.665111407138252, 61.143126784540215 ], [ 14.664899473714412, 61.14321245561397 ], [ 14.665301547518625, 61.143706735673355 ], [ 14.666606689253497, 61.144425604187738 ], [ 14.666714810570257, 61.144226123603026 ], [ 14.666494604949243, 61.143493289165392 ], [ 14.666010854950622, 61.143425903042406 ], [ 14.66539931907645, 61.143285272522988 ], [ 14.665111407138252, 61.143126784540215 ] ] ] } },
{ "type": "Feature", "properties": { "objektidentitet": "9e7f13af-1d58-4166-8b42-ca53c5c77f07", "skapad": "2026-03-17T21:00:01", "objekttypnr": 2640, "objekttyp": "Öppen mark", "vattenytaid": null, "hojd_over_havet": null, "reglerat_vatten": "Ingen information" }, "geometry": { "type": "Polygon", "coordinates": [ [ [ 14.660461482221731, 61.13699880048619 ], [ 14.659801743007478, 61.13712902746289 ], [ 14.659556602033089, 61.137298684063516 ], [ 14.658678944512049, 61.137676189346955 ], [ 14.660302964875065, 61.137466541252856 ], [ 14.660364369716214, 61.137307887002478 ], [ 14.660748944259076, 61.137297494924425 ], [ 14.660921738931572, 61.137250220000318 ], [ 14.660752417017486, 61.137087997540036 ], [ 14.660461482221731, 61.13699880048619 ] ] ] } },
{ "type": "Feature", "properties": { "objektidentitet": "5cdccee0-1b72-49bd-a2c8-c2545c5f5f5a", "skapad": "2026-03-17T21:00:01", "objekttypnr": 2640, "objekttyp": "Öppen mark", "vattenytaid": null, "hojd_over_havet": null, "reglerat_vatten": "Ingen information" }, "geometry": { "type": "Polygon", "coordinates": [ [ [ 14.670324246272566, 61.149973216599342 ], [ 14.670432690635081, 61.149954357960013 ], [ 14.670898971414532, 61.150027521333008 ], [ 14.671154754738879, 61.150558227361273 ], [ 14.67135403521225, 61.150590196344794 ], [ 14.67167002145248, 61.150530695484449 ], [ 14.671782684764858, 61.150025079568238 ], [ 14.671325287077419, 61.14981916833905 ], [ 14.670816892078168, 61.149707012240633 ], [ 14.670294989083807, 61.149433355973493 ], [ 14.66997860473214, 61.149394779485796 ], [ 14.669284714163574, 61.149414174663427 ], [ 14.667667304577835, 61.149551963410069 ], [ 14.666714728857658, 61.149710530136126 ], [ 14.667079256553199, 61.150121990289257 ], [ 14.667815420765008, 61.150085490756375 ], [ 14.668371401000122, 61.150036964734731 ], [ 14.669223878146896, 61.150067312554469 ], [ 14.669647583550276, 61.15022896907734 ], [ 14.66994675638489, 61.150566347764276 ], [ 14.670101386508183, 61.150640010329191 ], [ 14.670206320339135, 61.150583948303485 ], [ 14.670163917362549, 61.15013795445465 ], [ 14.670270938714649, 61.150070379060438 ], [ 14.670324246272566, 61.149973216599342 ] ] ] } },
{ "type": "Feature", "properties": { "objektidentitet": "7288ae04-8673-44ed-a836-4cb0890522f4", "skapad": "2026-03-17T21:00:01", "objekttypnr": 2640, "objekttyp": "Öppen mark", "vattenytaid": null, "hojd_over_havet": null, "reglerat_vatten": "Ingen information" }, "geometry": { "type": "Polygon", "coordinates": [ [ [ 14.672383023825082, 61.153380148434607 ], [ 14.671979501272247, 61.15346312227657 ], [ 14.671627458080415, 61.153692863270201 ], [ 14.671632734697747, 61.153800142563668 ], [ 14.671779761483192, 61.153881514498579 ], [ 14.671968288792478, 61.153925926655639 ], [ 14.672828847756449, 61.153735193623042 ], [ 14.672633530897066, 61.153384848300178 ], [ 14.672383023825082, 61.153380148434607 ] ] ] } },
{ "type": "Feature", "properties": { "objektidentitet": "f74d5818-de97-4c30-836a-f18719abef15", "skapad": "2026-03-17T21:00:01", "objekttypnr": 2640, "objekttyp": "Öppen mark", "vattenytaid": null, "hojd_over_havet": null, "reglerat_vatten": "Ingen information" }, "geometry": { "type": "Polygon", "coordinates": [ [ [ 14.662777823357533, 61.150412376424384 ], [ 14.662464993852845, 61.150427047540092 ], [ 14.662230083456606, 61.150456734733304 ], [ 14.661931197896592, 61.150564116832264 ], [ 14.661104655497985, 61.150919473761313 ], [ 14.660917239155363, 61.150989345295002 ], [ 14.660797864164156, 61.151191495493016 ], [ 14.660493298896631, 61.151311132868756 ], [ 14.660012925643384, 61.151610781965722 ], [ 14.659498786037434, 61.152051905959368 ], [ 14.659733441356831, 61.152078307170008 ], [ 14.659767117849633, 61.152206585574554 ], [ 14.659682212052637, 61.152296599065153 ], [ 14.659663521372014, 61.152322569519072 ], [ 14.659753088284296, 61.152398450515179 ], [ 14.659961104583717, 61.152398973224635 ], [ 14.6604709727842, 61.152144413277689 ], [ 14.660711180759803, 61.152110594610711 ], [ 14.661838274587483, 61.151984646740942 ], [ 14.661989676723646, 61.151926471738037 ], [ 14.662100184861172, 61.151799074462524 ], [ 14.662984644413052, 61.151450849588898 ], [ 14.663220796829656, 61.151273811802966 ], [ 14.663278883028257, 61.150967454525237 ], [ 14.662972601949329, 61.150543380582477 ], [ 14.662777823357533, 61.150412376424384 ] ] ] } },
{ "type": "Feature", "properties": { "objektidentitet": "10df1888-fa3a-4277-a5c2-875122de52ac", "skapad": "2026-03-17T21:00:01", "objekttypnr": 2640, "objekttyp": "Öppen mark", "vattenytaid": null, "hojd_over_havet": null, "reglerat_vatten": "Ingen information" }, "geometry": { "type": "Polygon", "coordinates": [ [ [ 14.666611551956331, 61.147607372573447 ], [ 14.666244916607663, 61.147643484560703 ], [ 14.665936629833128, 61.147790013688244 ], [ 14.665880368603064, 61.147947794111971 ], [ 14.665998778528168, 61.148161551073663 ], [ 14.666254116818362, 61.148214889550701 ], [ 14.665912940582954, 61.14837413980073 ], [ 14.666983901194143, 61.148488947688669 ], [ 14.666804442115023, 61.148269968593183 ], [ 14.667143318397926, 61.147700515219086 ], [ 14.666611551956331, 61.147607372573447 ] ] ] } },
{ "type": "Feature", "properties": { "objektidentitet": "81d150bf-8b31-4377-81fb-74366122728b", "skapad": "2026-03-17T21:00:01", "objekttypnr": 2640, "objekttyp": "Öppen mark", "vattenytaid": null, "hojd_over_havet": null, "reglerat_vatten": "Ingen information" }, "geometry": { "type": "Polygon", "coordinates": [ [ [ 14.665083845661474, 61.149941022426809 ], [ 14.664158528233695, 61.150080955645947 ], [ 14.664397555912505, 61.150513434124349 ], [ 14.665089482850505, 61.150429463854223 ], [ 14.665253767578276, 61.150183223562941 ], [ 14.665083845661474, 61.149941022426809 ] ] ] } },
{ "type": "Feature", "properties": { "objektidentitet": "fcb8a842-b1c1-4a78-be51-fb77d9725aa2", "skapad": "2026-03-17T21:00:01", "objekttypnr": 2640, "objekttyp": "Öppen mark", "vattenytaid": null, "hojd_over_havet": null, "reglerat_vatten": "Ingen information" }, "geometry": { "type": "Polygon", "coordinates": [ [ [ 14.666876957929839, 61.138633632536184 ], [ 14.666649803018194, 61.138699114028633 ], [ 14.666334152787799, 61.138599768762859 ], [ 14.66633683903278, 61.138538771098432 ], [ 14.666724580831971, 61.138169114159787 ], [ 14.667026778354352, 61.138240719665625 ], [ 14.667591689541899, 61.138038321343544 ], [ 14.667603230419635, 61.138000346913373 ], [ 14.667402815894656, 61.137932251626061 ], [ 14.66674142687963, 61.137596039579314 ], [ 14.665480286561399, 61.137264142560205 ], [ 14.664976265223537, 61.137408704124944 ], [ 14.664762997943528, 61.137525695372872 ], [ 14.665357889664545, 61.137605149100317 ], [ 14.66551049586594, 61.138054614139975 ], [ 14.665281054625186, 61.138701256600172 ], [ 14.667034247115939, 61.138935359585552 ], [ 14.66715154234906, 61.138703796580209 ], [ 14.666876957929839, 61.138633632536184 ] ] ] } },
{ "type": "Feature", "properties": { "objektidentitet": "337ddc71-36ca-4768-99dd-529cf6a869c3", "skapad": "2026-03-17T21:00:01", "objekttypnr": 2640, "objekttyp": "Öppen mark", "vattenytaid": null, "hojd_over_havet": null, "reglerat_vatten": "Ingen information" }, "geometry": { "type": "Polygon", "coordinates": [ [ [ 14.671704166744098, 61.138170818355121 ], [ 14.67157871395983, 61.138696020457871 ], [ 14.672232796631445, 61.138835864370527 ], [ 14.672719376777321, 61.138974195961403 ], [ 14.672814648686686, 61.139049067722148 ], [ 14.672827526412563, 61.13942165968232 ], [ 14.67312157093107, 61.139438278961492 ], [ 14.673228812945794, 61.139224794423576 ], [ 14.673358655239802, 61.138852906261171 ], [ 14.673310229754998, 61.138606016610289 ], [ 14.672738327562321, 61.138271603244036 ], [ 14.671704166744098, 61.138170818355121 ] ] ] } },
{ "type": "Feature", "properties": { "objektidentitet": "48ae0d8b-09cb-4e3d-93d7-32a957456a0f", "skapad": "2026-03-17T21:00:01", "objekttypnr": 2640, "objekttyp": "Öppen mark", "vattenytaid": null, "hojd_over_havet": null, "reglerat_vatten": "Ingen information" }, "geometry": { "type": "Polygon", "coordinates": [ [ [ 14.661868873971054, 61.138870973947917 ], [ 14.661216394809282, 61.138965269833683 ], [ 14.660876368500475, 61.139176626443756 ], [ 14.660862759805612, 61.139408363416372 ], [ 14.661124235087282, 61.139495079666482 ], [ 14.662246985132033, 61.139556251343116 ], [ 14.662493574299603, 61.139493052337066 ], [ 14.662927400120001, 61.139059787471531 ], [ 14.661868873971054, 61.138870973947917 ] ] ] } },
{ "type": "Feature", "properties": { "objektidentitet": "84f0e311-7a81-4857-989b-b8d68372ae77", "skapad": "2026-03-17T21:00:01", "objekttypnr": 2640, "objekttyp": "Öppen mark", "vattenytaid": null, "hojd_over_havet": null, "reglerat_vatten": "Ingen information" }, "geometry": { "type": "Polygon", "coordinates": [ [ [ 14.672589029314166, 61.142092022244078 ], [ 14.672142079621649, 61.142382907018096 ], [ 14.672516552075221, 61.142675672834571 ], [ 14.672160487951915, 61.142898573117023 ], [ 14.671744727407214, 61.14301570408125 ], [ 14.671727546561964, 61.14313208659577 ], [ 14.672343708991541, 61.143282099404729 ], [ 14.672811280517921, 61.142526770692776 ], [ 14.672589029314166, 61.142092022244078 ] ] ] } },
{ "type": "Feature", "properties": { "objektidentitet": "4f855bf5-ab29-4e93-8dc9-4467848a0357", "skapad": "2026-03-17T21:00:01", "objekttypnr": 2640, "objekttyp": "Öppen mark", "vattenytaid": null, "hojd_over_havet": null, "reglerat_vatten": "Ingen information" }, "geometry": { "type": "Polygon", "coordinates": [ [ [ 14.673521069943805, 61.145633319342522 ], [ 14.673100783487598, 61.145912151444342 ], [ 14.673854564956141, 61.146467836907547 ], [ 14.674151655303973, 61.14641341093138 ], [ 14.674413005760583, 61.146286914378592 ], [ 14.673753651503752, 61.145651988372343 ], [ 14.673521069943805, 61.145633319342522 ] ] ] } },
{ "type": "Feature", "properties": { "objektidentitet": "7fc0db35-e801-4560-8640-4fd4c425bb21", "skapad": "2026-03-17T21:00:01", "objekttypnr": 2640, "objekttyp": "Öppen mark", "vattenytaid": null, "hojd_over_havet": null, "reglerat_vatten": "Ingen information" }, "geometry": { "type": "Polygon", "coordinates": [ [ [ 14.677160263229974, 61.149500153611257 ], [ 14.676884970324888, 61.149515216603255 ], [ 14.677222895335893, 61.150212375797558 ], [ 14.677381561420024, 61.150252471600375 ], [ 14.677583018680416, 61.150188024351515 ], [ 14.678149679583743, 61.149782482012633 ], [ 14.677993449669199, 61.149683875395588 ], [ 14.67758278753743, 61.149573162452498 ], [ 14.677160263229974, 61.149500153611257 ] ] ] } },
{ "type": "Feature", "properties": { "objektidentitet": "1cfbbbf3-cb99-47cf-bd37-f428438f47d3", "skapad": "2026-03-17T21:00:01", "objekttypnr": 2640, "objekttyp": "Öppen mark", "vattenytaid": null, "hojd_over_havet": null, "reglerat_vatten": "Ingen information" }, "geometry": { "type": "Polygon", "coordinates": [ [ [ 14.691809756764972, 61.145076906667882 ], [ 14.69266953978067, 61.145137118456546 ], [ 14.692822627989306, 61.14440094679054 ], [ 14.692352235837124, 61.144446347283825 ], [ 14.691436772788938, 61.144633263487826 ], [ 14.691407088412555, 61.144740211094636 ], [ 14.691573162686762, 61.144798675926914 ], [ 14.691589930849492, 61.144879056358057 ], [ 14.691073046529777, 61.145035868448126 ], [ 14.69084479000308, 61.145094806965034 ], [ 14.690791575305996, 61.145250548879567 ], [ 14.69104976458916, 61.145238282261865 ], [ 14.69148391224693, 61.145114966173935 ], [ 14.691809756764972, 61.145076906667882 ] ] ] } },
{ "type": "Feature", "properties": { "objektidentitet": "115cb5f7-3f3e-4de3-85bf-33e9953afa64", "skapad": "2026-03-17T21:00:01", "objekttypnr": 2640, "objekttyp": "Öppen mark", "vattenytaid": null, "hojd_over_havet": null, "reglerat_vatten": "Ingen information" }, "geometry": { "type": "Polygon", "coordinates": [ [ [ 14.699178572271057, 61.147391186373163 ], [ 14.698226492839247, 61.147420129979295 ], [ 14.697988834714396, 61.147529460923757 ], [ 14.697793273189262, 61.148228940748908 ], [ 14.698132751369954, 61.148246046684449 ], [ 14.698473599912903, 61.14809225407889 ], [ 14.699060473302197, 61.147976283651268 ], [ 14.699170660102956, 61.147851836216894 ], [ 14.699178572271057, 61.147391186373163 ] ] ] } },
{ "type": "Feature", "properties": { "objektidentitet": "5ef93120-6a02-4a7e-935d-8f2f1aad672c", "skapad": "2026-03-17T21:00:01", "objekttypnr": 2640, "objekttyp": "Öppen mark", "vattenytaid": null, "hojd_over_havet": null, "reglerat_vatten": "Ingen information" }, "geometry": { "type": "Polygon", "coordinates": [ [ [ 14.646335752340578, 61.139373394807969 ], [ 14.647125694443663, 61.139458429964741 ], [ 14.647587621256262, 61.139320369697558 ], [ 14.646930530070202, 61.138916469128219 ], [ 14.64707125763276, 61.138856523131842 ], [ 14.646925087900318, 61.138765178745587 ], [ 14.646870056933171, 61.138764128272648 ], [ 14.645880194226043, 61.139119585778673 ], [ 14.645749756225779, 61.139084607964008 ], [ 14.645089563975606, 61.138995990736866 ], [ 14.644894755271114, 61.139371793794282 ], [ 14.645529266245095, 61.139651410313277 ], [ 14.645705241305659, 61.139721296581371 ], [ 14.645843103938894, 61.139718694620271 ], [ 14.646034380467199, 61.139536550535922 ], [ 14.646335752340578, 61.139373394807969 ] ] ] } },
{ "type": "Feature", "properties": { "objektidentitet": "545826f4-2404-4b99-bce6-69ee71dbd6e7", "skapad": "2026-03-17T21:00:01", "objekttypnr": 2642, "objekttyp": "Åker", "vattenytaid": null, "hojd_over_havet": null, "reglerat_vatten": "Ingen information" }, "geometry": { "type": "Polygon", "coordinates": [ [ [ 14.650778154793803, 61.141665393752739 ], [ 14.650990016640739, 61.141445723768911 ], [ 14.651344884576346, 61.141308039228903 ], [ 14.651577596118136, 61.141270402074369 ], [ 14.652000590260059, 61.14131750172244 ], [ 14.652592967905669, 61.141509388929293 ], [ 14.653991815837861, 61.141940001986789 ], [ 14.655879964272224, 61.14206612435872 ], [ 14.656233903922441, 61.1421218425169 ], [ 14.656432342996199, 61.142019864747461 ], [ 14.656620727455286, 61.14202617838756 ], [ 14.65658847296381, 61.141779395465726 ], [ 14.65655299915414, 61.141487051210028 ], [ 14.656517381724528, 61.14114474479257 ], [ 14.656440921626228, 61.14070541942008 ], [ 14.656237518503955, 61.140591656732198 ], [ 14.657461618519061, 61.140279559160263 ], [ 14.655569827847936, 61.13969735886019 ], [ 14.655203566813286, 61.139638223015403 ], [ 14.654914309821265, 61.139663458268863 ], [ 14.654816862312586, 61.139805229660631 ], [ 14.654906081702414, 61.140233716755446 ], [ 14.655080950343187, 61.140659243635767 ], [ 14.655386982630521, 61.141082581509949 ], [ 14.654992387133234, 61.141419823815276 ], [ 14.653990004891336, 61.141343368441348 ], [ 14.653974948759327, 61.140908328326184 ], [ 14.653577410998354, 61.140556790795721 ], [ 14.652602537101043, 61.140432040877613 ], [ 14.652533947040077, 61.139049901865093 ], [ 14.652419046422169, 61.138997939454029 ], [ 14.651668276396652, 61.138893509409023 ], [ 14.651473665769359, 61.13903606969167 ], [ 14.651285657749273, 61.139313969206647 ], [ 14.651097184404582, 61.139889607307637 ], [ 14.651078400167927, 61.140457683588643 ], [ 14.650883612895498, 61.140694168427061 ], [ 14.648774721414698, 61.141426929882783 ], [ 14.648910014332955, 61.14162465790492 ], [ 14.64858120700292, 61.141733962068159 ], [ 14.648435004977205, 61.141744194169007 ], [ 14.648370627684722, 61.141691309145472 ], [ 14.648362690192466, 61.141745397837589 ], [ 14.648300815695242, 61.141781435685935 ], [ 14.648295587149589, 61.141777310191969 ], [ 14.647214625197922, 61.142065961100428 ], [ 14.6473553686253, 61.142267251288231 ], [ 14.647459005159584, 61.142523613185269 ], [ 14.648129304459362, 61.143059761491742 ], [ 14.649641172669334, 61.142810258468991 ], [ 14.648909882710875, 61.142262144575753 ], [ 14.649161545011204, 61.14218460965278 ], [ 14.650778154793803, 61.141665393752739 ] ] ] } },
{ "type": "Feature", "properties": { "objektidentitet": "01e7018c-65fd-43dd-b755-9d2c3e992571", "skapad": "2026-03-17T21:00:01", "objekttypnr": 2640, "objekttyp": "Öppen mark", "vattenytaid": null, "hojd_over_havet": null, "reglerat_vatten": "Ingen information" }, "geometry": { "type": "Polygon", "coordinates": [ [ [ 14.628587139727388, 61.139412131020563 ], [ 14.62954158566839, 61.13987184399457 ], [ 14.629894883837613, 61.14001762297498 ], [ 14.630344994321126, 61.140168405660845 ], [ 14.63215990857087, 61.140663010387861 ], [ 14.632427059170473, 61.140680632429792 ], [ 14.632512245435331, 61.14066156153271 ], [ 14.632566715693713, 61.140613606280112 ], [ 14.632494716587946, 61.14048395052928 ], [ 14.632249155241064, 61.140286776964601 ], [ 14.631742741407743, 61.140142670659749 ], [ 14.630527739501762, 61.13991210315892 ], [ 14.6302789156146, 61.139831817213292 ], [ 14.629068193218981, 61.139306371998408 ], [ 14.628591563149588, 61.139035460720372 ], [ 14.628587139727388, 61.139412131020563 ] ] ] } },
{ "type": "Feature", "properties": { "objektidentitet": "1130ddc5-762e-49dd-81bc-6c75d52a5b47", "skapad": "2026-03-17T21:00:01", "objekttypnr": 2633, "objekttyp": "Vattendragsyta", "vattenytaid": "0c22930d-4ac7-43c4-a20c-3eff6691f85d", "hojd_over_havet": null, "reglerat_vatten": "Ingen information" }, "geometry": { "type": "Polygon", "coordinates": [ [ [ 14.641079595379017, 61.14611229616925 ], [ 14.640982519126409, 61.145967154869716 ], [ 14.640900595582961, 61.14584368120375 ], [ 14.640770322966407, 61.145785653201813 ], [ 14.640519901065774, 61.1457219729622 ], [ 14.640247279037389, 61.145671744890535 ], [ 14.638911938896939, 61.145503006285367 ], [ 14.637318801564462, 61.145217723090731 ], [ 14.636897709006419, 61.14507354169006 ], [ 14.636378844612612, 61.144743776119682 ], [ 14.636125433895078, 61.144416742826493 ], [ 14.635913052882337, 61.14402555607019 ], [ 14.635781959258265, 61.143656457723971 ], [ 14.635788628691511, 61.143461208276264 ], [ 14.635704498567478, 61.143186575005181 ], [ 14.63570807429199, 61.143047087438497 ], [ 14.635941277746694, 61.142690397884735 ], [ 14.635839079689202, 61.142034958205748 ], [ 14.636067017288275, 61.141994650370364 ], [ 14.636157280609497, 61.142020291400215 ], [ 14.63623413680377, 61.142003808175488 ], [ 14.636155794435483, 61.141802413782543 ], [ 14.636210967396583, 61.141733415024888 ], [ 14.636421090159757, 61.141767556639067 ], [ 14.636461743889441, 61.141853251253288 ], [ 14.636384810439818, 61.141918492900601 ], [ 14.636377065249965, 61.141954069086509 ], [ 14.636408263923624, 61.141972090728594 ], [ 14.636507164144192, 61.141975067723216 ], [ 14.636594526058742, 61.142018889451712 ], [ 14.636880998607932, 61.142334734758478 ], [ 14.637067634699111, 61.142376704087397 ], [ 14.637470222389572, 61.142289980152334 ], [ 14.637485456570365, 61.14224097505933 ], [ 14.637433108134106, 61.142206306082606 ], [ 14.637058657200248, 61.142166958171984 ], [ 14.6369517559668, 61.142153878161572 ], [ 14.636836280556787, 61.142120880194319 ], [ 14.636793566508755, 61.142085087470889 ], [ 14.636740114235776, 61.141727869628021 ], [ 14.636688694111806, 61.141643277187661 ], [ 14.636545585039592, 61.141535976165962 ], [ 14.636581358593983, 61.141519481310873 ], [ 14.636790495292177, 61.141516487592632 ], [ 14.636904454929098, 61.141390161240828 ], [ 14.63696043663516, 61.141336265091681 ], [ 14.637116817105811, 61.141330956664675 ], [ 14.637227036539377, 61.141366992735513 ], [ 14.637618104839602, 61.141673366964383 ], [ 14.637773929082813, 61.141737858725271 ], [ 14.637974958761705, 61.141807175771724 ], [ 14.638092678552727, 61.141830698203158 ], [ 14.638138883687422, 61.141816313638436 ], [ 14.63820077971741, 61.141729107106052 ], [ 14.638200133961176, 61.141361858919467 ], [ 14.638311171534667, 61.141381682638041 ], [ 14.638542275463545, 61.14152675307546 ], [ 14.638706144402873, 61.141578058812257 ], [ 14.638859805294061, 61.141724789378912 ], [ 14.638890243414407, 61.141928245113114 ], [ 14.638963776484465, 61.142082303046422 ], [ 14.638941060631591, 61.142266278537733 ], [ 14.638866435953556, 61.142372035569252 ], [ 14.639021388537923, 61.142446677561708 ], [ 14.639095847664898, 61.142366793953855 ], [ 14.639212638750459, 61.14236128764842 ], [ 14.639242608635016, 61.141777351974142 ], [ 14.639105705303077, 61.141416761282088 ], [ 14.638998928169284, 61.141344178082932 ], [ 14.638737612248239, 61.141177526011468 ], [ 14.638420051226165, 61.140958400161395 ], [ 14.638339183968823, 61.140892349967338 ], [ 14.638322010702352, 61.140807418690073 ], [ 14.638336709237858, 61.140743347484133 ], [ 14.638404627279428, 61.140665233390358 ], [ 14.638512259133806, 61.140550613801061 ], [ 14.638645893832122, 61.140489329057019 ], [ 14.638749080509248, 61.140493869066965 ], [ 14.63886694665846, 61.140583880969061 ], [ 14.6389508639026, 61.140574750072787 ], [ 14.639034759268574, 61.140453647635994 ], [ 14.63925863728576, 61.14026639301354 ], [ 14.639382827074687, 61.140192800613811 ], [ 14.639348299335731, 61.140132862351415 ], [ 14.63926908965739, 61.140121770341992 ], [ 14.639152347494045, 61.140140007072937 ], [ 14.638798632785896, 61.140335812298964 ], [ 14.638156171563008, 61.140552149070736 ], [ 14.637967848834014, 61.140582062231282 ], [ 14.63753071027479, 61.140583989430603 ], [ 14.637136690881691, 61.140532828360534 ], [ 14.635818549840486, 61.140411597232763 ], [ 14.635719239759164, 61.140417201630306 ], [ 14.635455361276536, 61.140560423228585 ], [ 14.635363308569824, 61.14057600311795 ], [ 14.635242373664292, 61.140562928861364 ], [ 14.635154552997379, 61.140523961593274 ], [ 14.635131721207662, 61.140439302040733 ], [ 14.63472429270832, 61.140293803860388 ], [ 14.634494102843838, 61.140094440464921 ], [ 14.634235554705729, 61.140007752338676 ], [ 14.634054694568102, 61.139989747484577 ], [ 14.633930457095939, 61.13999908081091 ], [ 14.633662391838877, 61.140149039050321 ], [ 14.633594979918573, 61.140156918441555 ], [ 14.633370224556531, 61.140405776471844 ], [ 14.633422173785359, 61.140430974157091 ], [ 14.633356079150488, 61.140488549521109 ], [ 14.633893033389636, 61.140812692827332 ], [ 14.633910958164552, 61.140846120996329 ], [ 14.633838845024908, 61.140831624077563 ], [ 14.633292893889163, 61.140516245494972 ], [ 14.633158242102187, 61.140544232400629 ], [ 14.633113373625953, 61.140534621150636 ], [ 14.632566715693713, 61.140613606280112 ], [ 14.632512245435331, 61.14066156153271 ], [ 14.632427059170473, 61.140680632429792 ], [ 14.63215990857087, 61.140663010387861 ], [ 14.630344994321126, 61.140168405660845 ], [ 14.629894883837613, 61.14001762297498 ], [ 14.62954158566839, 61.13987184399457 ], [ 14.628587139727388, 61.139412131020563 ], [ 14.628581046662671, 61.139930960422127 ], [ 14.62947215357315, 61.140304142430935 ], [ 14.630086106363587, 61.140600707566989 ], [ 14.631553231745151, 61.140999446532263 ], [ 14.631581252036778, 61.141050840050333 ], [ 14.631596345329053, 61.141190028258897 ], [ 14.631463952622832, 61.141340908157474 ], [ 14.631455827992998, 61.141520145913674 ], [ 14.631342565521859, 61.141546519626168 ], [ 14.631168253013433, 61.141498354395168 ], [ 14.631143479570062, 61.141531648471464 ], [ 14.631173877910376, 61.141579780777839 ], [ 14.632165550981862, 61.142240822924663 ], [ 14.632780741525284, 61.142498576689221 ], [ 14.632929348191269, 61.142517142055929 ], [ 14.633080107080252, 61.142412663229599 ], [ 14.63317037300064, 61.142373943978015 ], [ 14.633257533600142, 61.142349931230775 ], [ 14.633274675026051, 61.142329203061358 ], [ 14.633313274809119, 61.14231264494272 ], [ 14.633295327800784, 61.142300350451997 ], [ 14.633341166719548, 61.142180046237108 ], [ 14.633390649902424, 61.142168284580904 ], [ 14.633518935638408, 61.142169359462422 ], [ 14.633586690199779, 61.142119464651437 ], [ 14.633737986885892, 61.142085255592136 ], [ 14.633802456209358, 61.142089658682252 ], [ 14.634111922408225, 61.142224902652416 ], [ 14.634318442128722, 61.142379582908497 ], [ 14.634382529261099, 61.142515096712295 ], [ 14.634403402024553, 61.14268721269643 ], [ 14.634352945229463, 61.143123667468416 ], [ 14.634474774306963, 61.143334966123334 ], [ 14.634626139521213, 61.143509050646159 ], [ 14.634671384593572, 61.143689016433029 ], [ 14.634802747407525, 61.143922731330143 ], [ 14.635079556493373, 61.144351629822872 ], [ 14.635278379429842, 61.144577786961598 ], [ 14.635623188573319, 61.144881995188285 ], [ 14.635917512596684, 61.145088414951431 ], [ 14.636073685812169, 61.145114044799733 ], [ 14.636183211706118, 61.145162971988505 ], [ 14.63658215853774, 61.145414102706887 ], [ 14.636655623979919, 61.145501034658757 ], [ 14.637302097505019, 61.145890232797207 ], [ 14.637434505468812, 61.145946187064794 ], [ 14.637368761439992, 61.145725058178051 ], [ 14.637422769491758, 61.145633297062112 ], [ 14.637494378695648, 61.145592379410836 ], [ 14.639450072741509, 61.14592180127179 ], [ 14.64007878210475, 61.14603961134069 ], [ 14.640424328433818, 61.146251750719102 ], [ 14.640690988686975, 61.146304000462635 ], [ 14.640886882914417, 61.146251308909562 ], [ 14.641178087363174, 61.146460133008453 ], [ 14.641426705247589, 61.146382164336707 ], [ 14.641079595379017, 61.14611229616925 ] ], [ [ 14.633149225538277, 61.142261305059144 ], [ 14.633144260587885, 61.142303460313634 ], [ 14.632901232348395, 61.142265686988885 ], [ 14.632524139977296, 61.142104032520635 ], [ 14.632344550572395, 61.142006126631529 ], [ 14.632311711750155, 61.14193771609704 ], [ 14.632421812999981, 61.141903737955253 ], [ 14.632406851202276, 61.141834397611653 ], [ 14.632278061812412, 61.141838419916517 ], [ 14.632192474803235, 61.14180224017754 ], [ 14.632178662816472, 61.141769801622509 ], [ 14.632249001686775, 61.14174213464846 ], [ 14.632471251344329, 61.141748816413177 ], [ 14.632464687598443, 61.141802207657562 ], [ 14.632670712362168, 61.141798708820886 ], [ 14.632655816749216, 61.141651683784971 ], [ 14.632203852240711, 61.141532999368046 ], [ 14.631939737954706, 61.141435796632543 ], [ 14.631978699435194, 61.141335476697606 ], [ 14.632217688893361, 61.141173655001865 ], [ 14.632620596616455, 61.141209484447216 ], [ 14.633107535069378, 61.141423678448248 ], [ 14.633336887073087, 61.141467932377509 ], [ 14.634050015052546, 61.141551300269974 ], [ 14.634251291645811, 61.141601698286181 ], [ 14.634362927158335, 61.141666065513938 ], [ 14.634394823014144, 61.141790710095847 ], [ 14.634324049452911, 61.141820783109566 ], [ 14.634224491131899, 61.141824975840038 ], [ 14.633748656887848, 61.141781349499226 ], [ 14.633219843637523, 61.142150332998611 ], [ 14.633149225538277, 61.142261305059144 ] ] ] } },
{ "type": "Feature", "properties": { "objektidentitet": "8e4bc6f4-15f4-4444-82be-b98f81170c39", "skapad": "2026-03-17T21:00:01", "objekttypnr": 2640, "objekttyp": "Öppen mark", "vattenytaid": null, "hojd_over_havet": null, "reglerat_vatten": "Ingen information" }, "geometry": { "type": "Polygon", "coordinates": [ [ [ 14.648295587149589, 61.141777310191969 ], [ 14.648300815695242, 61.141781435685935 ], [ 14.648362690192466, 61.141745397837589 ], [ 14.648370627684722, 61.141691309145472 ], [ 14.647834232198152, 61.141250684267135 ], [ 14.647432712645355, 61.141015470551125 ], [ 14.64643741460883, 61.140573894931173 ], [ 14.646561992778933, 61.140454168998509 ], [ 14.647904403010827, 61.140431085088721 ], [ 14.647900888160196, 61.140112911398894 ], [ 14.64748541954669, 61.139682537947039 ], [ 14.646226393945433, 61.139565566130415 ], [ 14.645927123724729, 61.140282245256628 ], [ 14.645727047035303, 61.140369210338207 ], [ 14.64523285263863, 61.140681447786527 ], [ 14.645640319116442, 61.140924422518523 ], [ 14.646344267282453, 61.14077919839027 ], [ 14.646210706214104, 61.140977896482134 ], [ 14.645738071241773, 61.141134121856815 ], [ 14.645095928311308, 61.141341442732575 ], [ 14.644578618316334, 61.141289306541807 ], [ 14.644191219244345, 61.14150136795849 ], [ 14.64464652918298, 61.141717950891447 ], [ 14.645591945057093, 61.141996156312985 ], [ 14.646072164603988, 61.142056253767805 ], [ 14.645428512108879, 61.141730865052402 ], [ 14.645854801524376, 61.141385599455369 ], [ 14.646650798884179, 61.142046723012584 ], [ 14.647214625197922, 61.142065961100428 ], [ 14.648295587149589, 61.141777310191969 ] ] ] } },
{ "type": "Feature", "properties": { "objektidentitet": "3e9d5ad1-2459-4e77-9f20-0fbf802985e6", "skapad": "2026-03-17T21:00:01", "objekttypnr": 2640, "objekttyp": "Öppen mark", "vattenytaid": null, "hojd_over_havet": null, "reglerat_vatten": "Ingen information" }, "geometry": { "type": "Polygon", "coordinates": [ [ [ 14.640451965546356, 61.1396494621371 ], [ 14.640160062001801, 61.139751177118676 ], [ 14.640135326944046, 61.140048097307037 ], [ 14.640225358990454, 61.140325679293916 ], [ 14.639908081521419, 61.14099161748986 ], [ 14.639876569388667, 61.141133149806059 ], [ 14.640423386826635, 61.14124673662441 ], [ 14.640864307304751, 61.1412510946789 ], [ 14.64098091907813, 61.141190624132292 ], [ 14.641091349353834, 61.140954782901645 ], [ 14.641246199098358, 61.140943414501578 ], [ 14.641531394103669, 61.140824693406394 ], [ 14.641856092966071, 61.140197214205273 ], [ 14.64141670522277, 61.139785441171782 ], [ 14.640451965546356, 61.1396494621371 ] ] ] } },
{ "type": "Feature", "properties": { "objektidentitet": "aa4937d7-f58a-4771-8460-ce4f981df937", "skapad": "2026-03-17T21:00:01", "objekttypnr": 2642, "objekttyp": "Åker", "vattenytaid": null, "hojd_over_havet": null, "reglerat_vatten": "Ingen information" }, "geometry": { "type": "Polygon", "coordinates": [ [ [ 14.644450792955121, 61.139835220785493 ], [ 14.644282113274475, 61.139848360928617 ], [ 14.644288406013519, 61.139913017549993 ], [ 14.64523285263863, 61.140681447786527 ], [ 14.645727047035303, 61.140369210338207 ], [ 14.645035516126121, 61.140123462191376 ], [ 14.644450792955121, 61.139835220785493 ] ] ] } },
{ "type": "Feature", "properties": { "objektidentitet": "537316ab-8944-4184-bb55-64e59eb44d5c", "skapad": "2026-03-17T21:00:01", "objekttypnr": 2640, "objekttyp": "Öppen mark", "vattenytaid": null, "hojd_over_havet": null, "reglerat_vatten": "Ingen information" }, "geometry": { "type": "Polygon", "coordinates": [ [ [ 14.634273851599476, 61.139931993181783 ], [ 14.632530229031753, 61.139922592262828 ], [ 14.632735798438413, 61.139944463598944 ], [ 14.633215420074421, 61.140041728538236 ], [ 14.633303161582715, 61.140085589343059 ], [ 14.633594979918573, 61.140156918441555 ], [ 14.633662391838877, 61.140149039050321 ], [ 14.633930457095939, 61.13999908081091 ], [ 14.634054694568102, 61.139989747484577 ], [ 14.634235554705729, 61.140007752338676 ], [ 14.634494102843838, 61.140094440464921 ], [ 14.63472429270832, 61.140293803860388 ], [ 14.635131721207662, 61.140439302040733 ], [ 14.635154552997379, 61.140523961593274 ], [ 14.635242373664292, 61.140562928861364 ], [ 14.635363308569824, 61.14057600311795 ], [ 14.635455361276536, 61.140560423228585 ], [ 14.635719239759164, 61.140417201630306 ], [ 14.635066305162466, 61.14015830861576 ], [ 14.634273851599476, 61.139931993181783 ] ] ] } },
{ "type": "Feature", "properties": { "objektidentitet": "013f0e21-730d-45e5-bc79-12a97d608ceb", "skapad": "2026-03-17T21:00:01", "objekttypnr": 2645, "objekttyp": "Barr- och blandskog", "vattenytaid": null, "hojd_over_havet": null, "reglerat_vatten": "Ingen information" }, "geometry": { "type": "Polygon", "coordinates": [ [ [ 14.637334343476832, 61.147545180313848 ], [ 14.638159858054829, 61.147569636742674 ], [ 14.638612014805625, 61.14770050238775 ], [ 14.63907181346627, 61.147775706314611 ], [ 14.63946247908461, 61.147526428496569 ], [ 14.639516455952105, 61.147350804791976 ], [ 14.638996643410781, 61.146976445344663 ], [ 14.63945051352985, 61.14671063725784 ], [ 14.639880420783989, 61.146485038261879 ], [ 14.639918739356235, 61.146276397470388 ], [ 14.639450072741509, 61.14592180127179 ], [ 14.637494378695648, 61.145592379410836 ], [ 14.637422769491758, 61.145633297062112 ], [ 14.637368761439992, 61.145725058178051 ], [ 14.637434505468812, 61.145946187064794 ], [ 14.637302097505019, 61.145890232797207 ], [ 14.636655623979919, 61.145501034658757 ], [ 14.63658215853774, 61.145414102706887 ], [ 14.636183211706118, 61.145162971988505 ], [ 14.636073685812169, 61.145114044799733 ], [ 14.635917512596684, 61.145088414951431 ], [ 14.635623188573319, 61.144881995188285 ], [ 14.635278379429842, 61.144577786961598 ], [ 14.635079556493373, 61.144351629822872 ], [ 14.634802747407525, 61.143922731330143 ], [ 14.634671384593572, 61.143689016433029 ], [ 14.634626139521213, 61.143509050646159 ], [ 14.634474774306963, 61.143334966123334 ], [ 14.634352945229463, 61.143123667468416 ], [ 14.634403402024553, 61.14268721269643 ], [ 14.634382529261099, 61.142515096712295 ], [ 14.634318442128722, 61.142379582908497 ], [ 14.634111922408225, 61.142224902652416 ], [ 14.633802456209358, 61.142089658682252 ], [ 14.633737986885892, 61.142085255592136 ], [ 14.633586690199779, 61.142119464651437 ], [ 14.633518935638408, 61.142169359462422 ], [ 14.633390649902424, 61.142168284580904 ], [ 14.633341166719548, 61.142180046237108 ], [ 14.633295327800784, 61.142300350451997 ], [ 14.633313274809119, 61.14231264494272 ], [ 14.633274675026051, 61.142329203061358 ], [ 14.633257533600142, 61.142349931230775 ], [ 14.63317037300064, 61.142373943978015 ], [ 14.633080107080252, 61.142412663229599 ], [ 14.632929348191269, 61.142517142055929 ], [ 14.632780741525284, 61.142498576689221 ], [ 14.632165550981862, 61.142240822924663 ], [ 14.631173877910376, 61.141579780777839 ], [ 14.631143479570062, 61.141531648471464 ], [ 14.631168253013433, 61.141498354395168 ], [ 14.631342565521859, 61.141546519626168 ], [ 14.631455827992998, 61.141520145913674 ], [ 14.631463952622832, 61.141340908157474 ], [ 14.631596345329053, 61.141190028258897 ], [ 14.631581252036778, 61.141050840050333 ], [ 14.631553231745151, 61.140999446532263 ], [ 14.630086106363587, 61.140600707566989 ], [ 14.62947215357315, 61.140304142430935 ], [ 14.628581046662671, 61.139930960422127 ], [ 14.628570718858356, 61.140810336450329 ], [ 14.629014138392264, 61.140990462812582 ], [ 14.629713896431243, 61.14152545503962 ], [ 14.6303410196738, 61.141417245223963 ], [ 14.630696979586011, 61.141837849181535 ], [ 14.630527627360795, 61.141977090772706 ], [ 14.629687404151632, 61.142163759358809 ], [ 14.630021489405463, 61.142496690661176 ], [ 14.63023559643767, 61.142660097368953 ], [ 14.630388319735596, 61.142730003039141 ], [ 14.631375408234296, 61.143244304965336 ], [ 14.631782873372941, 61.143093527554129 ], [ 14.632084237305987, 61.143069631329872 ], [ 14.632584801806246, 61.143435194057211 ], [ 14.633282179436167, 61.143876181338491 ], [ 14.63360264718988, 61.143762169326614 ], [ 14.633184720294471, 61.143553165025885 ], [ 14.632568488842219, 61.143181535582336 ], [ 14.632652844912432, 61.143025065732971 ], [ 14.632778174981206, 61.142993085683322 ], [ 14.633196323086324, 61.142911569965996 ], [ 14.633422342424964, 61.142933432895447 ], [ 14.633498407447819, 61.143209850232687 ], [ 14.6345440497851, 61.143833349991674 ], [ 14.634547056397922, 61.143835144741075 ], [ 14.634548113387845, 61.144073140423473 ], [ 14.635240989969352, 61.144849938396717 ], [ 14.634568109495651, 61.144901469241525 ], [ 14.634226084656056, 61.145006115401159 ], [ 14.634585617699376, 61.145932303733453 ], [ 14.63476392865482, 61.145964934516527 ], [ 14.634789749263222, 61.145763757765323 ], [ 14.63484350472087, 61.145712217392351 ], [ 14.63527548785747, 61.145688343081865 ], [ 14.63605825508524, 61.145993146055318 ], [ 14.636746947709558, 61.145973682967309 ], [ 14.637315155020286, 61.146257837318863 ], [ 14.637424171977901, 61.146356526096625 ], [ 14.637559455713117, 61.146456721608452 ], [ 14.637773943353906, 61.146547235529688 ], [ 14.637877238292253, 61.146613750111577 ], [ 14.638121087426308, 61.146865610471323 ], [ 14.638325430422297, 61.146982715266802 ], [ 14.638288380071753, 61.147024309295141 ], [ 14.637795584944055, 61.147087021013448 ], [ 14.637688652822163, 61.147088144438655 ], [ 14.637640072263869, 61.147065973991346 ], [ 14.637350165880681, 61.14683458451281 ], [ 14.637289203474454, 61.146747049192264 ], [ 14.63730479576739, 61.146356143229376 ], [ 14.636528846159656, 61.146487337173546 ], [ 14.636779805861988, 61.147136253568917 ], [ 14.63673174851438, 61.147547164421759 ], [ 14.636695301161062, 61.147809218619663 ], [ 14.636765131690106, 61.147847642264033 ], [ 14.637334343476832, 61.147545180313848 ] ] ] } },
{ "type": "Feature", "properties": { "objektidentitet": "31980b0c-d191-494f-8323-1553bce66b20", "skapad": "2026-03-17T21:00:01", "objekttypnr": 2640, "objekttyp": "Öppen mark", "vattenytaid": null, "hojd_over_havet": null, "reglerat_vatten": "Ingen information" }, "geometry": { "type": "Polygon", "coordinates": [ [ [ 14.633356079150488, 61.140488549521109 ], [ 14.633422173785359, 61.140430974157091 ], [ 14.633370224556531, 61.140405776471844 ], [ 14.633018191427659, 61.140339688169405 ], [ 14.633113373625953, 61.140534621150636 ], [ 14.633158242102187, 61.140544232400629 ], [ 14.633292893889163, 61.140516245494972 ], [ 14.633838845024908, 61.140831624077563 ], [ 14.633910958164552, 61.140846120996329 ], [ 14.633893033389636, 61.140812692827332 ], [ 14.633356079150488, 61.140488549521109 ] ] ] } },
{ "type": "Feature", "properties": { "objektidentitet": "f9885780-b16e-43c7-82c4-a506ec8d3c1b", "skapad": "2026-03-17T21:00:01", "objekttypnr": 2642, "objekttyp": "Åker", "vattenytaid": null, "hojd_over_havet": null, "reglerat_vatten": "Ingen information" }, "geometry": { "type": "Polygon", "coordinates": [ [ [ 14.633856476991006, 61.151611470500988 ], [ 14.634479870309246, 61.151554314666576 ], [ 14.6349123366707, 61.152027983492559 ], [ 14.634942938020416, 61.152075980596635 ], [ 14.635552236051385, 61.152889134648362 ], [ 14.636054449457776, 61.152771844276451 ], [ 14.636683448268981, 61.152947936642974 ], [ 14.637194784928228, 61.152789799578699 ], [ 14.637651672875252, 61.152616189739632 ], [ 14.636944761231319, 61.151773327204936 ], [ 14.636893215594538, 61.1515445514909 ], [ 14.637739314492263, 61.151036645897783 ], [ 14.63786793933053, 61.15091719036149 ], [ 14.638527741415357, 61.150798382176212 ], [ 14.63871434894607, 61.15114000992952 ], [ 14.638361666247844, 61.15127193040999 ], [ 14.638927959004384, 61.152029309949768 ], [ 14.639112128786284, 61.15213795660074 ], [ 14.639663507447226, 61.15195261563904 ], [ 14.639891966039485, 61.151536465329315 ], [ 14.640085746258896, 61.151442336563591 ], [ 14.63907978668237, 61.149511531831045 ], [ 14.638920025352469, 61.149427091448935 ], [ 14.638725977026237, 61.149551957662084 ], [ 14.638453926411934, 61.149527125879523 ], [ 14.637377207595176, 61.149296631347511 ], [ 14.637192979132008, 61.148604218283516 ], [ 14.636441641000864, 61.148435134201812 ], [ 14.636469764605259, 61.149113698347513 ], [ 14.635998091664083, 61.14915866633887 ], [ 14.635988223539997, 61.149168703938038 ], [ 14.635961471486565, 61.149172088531628 ], [ 14.63579063628927, 61.149143546465609 ], [ 14.63575322458048, 61.149106367418149 ], [ 14.635715882371157, 61.148739092592194 ], [ 14.634500137352283, 61.148710470752867 ], [ 14.634502655272623, 61.148233989458589 ], [ 14.634436254616263, 61.148191497895588 ], [ 14.63442961727405, 61.148190384593121 ], [ 14.634348850002183, 61.14812123474664 ], [ 14.634409507115201, 61.148051569363084 ], [ 14.634538066418306, 61.148026239884594 ], [ 14.636441801670456, 61.148291929773308 ], [ 14.638355606226018, 61.148777952894726 ], [ 14.638875856518837, 61.148956554641948 ], [ 14.641651142978812, 61.1500747091523 ], [ 14.639870078656225, 61.150422935322972 ], [ 14.640045180500097, 61.150665038644235 ], [ 14.640442122515275, 61.150901931569173 ], [ 14.641185265050366, 61.150924444729142 ], [ 14.64164017263411, 61.150806478407453 ], [ 14.642192143763632, 61.151130017134555 ], [ 14.642279505940566, 61.151237487900133 ], [ 14.642410838833346, 61.151328834024476 ], [ 14.642989030932004, 61.151115315040464 ], [ 14.643206045381492, 61.150958147279539 ], [ 14.643079217233019, 61.150867577111718 ], [ 14.642680874507887, 61.150997790550207 ], [ 14.642313357953167, 61.15072985614102 ], [ 14.641997893752682, 61.150264079679268 ], [ 14.642548158998961, 61.149934576520735 ], [ 14.642159667745178, 61.149567848244068 ], [ 14.641153834842454, 61.149158320391258 ], [ 14.640593211956187, 61.148663475748506 ], [ 14.640515559570828, 61.14854945791587 ], [ 14.640212156601855, 61.148297991661032 ], [ 14.640068170715455, 61.148242808297411 ], [ 14.639733464316082, 61.148111191976369 ], [ 14.639395359001311, 61.148315263770321 ], [ 14.639284987906281, 61.148296717891029 ], [ 14.638424398945579, 61.147957296173111 ], [ 14.638612014805625, 61.14770050238775 ], [ 14.638159858054829, 61.147569636742674 ], [ 14.637334343476832, 61.147545180313848 ], [ 14.636765131690106, 61.147847642264033 ], [ 14.636695301161062, 61.147809218619663 ], [ 14.63673174851438, 61.147547164421759 ], [ 14.636052728287602, 61.147643180473416 ], [ 14.635966984005346, 61.147623773137695 ], [ 14.635795047332859, 61.147441635771237 ], [ 14.635572112163192, 61.146878531229099 ], [ 14.635727344283065, 61.14672217859647 ], [ 14.635857276296344, 61.146733517064447 ], [ 14.636324347886529, 61.147203333686214 ], [ 14.636779805861988, 61.147136253568917 ], [ 14.636528846159656, 61.146487337173546 ], [ 14.63610986612275, 61.146142316493702 ], [ 14.635853747921699, 61.146033498865819 ], [ 14.635036533330277, 61.14619796191613 ], [ 14.63476392865482, 61.145964934516527 ], [ 14.634585617699376, 61.145932303733453 ], [ 14.634226084656056, 61.145006115401159 ], [ 14.634568109495651, 61.144901469241525 ], [ 14.635240989969352, 61.144849938396717 ], [ 14.634548113387845, 61.144073140423473 ], [ 14.634547056397922, 61.143835144741075 ], [ 14.6345440497851, 61.143833349991674 ], [ 14.63452318986748, 61.144002247098271 ], [ 14.634426391993426, 61.144035383131225 ], [ 14.634295044256399, 61.144035028270196 ], [ 14.634203331958044, 61.143997791876494 ], [ 14.634206476119919, 61.143990905367168 ], [ 14.634057958911804, 61.143904586418302 ], [ 14.633904635996641, 61.143957472856179 ], [ 14.633748271751443, 61.144224786009893 ], [ 14.633462122638507, 61.144135409412428 ], [ 14.632524260037767, 61.144284878503534 ], [ 14.631803329039396, 61.143877705411391 ], [ 14.631540520315736, 61.143701958691729 ], [ 14.631714385627408, 61.143598253355499 ], [ 14.631375408234296, 61.143244304965336 ], [ 14.630388319735596, 61.142730003039141 ], [ 14.63023559643767, 61.142660097368953 ], [ 14.630021489405463, 61.142496690661176 ], [ 14.629687404151632, 61.142163759358809 ], [ 14.629283331612012, 61.141651429304012 ], [ 14.629713896431243, 61.14152545503962 ], [ 14.629014138392264, 61.140990462812582 ], [ 14.628570718858356, 61.140810336450329 ], [ 14.62851616303446, 61.145454635370619 ], [ 14.62884202568487, 61.145371227611541 ], [ 14.629906553142268, 61.144987333805538 ], [ 14.630197302135652, 61.144800716722855 ], [ 14.630927435556002, 61.144677325618353 ], [ 14.631226245892387, 61.145066439561937 ], [ 14.630031765791303, 61.145364726179537 ], [ 14.630122384305549, 61.145824063391764 ], [ 14.629531062961242, 61.145985815233352 ], [ 14.629333948019745, 61.145911424212272 ], [ 14.628790080938952, 61.146049296010915 ], [ 14.629001963233131, 61.146232862906828 ], [ 14.628938832206673, 61.146321094213022 ], [ 14.628783812846958, 61.146342709801182 ], [ 14.628776564268231, 61.146335166399943 ], [ 14.628505252819004, 61.146383225396278 ], [ 14.628466182845159, 61.149708031792308 ], [ 14.628730880195665, 61.149700435657152 ], [ 14.629203276124496, 61.150290701587146 ], [ 14.629235646983551, 61.150434049114175 ], [ 14.62850441769789, 61.150458591554766 ], [ 14.628505788193376, 61.150664474422797 ], [ 14.628516559978651, 61.150735877651236 ], [ 14.628454018992727, 61.150742995804556 ], [ 14.628446815777611, 61.151355846042279 ], [ 14.629455601450102, 61.151331094351548 ], [ 14.629545536572214, 61.151500706707282 ], [ 14.630056487876679, 61.151862320683961 ], [ 14.630379278503769, 61.151903952754445 ], [ 14.632147660770308, 61.152898069868641 ], [ 14.632341584116205, 61.152757591161532 ], [ 14.632533221359211, 61.152331001847358 ], [ 14.632763074335294, 61.152231729510561 ], [ 14.634282676122458, 61.153774207482506 ], [ 14.634874822879945, 61.153583681151424 ], [ 14.634586565475617, 61.153203007740316 ], [ 14.635010147617486, 61.153064455996052 ], [ 14.633856476991006, 61.151611470500988 ] ], [ [ 14.629741869767262, 61.147401995370814 ], [ 14.629742192116774, 61.147422052757854 ], [ 14.629633546644655, 61.147404392230214 ], [ 14.629558216449071, 61.147384336150658 ], [ 14.629545789356442, 61.147352646372013 ], [ 14.629183590968504, 61.14727786595892 ], [ 14.629122341246481, 61.147238833106918 ], [ 14.629133442124092, 61.147163440934129 ], [ 14.629181509778126, 61.147135373414457 ], [ 14.629197558269533, 61.147138586521194 ], [ 14.629260301913634, 61.147089802377785 ], [ 14.629260176312451, 61.147089443118595 ], [ 14.62932341230575, 61.147052510795753 ], [ 14.629479516011052, 61.147048000545624 ], [ 14.62957962251984, 61.147092005489981 ], [ 14.629588394819917, 61.147112211487602 ], [ 14.630611411054554, 61.146897591946193 ], [ 14.631050381008874, 61.147126691056762 ], [ 14.633063377322527, 61.146666574161415 ], [ 14.633947681144925, 61.146510788829055 ], [ 14.634516398613505, 61.14700177768146 ], [ 14.631864445095353, 61.147653040979904 ], [ 14.631890501492883, 61.147656676066916 ], [ 14.631880515807751, 61.147659162683496 ], [ 14.631747837166357, 61.147727149870519 ], [ 14.631673685809488, 61.147726912209521 ], [ 14.629741869767262, 61.147401995370814 ] ], [ [ 14.629251411740354, 61.144809683189401 ], [ 14.628620402891444, 61.144344410753867 ], [ 14.629755302591972, 61.144053209455244 ], [ 14.629904809045138, 61.144193735345148 ], [ 14.630206589571552, 61.144586280102857 ], [ 14.629251411740354, 61.144809683189401 ] ] ] } },
{ "type": "Feature", "properties": { "objektidentitet": "a4135be2-cee3-4fdd-bc44-fd8874c59875", "skapad": "2026-03-17T21:00:01", "objekttypnr": 2645, "objekttyp": "Barr- och blandskog", "vattenytaid": null, "hojd_over_havet": null, "reglerat_vatten": "Ingen information" }, "geometry": { "type": "Polygon", "coordinates": [ [ [ 14.633748656887848, 61.141781349499226 ], [ 14.634224491131899, 61.141824975840038 ], [ 14.634324049452911, 61.141820783109566 ], [ 14.634394823014144, 61.141790710095847 ], [ 14.634362927158335, 61.141666065513938 ], [ 14.634251291645811, 61.141601698286181 ], [ 14.634050015052546, 61.141551300269974 ], [ 14.633336887073087, 61.141467932377509 ], [ 14.633107535069378, 61.141423678448248 ], [ 14.632620596616455, 61.141209484447216 ], [ 14.632217688893361, 61.141173655001865 ], [ 14.631978699435194, 61.141335476697606 ], [ 14.631939737954706, 61.141435796632543 ], [ 14.632203852240711, 61.141532999368046 ], [ 14.632655816749216, 61.141651683784971 ], [ 14.632670712362168, 61.141798708820886 ], [ 14.632464687598443, 61.141802207657562 ], [ 14.632471251344329, 61.141748816413177 ], [ 14.632249001686775, 61.14174213464846 ], [ 14.632178662816472, 61.141769801622509 ], [ 14.632192474803235, 61.14180224017754 ], [ 14.632278061812412, 61.141838419916517 ], [ 14.632406851202276, 61.141834397611653 ], [ 14.632421812999981, 61.141903737955253 ], [ 14.632311711750155, 61.14193771609704 ], [ 14.632344550572395, 61.142006126631529 ], [ 14.632524139977296, 61.142104032520635 ], [ 14.632901232348395, 61.142265686988885 ], [ 14.633144260587885, 61.142303460313634 ], [ 14.633149225538277, 61.142261305059144 ], [ 14.633219843637523, 61.142150332998611 ], [ 14.633748656887848, 61.141781349499226 ] ] ] } },
{ "type": "Feature", "properties": { "objektidentitet": "b4ecedca-4ecb-4ce3-9723-f3730d3c362a", "skapad": "2026-03-17T21:00:01", "objekttypnr": 2642, "objekttyp": "Åker", "vattenytaid": null, "hojd_over_havet": null, "reglerat_vatten": "Ingen information" }, "geometry": { "type": "Polygon", "coordinates": [ [ [ 14.645854801524376, 61.141385599455369 ], [ 14.645428512108879, 61.141730865052402 ], [ 14.646072164603988, 61.142056253767805 ], [ 14.646650798884179, 61.142046723012584 ], [ 14.645854801524376, 61.141385599455369 ] ] ] } },
{ "type": "Feature", "properties": { "objektidentitet": "74748664-cea0-46ac-a640-ea63b42fcb67", "skapad": "2026-03-17T21:00:01", "objekttypnr": 2640, "objekttyp": "Öppen mark", "vattenytaid": null, "hojd_over_havet": null, "reglerat_vatten": "Ingen information" }, "geometry": { "type": "Polygon", "coordinates": [ [ [ 14.6303410196738, 61.141417245223963 ], [ 14.629713896431243, 61.14152545503962 ], [ 14.629283331612012, 61.141651429304012 ], [ 14.629687404151632, 61.142163759358809 ], [ 14.630527627360795, 61.141977090772706 ], [ 14.630696979586011, 61.141837849181535 ], [ 14.6303410196738, 61.141417245223963 ] ] ] } },
{ "type": "Feature", "properties": { "objektidentitet": "a606d1ca-221e-49a9-87b8-5e3b5229656d", "skapad": "2026-03-17T21:00:01", "objekttypnr": 2640, "objekttyp": "Öppen mark", "vattenytaid": null, "hojd_over_havet": null, "reglerat_vatten": "Ingen information" }, "geometry": { "type": "Polygon", "coordinates": [ [ [ 14.656130170963625, 61.144276170463506 ], [ 14.657416667226347, 61.143930286352557 ], [ 14.658027360807871, 61.144752931479886 ], [ 14.658169170414222, 61.144796050983665 ], [ 14.658345030241648, 61.14475807007809 ], [ 14.658377128489933, 61.14471312731488 ], [ 14.658326395169262, 61.144564318159773 ], [ 14.658348195972897, 61.144573359761537 ], [ 14.658346831171762, 61.144569047148352 ], [ 14.658441501177904, 61.144465906622671 ], [ 14.658369099622394, 61.144419622798196 ], [ 14.658295683841926, 61.144388114069052 ], [ 14.658013712655562, 61.143935145222727 ], [ 14.65856442959547, 61.143575933292453 ], [ 14.658956101146735, 61.143400264684828 ], [ 14.659678969888754, 61.143044391067328 ], [ 14.659342453201395, 61.142514590393226 ], [ 14.659052201093409, 61.142099461945065 ], [ 14.658422187142735, 61.142180594893617 ], [ 14.65852104238312, 61.14242532780483 ], [ 14.657369520000547, 61.14271398928593 ], [ 14.657704198132336, 61.142942351720691 ], [ 14.657759239160436, 61.143267505222973 ], [ 14.657288658816649, 61.143447073442118 ], [ 14.656482314834497, 61.142582935808555 ], [ 14.655196345063448, 61.142681895682252 ], [ 14.653916751233972, 61.142864470101493 ], [ 14.653636163520257, 61.143061964234136 ], [ 14.654122400397133, 61.143318527473546 ], [ 14.65478984199375, 61.143471597220092 ], [ 14.656042630117106, 61.143651524024321 ], [ 14.655934835512713, 61.143770610002157 ], [ 14.655040602096765, 61.144210113062577 ], [ 14.654876537536973, 61.144578062961166 ], [ 14.655516840282118, 61.144899501519753 ], [ 14.655742076485572, 61.144784458613771 ], [ 14.655521820170817, 61.144589017074658 ], [ 14.655205316076554, 61.144489132010442 ], [ 14.65518007750641, 61.144419022895327 ], [ 14.655261257761474, 61.144371791039454 ], [ 14.655489116341682, 61.144349926756867 ], [ 14.655688699621491, 61.144378077395437 ], [ 14.655925945750674, 61.14444931791747 ], [ 14.656211240803216, 61.144580616100868 ], [ 14.656364255141018, 61.144675989697745 ], [ 14.65642754796121, 61.144768936138838 ], [ 14.65637474567634, 61.144838703050667 ], [ 14.656160361576527, 61.144931267337093 ], [ 14.655964124620725, 61.144941775543025 ], [ 14.656038977421808, 61.145278166390561 ], [ 14.656432616091871, 61.145482001505599 ], [ 14.656700277202534, 61.145471243107103 ], [ 14.657525705231789, 61.145266791000189 ], [ 14.657439937104234, 61.145116941051946 ], [ 14.657162073588742, 61.144902332544696 ], [ 14.656130170963625, 61.144276170463506 ] ] ] } },
{ "type": "Feature", "properties": { "objektidentitet": "36322eb5-cd03-4e11-82cc-29db403f1e7a", "skapad": "2026-03-17T21:00:01", "objekttypnr": 2642, "objekttyp": "Åker", "vattenytaid": null, "hojd_over_havet": null, "reglerat_vatten": "Ingen information" }, "geometry": { "type": "Polygon", "coordinates": [ [ [ 14.651145201561011, 61.142782667803935 ], [ 14.65096336303448, 61.142847646946294 ], [ 14.650884454568448, 61.143196904604274 ], [ 14.651354338187183, 61.143405269806074 ], [ 14.652495398399175, 61.143717651333382 ], [ 14.653753720252991, 61.144134869909159 ], [ 14.654426077490449, 61.144227048610105 ], [ 14.655040602096765, 61.144210113062577 ], [ 14.655934835512713, 61.143770610002157 ], [ 14.652971265748464, 61.143238586801495 ], [ 14.651145201561011, 61.142782667803935 ] ] ] } },
{ "type": "Feature", "properties": { "objektidentitet": "83946232-7b99-4be3-8cd9-936305d6e2c3", "skapad": "2026-03-17T21:00:01", "objekttypnr": 2640, "objekttyp": "Öppen mark", "vattenytaid": null, "hojd_over_havet": null, "reglerat_vatten": "Ingen information" }, "geometry": { "type": "Polygon", "coordinates": [ [ [ 14.633462122638507, 61.144135409412428 ], [ 14.633748271751443, 61.144224786009893 ], [ 14.633904635996641, 61.143957472856179 ], [ 14.634057958911804, 61.143904586418302 ], [ 14.634206476119919, 61.143990905367168 ], [ 14.634203331958044, 61.143997791876494 ], [ 14.634295044256399, 61.144035028270196 ], [ 14.634426391993426, 61.144035383131225 ], [ 14.63452318986748, 61.144002247098271 ], [ 14.6345440497851, 61.143833349991674 ], [ 14.633498407447819, 61.143209850232687 ], [ 14.633422342424964, 61.142933432895447 ], [ 14.633196323086324, 61.142911569965996 ], [ 14.632778174981206, 61.142993085683322 ], [ 14.633630276656708, 61.143464665590351 ], [ 14.633765202328169, 61.143577648519916 ], [ 14.633880129885982, 61.143712707486614 ], [ 14.633873394093891, 61.143781126998874 ], [ 14.633838250359048, 61.143799032476728 ], [ 14.633752858761314, 61.143798271811761 ], [ 14.63360264718988, 61.143762169326614 ], [ 14.633282179436167, 61.143876181338491 ], [ 14.632584801806246, 61.143435194057211 ], [ 14.632084237305987, 61.143069631329872 ], [ 14.631782873372941, 61.143093527554129 ], [ 14.631375408234296, 61.143244304965336 ], [ 14.631714385627408, 61.143598253355499 ], [ 14.631540520315736, 61.143701958691729 ], [ 14.631803329039396, 61.143877705411391 ], [ 14.632524260037767, 61.144284878503534 ], [ 14.633462122638507, 61.144135409412428 ] ] ] } },
{ "type": "Feature", "properties": { "objektidentitet": "a05f2f7b-4da8-4635-a524-1f3bbd99161b", "skapad": "2026-03-17T21:00:01", "objekttypnr": 2642, "objekttyp": "Åker", "vattenytaid": null, "hojd_over_havet": null, "reglerat_vatten": "Ingen information" }, "geometry": { "type": "Polygon", "coordinates": [ [ [ 14.632778174981206, 61.142993085683322 ], [ 14.632652844912432, 61.143025065732971 ], [ 14.632568488842219, 61.143181535582336 ], [ 14.633184720294471, 61.143553165025885 ], [ 14.63360264718988, 61.143762169326614 ], [ 14.633752858761314, 61.143798271811761 ], [ 14.633838250359048, 61.143799032476728 ], [ 14.633873394093891, 61.143781126998874 ], [ 14.633880129885982, 61.143712707486614 ], [ 14.633765202328169, 61.143577648519916 ], [ 14.633630276656708, 61.143464665590351 ], [ 14.632778174981206, 61.142993085683322 ] ] ] } },
{ "type": "Feature", "properties": { "objektidentitet": "d44a7f70-c037-4798-b557-1d5dd1d90489", "skapad": "2026-03-17T21:00:01", "objekttypnr": 2640, "objekttyp": "Öppen mark", "vattenytaid": null, "hojd_over_havet": null, "reglerat_vatten": "Ingen information" }, "geometry": { "type": "Polygon", "coordinates": [ [ [ 14.629755302591972, 61.144053209455244 ], [ 14.628620402891444, 61.144344410753867 ], [ 14.629251411740354, 61.144809683189401 ], [ 14.630206589571552, 61.144586280102857 ], [ 14.629904809045138, 61.144193735345148 ], [ 14.629755302591972, 61.144053209455244 ] ] ] } },
{ "type": "Feature", "properties": { "objektidentitet": "99a2417e-7f4b-42d7-ad78-343b859bbdd7", "skapad": "2026-03-17T21:00:01", "objekttypnr": 2642, "objekttyp": "Åker", "vattenytaid": null, "hojd_over_havet": null, "reglerat_vatten": "Ingen information" }, "geometry": { "type": "Polygon", "coordinates": [ [ [ 14.655489116341682, 61.144349926756867 ], [ 14.655261257761474, 61.144371791039454 ], [ 14.65518007750641, 61.144419022895327 ], [ 14.655205316076554, 61.144489132010442 ], [ 14.655521820170817, 61.144589017074658 ], [ 14.655742076485572, 61.144784458613771 ], [ 14.655964124620725, 61.144941775543025 ], [ 14.656160361576527, 61.144931267337093 ], [ 14.65637474567634, 61.144838703050667 ], [ 14.65642754796121, 61.144768936138838 ], [ 14.656364255141018, 61.144675989697745 ], [ 14.656211240803216, 61.144580616100868 ], [ 14.655925945750674, 61.14444931791747 ], [ 14.655688699621491, 61.144378077395437 ], [ 14.655489116341682, 61.144349926756867 ] ] ] } },
{ "type": "Feature", "properties": { "objektidentitet": "f03a1aa9-f7b3-464d-901b-b273cccbd27a", "skapad": "2026-03-17T21:00:01", "objekttypnr": 2642, "objekttyp": "Åker", "vattenytaid": null, "hojd_over_havet": null, "reglerat_vatten": "Ingen information" }, "geometry": { "type": "Polygon", "coordinates": [ [ [ 14.654876537536973, 61.144578062961166 ], [ 14.653783054992905, 61.145204595858182 ], [ 14.653994304735917, 61.145292328534033 ], [ 14.654434127911756, 61.145174649011715 ], [ 14.655361335973916, 61.14504292986912 ], [ 14.655501439043018, 61.144976536648066 ], [ 14.655516840282118, 61.144899501519753 ], [ 14.654876537536973, 61.144578062961166 ] ] ] } },
{ "type": "Feature", "properties": { "objektidentitet": "5090f0f6-c4ba-44ed-98d9-f65150d5302b", "skapad": "2026-03-17T21:00:01", "objekttypnr": 2640, "objekttyp": "Öppen mark", "vattenytaid": null, "hojd_over_havet": null, "reglerat_vatten": "Ingen information" }, "geometry": { "type": "Polygon", "coordinates": [ [ [ 14.630197302135652, 61.144800716722855 ], [ 14.629906553142268, 61.144987333805538 ], [ 14.62884202568487, 61.145371227611541 ], [ 14.62851616303446, 61.145454635370619 ], [ 14.628505252819004, 61.146383225396278 ], [ 14.628776564268231, 61.146335166399943 ], [ 14.628783812846958, 61.146342709801182 ], [ 14.628938832206673, 61.146321094213022 ], [ 14.629001963233131, 61.146232862906828 ], [ 14.628790080938952, 61.146049296010915 ], [ 14.629333948019745, 61.145911424212272 ], [ 14.629531062961242, 61.145985815233352 ], [ 14.630122384305549, 61.145824063391764 ], [ 14.630031765791303, 61.145364726179537 ], [ 14.631226245892387, 61.145066439561937 ], [ 14.630927435556002, 61.144677325618353 ], [ 14.630197302135652, 61.144800716722855 ] ] ] } },
{ "type": "Feature", "properties": { "objektidentitet": "07b1b442-e723-42b0-a2b8-dd2b49c323b0", "skapad": "2026-03-17T21:00:01", "objekttypnr": 2640, "objekttyp": "Öppen mark", "vattenytaid": null, "hojd_over_havet": null, "reglerat_vatten": "Ingen information" }, "geometry": { "type": "Polygon", "coordinates": [ [ [ 14.653994304735917, 61.145292328534033 ], [ 14.653783054992905, 61.145204595858182 ], [ 14.65351374760875, 61.145169081805818 ], [ 14.653121022352568, 61.145161719740379 ], [ 14.6527485683203, 61.145299229003626 ], [ 14.652056628727436, 61.145293663285905 ], [ 14.651607464807881, 61.145218009973455 ], [ 14.651218059999872, 61.145790284575952 ], [ 14.651655472299025, 61.146171180958966 ], [ 14.652118093748294, 61.146169578715046 ], [ 14.652335335698845, 61.146053748836238 ], [ 14.652251005731404, 61.14593729669717 ], [ 14.652875398652366, 61.145632011320302 ], [ 14.653351807008679, 61.145619074418065 ], [ 14.653994304735917, 61.145292328534033 ] ] ] } },
{ "type": "Feature", "properties": { "objektidentitet": "9cbe0d89-a580-43ee-b9d0-8722b8ccf4e6", "skapad": "2026-03-17T21:00:01", "objekttypnr": 2633, "objekttyp": "Vattendragsyta", "vattenytaid": "8d42899f-40d0-48e9-88ba-9ca34411e881", "hojd_over_havet": null, "reglerat_vatten": "Ingen information" }, "geometry": { "type": "Polygon", "coordinates": [ [ [ 14.653076011103357, 61.147039670157014 ], [ 14.653202310829407, 61.146951014783831 ], [ 14.653349225066993, 61.146767750134998 ], [ 14.65379814638885, 61.146350534012861 ], [ 14.653952911514837, 61.14612314502051 ], [ 14.654140507518154, 61.145943925000367 ], [ 14.654642133503991, 61.145726210451841 ], [ 14.655248532863238, 61.145681996486317 ], [ 14.655395006786682, 61.145702838882798 ], [ 14.655574492474285, 61.145772667393729 ], [ 14.655710039231103, 61.14589297360336 ], [ 14.65576179517771, 61.146885259520147 ], [ 14.655870431579411, 61.147259873830201 ], [ 14.656791737448344, 61.147144765651333 ], [ 14.656949542993514, 61.147080633427954 ], [ 14.657000530472425, 61.147002027481626 ], [ 14.657017327449465, 61.146792662848625 ], [ 14.656702522657552, 61.146152304391563 ], [ 14.656565674727199, 61.145959814594072 ], [ 14.656449411616455, 61.145833758303141 ], [ 14.656222969665256, 61.145671439392316 ], [ 14.656010587285927, 61.145570931892713 ], [ 14.655649212503871, 61.145461022598212 ], [ 14.655184592603133, 61.145398215931202 ], [ 14.654900771001898, 61.145397124572781 ], [ 14.654589439340677, 61.145430212463964 ], [ 14.654188117028275, 61.145524172907734 ], [ 14.653629312148341, 61.145793388653942 ], [ 14.653205483379399, 61.146206206762656 ], [ 14.652684446391362, 61.146701369977933 ], [ 14.652567462986653, 61.146782309655535 ], [ 14.652311828850268, 61.146895842039434 ], [ 14.651794864312093, 61.147039154272697 ], [ 14.651689810605204, 61.147065422275702 ], [ 14.651195031685495, 61.147103237442153 ], [ 14.650760166372526, 61.147150264035318 ], [ 14.650266853936456, 61.147250071287061 ], [ 14.649727378427571, 61.147366662440909 ], [ 14.649255551298868, 61.147521716943253 ], [ 14.648464185716502, 61.147693124050193 ], [ 14.649043639714892, 61.148136030119737 ], [ 14.649172925703423, 61.148087678654242 ], [ 14.649678581335737, 61.147978489783341 ], [ 14.65058522212415, 61.14773537138322 ], [ 14.65151076585342, 61.147542149390894 ], [ 14.652390129152192, 61.147315961524114 ], [ 14.652806836509111, 61.147161553667644 ], [ 14.653076011103357, 61.147039670157014 ] ] ] } },
{ "type": "Feature", "properties": { "objektidentitet": "78fbe47b-af8b-4c61-a26d-28434f591fbe", "skapad": "2026-03-17T21:00:01", "objekttypnr": 2640, "objekttyp": "Öppen mark", "vattenytaid": null, "hojd_over_havet": null, "reglerat_vatten": "Ingen information" }, "geometry": { "type": "Polygon", "coordinates": [ [ [ 14.642787830120957, 61.146029021620812 ], [ 14.642958794335723, 61.146058354156146 ], [ 14.642751098160437, 61.14590494121137 ], [ 14.642135164496112, 61.145754013060738 ], [ 14.641627199405781, 61.14570069644622 ], [ 14.640602192424083, 61.145636417680841 ], [ 14.640519901065774, 61.1457219729622 ], [ 14.640770322966407, 61.145785653201813 ], [ 14.640900595582961, 61.14584368120375 ], [ 14.640982519126409, 61.145967154869716 ], [ 14.641079595379017, 61.14611229616925 ], [ 14.641426705247589, 61.146382164336707 ], [ 14.642430211891446, 61.146084888857771 ], [ 14.642787830120957, 61.146029021620812 ] ] ] } },
{ "type": "Feature", "properties": { "objektidentitet": "c96b037a-bba4-4349-a734-4b10c553ee56", "skapad": "2026-03-17T21:00:01", "objekttypnr": 2640, "objekttyp": "Öppen mark", "vattenytaid": null, "hojd_over_havet": null, "reglerat_vatten": "Ingen information" }, "geometry": { "type": "Polygon", "coordinates": [ [ [ 14.655939814435069, 61.147752823475358 ], [ 14.655951452109521, 61.14760687429105 ], [ 14.655870431579411, 61.147259873830201 ], [ 14.65576179517771, 61.146885259520147 ], [ 14.655710039231103, 61.14589297360336 ], [ 14.655574492474285, 61.145772667393729 ], [ 14.655395006786682, 61.145702838882798 ], [ 14.655248532863238, 61.145681996486317 ], [ 14.654642133503991, 61.145726210451841 ], [ 14.654140507518154, 61.145943925000367 ], [ 14.653952911514837, 61.14612314502051 ], [ 14.65379814638885, 61.146350534012861 ], [ 14.653349225066993, 61.146767750134998 ], [ 14.653202310829407, 61.146951014783831 ], [ 14.653076011103357, 61.147039670157014 ], [ 14.652806836509111, 61.147161553667644 ], [ 14.655498229767108, 61.149411919034414 ], [ 14.656168996191942, 61.150047151603211 ], [ 14.65696664761675, 61.149048061733779 ], [ 14.656562098888719, 61.148819843813904 ], [ 14.65598048387309, 61.148416224463077 ], [ 14.655898852485088, 61.148323105769776 ], [ 14.655890042958543, 61.148192115190312 ], [ 14.655939814435069, 61.147752823475358 ] ], [ [ 14.653827782342944, 61.147123310850979 ], [ 14.654019709977057, 61.147198981611893 ], [ 14.65412479021321, 61.147421468736518 ], [ 14.653986807865294, 61.147757891101854 ], [ 14.653802296181963, 61.147847762738564 ], [ 14.653107930969236, 61.147257373696313 ], [ 14.653315575671344, 61.147234518466114 ], [ 14.653827782342944, 61.147123310850979 ] ] ] } },
{ "type": "Feature", "properties": { "objektidentitet": "70c9bd45-f28d-484a-bad0-8ab383d26c62", "skapad": "2026-03-17T21:00:01", "objekttypnr": 2640, "objekttyp": "Öppen mark", "vattenytaid": null, "hojd_over_havet": null, "reglerat_vatten": "Ingen information" }, "geometry": { "type": "Polygon", "coordinates": [ [ [ 14.63730479576739, 61.146356143229376 ], [ 14.637424171977901, 61.146356526096625 ], [ 14.637315155020286, 61.146257837318863 ], [ 14.636746947709558, 61.145973682967309 ], [ 14.63605825508524, 61.145993146055318 ], [ 14.63527548785747, 61.145688343081865 ], [ 14.63484350472087, 61.145712217392351 ], [ 14.634789749263222, 61.145763757765323 ], [ 14.63476392865482, 61.145964934516527 ], [ 14.635036533330277, 61.14619796191613 ], [ 14.635853747921699, 61.146033498865819 ], [ 14.63610986612275, 61.146142316493702 ], [ 14.636528846159656, 61.146487337173546 ], [ 14.63730479576739, 61.146356143229376 ] ] ] } },
{ "type": "Feature", "properties": { "objektidentitet": "edc43fa7-bb40-48fb-b7a9-c8c7ee6fd82f", "skapad": "2026-03-17T21:00:01", "objekttypnr": 2640, "objekttyp": "Öppen mark", "vattenytaid": null, "hojd_over_havet": null, "reglerat_vatten": "Ingen information" }, "geometry": { "type": "Polygon", "coordinates": [ [ [ 14.640343627095012, 61.147738817474689 ], [ 14.64065552383782, 61.147471415949084 ], [ 14.639985862635019, 61.147389482443273 ], [ 14.639864377242272, 61.147334197320234 ], [ 14.640892256977383, 61.146612204181395 ], [ 14.641178087363174, 61.146460133008453 ], [ 14.640886882914417, 61.146251308909562 ], [ 14.640690988686975, 61.146304000462635 ], [ 14.640424328433818, 61.146251750719102 ], [ 14.64007878210475, 61.14603961134069 ], [ 14.639450072741509, 61.14592180127179 ], [ 14.639918739356235, 61.146276397470388 ], [ 14.639880420783989, 61.146485038261879 ], [ 14.63945051352985, 61.14671063725784 ], [ 14.638996643410781, 61.146976445344663 ], [ 14.639516455952105, 61.147350804791976 ], [ 14.63946247908461, 61.147526428496569 ], [ 14.63907181346627, 61.147775706314611 ], [ 14.638612014805625, 61.14770050238775 ], [ 14.638424398945579, 61.147957296173111 ], [ 14.639284987906281, 61.148296717891029 ], [ 14.639395359001311, 61.148315263770321 ], [ 14.639733464316082, 61.148111191976369 ], [ 14.639709447304625, 61.147918715704797 ], [ 14.639903096112814, 61.147858684849048 ], [ 14.640343627095012, 61.147738817474689 ] ] ] } },
{ "type": "Feature", "properties": { "objektidentitet": "ccef4354-6aed-4cad-ad4a-a960d86bbf2a", "skapad": "2026-03-17T21:00:01", "objekttypnr": 2632, "objekttyp": "Sjö", "vattenytaid": "b793dbf0-575f-4fdb-87e9-806f0dd14208", "hojd_over_havet": null, "reglerat_vatten": "Ingen information" }, "geometry": { "type": "Polygon", "coordinates": [ [ [ 14.648543878096486, 61.148880923207606 ], [ 14.648725139317383, 61.148791247545688 ], [ 14.648780794964299, 61.148739302776811 ], [ 14.64878449716608, 61.148482951432747 ], [ 14.649122669421665, 61.148235736025292 ], [ 14.649043639714892, 61.148136030119737 ], [ 14.648464185716502, 61.147693124050193 ], [ 14.648304306061743, 61.147693040770015 ], [ 14.64780643876302, 61.147474905513626 ], [ 14.647215489649104, 61.146869555430591 ], [ 14.646823163865708, 61.146683329205842 ], [ 14.646162278616323, 61.146562548537254 ], [ 14.645648568903281, 61.146567569671184 ], [ 14.645158298199899, 61.146521503849705 ], [ 14.644592644668252, 61.14638354817842 ], [ 14.642958794335723, 61.146058354156146 ], [ 14.642787830120957, 61.146029021620812 ], [ 14.642430211891446, 61.146084888857771 ], [ 14.641426705247589, 61.146382164336707 ], [ 14.641178087363174, 61.146460133008453 ], [ 14.640892256977383, 61.146612204181395 ], [ 14.639864377242272, 61.147334197320234 ], [ 14.639985862635019, 61.147389482443273 ], [ 14.64065552383782, 61.147471415949084 ], [ 14.64081724191642, 61.147502513526895 ], [ 14.640886265476517, 61.147566546815582 ], [ 14.640792434039593, 61.148047768402215 ], [ 14.640823680018604, 61.148322347470582 ], [ 14.641000537178481, 61.148429113822644 ], [ 14.641466932675446, 61.14891668674295 ], [ 14.641894473895057, 61.149142425248996 ], [ 14.642391872609194, 61.149307118306972 ], [ 14.642937156781315, 61.149416794223328 ], [ 14.643849563561442, 61.149492968477325 ], [ 14.644952190941648, 61.149480648123188 ], [ 14.646095646398287, 61.14932586683512 ], [ 14.646891853069235, 61.149281351520905 ], [ 14.647079206520223, 61.149232300621087 ], [ 14.647421430916395, 61.149288244260653 ], [ 14.648543878096486, 61.148880923207606 ] ] ] } },
{ "type": "Feature", "properties": { "objektidentitet": "8bdc44ce-4c2e-40bf-a321-1f35f301a938", "skapad": "2026-03-17T21:00:01", "objekttypnr": 2642, "objekttyp": "Åker", "vattenytaid": null, "hojd_over_havet": null, "reglerat_vatten": "Ingen information" }, "geometry": { "type": "Polygon", "coordinates": [ [ [ 14.63730479576739, 61.146356143229376 ], [ 14.637289203474454, 61.146747049192264 ], [ 14.637350165880681, 61.14683458451281 ], [ 14.637640072263869, 61.147065973991346 ], [ 14.637688652822163, 61.147088144438655 ], [ 14.637795584944055, 61.147087021013448 ], [ 14.638288380071753, 61.147024309295141 ], [ 14.638325430422297, 61.146982715266802 ], [ 14.638121087426308, 61.146865610471323 ], [ 14.637877238292253, 61.146613750111577 ], [ 14.637773943353906, 61.146547235529688 ], [ 14.637559455713117, 61.146456721608452 ], [ 14.637424171977901, 61.146356526096625 ], [ 14.63730479576739, 61.146356143229376 ] ] ] } },
{ "type": "Feature", "properties": { "objektidentitet": "973a7870-858f-47ff-971a-f2e2b674dc88", "skapad": "2026-03-17T21:00:01", "objekttypnr": 2640, "objekttyp": "Öppen mark", "vattenytaid": null, "hojd_over_havet": null, "reglerat_vatten": "Ingen information" }, "geometry": { "type": "Polygon", "coordinates": [ [ [ 14.634516398613505, 61.14700177768146 ], [ 14.633947681144925, 61.146510788829055 ], [ 14.633063377322527, 61.146666574161415 ], [ 14.631050381008874, 61.147126691056762 ], [ 14.630611411054554, 61.146897591946193 ], [ 14.629588394819917, 61.147112211487602 ], [ 14.62957962251984, 61.147092005489981 ], [ 14.629479516011052, 61.147048000545624 ], [ 14.62932341230575, 61.147052510795753 ], [ 14.629260176312451, 61.147089443118595 ], [ 14.629260301913634, 61.147089802377785 ], [ 14.629197558269533, 61.147138586521194 ], [ 14.629181509778126, 61.147135373414457 ], [ 14.629133442124092, 61.147163440934129 ], [ 14.629122341246481, 61.147238833106918 ], [ 14.629183590968504, 61.14727786595892 ], [ 14.629545789356442, 61.147352646372013 ], [ 14.629558216449071, 61.147384336150658 ], [ 14.629633546644655, 61.147404392230214 ], [ 14.629742192116774, 61.147422052757854 ], [ 14.629741869767262, 61.147401995370814 ], [ 14.631673685809488, 61.147726912209521 ], [ 14.631747837166357, 61.147727149870519 ], [ 14.631880515807751, 61.147659162683496 ], [ 14.631890501492883, 61.147656676066916 ], [ 14.631864445095353, 61.147653040979904 ], [ 14.634516398613505, 61.14700177768146 ] ] ] } },
{ "type": "Feature", "properties": { "objektidentitet": "d0340620-3634-4cbd-ad2c-63cb5784714a", "skapad": "2026-03-17T21:00:01", "objekttypnr": 2640, "objekttyp": "Öppen mark", "vattenytaid": null, "hojd_over_havet": null, "reglerat_vatten": "Ingen information" }, "geometry": { "type": "Polygon", "coordinates": [ [ [ 14.636779805861988, 61.147136253568917 ], [ 14.636324347886529, 61.147203333686214 ], [ 14.635857276296344, 61.146733517064447 ], [ 14.635727344283065, 61.14672217859647 ], [ 14.635572112163192, 61.146878531229099 ], [ 14.635795047332859, 61.147441635771237 ], [ 14.635966984005346, 61.147623773137695 ], [ 14.636052728287602, 61.147643180473416 ], [ 14.63673174851438, 61.147547164421759 ], [ 14.636779805861988, 61.147136253568917 ] ] ] } },
{ "type": "Feature", "properties": { "objektidentitet": "f5104353-1b53-4f06-bfd0-63ceae568c82", "skapad": "2026-03-17T21:00:01", "objekttypnr": 2642, "objekttyp": "Åker", "vattenytaid": null, "hojd_over_havet": null, "reglerat_vatten": "Ingen information" }, "geometry": { "type": "Polygon", "coordinates": [ [ [ 14.653827782342944, 61.147123310850979 ], [ 14.653315575671344, 61.147234518466114 ], [ 14.653107930969236, 61.147257373696313 ], [ 14.653802296181963, 61.147847762738564 ], [ 14.653986807865294, 61.147757891101854 ], [ 14.65412479021321, 61.147421468736518 ], [ 14.654019709977057, 61.147198981611893 ], [ 14.653827782342944, 61.147123310850979 ] ] ] } },
{ "type": "Feature", "properties": { "objektidentitet": "a22dfdec-f449-49bd-aaff-c192952c75de", "skapad": "2026-03-17T21:00:01", "objekttypnr": 2645, "objekttyp": "Barr- och blandskog", "vattenytaid": null, "hojd_over_havet": null, "reglerat_vatten": "Ingen information" }, "geometry": { "type": "Polygon", "coordinates": [ [ [ 14.654119496241194, 61.153075471536646 ], [ 14.654441419231009, 61.152352423557303 ], [ 14.655231355437497, 61.151996161061014 ], [ 14.655333711572798, 61.151859016714816 ], [ 14.655828303608361, 61.151725285306824 ], [ 14.656320651609986, 61.151667722541198 ], [ 14.656488424474411, 61.151760476245265 ], [ 14.656266325428875, 61.152332704328771 ], [ 14.656392929404724, 61.152782884813973 ], [ 14.656803523714647, 61.153126159677029 ], [ 14.657100534576442, 61.153510569219407 ], [ 14.657093715156998, 61.1537709705064 ], [ 14.65675618094477, 61.154096619303907 ], [ 14.658104765154711, 61.154100032113618 ], [ 14.658085070885788, 61.154067419814503 ], [ 14.658212861806568, 61.153952117647719 ], [ 14.658276878971511, 61.153681239885323 ], [ 14.658218722499489, 61.153238290752192 ], [ 14.658116025145016, 61.152847748911469 ], [ 14.658308643030859, 61.152523428015982 ], [ 14.658325806836999, 61.152406805031553 ], [ 14.658310903082228, 61.152355602951872 ], [ 14.658288398087723, 61.152230763709255 ], [ 14.658641121757631, 61.151902501075874 ], [ 14.659092337313197, 61.151557095528503 ], [ 14.659376224386941, 61.151250348067478 ], [ 14.659878439795126, 61.150892535267765 ], [ 14.659435944885184, 61.15103197871084 ], [ 14.659017069158166, 61.151063630299305 ], [ 14.658435049171775, 61.150934929665702 ], [ 14.658141806486311, 61.1507456379735 ], [ 14.658020736695732, 61.150536221247599 ], [ 14.658195085499299, 61.150518948519263 ], [ 14.658500698761117, 61.150694481608298 ], [ 14.658847363062845, 61.150750308851222 ], [ 14.659229711987864, 61.150742761049059 ], [ 14.659690032763217, 61.150715962190731 ], [ 14.659903819835355, 61.150671197680651 ], [ 14.659735724358686, 61.150501023270401 ], [ 14.659311008217115, 61.150272026798952 ], [ 14.659169399929747, 61.150085452929808 ], [ 14.659037716789564, 61.149981239136544 ], [ 14.658773250987672, 61.149811260717819 ], [ 14.658474041532044, 61.149709065920071 ], [ 14.658249572964316, 61.149608154560866 ], [ 14.658158166216371, 61.149538570244289 ], [ 14.657986647893372, 61.149476702044893 ], [ 14.657643706036488, 61.149323876995034 ], [ 14.657286364496077, 61.149221290027782 ], [ 14.65696664761675, 61.149048061733779 ], [ 14.656168996191942, 61.150047151603211 ], [ 14.655498229767108, 61.149411919034414 ], [ 14.652806836509111, 61.147161553667644 ], [ 14.652390129152192, 61.147315961524114 ], [ 14.65151076585342, 61.147542149390894 ], [ 14.65058522212415, 61.14773537138322 ], [ 14.649678581335737, 61.147978489783341 ], [ 14.649172925703423, 61.148087678654242 ], [ 14.649043639714892, 61.148136030119737 ], [ 14.649122669421665, 61.148235736025292 ], [ 14.64878449716608, 61.148482951432747 ], [ 14.648780794964299, 61.148739302776811 ], [ 14.648725139317383, 61.148791247545688 ], [ 14.648543878096486, 61.148880923207606 ], [ 14.64885846739182, 61.149111786721456 ], [ 14.649047822049804, 61.149315508155432 ], [ 14.649162904991629, 61.149526326897828 ], [ 14.649154033052861, 61.149688002867819 ], [ 14.649070288249757, 61.149852052479979 ], [ 14.648780822641848, 61.150112950680899 ], [ 14.648527300018401, 61.150256790240775 ], [ 14.648248032196994, 61.150373467389315 ], [ 14.647864861288769, 61.150486659629522 ], [ 14.646968338583777, 61.150693156991586 ], [ 14.646541986683973, 61.150827806373727 ], [ 14.646185691154079, 61.150960438314037 ], [ 14.645403467839211, 61.151324532757116 ], [ 14.645786049480547, 61.151552457224767 ], [ 14.646509237875019, 61.151344195619288 ], [ 14.646594376937513, 61.151719986103693 ], [ 14.645836150061067, 61.151959066981895 ], [ 14.645785512015518, 61.152336540502048 ], [ 14.645466347811853, 61.152413309107502 ], [ 14.644802244592423, 61.152274423292944 ], [ 14.644473061083913, 61.152358129772466 ], [ 14.645178041682327, 61.152773047965816 ], [ 14.645318227492927, 61.152896312335734 ], [ 14.645421764349321, 61.153045579123862 ], [ 14.64566049740688, 61.153584584443244 ], [ 14.6460611365252, 61.1540690779809 ], [ 14.654778479394945, 61.154091590112017 ], [ 14.654048905975712, 61.153823248783866 ], [ 14.654119496241194, 61.153075471536646 ] ], [ [ 14.648644602236972, 61.153253101365053 ], [ 14.647226731445581, 61.15279234518939 ], [ 14.647048264237444, 61.152679271511708 ], [ 14.646789859783592, 61.152233289826 ], [ 14.647072425583513, 61.152067794097185 ], [ 14.646905495029573, 61.151893629340798 ], [ 14.647022897310835, 61.151761548962178 ], [ 14.64793830301681, 61.151418584320979 ], [ 14.648919124710689, 61.151130332171725 ], [ 14.649396232774405, 61.151477339359076 ], [ 14.64905747707315, 61.151662050427944 ], [ 14.649024454022873, 61.151744946655477 ], [ 14.649843688207227, 61.152524814579692 ], [ 14.649790796465329, 61.152625345570954 ], [ 14.649188922854572, 61.153131221091449 ], [ 14.648644602236972, 61.153253101365053 ] ] ] } },
{ "type": "Feature", "properties": { "objektidentitet": "da5aa1ea-63ac-4f66-a486-814e84492a09", "skapad": "2026-03-17T21:00:01", "objekttypnr": 2640, "objekttyp": "Öppen mark", "vattenytaid": null, "hojd_over_havet": null, "reglerat_vatten": "Ingen information" }, "geometry": { "type": "Polygon", "coordinates": [ [ [ 14.659903819835355, 61.150671197680651 ], [ 14.659690032763217, 61.150715962190731 ], [ 14.659229711987864, 61.150742761049059 ], [ 14.658847363062845, 61.150750308851222 ], [ 14.658500698761117, 61.150694481608298 ], [ 14.658195085499299, 61.150518948519263 ], [ 14.658020736695732, 61.150536221247599 ], [ 14.658141806486311, 61.1507456379735 ], [ 14.658435049171775, 61.150934929665702 ], [ 14.659017069158166, 61.151063630299305 ], [ 14.659435944885184, 61.15103197871084 ], [ 14.659878439795126, 61.150892535267765 ], [ 14.659903819835355, 61.150671197680651 ] ] ] } },
{ "type": "Feature", "properties": { "objektidentitet": "1dbf8211-9105-4486-9955-b0373ca3361f", "skapad": "2026-03-17T21:00:01", "objekttypnr": 2640, "objekttyp": "Öppen mark", "vattenytaid": null, "hojd_over_havet": null, "reglerat_vatten": "Ingen information" }, "geometry": { "type": "Polygon", "coordinates": [ [ [ 14.656320651609986, 61.151667722541198 ], [ 14.655828303608361, 61.151725285306824 ], [ 14.655333711572798, 61.151859016714816 ], [ 14.655231355437497, 61.151996161061014 ], [ 14.654441419231009, 61.152352423557303 ], [ 14.654119496241194, 61.153075471536646 ], [ 14.654048905975712, 61.153823248783866 ], [ 14.654778479394945, 61.154091590112017 ], [ 14.65675618094477, 61.154096619303907 ], [ 14.657093715156998, 61.1537709705064 ], [ 14.657100534576442, 61.153510569219407 ], [ 14.656803523714647, 61.153126159677029 ], [ 14.656392929404724, 61.152782884813973 ], [ 14.656266325428875, 61.152332704328771 ], [ 14.656488424474411, 61.151760476245265 ], [ 14.656320651609986, 61.151667722541198 ] ] ] } },
{ "type": "Feature", "properties": { "objektidentitet": "33597d44-d51a-43a7-83fc-64a2589697a3", "skapad": "2026-03-17T21:00:01", "objekttypnr": 2640, "objekttyp": "Öppen mark", "vattenytaid": null, "hojd_over_havet": null, "reglerat_vatten": "Ingen information" }, "geometry": { "type": "Polygon", "coordinates": [ [ [ 14.651178001309269, 61.146575954444899 ], [ 14.650266853936456, 61.147250071287061 ], [ 14.650760166372526, 61.147150264035318 ], [ 14.651195031685495, 61.147103237442153 ], [ 14.651689810605204, 61.147065422275702 ], [ 14.651794864312093, 61.147039154272697 ], [ 14.651344788107203, 61.146601028213503 ], [ 14.651178001309269, 61.146575954444899 ] ] ] } },
{ "type": "Feature", "properties": { "objektidentitet": "4f1f34c5-270e-447c-8a28-63b888dcafbf", "skapad": "2026-03-17T21:00:01", "objekttypnr": 2645, "objekttyp": "Barr- och blandskog", "vattenytaid": null, "hojd_over_havet": null, "reglerat_vatten": "Ingen information" }, "geometry": { "type": "Polygon", "coordinates": [ [ [ 14.64839018310467, 61.149703877730232 ], [ 14.648109936363774, 61.149575090081996 ], [ 14.647948662779243, 61.149454125812177 ], [ 14.647821415378296, 61.149397180797891 ], [ 14.647421430916395, 61.149288244260653 ], [ 14.647079206520223, 61.149232300621087 ], [ 14.646891853069235, 61.149281351520905 ], [ 14.646095646398287, 61.14932586683512 ], [ 14.644952190941648, 61.149480648123188 ], [ 14.643849563561442, 61.149492968477325 ], [ 14.642937156781315, 61.149416794223328 ], [ 14.642391872609194, 61.149307118306972 ], [ 14.641894473895057, 61.149142425248996 ], [ 14.641466932675446, 61.14891668674295 ], [ 14.641000537178481, 61.148429113822644 ], [ 14.640823680018604, 61.148322347470582 ], [ 14.640792434039593, 61.148047768402215 ], [ 14.640886265476517, 61.147566546815582 ], [ 14.64081724191642, 61.147502513526895 ], [ 14.64065552383782, 61.147471415949084 ], [ 14.640343627095012, 61.147738817474689 ], [ 14.639903096112814, 61.147858684849048 ], [ 14.639709447304625, 61.147918715704797 ], [ 14.639733464316082, 61.148111191976369 ], [ 14.640068170715455, 61.148242808297411 ], [ 14.640212156601855, 61.148297991661032 ], [ 14.640515559570828, 61.14854945791587 ], [ 14.640593211956187, 61.148663475748506 ], [ 14.641153834842454, 61.149158320391258 ], [ 14.642159667745178, 61.149567848244068 ], [ 14.642548158998961, 61.149934576520735 ], [ 14.643015998207764, 61.14979002964288 ], [ 14.643114317363624, 61.149798988348884 ], [ 14.643682760988012, 61.150028836243344 ], [ 14.643822572007386, 61.15033711573934 ], [ 14.64419788892461, 61.150468981193711 ], [ 14.644555487386842, 61.150676733351588 ], [ 14.644375142755919, 61.15116678852857 ], [ 14.643683980126236, 61.151512806539969 ], [ 14.64289187592501, 61.151621289748036 ], [ 14.64276002125111, 61.151700826352105 ], [ 14.64297857214472, 61.151783109742269 ], [ 14.643611334666936, 61.151861016696998 ], [ 14.643824389622482, 61.151991154131551 ], [ 14.644196071281939, 61.15159768314264 ], [ 14.644414539672622, 61.151428280486627 ], [ 14.644615574467121, 61.151320518440038 ], [ 14.645532834053844, 61.150980752788222 ], [ 14.646144465808863, 61.150663506543765 ], [ 14.646546909155342, 61.150507168500958 ], [ 14.647822533564948, 61.150143938967481 ], [ 14.648049585717811, 61.15006688042174 ], [ 14.648240239088858, 61.149960270980159 ], [ 14.648380994806573, 61.149818455291168 ], [ 14.64839018310467, 61.149703877730232 ] ] ] } },
{ "type": "Feature", "properties": { "objektidentitet": "0a7aaf85-81d7-4877-bdcd-fa9a9b557ee6", "skapad": "2026-03-17T21:00:01", "objekttypnr": 2640, "objekttyp": "Öppen mark", "vattenytaid": null, "hojd_over_havet": null, "reglerat_vatten": "Ingen information" }, "geometry": { "type": "Polygon", "coordinates": [ [ [ 14.634409507115201, 61.148051569363084 ], [ 14.634348850002183, 61.14812123474664 ], [ 14.63442961727405, 61.148190384593121 ], [ 14.634436254616263, 61.148191497895588 ], [ 14.634502655272623, 61.148233989458589 ], [ 14.634500137352283, 61.148710470752867 ], [ 14.635715882371157, 61.148739092592194 ], [ 14.63575322458048, 61.149106367418149 ], [ 14.63579063628927, 61.149143546465609 ], [ 14.635961471486565, 61.149172088531628 ], [ 14.635988223539997, 61.149168703938038 ], [ 14.635998091664083, 61.14915866633887 ], [ 14.636469764605259, 61.149113698347513 ], [ 14.636441641000864, 61.148435134201812 ], [ 14.637192979132008, 61.148604218283516 ], [ 14.637377207595176, 61.149296631347511 ], [ 14.638453926411934, 61.149527125879523 ], [ 14.638725977026237, 61.149551957662084 ], [ 14.638920025352469, 61.149427091448935 ], [ 14.63907978668237, 61.149511531831045 ], [ 14.640085746258896, 61.151442336563591 ], [ 14.639891966039485, 61.151536465329315 ], [ 14.639663507447226, 61.15195261563904 ], [ 14.639112128786284, 61.15213795660074 ], [ 14.638927959004384, 61.152029309949768 ], [ 14.638361666247844, 61.15127193040999 ], [ 14.636944761231319, 61.151773327204936 ], [ 14.637651672875252, 61.152616189739632 ], [ 14.637719729736348, 61.152701759891315 ], [ 14.638384028760237, 61.152488724374116 ], [ 14.638696306151227, 61.152882767869059 ], [ 14.63921547762971, 61.152719221478115 ], [ 14.639378438493811, 61.152814595761193 ], [ 14.639139984846837, 61.152884301525916 ], [ 14.638250429665373, 61.153328141623717 ], [ 14.638588465806896, 61.153606673779564 ], [ 14.638554920539724, 61.153958504894575 ], [ 14.638406477500643, 61.153970982801688 ], [ 14.638224269900915, 61.153884964427604 ], [ 14.637552463177478, 61.153619139321115 ], [ 14.637020174399666, 61.153748322081881 ], [ 14.636922396495889, 61.15372851517678 ], [ 14.636387493763367, 61.153265701210437 ], [ 14.636054449457776, 61.152771844276451 ], [ 14.635552236051385, 61.152889134648362 ], [ 14.635846105441637, 61.15328656488191 ], [ 14.63646299529761, 61.153650441040448 ], [ 14.63640888609345, 61.154043496550813 ], [ 14.639634017501665, 61.154052120707028 ], [ 14.639716865045589, 61.153915016690938 ], [ 14.639534559539323, 61.153878018786749 ], [ 14.639248869442833, 61.15384191203961 ], [ 14.638847128220513, 61.153689259672284 ], [ 14.638792735302134, 61.153595987988709 ], [ 14.638952713049125, 61.153456702202625 ], [ 14.639580989935688, 61.15312029072544 ], [ 14.63967946258856, 61.153111709609036 ], [ 14.639860090977209, 61.153165078688815 ], [ 14.639861962222408, 61.153167175509196 ], [ 14.639944128018321, 61.153187486179966 ], [ 14.640120056092538, 61.153149529058894 ], [ 14.64012877199475, 61.153134640288634 ], [ 14.640130959359968, 61.153166068390718 ], [ 14.640196745192043, 61.153184189818425 ], [ 14.640437492404967, 61.153166002940942 ], [ 14.641088990525883, 61.153161672013347 ], [ 14.641897898266333, 61.15312036186895 ], [ 14.642112803937778, 61.153389078836398 ], [ 14.642574040542158, 61.153305726823561 ], [ 14.642638996519619, 61.15309176005011 ], [ 14.643482422817032, 61.152864035745189 ], [ 14.644548378229288, 61.152723230214427 ], [ 14.64401147904743, 61.152360005230044 ], [ 14.643833184763555, 61.152122369588859 ], [ 14.643824389622482, 61.151991154131551 ], [ 14.643611334666936, 61.151861016696998 ], [ 14.64297857214472, 61.151783109742269 ], [ 14.64276002125111, 61.151700826352105 ], [ 14.64289187592501, 61.151621289748036 ], [ 14.643683980126236, 61.151512806539969 ], [ 14.644375142755919, 61.15116678852857 ], [ 14.644555487386842, 61.150676733351588 ], [ 14.64419788892461, 61.150468981193711 ], [ 14.643822572007386, 61.15033711573934 ], [ 14.643682760988012, 61.150028836243344 ], [ 14.643114317363624, 61.149798988348884 ], [ 14.643015998207764, 61.14979002964288 ], [ 14.642548158998961, 61.149934576520735 ], [ 14.641997893752682, 61.150264079679268 ], [ 14.642313357953167, 61.15072985614102 ], [ 14.642680874507887, 61.150997790550207 ], [ 14.643079217233019, 61.150867577111718 ], [ 14.643206045381492, 61.150958147279539 ], [ 14.642989030932004, 61.151115315040464 ], [ 14.642410838833346, 61.151328834024476 ], [ 14.642279505940566, 61.151237487900133 ], [ 14.642192143763632, 61.151130017134555 ], [ 14.64164017263411, 61.150806478407453 ], [ 14.641185265050366, 61.150924444729142 ], [ 14.640442122515275, 61.150901931569173 ], [ 14.640045180500097, 61.150665038644235 ], [ 14.639870078656225, 61.150422935322972 ], [ 14.641651142978812, 61.1500747091523 ], [ 14.638875856518837, 61.148956554641948 ], [ 14.638355606226018, 61.148777952894726 ], [ 14.636441801670456, 61.148291929773308 ], [ 14.634538066418306, 61.148026239884594 ], [ 14.634409507115201, 61.148051569363084 ] ], [ [ 14.640866272179819, 61.152569291980562 ], [ 14.640985925961269, 61.152493315920694 ], [ 14.642048548923052, 61.152369408574195 ], [ 14.642231948280022, 61.152770482641166 ], [ 14.641932469763656, 61.1528369615096 ], [ 14.641991882942625, 61.15302244734022 ], [ 14.641299311598514, 61.153131453538791 ], [ 14.640866272179819, 61.152569291980562 ] ] ] } },
{ "type": "Feature", "properties": { "objektidentitet": "ea679f3e-c682-4eff-a7ea-d501f4050d3e", "skapad": "2026-03-17T21:00:01", "objekttypnr": 2633, "objekttyp": "Vattendragsyta", "vattenytaid": "5210ee68-ba74-41c8-a82b-87ab7c7f1790", "hojd_over_havet": "179", "reglerat_vatten": "Ingen information" }, "geometry": { "type": "Polygon", "coordinates": [ [ [ 14.644346396230498, 61.15225885278425 ], [ 14.644292452603766, 61.15216405815093 ], [ 14.644292290291473, 61.151995212536818 ], [ 14.644826514287452, 61.15159096243314 ], [ 14.645403467839211, 61.151324532757116 ], [ 14.646185691154079, 61.150960438314037 ], [ 14.646541986683973, 61.150827806373727 ], [ 14.646968338583777, 61.150693156991586 ], [ 14.647864861288769, 61.150486659629522 ], [ 14.648248032196994, 61.150373467389315 ], [ 14.648527300018401, 61.150256790240775 ], [ 14.648780822641848, 61.150112950680899 ], [ 14.649070288249757, 61.149852052479979 ], [ 14.649154033052861, 61.149688002867819 ], [ 14.649162904991629, 61.149526326897828 ], [ 14.649047822049804, 61.149315508155432 ], [ 14.64885846739182, 61.149111786721456 ], [ 14.648543878096486, 61.148880923207606 ], [ 14.647421430916395, 61.149288244260653 ], [ 14.647821415378296, 61.149397180797891 ], [ 14.647948662779243, 61.149454125812177 ], [ 14.648109936363774, 61.149575090081996 ], [ 14.64839018310467, 61.149703877730232 ], [ 14.648380994806573, 61.149818455291168 ], [ 14.648240239088858, 61.149960270980159 ], [ 14.648049585717811, 61.15006688042174 ], [ 14.647822533564948, 61.150143938967481 ], [ 14.646546909155342, 61.150507168500958 ], [ 14.646144465808863, 61.150663506543765 ], [ 14.645532834053844, 61.150980752788222 ], [ 14.644615574467121, 61.151320518440038 ], [ 14.644414539672622, 61.151428280486627 ], [ 14.644196071281939, 61.15159768314264 ], [ 14.643824389622482, 61.151991154131551 ], [ 14.643833184763555, 61.152122369588859 ], [ 14.64401147904743, 61.152360005230044 ], [ 14.644548378229288, 61.152723230214427 ], [ 14.644987957512937, 61.153216941331969 ], [ 14.645047659185753, 61.153365141895499 ], [ 14.645069559880659, 61.153583898233393 ], [ 14.645097570147064, 61.153658972191778 ], [ 14.645435085904776, 61.154067439627639 ], [ 14.6460611365252, 61.1540690779809 ], [ 14.64566049740688, 61.153584584443244 ], [ 14.645421764349321, 61.153045579123862 ], [ 14.645318227492927, 61.152896312335734 ], [ 14.645178041682327, 61.152773047965816 ], [ 14.644473061083913, 61.152358129772466 ], [ 14.644346396230498, 61.15225885278425 ] ] ] } },
{ "type": "Feature", "properties": { "objektidentitet": "a10eabc6-28d5-4898-8136-df436e810696", "skapad": "2026-03-17T21:00:01", "objekttypnr": 2640, "objekttyp": "Öppen mark", "vattenytaid": null, "hojd_over_havet": null, "reglerat_vatten": "Ingen information" }, "geometry": { "type": "Polygon", "coordinates": [ [ [ 14.628466182845159, 61.149708031792308 ], [ 14.628454018992727, 61.150742995804556 ], [ 14.628516559978651, 61.150735877651236 ], [ 14.628505788193376, 61.150664474422797 ], [ 14.62850441769789, 61.150458591554766 ], [ 14.629235646983551, 61.150434049114175 ], [ 14.629203276124496, 61.150290701587146 ], [ 14.628730880195665, 61.149700435657152 ], [ 14.628466182845159, 61.149708031792308 ] ] ] } },
{ "type": "Feature", "properties": { "objektidentitet": "b13540ed-bfcf-4f09-a206-0aa3227e27db", "skapad": "2026-03-17T21:00:01", "objekttypnr": 2645, "objekttyp": "Barr- och blandskog", "vattenytaid": null, "hojd_over_havet": null, "reglerat_vatten": "Ingen information" }, "geometry": { "type": "Polygon", "coordinates": [ [ [ 14.638527741415357, 61.150798382176212 ], [ 14.63786793933053, 61.15091719036149 ], [ 14.637739314492263, 61.151036645897783 ], [ 14.636893215594538, 61.1515445514909 ], [ 14.636944761231319, 61.151773327204936 ], [ 14.638361666247844, 61.15127193040999 ], [ 14.63871434894607, 61.15114000992952 ], [ 14.638527741415357, 61.150798382176212 ] ] ] } },
{ "type": "Feature", "properties": { "objektidentitet": "d4e7ebd3-0634-4895-b95f-0453bb058893", "skapad": "2026-03-17T21:00:01", "objekttypnr": 2642, "objekttyp": "Åker", "vattenytaid": null, "hojd_over_havet": null, "reglerat_vatten": "Ingen information" }, "geometry": { "type": "Polygon", "coordinates": [ [ [ 14.648919124710689, 61.151130332171725 ], [ 14.64793830301681, 61.151418584320979 ], [ 14.647022897310835, 61.151761548962178 ], [ 14.646905495029573, 61.151893629340798 ], [ 14.647072425583513, 61.152067794097185 ], [ 14.646789859783592, 61.152233289826 ], [ 14.647048264237444, 61.152679271511708 ], [ 14.647226731445581, 61.15279234518939 ], [ 14.648644602236972, 61.153253101365053 ], [ 14.649188922854572, 61.153131221091449 ], [ 14.649790796465329, 61.152625345570954 ], [ 14.649843688207227, 61.152524814579692 ], [ 14.649024454022873, 61.151744946655477 ], [ 14.64905747707315, 61.151662050427944 ], [ 14.649396232774405, 61.151477339359076 ], [ 14.648919124710689, 61.151130332171725 ] ] ] } },
{ "type": "Feature", "properties": { "objektidentitet": "7d2e1503-26f7-4486-bed9-907e7d38d689", "skapad": "2026-03-17T21:00:01", "objekttypnr": 2645, "objekttyp": "Barr- och blandskog", "vattenytaid": null, "hojd_over_havet": null, "reglerat_vatten": "Ingen information" }, "geometry": { "type": "Polygon", "coordinates": [ [ [ 14.628446815777611, 61.151355846042279 ], [ 14.628444778159192, 61.15152920183742 ], [ 14.628972788673753, 61.151517416894656 ], [ 14.629460480222768, 61.152052833219614 ], [ 14.629458822171047, 61.152305230764057 ], [ 14.62967661543561, 61.152497170584915 ], [ 14.630296281331509, 61.152586155815548 ], [ 14.630465957629049, 61.152703869203449 ], [ 14.630450537446499, 61.152951749016651 ], [ 14.630008843126395, 61.153199658366809 ], [ 14.630861841356557, 61.153504709863661 ], [ 14.630704147340337, 61.153736454579331 ], [ 14.630633318146089, 61.154027860383842 ], [ 14.630864010641996, 61.154028489661542 ], [ 14.630822255056398, 61.15396076392566 ], [ 14.63101136265513, 61.153872614717578 ], [ 14.631337149476273, 61.153847188440544 ], [ 14.631678745659041, 61.154030708930762 ], [ 14.633731496624492, 61.154036278707849 ], [ 14.633548239416536, 61.153998596436857 ], [ 14.632949338541682, 61.153609447323895 ], [ 14.633567985201479, 61.153430005175338 ], [ 14.634120880880744, 61.153840645933663 ], [ 14.634249568533122, 61.153830364071347 ], [ 14.634282676122458, 61.153774207482506 ], [ 14.632763074335294, 61.152231729510561 ], [ 14.632533221359211, 61.152331001847358 ], [ 14.632341584116205, 61.152757591161532 ], [ 14.632147660770308, 61.152898069868641 ], [ 14.630379278503769, 61.151903952754445 ], [ 14.630056487876679, 61.151862320683961 ], [ 14.629545536572214, 61.151500706707282 ], [ 14.629455601450102, 61.151331094351548 ], [ 14.628446815777611, 61.151355846042279 ] ] ] } },
{ "type": "Feature", "properties": { "objektidentitet": "9da68f25-4599-44c7-ae5e-9eb092524182", "skapad": "2026-03-17T21:00:01", "objekttypnr": 2640, "objekttyp": "Öppen mark", "vattenytaid": null, "hojd_over_havet": null, "reglerat_vatten": "Ingen information" }, "geometry": { "type": "Polygon", "coordinates": [ [ [ 14.630633318146089, 61.154027860383842 ], [ 14.630704147340337, 61.153736454579331 ], [ 14.630861841356557, 61.153504709863661 ], [ 14.630008843126395, 61.153199658366809 ], [ 14.630450537446499, 61.152951749016651 ], [ 14.630465957629049, 61.152703869203449 ], [ 14.630296281331509, 61.152586155815548 ], [ 14.62967661543561, 61.152497170584915 ], [ 14.629458822171047, 61.152305230764057 ], [ 14.629460480222768, 61.152052833219614 ], [ 14.628972788673753, 61.151517416894656 ], [ 14.628444778159192, 61.15152920183742 ], [ 14.628415477499487, 61.154021790549855 ], [ 14.630633318146089, 61.154027860383842 ] ] ] } },
{ "type": "Feature", "properties": { "objektidentitet": "09e742b3-d32b-4088-b086-cb22ac08dd22", "skapad": "2026-03-17T21:00:01", "objekttypnr": 2645, "objekttyp": "Barr- och blandskog", "vattenytaid": null, "hojd_over_havet": null, "reglerat_vatten": "Ingen information" }, "geometry": { "type": "Polygon", "coordinates": [ [ [ 14.633856476991006, 61.151611470500988 ], [ 14.635010147617486, 61.153064455996052 ], [ 14.63553300860338, 61.153691410879766 ], [ 14.634648805805742, 61.154038757600517 ], [ 14.63640888609345, 61.154043496550813 ], [ 14.63646299529761, 61.153650441040448 ], [ 14.635846105441637, 61.15328656488191 ], [ 14.635552236051385, 61.152889134648362 ], [ 14.634942938020416, 61.152075980596635 ], [ 14.6349123366707, 61.152027983492559 ], [ 14.634479870309246, 61.151554314666576 ], [ 14.633856476991006, 61.151611470500988 ] ] ] } },
{ "type": "Feature", "properties": { "objektidentitet": "8a765e71-8c60-438b-94f8-0ed920f17dea", "skapad": "2026-03-17T21:00:01", "objekttypnr": 2642, "objekttyp": "Åker", "vattenytaid": null, "hojd_over_havet": null, "reglerat_vatten": "Ingen information" }, "geometry": { "type": "Polygon", "coordinates": [ [ [ 14.642048548923052, 61.152369408574195 ], [ 14.640985925961269, 61.152493315920694 ], [ 14.640866272179819, 61.152569291980562 ], [ 14.641299311598514, 61.153131453538791 ], [ 14.641991882942625, 61.15302244734022 ], [ 14.641932469763656, 61.1528369615096 ], [ 14.642231948280022, 61.152770482641166 ], [ 14.642048548923052, 61.152369408574195 ] ] ] } },
{ "type": "Feature", "properties": { "objektidentitet": "1625eab7-bd26-4750-8d89-dd269a176e37", "skapad": "2026-03-17T21:00:01", "objekttypnr": 2642, "objekttyp": "Åker", "vattenytaid": null, "hojd_over_havet": null, "reglerat_vatten": "Ingen information" }, "geometry": { "type": "Polygon", "coordinates": [ [ [ 14.638384028760237, 61.152488724374116 ], [ 14.637719729736348, 61.152701759891315 ], [ 14.638032757876466, 61.153088103959789 ], [ 14.638696306151227, 61.152882767869059 ], [ 14.638384028760237, 61.152488724374116 ] ] ] } },
{ "type": "Feature", "properties": { "objektidentitet": "2a506743-2f44-4a2a-8a5f-aea2a4fcce49", "skapad": "2026-03-17T21:00:01", "objekttypnr": 2645, "objekttyp": "Barr- och blandskog", "vattenytaid": null, "hojd_over_havet": null, "reglerat_vatten": "Ingen information" }, "geometry": { "type": "Polygon", "coordinates": [ [ [ 14.638588465806896, 61.153606673779564 ], [ 14.638250429665373, 61.153328141623717 ], [ 14.639139984846837, 61.152884301525916 ], [ 14.639378438493811, 61.152814595761193 ], [ 14.63921547762971, 61.152719221478115 ], [ 14.638696306151227, 61.152882767869059 ], [ 14.638032757876466, 61.153088103959789 ], [ 14.637719729736348, 61.152701759891315 ], [ 14.637651672875252, 61.152616189739632 ], [ 14.637194784928228, 61.152789799578699 ], [ 14.636683448268981, 61.152947936642974 ], [ 14.636054449457776, 61.152771844276451 ], [ 14.636387493763367, 61.153265701210437 ], [ 14.636922396495889, 61.15372851517678 ], [ 14.637020174399666, 61.153748322081881 ], [ 14.637552463177478, 61.153619139321115 ], [ 14.638224269900915, 61.153884964427604 ], [ 14.638406477500643, 61.153970982801688 ], [ 14.638554920539724, 61.153958504894575 ], [ 14.638588465806896, 61.153606673779564 ] ] ] } },
{ "type": "Feature", "properties": { "objektidentitet": "6e3e0dd9-3799-4c24-9269-d4bb84b92800", "skapad": "2026-03-17T21:00:01", "objekttypnr": 2645, "objekttyp": "Barr- och blandskog", "vattenytaid": null, "hojd_over_havet": null, "reglerat_vatten": "Ingen information" }, "geometry": { "type": "Polygon", "coordinates": [ [ [ 14.643482422817032, 61.152864035745189 ], [ 14.642638996519619, 61.15309176005011 ], [ 14.642574040542158, 61.153305726823561 ], [ 14.642112803937778, 61.153389078836398 ], [ 14.642274197293085, 61.153458230449921 ], [ 14.642506578184442, 61.153406144744686 ], [ 14.642607230767119, 61.153431530432428 ], [ 14.643258649183645, 61.153798501503914 ], [ 14.643319747591038, 61.153932620076247 ], [ 14.643184242838696, 61.15406152532848 ], [ 14.644548950238393, 61.154065115690898 ], [ 14.644488643544554, 61.153914615183567 ], [ 14.643740652522716, 61.153270781086704 ], [ 14.64423338255297, 61.153125622328709 ], [ 14.644515777942084, 61.153115949954881 ], [ 14.644806431144128, 61.153298899296445 ], [ 14.644866047025916, 61.153567132767172 ], [ 14.645069559880659, 61.153583898233393 ], [ 14.645047659185753, 61.153365141895499 ], [ 14.644987957512937, 61.153216941331969 ], [ 14.644548378229288, 61.152723230214427 ], [ 14.643482422817032, 61.152864035745189 ] ] ] } },
{ "type": "Feature", "properties": { "objektidentitet": "1e596ce3-5d80-4288-b026-fee70c387340", "skapad": "2026-03-17T21:00:01", "objekttypnr": 2640, "objekttyp": "Öppen mark", "vattenytaid": null, "hojd_over_havet": null, "reglerat_vatten": "Ingen information" }, "geometry": { "type": "Polygon", "coordinates": [ [ [ 14.634586565475617, 61.153203007740316 ], [ 14.634874822879945, 61.153583681151424 ], [ 14.634282676122458, 61.153774207482506 ], [ 14.634249568533122, 61.153830364071347 ], [ 14.634120880880744, 61.153840645933663 ], [ 14.633567985201479, 61.153430005175338 ], [ 14.632949338541682, 61.153609447323895 ], [ 14.633548239416536, 61.153998596436857 ], [ 14.633731496624492, 61.154036278707849 ], [ 14.634648805805742, 61.154038757600517 ], [ 14.63553300860338, 61.153691410879766 ], [ 14.635010147617486, 61.153064455996052 ], [ 14.634586565475617, 61.153203007740316 ] ] ] } },
{ "type": "Feature", "properties": { "objektidentitet": "06f2e737-e5f2-4749-8792-a3151afa6efb", "skapad": "2026-03-17T21:00:01", "objekttypnr": 2640, "objekttyp": "Öppen mark", "vattenytaid": null, "hojd_over_havet": null, "reglerat_vatten": "Ingen information" }, "geometry": { "type": "Polygon", "coordinates": [ [ [ 14.644515777942084, 61.153115949954881 ], [ 14.64423338255297, 61.153125622328709 ], [ 14.643740652522716, 61.153270781086704 ], [ 14.644488643544554, 61.153914615183567 ], [ 14.644548950238393, 61.154065115690898 ], [ 14.645435085904776, 61.154067439627639 ], [ 14.645097570147064, 61.153658972191778 ], [ 14.645069559880659, 61.153583898233393 ], [ 14.644866047025916, 61.153567132767172 ], [ 14.644806431144128, 61.153298899296445 ], [ 14.644515777942084, 61.153115949954881 ] ] ] } },
{ "type": "Feature", "properties": { "objektidentitet": "0a54af8c-343e-4651-9e1d-16ec73693ac2", "skapad": "2026-03-17T21:00:01", "objekttypnr": 2642, "objekttyp": "Åker", "vattenytaid": null, "hojd_over_havet": null, "reglerat_vatten": "Ingen information" }, "geometry": { "type": "Polygon", "coordinates": [ [ [ 14.639580989935688, 61.15312029072544 ], [ 14.638952713049125, 61.153456702202625 ], [ 14.638792735302134, 61.153595987988709 ], [ 14.638847128220513, 61.153689259672284 ], [ 14.639248869442833, 61.15384191203961 ], [ 14.639534559539323, 61.153878018786749 ], [ 14.639716865045589, 61.153915016690938 ], [ 14.639634017501665, 61.154052120707028 ], [ 14.641707096775624, 61.154057623648939 ], [ 14.6417612817266, 61.153894676304255 ], [ 14.642356961008247, 61.153673844427502 ], [ 14.642274197293085, 61.153458230449921 ], [ 14.642112803937778, 61.153389078836398 ], [ 14.641897898266333, 61.15312036186895 ], [ 14.641088990525883, 61.153161672013347 ], [ 14.640437492404967, 61.153166002940942 ], [ 14.640196745192043, 61.153184189818425 ], [ 14.640130959359968, 61.153166068390718 ], [ 14.64012877199475, 61.153134640288634 ], [ 14.640120056092538, 61.153149529058894 ], [ 14.639944128018321, 61.153187486179966 ], [ 14.639861962222408, 61.153167175509196 ], [ 14.639860090977209, 61.153165078688815 ], [ 14.63967946258856, 61.153111709609036 ], [ 14.639580989935688, 61.15312029072544 ] ] ] } },
{ "type": "Feature", "properties": { "objektidentitet": "80f46493-012d-4a0a-9a47-63c1c8af9d68", "skapad": "2026-03-17T21:00:01", "objekttypnr": 2640, "objekttyp": "Öppen mark", "vattenytaid": null, "hojd_over_havet": null, "reglerat_vatten": "Ingen information" }, "geometry": { "type": "Polygon", "coordinates": [ [ [ 14.642645549114986, 61.153951715148914 ], [ 14.642947102651281, 61.154060900041252 ], [ 14.643184242838696, 61.15406152532848 ], [ 14.643319747591038, 61.153932620076247 ], [ 14.643258649183645, 61.153798501503914 ], [ 14.642607230767119, 61.153431530432428 ], [ 14.642506578184442, 61.153406144744686 ], [ 14.642274197293085, 61.153458230449921 ], [ 14.642356961008247, 61.153673844427502 ], [ 14.6417612817266, 61.153894676304255 ], [ 14.641707096775624, 61.154057623648939 ], [ 14.641999917504377, 61.154058398375888 ], [ 14.642026804210495, 61.15402866313724 ], [ 14.642645549114986, 61.153951715148914 ] ] ] } },
{ "type": "Feature", "properties": { "objektidentitet": "10726112-b6e0-45e1-973a-5cf7b160199c", "skapad": "2026-03-17T21:00:01", "objekttypnr": 2640, "objekttyp": "Öppen mark", "vattenytaid": null, "hojd_over_havet": null, "reglerat_vatten": "Ingen information" }, "geometry": { "type": "Polygon", "coordinates": [ [ [ 14.645836150061067, 61.151959066981895 ], [ 14.646594376937513, 61.151719986103693 ], [ 14.646509237875019, 61.151344195619288 ], [ 14.645786049480547, 61.151552457224767 ], [ 14.645403467839211, 61.151324532757116 ], [ 14.644826514287452, 61.15159096243314 ], [ 14.644292290291473, 61.151995212536818 ], [ 14.644292452603766, 61.15216405815093 ], [ 14.644346396230498, 61.15225885278425 ], [ 14.644473061083913, 61.152358129772466 ], [ 14.644802244592423, 61.152274423292944 ], [ 14.645466347811853, 61.152413309107502 ], [ 14.645785512015518, 61.152336540502048 ], [ 14.645836150061067, 61.151959066981895 ] ] ] } },
{ "type": "Feature", "properties": { "objektidentitet": "afd6b502-9225-4998-b312-c6c606754dab", "skapad": "2026-03-17T21:00:01", "objekttypnr": 2640, "objekttyp": "Öppen mark", "vattenytaid": null, "hojd_over_havet": null, "reglerat_vatten": "Ingen information" }, "geometry": { "type": "Polygon", "coordinates": [ [ [ 14.63101136265513, 61.153872614717578 ], [ 14.630822255056398, 61.15396076392566 ], [ 14.630864010641996, 61.154028489661542 ], [ 14.631678745659041, 61.154030708930762 ], [ 14.631337149476273, 61.153847188440544 ], [ 14.63101136265513, 61.153872614717578 ] ] ] } },
{ "type": "Feature", "properties": { "objektidentitet": "74dbcfdf-c05d-4c26-814b-b2279f7c0559", "skapad": "2025-12-17T01:00:01", "objekttypnr": 2639, "objekttyp": "Industri- och handelsbebyggelse", "vattenytaid": null, "hojd_over_havet": null, "reglerat_vatten": "Ingen information" }, "geometry": { "type": "MultiPolygon", "coordinates": [ [ [ [ 14.627950431687433, 61.11601157193671 ], [ 14.628552121423647, 61.115839540378772 ], [ 14.628762977207614, 61.115721432077265 ], [ 14.628866138244705, 61.115634109349486 ], [ 14.628867357416221, 61.115530113236929 ], [ 14.626651713939546, 61.115524015333342 ], [ 14.626643982204802, 61.116179610186435 ], [ 14.627950431687433, 61.11601157193671 ] ] ], [ [ [ 14.626977471688456, 61.117949822826425 ], [ 14.626831004101319, 61.117566244219041 ], [ 14.626850787810911, 61.117542543441715 ], [ 14.628845956167797, 61.117355538833657 ], [ 14.628855818177195, 61.116514386126113 ], [ 14.628766066067117, 61.116420168824511 ], [ 14.627993017604675, 61.116495011927228 ], [ 14.628128855906875, 61.116795299350017 ], [ 14.628026835692255, 61.11693035099033 ], [ 14.626633571008792, 61.117062354323792 ], [ 14.626622656613925, 61.117987702634281 ], [ 14.626977471688456, 61.117949822826425 ] ] ] ] } },
{ "type": "Feature", "properties": { "objektidentitet": "04e2ec8d-79e5-45c9-939f-a97fde5ab328", "skapad": "2025-12-17T01:00:01", "objekttypnr": 2640, "objekttyp": "Öppen mark", "vattenytaid": null, "hojd_over_havet": null, "reglerat_vatten": "Ingen information" }, "geometry": { "type": "Polygon", "coordinates": [ [ [ 14.628026835692255, 61.11693035099033 ], [ 14.628128855906875, 61.116795299350017 ], [ 14.627993017604675, 61.116495011927228 ], [ 14.628766066067117, 61.116420168824511 ], [ 14.628855818177195, 61.116514386126113 ], [ 14.628866138244705, 61.115634109349486 ], [ 14.628762977207614, 61.115721432077265 ], [ 14.628552121423647, 61.115839540378772 ], [ 14.627950431687433, 61.11601157193671 ], [ 14.626643982204802, 61.116179610186435 ], [ 14.626633571008792, 61.117062354323792 ], [ 14.628026835692255, 61.11693035099033 ] ] ] } },
{ "type": "Feature", "properties": { "objektidentitet": "3e314a3c-1380-41b6-b14f-f7d19118cb43", "skapad": "2025-12-17T01:00:01", "objekttypnr": 2640, "objekttyp": "Öppen mark", "vattenytaid": null, "hojd_over_havet": null, "reglerat_vatten": "Ingen information" }, "geometry": { "type": "MultiPolygon", "coordinates": [ [ [ [ 14.6272724695328, 61.127522875799983 ], [ 14.627814069283398, 61.128038895699923 ], [ 14.627784142264884, 61.128056400807218 ], [ 14.627177817429008, 61.12813063905282 ], [ 14.627229702302456, 61.128638182373642 ], [ 14.627302256467919, 61.128751314549298 ], [ 14.627422832349481, 61.128767124435228 ], [ 14.627711846903646, 61.128391452334121 ], [ 14.628096186352547, 61.128454438605544 ], [ 14.628341003097303, 61.128608569391211 ], [ 14.628715205469902, 61.128502679841219 ], [ 14.628720411650308, 61.12805900061187 ], [ 14.628531335654618, 61.127948341451592 ], [ 14.628039468044101, 61.127630440454197 ], [ 14.626961787914928, 61.127055010280202 ], [ 14.626520979160979, 61.126605157740471 ], [ 14.626516102856268, 61.127018302376889 ], [ 14.6272724695328, 61.127522875799983 ] ] ], [ [ [ 14.627169296729285, 61.118395096384667 ], [ 14.627463002599798, 61.118956473503331 ], [ 14.627609925320282, 61.119261541336037 ], [ 14.62818023794749, 61.120486341899799 ], [ 14.628811149645346, 61.120323851986349 ], [ 14.628845956167797, 61.117355538833657 ], [ 14.626850787810911, 61.117542543441715 ], [ 14.626831004101319, 61.117566244219041 ], [ 14.626977471688456, 61.117949822826425 ], [ 14.626622656613925, 61.117987702634281 ], [ 14.626617257073912, 61.118445465359933 ], [ 14.627169296729285, 61.118395096384667 ] ] ], [ [ [ 14.627246205589843, 61.125552715557667 ], [ 14.626685423936161, 61.124270650667945 ], [ 14.626548321408054, 61.124288356664565 ], [ 14.626532325784336, 61.125643767511711 ], [ 14.627246205589843, 61.125552715557667 ] ] ] ] } },
{ "type": "Feature", "properties": { "objektidentitet": "08b1e2f4-fbe9-4c22-8d76-4798a05001f6", "skapad": "2025-12-17T01:00:01", "objekttypnr": 2638, "objekttyp": "Låg bebyggelse", "vattenytaid": null, "hojd_over_havet": null, "reglerat_vatten": "Ingen information" }, "geometry": { "type": "Polygon", "coordinates": [ [ [ 14.628401312987716, 61.121052957807748 ], [ 14.628428068762023, 61.121031475491279 ], [ 14.62835786346252, 61.120875966007965 ], [ 14.62818023794749, 61.120486341899799 ], [ 14.627609925320282, 61.119261541336037 ], [ 14.627463002599798, 61.118956473503331 ], [ 14.627169296729285, 61.118395096384667 ], [ 14.626617257073912, 61.118445465359933 ], [ 14.626584022803073, 61.121262666982382 ], [ 14.628401312987716, 61.121052957807748 ] ] ] } },
{ "type": "Feature", "properties": { "objektidentitet": "7d6624a1-f64f-41e0-a2c8-2ceea002c088", "skapad": "2026-03-17T21:00:01", "objekttypnr": 2638, "objekttyp": "Låg bebyggelse", "vattenytaid": null, "hojd_over_havet": null, "reglerat_vatten": "Ingen information" }, "geometry": { "type": "Polygon", "coordinates": [ [ [ 14.634621594416007, 61.117122927893469 ], [ 14.633557206408613, 61.117181609724469 ], [ 14.632501057455226, 61.117230411527785 ], [ 14.632414866891921, 61.117090473251842 ], [ 14.632356114464461, 61.116952952321654 ], [ 14.632345154540236, 61.116897969099426 ], [ 14.631565654702982, 61.116989531836431 ], [ 14.631676778579982, 61.117302057206217 ], [ 14.632068973363822, 61.117296184667751 ], [ 14.632145525501132, 61.117458981858263 ], [ 14.632235862777931, 61.117799433915621 ], [ 14.630772428379155, 61.117948860547784 ], [ 14.630882385966444, 61.118222572132524 ], [ 14.632103456219019, 61.118105559600316 ], [ 14.632206300666786, 61.118342405613888 ], [ 14.632275833995443, 61.118419543921767 ], [ 14.631795526037079, 61.118478254170263 ], [ 14.631901633463093, 61.118922784725711 ], [ 14.631828944360446, 61.119118555343526 ], [ 14.631657740833205, 61.119174218583026 ], [ 14.631646413636547, 61.119203446560974 ], [ 14.631705793285967, 61.119362139234873 ], [ 14.631917094722603, 61.119387044285311 ], [ 14.632207150508547, 61.120003875156286 ], [ 14.632626404153164, 61.119984922003304 ], [ 14.632785266762772, 61.120359756431178 ], [ 14.631302845876327, 61.120491271322898 ], [ 14.63150953466765, 61.121075636868831 ], [ 14.632097726091018, 61.121027222213442 ], [ 14.634136435635646, 61.12089180853453 ], [ 14.634043620423423, 61.120454947117118 ], [ 14.634837106409481, 61.120378876507601 ], [ 14.63488179420909, 61.120401720111097 ], [ 14.635031674164114, 61.12093194304078 ], [ 14.635820561438463, 61.120777307169071 ], [ 14.636192470269053, 61.120666919748139 ], [ 14.636557004366139, 61.120508381352224 ], [ 14.636626063618591, 61.120421185539158 ], [ 14.63671942838903, 61.120138966640098 ], [ 14.637241184299416, 61.12008768482594 ], [ 14.639472563686097, 61.119908680171946 ], [ 14.639304371344982, 61.119601557731158 ], [ 14.640096343966398, 61.119482547260233 ], [ 14.639950836571517, 61.119052202294597 ], [ 14.639901281416025, 61.118404821597565 ], [ 14.639940183263684, 61.118107588089231 ], [ 14.64067896701329, 61.116453257251322 ], [ 14.640641906356118, 61.116435409682673 ], [ 14.640127350964812, 61.116389610179148 ], [ 14.638581414554091, 61.116240522747923 ], [ 14.637283450628219, 61.116297280403522 ], [ 14.637179077946591, 61.116749627717461 ], [ 14.63465485198237, 61.116770592561707 ], [ 14.634621594416007, 61.117122927893469 ] ], [ [ 14.634835991836903, 61.117914401523564 ], [ 14.635267332503656, 61.117790961566556 ], [ 14.635657795146878, 61.117779642519992 ], [ 14.63606314410753, 61.117821313826653 ], [ 14.636026796797992, 61.118056255947998 ], [ 14.636049622933729, 61.118251603307797 ], [ 14.636427176973001, 61.118881525606739 ], [ 14.636594666058539, 61.119282710873833 ], [ 14.636583216307278, 61.119342418605953 ], [ 14.6356573830475, 61.119385885714941 ], [ 14.635593584448594, 61.118785562733905 ], [ 14.63556356927787, 61.11876832538389 ], [ 14.635313613050347, 61.11875774915935 ], [ 14.635246747012403, 61.118274515704371 ], [ 14.634671095416182, 61.118278438758665 ], [ 14.63469118973253, 61.118791792181483 ], [ 14.63379809722127, 61.11880727015506 ], [ 14.633743099387004, 61.118793564610733 ], [ 14.633636717640057, 61.117770825648705 ], [ 14.634617132320972, 61.117752289801537 ], [ 14.634835991836903, 61.117914401523564 ] ] ] } },
{ "type": "Feature", "properties": { "objektidentitet": "4a48cdae-0771-47f9-b074-82a1b89bd44f", "skapad": "2025-12-17T01:00:01", "objekttypnr": 2642, "objekttyp": "Åker", "vattenytaid": null, "hojd_over_havet": null, "reglerat_vatten": "Ingen information" }, "geometry": { "type": "Polygon", "coordinates": [ [ [ 14.626961787914928, 61.127055010280202 ], [ 14.628039468044101, 61.127630440454197 ], [ 14.627787103283243, 61.126775729583876 ], [ 14.628736777774748, 61.126664159083376 ], [ 14.628759329588892, 61.124741894920682 ], [ 14.628349347279586, 61.124778197877781 ], [ 14.628150455361054, 61.124432085278258 ], [ 14.627877630445417, 61.123859123435842 ], [ 14.627828748026223, 61.123758912927833 ], [ 14.62763447436169, 61.1236475827235 ], [ 14.627340514222666, 61.123077075305517 ], [ 14.626735284531843, 61.123124694911859 ], [ 14.626561800422936, 61.123146089985042 ], [ 14.626551957481317, 61.123980230368609 ], [ 14.626685423936161, 61.124270650667945 ], [ 14.627246205589843, 61.125552715557667 ], [ 14.626532325784336, 61.125643767511711 ], [ 14.626520979160979, 61.126605157740471 ], [ 14.626961787914928, 61.127055010280202 ] ] ] } },
{ "type": "Feature", "properties": { "objektidentitet": "f715c712-2fd9-45c3-afa8-08d21957848f", "skapad": "2025-12-17T01:00:01", "objekttypnr": 2640, "objekttyp": "Öppen mark", "vattenytaid": null, "hojd_over_havet": null, "reglerat_vatten": "Ingen information" }, "geometry": { "type": "MultiPolygon", "coordinates": [ [ [ [ 14.62668694668076, 61.122372909568 ], [ 14.626603472343199, 61.122181522705333 ], [ 14.626623371476436, 61.122157732698092 ], [ 14.627890955619021, 61.122029664016992 ], [ 14.627934425705897, 61.12203902199029 ], [ 14.627965987273628, 61.122095148265849 ], [ 14.62879132299568, 61.122014388679304 ], [ 14.628798789216953, 61.1213777992443 ], [ 14.628585362577176, 61.121368549810661 ], [ 14.628573051484011, 61.121297851370841 ], [ 14.628801524749763, 61.121144553203756 ], [ 14.62880545249887, 61.120809645534457 ], [ 14.62835786346252, 61.120875966007965 ], [ 14.628428068762023, 61.121031475491279 ], [ 14.628401312987716, 61.121052957807748 ], [ 14.626584022803073, 61.121262666982382 ], [ 14.626570710572514, 61.122390955306123 ], [ 14.62668694668076, 61.122372909568 ] ], [ [ 14.628006924892302, 61.122030997535433 ], [ 14.627375304891869, 61.121559924251692 ], [ 14.627381059073915, 61.121397504064475 ], [ 14.628175538906579, 61.121148606753167 ], [ 14.628358272508391, 61.121193603342917 ], [ 14.628658949484459, 61.121894108344421 ], [ 14.628571091996767, 61.121988332035329 ], [ 14.628006924892302, 61.122030997535433 ] ] ], [ [ [ 14.626735284531843, 61.123124694911859 ], [ 14.626566364689406, 61.122759273854648 ], [ 14.626561800422936, 61.123146089985042 ], [ 14.626735284531843, 61.123124694911859 ] ] ] ] } },
{ "type": "Feature", "properties": { "objektidentitet": "5b19c9fa-9df7-4a2c-99f7-da82105f531d", "skapad": "2025-12-17T01:00:01", "objekttypnr": 2639, "objekttyp": "Industri- och handelsbebyggelse", "vattenytaid": null, "hojd_over_havet": null, "reglerat_vatten": "Ingen information" }, "geometry": { "type": "Polygon", "coordinates": [ [ [ 14.626685423936161, 61.124270650667945 ], [ 14.626551957481317, 61.123980230368609 ], [ 14.626548321408054, 61.124288356664565 ], [ 14.626685423936161, 61.124270650667945 ] ] ] } },
{ "type": "Feature", "properties": { "objektidentitet": "08cbe312-deb8-4068-a503-318ebd5c4b37", "skapad": "2025-12-17T01:00:01", "objekttypnr": 2639, "objekttyp": "Industri- och handelsbebyggelse", "vattenytaid": null, "hojd_over_havet": null, "reglerat_vatten": "Ingen information" }, "geometry": { "type": "Polygon", "coordinates": [ [ [ 14.626735284531843, 61.123124694911859 ], [ 14.627340514222666, 61.123077075305517 ], [ 14.62763447436169, 61.1236475827235 ], [ 14.627828748026223, 61.123758912927833 ], [ 14.627877630445417, 61.123859123435842 ], [ 14.628770674603837, 61.12377477029009 ], [ 14.62879132299568, 61.122014388679304 ], [ 14.627965987273628, 61.122095148265849 ], [ 14.628206497810126, 61.12256105953076 ], [ 14.628190259934678, 61.122589259160591 ], [ 14.627025459154575, 61.122711437183689 ], [ 14.626829348951158, 61.12237727960671 ], [ 14.62668694668076, 61.122372909568 ], [ 14.626570710572514, 61.122390955306123 ], [ 14.626566364689406, 61.122759273854648 ], [ 14.626735284531843, 61.123124694911859 ] ] ] } },
{ "type": "Feature", "properties": { "objektidentitet": "ca1a0e15-c22c-4821-8b70-df0ea3c84bb9", "skapad": "2025-12-17T01:00:01", "objekttypnr": 2645, "objekttyp": "Barr- och blandskog", "vattenytaid": null, "hojd_over_havet": null, "reglerat_vatten": "Ingen information" }, "geometry": { "type": "Polygon", "coordinates": [ [ [ 14.627787103283243, 61.126775729583876 ], [ 14.628039468044101, 61.127630440454197 ], [ 14.628531335654618, 61.127948341451592 ], [ 14.628721944789342, 61.12792834125171 ], [ 14.628736777774748, 61.126664159083376 ], [ 14.627787103283243, 61.126775729583876 ] ] ] } },
{ "type": "Feature", "properties": { "objektidentitet": "27f2c7f1-667f-4835-bb97-3a1f938a3a1c", "skapad": "2026-03-17T21:00:01", "objekttypnr": 2642, "objekttyp": "Åker", "vattenytaid": null, "hojd_over_havet": null, "reglerat_vatten": "Ingen information" }, "geometry": { "type": "Polygon", "coordinates": [ [ [ 14.651002647557789, 61.117013923138728 ], [ 14.650484058730514, 61.117072403339115 ], [ 14.650163793671711, 61.117500338952539 ], [ 14.65070317434056, 61.117702585230354 ], [ 14.650935775159475, 61.117736735883568 ], [ 14.650894983226499, 61.117869816751735 ], [ 14.651205739750667, 61.11792868727165 ], [ 14.65136535444403, 61.117779070148707 ], [ 14.651321446806016, 61.117426882048846 ], [ 14.651002647557789, 61.117013923138728 ] ] ] } },
{ "type": "Feature", "properties": { "objektidentitet": "a44053d8-c4f7-4488-bc3a-16f66f236502", "skapad": "2025-12-17T01:00:01", "objekttypnr": 2642, "objekttyp": "Åker", "vattenytaid": null, "hojd_over_havet": null, "reglerat_vatten": "Ingen information" }, "geometry": { "type": "Polygon", "coordinates": [ [ [ 14.628175538906579, 61.121148606753167 ], [ 14.627381059073915, 61.121397504064475 ], [ 14.627375304891869, 61.121559924251692 ], [ 14.628006924892302, 61.122030997535433 ], [ 14.628571091996767, 61.121988332035329 ], [ 14.628658949484459, 61.121894108344421 ], [ 14.628358272508391, 61.121193603342917 ], [ 14.628175538906579, 61.121148606753167 ] ] ] } },
{ "type": "Feature", "properties": { "objektidentitet": "f3edb508-5686-4997-a9bf-29051ae53519", "skapad": "2026-03-17T21:00:01", "objekttypnr": 2639, "objekttyp": "Industri- och handelsbebyggelse", "vattenytaid": null, "hojd_over_havet": null, "reglerat_vatten": "Ingen information" }, "geometry": { "type": "Polygon", "coordinates": [ [ [ 14.628845956167797, 61.117355538833657 ], [ 14.629607086978069, 61.11728419557862 ], [ 14.629331930133924, 61.11671051122709 ], [ 14.628971015198095, 61.11663531081998 ], [ 14.628855818177195, 61.116514386126113 ], [ 14.628845956167797, 61.117355538833657 ] ] ] } },
{ "type": "Feature", "properties": { "objektidentitet": "947e2e11-e740-4a75-b264-8a4995c4ccae", "skapad": "2026-03-17T21:00:01", "objekttypnr": 2642, "objekttyp": "Åker", "vattenytaid": null, "hojd_over_havet": null, "reglerat_vatten": "Ingen information" }, "geometry": { "type": "Polygon", "coordinates": [ [ [ 14.654489474767171, 61.127697865013289 ], [ 14.654121331049556, 61.127966501474177 ], [ 14.654873089714464, 61.128442333492607 ], [ 14.655862798619342, 61.128492778345688 ], [ 14.656176964980702, 61.128419141867582 ], [ 14.655462128535463, 61.127991164197546 ], [ 14.654489474767171, 61.127697865013289 ] ] ] } },
{ "type": "Feature", "properties": { "objektidentitet": "3161ca11-c6b3-434b-8a1c-f5aca3b4644e", "skapad": "2025-12-17T01:00:01", "objekttypnr": 2638, "objekttyp": "Låg bebyggelse", "vattenytaid": null, "hojd_over_havet": null, "reglerat_vatten": "Ingen information" }, "geometry": { "type": "Polygon", "coordinates": [ [ [ 14.627890955619021, 61.122029664016992 ], [ 14.626623371476436, 61.122157732698092 ], [ 14.626603472343199, 61.122181522705333 ], [ 14.62668694668076, 61.122372909568 ], [ 14.626829348951158, 61.12237727960671 ], [ 14.627025459154575, 61.122711437183689 ], [ 14.628190259934678, 61.122589259160591 ], [ 14.628206497810126, 61.12256105953076 ], [ 14.627965987273628, 61.122095148265849 ], [ 14.627934425705897, 61.12203902199029 ], [ 14.627890955619021, 61.122029664016992 ] ] ] } },
{ "type": "Feature", "properties": { "objektidentitet": "3923980c-a2f5-42de-9a6f-9935dd252b90", "skapad": "2025-12-17T01:00:01", "objekttypnr": 2640, "objekttyp": "Öppen mark", "vattenytaid": null, "hojd_over_havet": null, "reglerat_vatten": "Ingen information" }, "geometry": { "type": "Polygon", "coordinates": [ [ [ 14.627877630445417, 61.123859123435842 ], [ 14.628150455361054, 61.124432085278258 ], [ 14.628356853470327, 61.124268645216489 ], [ 14.628558208627471, 61.124204180677374 ], [ 14.628765656134158, 61.124202586486334 ], [ 14.628770674603837, 61.12377477029009 ], [ 14.627877630445417, 61.123859123435842 ] ] ] } },
{ "type": "Feature", "properties": { "objektidentitet": "57e251e5-4194-4df0-843f-397bd390e2a3", "skapad": "2025-12-17T01:00:01", "objekttypnr": 2645, "objekttyp": "Barr- och blandskog", "vattenytaid": null, "hojd_over_havet": null, "reglerat_vatten": "Ingen information" }, "geometry": { "type": "Polygon", "coordinates": [ [ [ 14.628558208627471, 61.124204180677374 ], [ 14.628356853470327, 61.124268645216489 ], [ 14.628150455361054, 61.124432085278258 ], [ 14.628349347279586, 61.124778197877781 ], [ 14.628759329588892, 61.124741894920682 ], [ 14.628765656134158, 61.124202586486334 ], [ 14.628558208627471, 61.124204180677374 ] ] ] } },
{ "type": "Feature", "properties": { "objektidentitet": "e9ee82a6-9099-4311-9afe-8e74b179b39c", "skapad": "2025-12-17T01:00:01", "objekttypnr": 2645, "objekttyp": "Barr- och blandskog", "vattenytaid": null, "hojd_over_havet": null, "reglerat_vatten": "Ingen information" }, "geometry": { "type": "Polygon", "coordinates": [ [ [ 14.62818023794749, 61.120486341899799 ], [ 14.62835786346252, 61.120875966007965 ], [ 14.62880545249887, 61.120809645534457 ], [ 14.628811149645346, 61.120323851986349 ], [ 14.62818023794749, 61.120486341899799 ] ] ] } },
{ "type": "Feature", "properties": { "objektidentitet": "31d862fc-6819-4ba1-8c7e-346ab2068b81", "skapad": "2025-12-17T01:00:01", "objekttypnr": 2645, "objekttyp": "Barr- och blandskog", "vattenytaid": null, "hojd_over_havet": null, "reglerat_vatten": "Ingen information" }, "geometry": { "type": "Polygon", "coordinates": [ [ [ 14.628573051484011, 61.121297851370841 ], [ 14.628585362577176, 61.121368549810661 ], [ 14.628798789216953, 61.1213777992443 ], [ 14.628801524749763, 61.121144553203756 ], [ 14.628573051484011, 61.121297851370841 ] ] ] } },
{ "type": "Feature", "properties": { "objektidentitet": "9c4a0903-654d-4da1-ad07-5226e6abb010", "skapad": "2026-03-17T21:00:01", "objekttypnr": 2642, "objekttyp": "Åker", "vattenytaid": null, "hojd_over_havet": null, "reglerat_vatten": "Ingen information" }, "geometry": { "type": "Polygon", "coordinates": [ [ [ 14.646374973058734, 61.117699858676701 ], [ 14.646295708832548, 61.117734997284231 ], [ 14.646258633519267, 61.117801084773596 ], [ 14.646265287754817, 61.117972875150279 ], [ 14.646392029427336, 61.118025323118559 ], [ 14.646690800434092, 61.118084989428496 ], [ 14.647002923017704, 61.118142337786395 ], [ 14.647126391317569, 61.118147337373244 ], [ 14.647278904191817, 61.117910738351043 ], [ 14.64658217357521, 61.117787943213301 ], [ 14.646555715897023, 61.117775735857755 ], [ 14.646555484256602, 61.1177084014518 ], [ 14.646374973058734, 61.117699858676701 ] ] ] } },
{ "type": "Feature", "properties": { "objektidentitet": "3bfd10cd-db1c-4649-8e21-830cfe01f762", "skapad": "2026-03-17T21:00:01", "objekttypnr": 2642, "objekttyp": "Åker", "vattenytaid": null, "hojd_over_havet": null, "reglerat_vatten": "Ingen information" }, "geometry": { "type": "Polygon", "coordinates": [ [ [ 14.651891646799122, 61.117360181875867 ], [ 14.651686758586205, 61.1174588865291 ], [ 14.651565901137541, 61.117608038381036 ], [ 14.651570330737158, 61.117932275263477 ], [ 14.651766934045591, 61.118021850879671 ], [ 14.651588967995076, 61.118289291200966 ], [ 14.651616623399489, 61.118484585448329 ], [ 14.651783613756649, 61.118621119484132 ], [ 14.652559623243798, 61.118790021990677 ], [ 14.654065111331507, 61.117833027897966 ], [ 14.652196768276118, 61.117365797114473 ], [ 14.651891646799122, 61.117360181875867 ] ] ] } },
{ "type": "Feature", "properties": { "objektidentitet": "30b7c7de-5c9d-46a9-86f4-64cf50134ffe", "skapad": "2026-03-17T21:00:01", "objekttypnr": 2642, "objekttyp": "Åker", "vattenytaid": null, "hojd_over_havet": null, "reglerat_vatten": "Ingen information" }, "geometry": { "type": "Polygon", "coordinates": [ [ [ 14.655850166727918, 61.120111074080853 ], [ 14.65599623291787, 61.12018247839827 ], [ 14.655998003358201, 61.120147648868581 ], [ 14.656877995600235, 61.120079533686578 ], [ 14.657469185422654, 61.119987070022816 ], [ 14.657175424098126, 61.119677272829264 ], [ 14.657168471181812, 61.119674948007244 ], [ 14.657177571619894, 61.119612655853743 ], [ 14.65725149933353, 61.1195794815456 ], [ 14.657279450217736, 61.119575970331319 ], [ 14.657531464953266, 61.119466136470784 ], [ 14.657626433386783, 61.119328710670217 ], [ 14.657562965550596, 61.119256296375255 ], [ 14.657679710972412, 61.119124976824182 ], [ 14.657619580497851, 61.118968807939901 ], [ 14.657677604782629, 61.118878691798038 ], [ 14.657755857548279, 61.118488192426909 ], [ 14.657742441639213, 61.11841593168981 ], [ 14.65722560265726, 61.118454125329933 ], [ 14.657116546638791, 61.118411895738397 ], [ 14.657113229150903, 61.118282992341243 ], [ 14.657061880829463, 61.118215941571677 ], [ 14.656978570516955, 61.118217830939351 ], [ 14.656866604705522, 61.118344843800983 ], [ 14.656799922974301, 61.118375791827589 ], [ 14.656670955576597, 61.118371128224609 ], [ 14.656492976563499, 61.118316746325831 ], [ 14.656335792300277, 61.118160734448871 ], [ 14.656215302256797, 61.118158201607976 ], [ 14.656035524139519, 61.118286666401339 ], [ 14.656035539425618, 61.118286953573111 ], [ 14.656006874291064, 61.118305051967887 ], [ 14.655802737889188, 61.118304532655607 ], [ 14.655722833647863, 61.118244060981084 ], [ 14.655719513217768, 61.118216634351498 ], [ 14.655286777062219, 61.117897330579815 ], [ 14.654830465402489, 61.117698600793723 ], [ 14.654008322853365, 61.118191349485159 ], [ 14.653870611433392, 61.11834661004815 ], [ 14.654074289223388, 61.11846724554276 ], [ 14.654777846013351, 61.118299981484945 ], [ 14.654895827951139, 61.118321515048684 ], [ 14.654873513983567, 61.118385129015181 ], [ 14.653972086158934, 61.118596417503355 ], [ 14.653811962010556, 61.118582936104602 ], [ 14.653646969099389, 61.118502206916908 ], [ 14.653385360108201, 61.118501294580355 ], [ 14.653058867457805, 61.118688632886254 ], [ 14.652847892633968, 61.119096493220184 ], [ 14.652917765058724, 61.119176207248913 ], [ 14.653259938465244, 61.119142008310341 ], [ 14.653538284353738, 61.118962267291103 ], [ 14.653772203761733, 61.118892264435765 ], [ 14.654129177060053, 61.118863721374275 ], [ 14.654148211632089, 61.118969636601221 ], [ 14.653644368182253, 61.119211422370348 ], [ 14.653081650615091, 61.1197543513791 ], [ 14.653224461288509, 61.119830822581939 ], [ 14.65373305802474, 61.120246569174896 ], [ 14.655329139351586, 61.120215838648008 ], [ 14.655571574846554, 61.120161897930373 ], [ 14.655850166727918, 61.120111074080853 ] ] ] } },
{ "type": "Feature", "properties": { "objektidentitet": "5e77d7ac-b4c1-4c51-bbfe-3bd64a38d950", "skapad": "2025-12-17T01:00:01", "objekttypnr": 2640, "objekttyp": "Öppen mark", "vattenytaid": null, "hojd_over_havet": null, "reglerat_vatten": "Ingen information" }, "geometry": { "type": "Polygon", "coordinates": [ [ [ 14.626636636617476, 61.148999227232906 ], [ 14.626631093545255, 61.149138251264851 ], [ 14.626254747171091, 61.149143438016189 ], [ 14.626197136474669, 61.154015682995379 ], [ 14.627074239401267, 61.15401810218772 ], [ 14.627014261055471, 61.153239085435231 ], [ 14.627143068754691, 61.153147723024674 ], [ 14.627652093493909, 61.153696464901763 ], [ 14.627842712578573, 61.154020217090384 ], [ 14.628415477499487, 61.154021790549855 ], [ 14.628444778159192, 61.15152920183742 ], [ 14.628348919647301, 61.151358243669193 ], [ 14.628204176968245, 61.15132533752471 ], [ 14.628094302016422, 61.151196356730104 ], [ 14.628027020413573, 61.150791596063286 ], [ 14.628454018992727, 61.150742995804556 ], [ 14.628466182845159, 61.149708031792308 ], [ 14.628128660886219, 61.149741139914347 ], [ 14.62797128278274, 61.149698107517366 ], [ 14.627794687161707, 61.14945074135062 ], [ 14.627552917427854, 61.149032401908684 ], [ 14.627582250257877, 61.148914074071307 ], [ 14.628368149149679, 61.148880278283677 ], [ 14.62833494942355, 61.148698898026893 ], [ 14.62719503598036, 61.148653307006356 ], [ 14.627195370711128, 61.148648549700425 ], [ 14.627011878216972, 61.148641966178047 ], [ 14.626918620674831, 61.1486927751031 ], [ 14.626905955212228, 61.148835711693039 ], [ 14.626611622101496, 61.148844407737435 ], [ 14.626259211373078, 61.148765819670714 ], [ 14.626257429729304, 61.148916526773711 ], [ 14.626636636617476, 61.148999227232906 ] ], [ [ 14.627750027796699, 61.152604476911549 ], [ 14.627856883575786, 61.15262251070871 ], [ 14.627943705803945, 61.152663158531652 ], [ 14.62830441462585, 61.152920187565904 ], [ 14.628194074062758, 61.152942427677033 ], [ 14.627294153852109, 61.152974248135607 ], [ 14.62719633589194, 61.152920767313439 ], [ 14.627169585936857, 61.152800759082126 ], [ 14.627261808740201, 61.152731569879521 ], [ 14.627523018693131, 61.152640571626748 ], [ 14.627750027796699, 61.152604476911549 ] ] ] } },
{ "type": "Feature", "properties": { "objektidentitet": "bf3b699b-defa-4a03-9dcd-9802caf10b1d", "skapad": "2025-12-17T01:00:01", "objekttypnr": 2645, "objekttyp": "Barr- och blandskog", "vattenytaid": null, "hojd_over_havet": null, "reglerat_vatten": "Ingen information" }, "geometry": { "type": "Polygon", "coordinates": [ [ [ 14.627014261055471, 61.153239085435231 ], [ 14.627074239401267, 61.15401810218772 ], [ 14.627842712578573, 61.154020217090384 ], [ 14.627652093493909, 61.153696464901763 ], [ 14.627143068754691, 61.153147723024674 ], [ 14.627014261055471, 61.153239085435231 ] ] ] } },
{ "type": "Feature", "properties": { "objektidentitet": "63dfce86-00e3-4a1b-8c6e-eb8e57095ba6", "skapad": "2025-12-17T01:00:01", "objekttypnr": 2642, "objekttyp": "Åker", "vattenytaid": null, "hojd_over_havet": null, "reglerat_vatten": "Ingen information" }, "geometry": { "type": "Polygon", "coordinates": [ [ [ 14.628027020413573, 61.150791596063286 ], [ 14.628094302016422, 61.151196356730104 ], [ 14.628204176968245, 61.15132533752471 ], [ 14.628348919647301, 61.151358243669193 ], [ 14.628446815777611, 61.151355846042279 ], [ 14.628454018992727, 61.150742995804556 ], [ 14.628027020413573, 61.150791596063286 ] ] ] } },
{ "type": "Feature", "properties": { "objektidentitet": "e0363df6-ffa4-4e39-aa65-a6b0952628b5", "skapad": "2025-12-17T01:00:01", "objekttypnr": 2642, "objekttyp": "Åker", "vattenytaid": null, "hojd_over_havet": null, "reglerat_vatten": "Ingen information" }, "geometry": { "type": "Polygon", "coordinates": [ [ [ 14.627750027796699, 61.152604476911549 ], [ 14.627523018693131, 61.152640571626748 ], [ 14.627261808740201, 61.152731569879521 ], [ 14.627169585936857, 61.152800759082126 ], [ 14.62719633589194, 61.152920767313439 ], [ 14.627294153852109, 61.152974248135607 ], [ 14.628194074062758, 61.152942427677033 ], [ 14.62830441462585, 61.152920187565904 ], [ 14.627943705803945, 61.152663158531652 ], [ 14.627856883575786, 61.15262251070871 ], [ 14.627750027796699, 61.152604476911549 ] ] ] } },
{ "type": "Feature", "properties": { "objektidentitet": "cd3de7fc-2d8d-42ab-896f-de88cbdf9b2d", "skapad": "2025-12-17T01:00:01", "objekttypnr": 2645, "objekttyp": "Barr- och blandskog", "vattenytaid": null, "hojd_over_havet": null, "reglerat_vatten": "Ingen information" }, "geometry": { "type": "Polygon", "coordinates": [ [ [ 14.628348919647301, 61.151358243669193 ], [ 14.628444778159192, 61.15152920183742 ], [ 14.628446815777611, 61.151355846042279 ], [ 14.628348919647301, 61.151358243669193 ] ] ] } },
{ "type": "Feature", "properties": { "objektidentitet": "5b2b9c85-de1d-4fba-94a0-75a5b52a0f89", "skapad": "2025-12-17T01:00:01", "objekttypnr": 2638, "objekttyp": "Låg bebyggelse", "vattenytaid": null, "hojd_over_havet": null, "reglerat_vatten": "Ingen information" }, "geometry": { "type": "Polygon", "coordinates": [ [ [ 14.626609581980876, 61.130761310286388 ], [ 14.626676626786535, 61.13147528698039 ], [ 14.627380567114221, 61.131430677450801 ], [ 14.628683829031305, 61.131176327209161 ], [ 14.628692394405592, 61.130446506775101 ], [ 14.628448665362042, 61.130538264573211 ], [ 14.627897272662839, 61.130209507089496 ], [ 14.628698628653968, 61.129915287579266 ], [ 14.628715205469902, 61.128502679841219 ], [ 14.628341003097303, 61.128608569391211 ], [ 14.628096186352547, 61.128454438605544 ], [ 14.627711846903646, 61.128391452334121 ], [ 14.627422832349481, 61.128767124435228 ], [ 14.627302256467919, 61.128751314549298 ], [ 14.627229702302456, 61.128638182373642 ], [ 14.627177817429008, 61.12813063905282 ], [ 14.627784142264884, 61.128056400807218 ], [ 14.627814069283398, 61.128038895699923 ], [ 14.6272724695328, 61.127522875799983 ], [ 14.626516102856268, 61.127018302376889 ], [ 14.626473387624804, 61.130636815511785 ], [ 14.626609581980876, 61.130761310286388 ] ] ] } },
{ "type": "Feature", "properties": { "objektidentitet": "b9c94ac6-098c-4e0e-9ef0-0f3d95f62b7d", "skapad": "2025-12-17T01:00:01", "objekttypnr": 2642, "objekttyp": "Åker", "vattenytaid": null, "hojd_over_havet": null, "reglerat_vatten": "Ingen information" }, "geometry": { "type": "Polygon", "coordinates": [ [ [ 14.627253691223558, 61.133255027158562 ], [ 14.628031379617404, 61.133610103593185 ], [ 14.628651247287461, 61.133952128896908 ], [ 14.628652973833489, 61.133805049917896 ], [ 14.628397793575902, 61.133663397322834 ], [ 14.628107405800847, 61.133438575707274 ], [ 14.628120006018683, 61.132910040640283 ], [ 14.628577893284252, 61.132673799041896 ], [ 14.628639735675666, 61.132400468006168 ], [ 14.628556542383446, 61.132273643414948 ], [ 14.627731185747294, 61.131875793757978 ], [ 14.626460594430915, 61.131720372735714 ], [ 14.626446245199611, 61.132935621173743 ], [ 14.627253691223558, 61.133255027158562 ] ] ] } },
{ "type": "Feature", "properties": { "objektidentitet": "eec32459-9069-4b0a-a725-799f4940c9c3", "skapad": "2025-12-17T01:00:01", "objekttypnr": 2645, "objekttyp": "Barr- och blandskog", "vattenytaid": null, "hojd_over_havet": null, "reglerat_vatten": "Ingen information" }, "geometry": { "type": "Polygon", "coordinates": [ [ [ 14.627731185747294, 61.131875793757978 ], [ 14.628556542383446, 61.132273643414948 ], [ 14.628639735675666, 61.132400468006168 ], [ 14.628577893284252, 61.132673799041896 ], [ 14.628120006018683, 61.132910040640283 ], [ 14.628107405800847, 61.133438575707274 ], [ 14.628397793575902, 61.133663397322834 ], [ 14.628652973833489, 61.133805049917896 ], [ 14.628660220321425, 61.133187727376338 ], [ 14.628646152010845, 61.133119223777868 ], [ 14.628661140927841, 61.133109299656574 ], [ 14.628683829031305, 61.131176327209161 ], [ 14.627380567114221, 61.131430677450801 ], [ 14.626676626786535, 61.13147528698039 ], [ 14.626609581980876, 61.130761310286388 ], [ 14.626473387624804, 61.130636815511785 ], [ 14.626460594430915, 61.131720372735714 ], [ 14.627731185747294, 61.131875793757978 ] ] ] } },
{ "type": "Feature", "properties": { "objektidentitet": "5681e300-f008-436e-a250-8bc4d73c4631", "skapad": "2025-12-17T01:00:01", "objekttypnr": 2640, "objekttyp": "Öppen mark", "vattenytaid": null, "hojd_over_havet": null, "reglerat_vatten": "Ingen information" }, "geometry": { "type": "Polygon", "coordinates": [ [ [ 14.627897272662839, 61.130209507089496 ], [ 14.628448665362042, 61.130538264573211 ], [ 14.628692394405592, 61.130446506775101 ], [ 14.628698628653968, 61.129915287579266 ], [ 14.627897272662839, 61.130209507089496 ] ] ] } },
{ "type": "Feature", "properties": { "objektidentitet": "f3c87506-bbed-41f1-81a1-f7b5e19f8b0c", "skapad": "2025-12-17T01:00:01", "objekttypnr": 2633, "objekttyp": "Vattendragsyta", "vattenytaid": "2882a789-c9f6-45b7-8708-41373ca85059", "hojd_over_havet": null, "reglerat_vatten": "Ingen information" }, "geometry": { "type": "Polygon", "coordinates": [ [ [ 14.626678308489899, 61.137171436416232 ], [ 14.626837715548781, 61.13729678452961 ], [ 14.626996886007383, 61.137513158025477 ], [ 14.62713147409635, 61.137707324244552 ], [ 14.627204305570951, 61.137937294508575 ], [ 14.627319481360608, 61.138083420565948 ], [ 14.627497893438777, 61.138158248173703 ], [ 14.628037473419644, 61.13865490421302 ], [ 14.628591563149588, 61.139035460720372 ], [ 14.628599042429052, 61.138398549626288 ], [ 14.628595304795084, 61.138395810239309 ], [ 14.628239996816376, 61.137966475620843 ], [ 14.628197933316324, 61.137764484794026 ], [ 14.628119917820928, 61.13762265434962 ], [ 14.627765386921418, 61.137235857532076 ], [ 14.627324389963567, 61.136820505651421 ], [ 14.626987760425935, 61.136559615989448 ], [ 14.626735660387387, 61.136407492058403 ], [ 14.626406598593256, 61.136292765244022 ], [ 14.626398106818655, 61.137011713788191 ], [ 14.626678308489899, 61.137171436416232 ] ] ] } },
{ "type": "Feature", "properties": { "objektidentitet": "fccb01aa-94f7-4653-a071-dc7eb3f6bf23", "skapad": "2025-12-17T01:00:01", "objekttypnr": 2645, "objekttyp": "Barr- och blandskog", "vattenytaid": null, "hojd_over_havet": null, "reglerat_vatten": "Ingen information" }, "geometry": { "type": "Polygon", "coordinates": [ [ [ 14.626515207978438, 61.13739202938482 ], [ 14.626996886007383, 61.137513158025477 ], [ 14.626837715548781, 61.13729678452961 ], [ 14.626678308489899, 61.137171436416232 ], [ 14.626398106818655, 61.137011713788191 ], [ 14.626394196283893, 61.137342783047323 ], [ 14.626515207978438, 61.13739202938482 ] ] ] } },
{ "type": "Feature", "properties": { "objektidentitet": "3c46ba94-f90c-410c-b1f7-2d6de54f2361", "skapad": "2025-12-17T01:00:01", "objekttypnr": 2645, "objekttyp": "Barr- och blandskog", "vattenytaid": null, "hojd_over_havet": null, "reglerat_vatten": "Ingen information" }, "geometry": { "type": "Polygon", "coordinates": [ [ [ 14.626735660387387, 61.136407492058403 ], [ 14.626987760425935, 61.136559615989448 ], [ 14.627324389963567, 61.136820505651421 ], [ 14.627765386921418, 61.137235857532076 ], [ 14.628119917820928, 61.13762265434962 ], [ 14.628197933316324, 61.137764484794026 ], [ 14.628239996816376, 61.137966475620843 ], [ 14.628595304795084, 61.138395810239309 ], [ 14.628599042429052, 61.138398549626288 ], [ 14.628636607309561, 61.135199198716336 ], [ 14.628424979851173, 61.135077839007899 ], [ 14.628356092803653, 61.134970275089479 ], [ 14.628639442137468, 61.134957729869804 ], [ 14.628651247287461, 61.133952128896908 ], [ 14.628031379617404, 61.133610103593185 ], [ 14.627253691223558, 61.133255027158562 ], [ 14.626446245199611, 61.132935621173743 ], [ 14.626406598593256, 61.136292765244022 ], [ 14.626735660387387, 61.136407492058403 ] ] ] } },
{ "type": "Feature", "properties": { "objektidentitet": "f8c2550f-d884-4e19-9822-8efd8f80fc13", "skapad": "2025-12-17T01:00:01", "objekttypnr": 2642, "objekttyp": "Åker", "vattenytaid": null, "hojd_over_havet": null, "reglerat_vatten": "Ingen information" }, "geometry": { "type": "Polygon", "coordinates": [ [ [ 14.628646152010845, 61.133119223777868 ], [ 14.628660220321425, 61.133187727376338 ], [ 14.628661140927841, 61.133109299656574 ], [ 14.628646152010845, 61.133119223777868 ] ] ] } },
{ "type": "Feature", "properties": { "objektidentitet": "625adfe3-3e67-4fc0-8bb0-da86ea77b267", "skapad": "2025-12-17T01:00:01", "objekttypnr": 2642, "objekttyp": "Åker", "vattenytaid": null, "hojd_over_havet": null, "reglerat_vatten": "Ingen information" }, "geometry": { "type": "Polygon", "coordinates": [ [ [ 14.628356092803653, 61.134970275089479 ], [ 14.628424979851173, 61.135077839007899 ], [ 14.628636607309561, 61.135199198716336 ], [ 14.628639442137468, 61.134957729869804 ], [ 14.628356092803653, 61.134970275089479 ] ] ] } },
{ "type": "Feature", "properties": { "objektidentitet": "514e3cba-e8aa-4be1-a094-ceb8a03a7b80", "skapad": "2025-12-17T01:00:01", "objekttypnr": 2645, "objekttyp": "Barr- och blandskog", "vattenytaid": null, "hojd_over_havet": null, "reglerat_vatten": "Ingen information" }, "geometry": { "type": "MultiPolygon", "coordinates": [ [ [ [ 14.626470111946997, 61.140315873894366 ], [ 14.626913556119941, 61.140193230209668 ], [ 14.627404883365315, 61.14023839569122 ], [ 14.627906356840292, 61.140368364776101 ], [ 14.627773204422491, 61.140486353317236 ], [ 14.628570718858356, 61.140810336450329 ], [ 14.628581046662671, 61.139930960422127 ], [ 14.628351578647644, 61.139834860254403 ], [ 14.626818901930374, 61.138932267789386 ], [ 14.62659471855013, 61.13882533389787 ], [ 14.626378315735339, 61.138687161818673 ], [ 14.626360929316657, 61.140158869772549 ], [ 14.626470111946997, 61.140315873894366 ] ] ], [ [ [ 14.626872412094503, 61.142169395134545 ], [ 14.627047417009626, 61.142128696506823 ], [ 14.626855885457086, 61.14135383168918 ], [ 14.626428128717956, 61.14135452777937 ], [ 14.626347022105643, 61.141335959461216 ], [ 14.626335869002579, 61.142279871662694 ], [ 14.626872412094503, 61.142169395134545 ] ] ] ] } },
{ "type": "Feature", "properties": { "objektidentitet": "d7d883d7-e5e0-46f2-b35f-ce988adf8bfb", "skapad": "2025-12-17T01:00:01", "objekttypnr": 2640, "objekttyp": "Öppen mark", "vattenytaid": null, "hojd_over_havet": null, "reglerat_vatten": "Ingen information" }, "geometry": { "type": "Polygon", "coordinates": [ [ [ 14.626631505646763, 61.138244947421114 ], [ 14.62725490004491, 61.138620287075597 ], [ 14.627739220018702, 61.138976342883616 ], [ 14.628066614907382, 61.139161414224212 ], [ 14.628587139727388, 61.139412131020563 ], [ 14.628591563149588, 61.139035460720372 ], [ 14.628037473419644, 61.13865490421302 ], [ 14.627497893438777, 61.138158248173703 ], [ 14.627319481360608, 61.138083420565948 ], [ 14.627204305570951, 61.137937294508575 ], [ 14.62713147409635, 61.137707324244552 ], [ 14.626996886007383, 61.137513158025477 ], [ 14.626515207978438, 61.13739202938482 ], [ 14.626394196283893, 61.137342783047323 ], [ 14.626384490487576, 61.138164449594285 ], [ 14.626631505646763, 61.138244947421114 ] ] ] } },
{ "type": "Feature", "properties": { "objektidentitet": "de76ba26-55b2-4228-9a14-cd9ce4ebff48", "skapad": "2025-12-17T01:00:01", "objekttypnr": 2633, "objekttyp": "Vattendragsyta", "vattenytaid": "0c22930d-4ac7-43c4-a20c-3eff6691f85d", "hojd_over_havet": null, "reglerat_vatten": "Ingen information" }, "geometry": { "type": "Polygon", "coordinates": [ [ [ 14.62659471855013, 61.13882533389787 ], [ 14.626818901930374, 61.138932267789386 ], [ 14.628351578647644, 61.139834860254403 ], [ 14.628581046662671, 61.139930960422127 ], [ 14.628587139727388, 61.139412131020563 ], [ 14.628066614907382, 61.139161414224212 ], [ 14.627739220018702, 61.138976342883616 ], [ 14.62725490004491, 61.138620287075597 ], [ 14.626631505646763, 61.138244947421114 ], [ 14.626384490487576, 61.138164449594285 ], [ 14.626378315735339, 61.138687161818673 ], [ 14.62659471855013, 61.13882533389787 ] ] ] } },
{ "type": "Feature", "properties": { "objektidentitet": "a2edaada-3497-4d7e-b02e-c4c11b12c36b", "skapad": "2025-12-17T01:00:01", "objekttypnr": 2640, "objekttyp": "Öppen mark", "vattenytaid": null, "hojd_over_havet": null, "reglerat_vatten": "Ingen information" }, "geometry": { "type": "Polygon", "coordinates": [ [ [ 14.626913556119941, 61.140193230209668 ], [ 14.626470111946997, 61.140315873894366 ], [ 14.626610248287653, 61.14073136810277 ], [ 14.627773204422491, 61.140486353317236 ], [ 14.627906356840292, 61.140368364776101 ], [ 14.627404883365315, 61.14023839569122 ], [ 14.626913556119941, 61.140193230209668 ] ] ] } },
{ "type": "Feature", "properties": { "objektidentitet": "15e7d469-daaa-4a36-aba2-8ecb75f0f281", "skapad": "2026-03-17T21:00:01", "objekttypnr": 2638, "objekttyp": "Låg bebyggelse", "vattenytaid": null, "hojd_over_havet": null, "reglerat_vatten": "Ingen information" }, "geometry": { "type": "Polygon", "coordinates": [ [ [ 14.638224006786409, 61.13664821913919 ], [ 14.638924287009413, 61.136991381491008 ], [ 14.639422521820583, 61.136789344444672 ], [ 14.639764301675033, 61.136367534251029 ], [ 14.63925398051742, 61.13596123910505 ], [ 14.635240387497515, 61.132766080948954 ], [ 14.633577924143673, 61.133176786590653 ], [ 14.633841671692766, 61.133434903755294 ], [ 14.633664073045566, 61.133470415156282 ], [ 14.633073036068353, 61.133473877101473 ], [ 14.632581288461092, 61.133465288732076 ], [ 14.632557469335469, 61.133506611698245 ], [ 14.632624692313904, 61.134007846686636 ], [ 14.63342339888405, 61.134017249039857 ], [ 14.633663165801233, 61.134279898400045 ], [ 14.63363668697921, 61.134305646995607 ], [ 14.633083009590802, 61.134429315423617 ], [ 14.633413910654314, 61.134739857681339 ], [ 14.634183651232028, 61.134591912229546 ], [ 14.634393910362576, 61.134754548210047 ], [ 14.63512536929902, 61.134604142109858 ], [ 14.635537930825082, 61.134971549344627 ], [ 14.634434991396372, 61.135259913288131 ], [ 14.632844421642972, 61.135620366728574 ], [ 14.632610239599787, 61.135954110083894 ], [ 14.632167586388933, 61.136070050182752 ], [ 14.632155756702067, 61.13634481124825 ], [ 14.630835576050053, 61.136648751350513 ], [ 14.630946009021446, 61.136740877732841 ], [ 14.631478231862966, 61.137015684974173 ], [ 14.632050657263026, 61.136914608190907 ], [ 14.63268077484376, 61.137595330890477 ], [ 14.634305077354991, 61.137501315382487 ], [ 14.634708501112572, 61.137459688603073 ], [ 14.636580556601496, 61.137062495975186 ], [ 14.638224006786409, 61.13664821913919 ] ] ] } },
{ "type": "Feature", "properties": { "objektidentitet": "5b2e1dc8-22dd-4d68-a65d-f8f02c48a9d6", "skapad": "2025-12-17T01:00:01", "objekttypnr": 2642, "objekttyp": "Åker", "vattenytaid": null, "hojd_over_havet": null, "reglerat_vatten": "Ingen information" }, "geometry": { "type": "Polygon", "coordinates": [ [ [ 14.628531335654618, 61.127948341451592 ], [ 14.628720411650308, 61.12805900061187 ], [ 14.628721944789342, 61.12792834125171 ], [ 14.628531335654618, 61.127948341451592 ] ] ] } },
{ "type": "Feature", "properties": { "objektidentitet": "be4ac8ef-0939-4982-acff-a52429962ec4", "skapad": "2025-12-17T01:00:01", "objekttypnr": 2642, "objekttyp": "Åker", "vattenytaid": null, "hojd_over_havet": null, "reglerat_vatten": "Ingen information" }, "geometry": { "type": "MultiPolygon", "coordinates": [ [ [ [ 14.626611622101496, 61.148844407737435 ], [ 14.626905955212228, 61.148835711693039 ], [ 14.626918620674831, 61.1486927751031 ], [ 14.627011878216972, 61.148641966178047 ], [ 14.627195370711128, 61.148648549700425 ], [ 14.62719503598036, 61.148653307006356 ], [ 14.62833494942355, 61.148698898026893 ], [ 14.628368149149679, 61.148880278283677 ], [ 14.627582250257877, 61.148914074071307 ], [ 14.627552917427854, 61.149032401908684 ], [ 14.627794687161707, 61.14945074135062 ], [ 14.62797128278274, 61.149698107517366 ], [ 14.628128660886219, 61.149741139914347 ], [ 14.628466182845159, 61.149708031792308 ], [ 14.628505252819004, 61.146383225396278 ], [ 14.627397984214005, 61.146526789168 ], [ 14.626945878786298, 61.146538606642103 ], [ 14.626491409244192, 61.146459632173737 ], [ 14.62628554298937, 61.14653826651071 ], [ 14.626285330811788, 61.146556217363759 ], [ 14.627664302709308, 61.146831986549948 ], [ 14.627720099560271, 61.146855913372029 ], [ 14.627735675766745, 61.146937079813441 ], [ 14.627704313335371, 61.146972419846598 ], [ 14.627676870130738, 61.146966751306636 ], [ 14.627460151907711, 61.147247456787653 ], [ 14.627290648180244, 61.147438405885822 ], [ 14.6271371012531, 61.147452733564009 ], [ 14.627029714761736, 61.147438674796973 ], [ 14.627032135060404, 61.147411451586279 ], [ 14.626276174035592, 61.147330885385117 ], [ 14.626259211373078, 61.148765819670714 ], [ 14.626611622101496, 61.148844407737435 ] ] ], [ [ [ 14.626631093545255, 61.149138251264851 ], [ 14.626636636617476, 61.148999227232906 ], [ 14.626257429729304, 61.148916526773711 ], [ 14.626254747171091, 61.149143438016189 ], [ 14.626631093545255, 61.149138251264851 ] ] ], [ [ [ 14.626428128717956, 61.14135452777937 ], [ 14.626855885457086, 61.14135383168918 ], [ 14.627047417009626, 61.142128696506823 ], [ 14.626872412094503, 61.142169395134545 ], [ 14.626335869002579, 61.142279871662694 ], [ 14.626296283185146, 61.145629583333211 ], [ 14.626320808128584, 61.145624269572465 ], [ 14.626787795724111, 61.145845487695638 ], [ 14.627172349751092, 61.146147528688246 ], [ 14.627293333951867, 61.146088635139634 ], [ 14.626628403282364, 61.145537548919997 ], [ 14.627145762617548, 61.145404631284528 ], [ 14.627475285726305, 61.145518452613352 ], [ 14.627688642900802, 61.145465361326515 ], [ 14.627697704075786, 61.145438820769819 ], [ 14.627763086904157, 61.145386651040077 ], [ 14.627890138587857, 61.145370571140766 ], [ 14.628005906381807, 61.145396305517622 ], [ 14.628140323750861, 61.145518342243818 ], [ 14.628215605050643, 61.145537330467711 ], [ 14.62851616303446, 61.145454635370619 ], [ 14.628570718858356, 61.140810336450329 ], [ 14.627773204422491, 61.140486353317236 ], [ 14.626610248287653, 61.14073136810277 ], [ 14.626470111946997, 61.140315873894366 ], [ 14.626360929316657, 61.140158869772549 ], [ 14.626347022105643, 61.141335959461216 ], [ 14.626428128717956, 61.14135452777937 ] ] ] ] } },
{ "type": "Feature", "properties": { "objektidentitet": "dc0b4198-b167-494a-b34d-886d0fafd356", "skapad": "2025-12-17T01:00:01", "objekttypnr": 2640, "objekttyp": "Öppen mark", "vattenytaid": null, "hojd_over_havet": null, "reglerat_vatten": "Ingen information" }, "geometry": { "type": "MultiPolygon", "coordinates": [ [ [ [ 14.627032135060404, 61.147411451586279 ], [ 14.627029714761736, 61.147438674796973 ], [ 14.6271371012531, 61.147452733564009 ], [ 14.627290648180244, 61.147438405885822 ], [ 14.627460151907711, 61.147247456787653 ], [ 14.627676870130738, 61.146966751306636 ], [ 14.627704313335371, 61.146972419846598 ], [ 14.627735675766745, 61.146937079813441 ], [ 14.627720099560271, 61.146855913372029 ], [ 14.627664302709308, 61.146831986549948 ], [ 14.626285330811788, 61.146556217363759 ], [ 14.626276174035592, 61.147330885385117 ], [ 14.627032135060404, 61.147411451586279 ] ] ], [ [ [ 14.626491409244192, 61.146459632173737 ], [ 14.626945878786298, 61.146538606642103 ], [ 14.627397984214005, 61.146526789168 ], [ 14.628505252819004, 61.146383225396278 ], [ 14.62851616303446, 61.145454635370619 ], [ 14.628215605050643, 61.145537330467711 ], [ 14.628140323750861, 61.145518342243818 ], [ 14.628005906381807, 61.145396305517622 ], [ 14.627890138587857, 61.145370571140766 ], [ 14.627763086904157, 61.145386651040077 ], [ 14.627697704075786, 61.145438820769819 ], [ 14.627688642900802, 61.145465361326515 ], [ 14.627475285726305, 61.145518452613352 ], [ 14.627145762617548, 61.145404631284528 ], [ 14.626628403282364, 61.145537548919997 ], [ 14.627293333951867, 61.146088635139634 ], [ 14.627172349751092, 61.146147528688246 ], [ 14.626787795724111, 61.145845487695638 ], [ 14.626320808128584, 61.145624269572465 ], [ 14.626296283185146, 61.145629583333211 ], [ 14.62628554298937, 61.14653826651071 ], [ 14.626491409244192, 61.146459632173737 ] ] ] ] } },
{ "type": "Feature", "properties": { "objektidentitet": "d6c6ee8c-5b85-44f7-85ad-bbf32170b790", "skapad": "2025-12-17T01:00:01", "objekttypnr": 2640, "objekttyp": "Öppen mark", "vattenytaid": null, "hojd_over_havet": null, "reglerat_vatten": "Ingen information" }, "geometry": { "type": "Polygon", "coordinates": [ [ [ 14.639348667342839, 61.154464779083526 ], [ 14.639436126637698, 61.154379642189831 ], [ 14.639634017501665, 61.154052120707028 ], [ 14.63640888609345, 61.154043496550813 ], [ 14.636390255765777, 61.154178759783832 ], [ 14.635473563421305, 61.154620820789006 ], [ 14.63657134300434, 61.154623772478324 ], [ 14.637461436751998, 61.154188330290459 ], [ 14.638077850564192, 61.154483365010535 ], [ 14.63890313319877, 61.154630012613026 ], [ 14.639181677270891, 61.154630755342779 ], [ 14.639348667342839, 61.154464779083526 ] ] ] } },
{ "type": "Feature", "properties": { "objektidentitet": "522b5032-e381-4f64-b18f-b312577fcda1", "skapad": "2025-12-17T01:00:01", "objekttypnr": 2640, "objekttyp": "Öppen mark", "vattenytaid": null, "hojd_over_havet": null, "reglerat_vatten": "Ingen information" }, "geometry": { "type": "Polygon", "coordinates": [ [ [ 14.629510326480201, 61.154449396417931 ], [ 14.629706306690831, 61.1542794892489 ], [ 14.629891364933551, 61.154286881299633 ], [ 14.630067762882859, 61.154392906324084 ], [ 14.630336403442005, 61.15437716600843 ], [ 14.630569318322816, 61.154291202030777 ], [ 14.630633318146089, 61.154027860383842 ], [ 14.628415477499487, 61.154021790549855 ], [ 14.628408660870987, 61.154601611794924 ], [ 14.629461575258846, 61.154604497980337 ], [ 14.629510326480201, 61.154449396417931 ] ] ] } },
{ "type": "Feature", "properties": { "objektidentitet": "5a90006c-dfe1-4843-ae97-4722c885e8a8", "skapad": "2025-09-02T21:00:01", "objekttypnr": 2640, "objekttyp": "Öppen mark", "vattenytaid": null, "hojd_over_havet": null, "reglerat_vatten": "Ingen information" }, "geometry": { "type": "Polygon", "coordinates": [ [ [ 14.628415477499487, 61.154021790549855 ], [ 14.627842712578573, 61.154020217090384 ], [ 14.627973807536451, 61.154242885699503 ], [ 14.628105864924862, 61.154600780272617 ], [ 14.628408660870987, 61.154601611794924 ], [ 14.628415477499487, 61.154021790549855 ] ] ] } },
{ "type": "Feature", "properties": { "objektidentitet": "e62bc2e0-bfbc-4a2b-a64b-c20ea672de0c", "skapad": "2025-09-02T21:00:01", "objekttypnr": 2640, "objekttyp": "Öppen mark", "vattenytaid": null, "hojd_over_havet": null, "reglerat_vatten": "Ingen information" }, "geometry": { "type": "Polygon", "coordinates": [ [ [ 14.626520836797972, 61.154406275774718 ], [ 14.626732262541193, 61.154427561739148 ], [ 14.626894485983909, 61.154390957720082 ], [ 14.627091171558449, 61.154238024156598 ], [ 14.627074239401267, 61.15401810218772 ], [ 14.626197136474669, 61.154015682995379 ], [ 14.626193951347705, 61.154285004604432 ], [ 14.626520836797972, 61.154406275774718 ] ] ] } },
{ "type": "Feature", "properties": { "objektidentitet": "945684c9-84e5-4d26-bba8-1d013f1672a6", "skapad": "2026-03-17T21:00:01", "objekttypnr": 2645, "objekttyp": "Barr- och blandskog", "vattenytaid": null, "hojd_over_havet": null, "reglerat_vatten": "Ingen information" }, "geometry": { "type": "Polygon", "coordinates": [ [ [ 14.642026804210495, 61.15402866313724 ], [ 14.641999917504377, 61.154058398375888 ], [ 14.642947102651281, 61.154060900041252 ], [ 14.642645549114986, 61.153951715148914 ], [ 14.642026804210495, 61.15402866313724 ] ] ] } },
{ "type": "Feature", "properties": { "objektidentitet": "443444fb-c01b-49c4-bd67-6868f0983d84", "skapad": "2025-09-02T21:00:01", "objekttypnr": 2645, "objekttyp": "Barr- och blandskog", "vattenytaid": null, "hojd_over_havet": null, "reglerat_vatten": "Ingen information" }, "geometry": { "type": "Polygon", "coordinates": [ [ [ 14.627973807536451, 61.154242885699503 ], [ 14.627842712578573, 61.154020217090384 ], [ 14.627074239401267, 61.15401810218772 ], [ 14.627091171558449, 61.154238024156598 ], [ 14.626894485983909, 61.154390957720082 ], [ 14.626732262541193, 61.154427561739148 ], [ 14.626520836797972, 61.154406275774718 ], [ 14.626193951347705, 61.154285004604432 ], [ 14.626190279153542, 61.154595504094893 ], [ 14.628105864924862, 61.154600780272617 ], [ 14.627973807536451, 61.154242885699503 ] ] ] } },
{ "type": "Feature", "properties": { "objektidentitet": "df69dd49-379a-4feb-b09b-167dba308181", "skapad": "2025-12-17T01:00:01", "objekttypnr": 2640, "objekttyp": "Öppen mark", "vattenytaid": null, "hojd_over_havet": null, "reglerat_vatten": "Ingen information" }, "geometry": { "type": "Polygon", "coordinates": [ [ [ 14.668914944187799, 61.154127262420921 ], [ 14.668915969934641, 61.154126906015748 ], [ 14.668913090226573, 61.1541268989725 ], [ 14.668914944187799, 61.154127262420921 ] ] ] } },
{ "type": "Feature", "properties": { "objektidentitet": "225da08d-632a-44bd-86d5-54b952fc6102", "skapad": "2025-12-17T01:00:01", "objekttypnr": 2640, "objekttyp": "Öppen mark", "vattenytaid": null, "hojd_over_havet": null, "reglerat_vatten": "Ingen information" }, "geometry": { "type": "Polygon", "coordinates": [ [ [ 14.654578709976287, 61.154241557075004 ], [ 14.655052852299765, 61.154446364457648 ], [ 14.655546963075235, 61.15452942823859 ], [ 14.65622139699105, 61.15451637405652 ], [ 14.656438823771776, 61.154402827508605 ], [ 14.65678665027545, 61.154096696559812 ], [ 14.654778479394945, 61.154091590112017 ], [ 14.654578709976287, 61.154241557075004 ] ] ] } },
{ "type": "Feature", "properties": { "objektidentitet": "f1aa4842-93c2-4789-ae6b-773f60210c40", "skapad": "2025-12-17T01:00:01", "objekttypnr": 2632, "objekttyp": "Sjö", "vattenytaid": "b1332c8a-1426-4130-9d5d-a4f50c9b4802", "hojd_over_havet": null, "reglerat_vatten": "Ingen information" }, "geometry": { "type": "Polygon", "coordinates": [ [ [ 14.662639635652463, 61.154497148973462 ], [ 14.662649528863193, 61.154391873449825 ], [ 14.662344685253379, 61.154225742518229 ], [ 14.662695100285184, 61.154249509360461 ], [ 14.662880909938975, 61.154336931075406 ], [ 14.663155144327259, 61.154373479945335 ], [ 14.663290861832873, 61.154300792280466 ], [ 14.663339377110548, 61.154132938702702 ], [ 14.663321770712029, 61.154113108064323 ], [ 14.661485284828924, 61.154108528011363 ], [ 14.661450851841899, 61.154136775565426 ], [ 14.661262532838466, 61.15454750493172 ], [ 14.661310902771996, 61.154604033554307 ], [ 14.661472010270685, 61.154688333656914 ], [ 14.661920056024556, 61.154689453375582 ], [ 14.662639635652463, 61.154497148973462 ] ] ] } },
{ "type": "Feature", "properties": { "objektidentitet": "fa91f40f-14a6-4dc7-9bfe-e0e03120be68", "skapad": "2025-12-17T01:00:01", "objekttypnr": 2645, "objekttyp": "Barr- och blandskog", "vattenytaid": null, "hojd_over_havet": null, "reglerat_vatten": "Ingen information" }, "geometry": { "type": "Polygon", "coordinates": [ [ [ 14.670239544527186, 61.154666684562095 ], [ 14.670001294208516, 61.154449865193783 ], [ 14.669779615353372, 61.154334840109513 ], [ 14.669847739274475, 61.154129181740508 ], [ 14.669402848702083, 61.154128095953567 ], [ 14.669601398856694, 61.154415007725675 ], [ 14.669056972617023, 61.154634046326407 ], [ 14.669119758148142, 61.154707242888655 ], [ 14.669824281298753, 61.154708963102912 ], [ 14.670239544527186, 61.154666684562095 ] ] ] } },
{ "type": "Feature", "properties": { "objektidentitet": "d5abf77c-c46d-46e4-8c12-2d2cc3378a74", "skapad": "2025-12-17T01:00:01", "objekttypnr": 2640, "objekttyp": "Öppen mark", "vattenytaid": null, "hojd_over_havet": null, "reglerat_vatten": "Ingen information" }, "geometry": { "type": "Polygon", "coordinates": [ [ [ 14.671877942305958, 61.154600208258366 ], [ 14.67188895109703, 61.154184052105528 ], [ 14.671479785554579, 61.15413315234435 ], [ 14.669847739274475, 61.154129181740508 ], [ 14.669779615353372, 61.154334840109513 ], [ 14.670001294208516, 61.154449865193783 ], [ 14.670239544527186, 61.154666684562095 ], [ 14.670434084043487, 61.154706723509378 ], [ 14.670840410948095, 61.154183301936953 ], [ 14.67123746260364, 61.154221677431799 ], [ 14.67119545956054, 61.154526604278225 ], [ 14.670860839722828, 61.154673008799747 ], [ 14.670803737236454, 61.154711348520429 ], [ 14.671673940591011, 61.154713461913147 ], [ 14.671877942305958, 61.154600208258366 ] ] ] } },
{ "type": "Feature", "properties": { "objektidentitet": "01a76b1d-088e-4122-b393-df5007fbdf8d", "skapad": "2025-12-17T01:00:01", "objekttypnr": 2645, "objekttyp": "Barr- och blandskog", "vattenytaid": null, "hojd_over_havet": null, "reglerat_vatten": "Ingen information" }, "geometry": { "type": "Polygon", "coordinates": [ [ [ 14.66474309011363, 61.154449702355883 ], [ 14.665480079014166, 61.154455673102753 ], [ 14.665913273483445, 61.154516086186753 ], [ 14.666672968541041, 61.154522016880776 ], [ 14.666778411067542, 61.154121661073262 ], [ 14.664336809613078, 61.154115628801051 ], [ 14.664340348712525, 61.154121778294567 ], [ 14.6644085346051, 61.154508557489393 ], [ 14.664329389797246, 61.154695449152868 ], [ 14.664542124727401, 61.154695976496598 ], [ 14.66474309011363, 61.154449702355883 ] ] ] } },
{ "type": "Feature", "properties": { "objektidentitet": "e4f43a66-a692-4933-85ae-258d969ac755", "skapad": "2025-12-17T01:00:01", "objekttypnr": 2642, "objekttyp": "Åker", "vattenytaid": null, "hojd_over_havet": null, "reglerat_vatten": "Ingen information" }, "geometry": { "type": "Polygon", "coordinates": [ [ [ 14.66886082034814, 61.154655957117981 ], [ 14.669056972617023, 61.154634046326407 ], [ 14.669601398856694, 61.154415007725675 ], [ 14.669402848702083, 61.154128095953567 ], [ 14.668915969934641, 61.154126906015748 ], [ 14.668914944187799, 61.154127262420921 ], [ 14.668913090226573, 61.1541268989725 ], [ 14.666778411067542, 61.154121661073262 ], [ 14.666672968541041, 61.154522016880776 ], [ 14.666676272517364, 61.154701248286159 ], [ 14.668417584688067, 61.154705524763081 ], [ 14.66886082034814, 61.154655957117981 ] ] ] } },
{ "type": "Feature", "properties": { "objektidentitet": "d2d4f3ae-91a0-4a76-9c29-2c31df73464e", "skapad": "2025-12-17T01:00:01", "objekttypnr": 2645, "objekttyp": "Barr- och blandskog", "vattenytaid": null, "hojd_over_havet": null, "reglerat_vatten": "Ingen information" }, "geometry": { "type": "Polygon", "coordinates": [ [ [ 14.660766952759561, 61.154653602247137 ], [ 14.661063822926018, 61.154107473402988 ], [ 14.659713361271651, 61.154104085354291 ], [ 14.659662057865763, 61.154265089644028 ], [ 14.659469943973942, 61.154422229256234 ], [ 14.659285405244063, 61.154682847796117 ], [ 14.660773948882937, 61.154686586164793 ], [ 14.660766952759561, 61.154653602247137 ] ] ] } },
{ "type": "Feature", "properties": { "objektidentitet": "796185cb-3025-4fa8-9380-a7a4d12f03ac", "skapad": "2025-12-17T01:00:01", "objekttypnr": 2640, "objekttyp": "Öppen mark", "vattenytaid": null, "hojd_over_havet": null, "reglerat_vatten": "Ingen information" }, "geometry": { "type": "MultiPolygon", "coordinates": [ [ [ [ 14.661310902771996, 61.154604033554307 ], [ 14.661262532838466, 61.15454750493172 ], [ 14.661450851841899, 61.154136775565426 ], [ 14.661485284828924, 61.154108528011363 ], [ 14.661063822926018, 61.154107473402988 ], [ 14.660766952759561, 61.154653602247137 ], [ 14.660773948882937, 61.154686586164793 ], [ 14.661472010270685, 61.154688333656914 ], [ 14.661310902771996, 61.154604033554307 ] ] ], [ [ [ 14.6644085346051, 61.154508557489393 ], [ 14.664340348712525, 61.154121778294567 ], [ 14.664336809613078, 61.154115628801051 ], [ 14.663321770712029, 61.154113108064323 ], [ 14.663339377110548, 61.154132938702702 ], [ 14.663290861832873, 61.154300792280466 ], [ 14.663155144327259, 61.154373479945335 ], [ 14.662880909938975, 61.154336931075406 ], [ 14.662695100285184, 61.154249509360461 ], [ 14.662344685253379, 61.154225742518229 ], [ 14.662649528863193, 61.154391873449825 ], [ 14.662639635652463, 61.154497148973462 ], [ 14.661920056024556, 61.154689453375582 ], [ 14.664329389797246, 61.154695449152868 ], [ 14.6644085346051, 61.154508557489393 ] ] ], [ [ [ 14.666672968541041, 61.154522016880776 ], [ 14.665913273483445, 61.154516086186753 ], [ 14.665902943931837, 61.154699341890627 ], [ 14.666676272517364, 61.154701248286159 ], [ 14.666672968541041, 61.154522016880776 ] ] ] ] } },
{ "type": "Feature", "properties": { "objektidentitet": "35c3d730-f706-4693-88c4-f6785ea27990", "skapad": "2025-12-17T01:00:01", "objekttypnr": 2640, "objekttyp": "Öppen mark", "vattenytaid": null, "hojd_over_havet": null, "reglerat_vatten": "Ingen information" }, "geometry": { "type": "Polygon", "coordinates": [ [ [ 14.678384141941308, 61.154252033897684 ], [ 14.678325841730704, 61.154149593714877 ], [ 14.677141583055615, 61.154146774386561 ], [ 14.677649103540297, 61.154727822227954 ], [ 14.678936488973585, 61.154730881710393 ], [ 14.678384141941308, 61.154252033897684 ] ] ] } },
{ "type": "Feature", "properties": { "objektidentitet": "cd2c94e3-869e-445c-984f-a57243e9b1a0", "skapad": "2025-12-17T01:00:01", "objekttypnr": 2645, "objekttyp": "Barr- och blandskog", "vattenytaid": null, "hojd_over_havet": null, "reglerat_vatten": "Ingen information" }, "geometry": { "type": "Polygon", "coordinates": [ [ [ 14.670860839722828, 61.154673008799747 ], [ 14.67119545956054, 61.154526604278225 ], [ 14.67123746260364, 61.154221677431799 ], [ 14.670840410948095, 61.154183301936953 ], [ 14.670434084043487, 61.154706723509378 ], [ 14.670431147978817, 61.154710441932522 ], [ 14.670803737236454, 61.154711348520429 ], [ 14.670860839722828, 61.154673008799747 ] ] ] } },
{ "type": "Feature", "properties": { "objektidentitet": "771d7f94-1f72-4c62-890f-0f441d944648", "skapad": "2025-12-17T01:00:01", "objekttypnr": 2642, "objekttyp": "Åker", "vattenytaid": null, "hojd_over_havet": null, "reglerat_vatten": "Ingen information" }, "geometry": { "type": "Polygon", "coordinates": [ [ [ 14.672175501720641, 61.154304052071005 ], [ 14.672007419621194, 61.154274772351478 ], [ 14.671933574107474, 61.154308008562893 ], [ 14.672061153390487, 61.154656000300108 ], [ 14.672053423544659, 61.154714381781112 ], [ 14.6733331945457, 61.154717476106839 ], [ 14.672175501720641, 61.154304052071005 ] ] ] } },
{ "type": "Feature", "properties": { "objektidentitet": "220db775-4426-449a-babe-ac7ed7aa185f", "skapad": "2025-12-17T01:00:01", "objekttypnr": 2642, "objekttyp": "Åker", "vattenytaid": null, "hojd_over_havet": null, "reglerat_vatten": "Ingen information" }, "geometry": { "type": "Polygon", "coordinates": [ [ [ 14.665913273483445, 61.154516086186753 ], [ 14.665480079014166, 61.154455673102753 ], [ 14.66474309011363, 61.154449702355883 ], [ 14.664542124727401, 61.154695976496598 ], [ 14.665902943931837, 61.154699341890627 ], [ 14.665913273483445, 61.154516086186753 ] ] ] } },
{ "type": "Feature", "properties": { "objektidentitet": "61b660fd-29bd-40c2-9631-ae8b4e266e77", "skapad": "2025-12-17T01:00:01", "objekttypnr": 2640, "objekttyp": "Öppen mark", "vattenytaid": null, "hojd_over_havet": null, "reglerat_vatten": "Ingen information" }, "geometry": { "type": "Polygon", "coordinates": [ [ [ 14.669056972617023, 61.154634046326407 ], [ 14.66886082034814, 61.154655957117981 ], [ 14.668417584688067, 61.154705524763081 ], [ 14.669119758148142, 61.154707242888655 ], [ 14.669056972617023, 61.154634046326407 ] ] ] } },
{ "type": "Feature", "properties": { "objektidentitet": "85b1198a-922b-4737-9ce4-cea9b83a5bec", "skapad": "2025-12-17T01:00:01", "objekttypnr": 2642, "objekttyp": "Åker", "vattenytaid": null, "hojd_over_havet": null, "reglerat_vatten": "Ingen information" }, "geometry": { "type": "Polygon", "coordinates": [ [ [ 14.670434084043487, 61.154706723509378 ], [ 14.670239544527186, 61.154666684562095 ], [ 14.669824281298753, 61.154708963102912 ], [ 14.670431147978817, 61.154710441932522 ], [ 14.670434084043487, 61.154706723509378 ] ] ] } },
{ "type": "Feature", "properties": { "objektidentitet": "89f9c7dd-5fd7-499d-8e1f-9a1e425478a2", "skapad": "2025-12-17T01:00:01", "objekttypnr": 2640, "objekttyp": "Öppen mark", "vattenytaid": null, "hojd_over_havet": null, "reglerat_vatten": "Ingen information" }, "geometry": { "type": "Polygon", "coordinates": [ [ [ 14.643119353969878, 61.154123265100424 ], [ 14.643184242838696, 61.15406152532848 ], [ 14.642947102651281, 61.154060900041252 ], [ 14.643119353969878, 61.154123265100424 ] ] ] } },
{ "type": "Feature", "properties": { "objektidentitet": "4401c08b-0d0a-4863-9c59-a20e8c3116a7", "skapad": "2025-12-17T01:00:01", "objekttypnr": 2640, "objekttyp": "Öppen mark", "vattenytaid": null, "hojd_over_havet": null, "reglerat_vatten": "Ingen information" }, "geometry": { "type": "Polygon", "coordinates": [ [ [ 14.634648805805742, 61.154038757600517 ], [ 14.633731496624492, 61.154036278707849 ], [ 14.634117233732109, 61.15411559923291 ], [ 14.634520041808505, 61.154089340821329 ], [ 14.634648805805742, 61.154038757600517 ] ] ] } },
{ "type": "Feature", "properties": { "objektidentitet": "4ce6f223-02fa-4f9c-9595-d8b558541f04", "skapad": "2025-12-17T01:00:01", "objekttypnr": 2640, "objekttyp": "Öppen mark", "vattenytaid": null, "hojd_over_havet": null, "reglerat_vatten": "Ingen information" }, "geometry": { "type": "Polygon", "coordinates": [ [ [ 14.642312050635718, 61.154532909787243 ], [ 14.641971939576456, 61.154089333497595 ], [ 14.641999917504377, 61.154058398375888 ], [ 14.641707096775624, 61.154057623648939 ], [ 14.64153403534613, 61.154578110683595 ], [ 14.641768727101427, 61.154637626253219 ], [ 14.642129749690122, 61.154638581156824 ], [ 14.642312050635718, 61.154532909787243 ] ] ] } },
{ "type": "Feature", "properties": { "objektidentitet": "e62af45e-f4a4-4349-9db7-2dc530ea31c3", "skapad": "2025-12-17T01:00:01", "objekttypnr": 2640, "objekttyp": "Öppen mark", "vattenytaid": null, "hojd_over_havet": null, "reglerat_vatten": "Ingen information" }, "geometry": { "type": "Polygon", "coordinates": [ [ [ 14.645908035224107, 61.154512548399879 ], [ 14.645689652558923, 61.154341605527016 ], [ 14.645435085904776, 61.154067439627639 ], [ 14.644548950238393, 61.154065115690898 ], [ 14.644726132937336, 61.154507234070678 ], [ 14.644930118597001, 61.154645955422502 ], [ 14.646149414178904, 61.154649148113393 ], [ 14.645908035224107, 61.154512548399879 ] ] ] } },
{ "type": "Feature", "properties": { "objektidentitet": "6f1cdef3-bec9-4a7e-8d0c-c869d93ab0a1", "skapad": "2025-12-17T01:00:01", "objekttypnr": 2642, "objekttyp": "Åker", "vattenytaid": null, "hojd_over_havet": null, "reglerat_vatten": "Ingen information" }, "geometry": { "type": "MultiPolygon", "coordinates": [ [ [ [ 14.638077850564192, 61.154483365010535 ], [ 14.637461436751998, 61.154188330290459 ], [ 14.63657134300434, 61.154623772478324 ], [ 14.63890313319877, 61.154630012613026 ], [ 14.638077850564192, 61.154483365010535 ] ] ], [ [ [ 14.64153403534613, 61.154578110683595 ], [ 14.641707096775624, 61.154057623648939 ], [ 14.639634017501665, 61.154052120707028 ], [ 14.639436126637698, 61.154379642189831 ], [ 14.639348667342839, 61.154464779083526 ], [ 14.639181677270891, 61.154630755342779 ], [ 14.641518370647985, 61.154636963495783 ], [ 14.64153403534613, 61.154578110683595 ] ] ] ] } },
{ "type": "Feature", "properties": { "objektidentitet": "ff20da0b-25fa-4a77-95f4-2f84dda51581", "skapad": "2025-12-17T01:00:01", "objekttypnr": 2645, "objekttyp": "Barr- och blandskog", "vattenytaid": null, "hojd_over_havet": null, "reglerat_vatten": "Ingen information" }, "geometry": { "type": "MultiPolygon", "coordinates": [ [ [ [ 14.636390255765777, 61.154178759783832 ], [ 14.63640888609345, 61.154043496550813 ], [ 14.634648805805742, 61.154038757600517 ], [ 14.634520041808505, 61.154089340821329 ], [ 14.634117233732109, 61.15411559923291 ], [ 14.633731496624492, 61.154036278707849 ], [ 14.631678745659041, 61.154030708930762 ], [ 14.631706182941402, 61.15404545305686 ], [ 14.631787004963696, 61.154566825289578 ], [ 14.631160791014159, 61.154509871191273 ], [ 14.630864010641996, 61.154028489661542 ], [ 14.630633318146089, 61.154027860383842 ], [ 14.630569318322816, 61.154291202030777 ], [ 14.630336403442005, 61.15437716600843 ], [ 14.630067762882859, 61.154392906324084 ], [ 14.629891364933551, 61.154286881299633 ], [ 14.629706306690831, 61.1542794892489 ], [ 14.629510326480201, 61.154449396417931 ], [ 14.629461575258846, 61.154604497980337 ], [ 14.635473563421305, 61.154620820789006 ], [ 14.636390255765777, 61.154178759783832 ] ] ], [ [ [ 14.64153403534613, 61.154578110683595 ], [ 14.641518370647985, 61.154636963495783 ], [ 14.641768727101427, 61.154637626253219 ], [ 14.64153403534613, 61.154578110683595 ] ] ], [ [ [ 14.644726132937336, 61.154507234070678 ], [ 14.644548950238393, 61.154065115690898 ], [ 14.643184242838696, 61.15406152532848 ], [ 14.643119353969878, 61.154123265100424 ], [ 14.642947102651281, 61.154060900041252 ], [ 14.641999917504377, 61.154058398375888 ], [ 14.641971939576456, 61.154089333497595 ], [ 14.642312050635718, 61.154532909787243 ], [ 14.642129749690122, 61.154638581156824 ], [ 14.644930118597001, 61.154645955422502 ], [ 14.644726132937336, 61.154507234070678 ] ] ] ] } },
{ "type": "Feature", "properties": { "objektidentitet": "816a79ee-a10c-4b46-a036-fbeb6f1f499c", "skapad": "2025-12-17T01:00:01", "objekttypnr": 2633, "objekttyp": "Vattendragsyta", "vattenytaid": "5210ee68-ba74-41c8-a82b-87ab7c7f1790", "hojd_over_havet": null, "reglerat_vatten": "Ingen information" }, "geometry": { "type": "Polygon", "coordinates": [ [ [ 14.64644202487283, 61.154372032127121 ], [ 14.6460611365252, 61.1540690779809 ], [ 14.645435085904776, 61.154067439627639 ], [ 14.645689652558923, 61.154341605527016 ], [ 14.645908035224107, 61.154512548399879 ], [ 14.646149414178904, 61.154649148113393 ], [ 14.646878760474859, 61.154651052636268 ], [ 14.64644202487283, 61.154372032127121 ] ] ] } },
{ "type": "Feature", "properties": { "objektidentitet": "946503ea-30dc-40da-be53-7b209f9d2f62", "skapad": "2025-12-17T01:00:01", "objekttypnr": 2640, "objekttyp": "Öppen mark", "vattenytaid": null, "hojd_over_havet": null, "reglerat_vatten": "Ingen information" }, "geometry": { "type": "Polygon", "coordinates": [ [ [ 14.631678745659041, 61.154030708930762 ], [ 14.630864010641996, 61.154028489661542 ], [ 14.631160791014159, 61.154509871191273 ], [ 14.631787004963696, 61.154566825289578 ], [ 14.631706182941402, 61.15404545305686 ], [ 14.631678745659041, 61.154030708930762 ] ] ] } },
{ "type": "Feature", "properties": { "objektidentitet": "3645d73d-e91f-4b0b-ba11-e53052825494", "skapad": "2025-12-17T01:00:01", "objekttypnr": 2633, "objekttyp": "Vattendragsyta", "vattenytaid": "81c58b47-b54d-48fd-ab06-6daac825ce29", "hojd_over_havet": null, "reglerat_vatten": "Ingen information" }, "geometry": { "type": "Polygon", "coordinates": [ [ [ 14.659469943973942, 61.154422229256234 ], [ 14.659662057865763, 61.154265089644028 ], [ 14.659713361271651, 61.154104085354291 ], [ 14.658104765154711, 61.154100032113618 ], [ 14.658210848182927, 61.154275761628853 ], [ 14.658222839803903, 61.154479515960126 ], [ 14.65816472266817, 61.154680022482658 ], [ 14.659285405244063, 61.154682847796117 ], [ 14.659469943973942, 61.154422229256234 ] ] ] } },
{ "type": "Feature", "properties": { "objektidentitet": "b03b4847-54c9-42e7-9ae6-92cb947fe2a9", "skapad": "2025-12-17T01:00:01", "objekttypnr": 2645, "objekttyp": "Barr- och blandskog", "vattenytaid": null, "hojd_over_havet": null, "reglerat_vatten": "Ingen information" }, "geometry": { "type": "Polygon", "coordinates": [ [ [ 14.658222839803903, 61.154479515960126 ], [ 14.658210848182927, 61.154275761628853 ], [ 14.658104765154711, 61.154100032113618 ], [ 14.65678665027545, 61.154096696559812 ], [ 14.656438823771776, 61.154402827508605 ], [ 14.65622139699105, 61.15451637405652 ], [ 14.655546963075235, 61.15452942823859 ], [ 14.655052852299765, 61.154446364457648 ], [ 14.654578709976287, 61.154241557075004 ], [ 14.654778479394945, 61.154091590112017 ], [ 14.6460611365252, 61.1540690779809 ], [ 14.64644202487283, 61.154372032127121 ], [ 14.646878760474859, 61.154651052636268 ], [ 14.65816472266817, 61.154680022482658 ], [ 14.658222839803903, 61.154479515960126 ] ] ] } },
{ "type": "Feature", "properties": { "objektidentitet": "2b4d8084-2663-48c5-8880-fd3cab84d2a5", "skapad": "2025-12-17T01:00:01", "objekttypnr": 2645, "objekttyp": "Barr- och blandskog", "vattenytaid": null, "hojd_over_havet": null, "reglerat_vatten": "Ingen information" }, "geometry": { "type": "MultiPolygon", "coordinates": [ [ [ [ 14.677141583055615, 61.154146774386561 ], [ 14.671479785554579, 61.15413315234435 ], [ 14.67188895109703, 61.154184052105528 ], [ 14.671877942305958, 61.154600208258366 ], [ 14.671673940591011, 61.154713461913147 ], [ 14.672053423544659, 61.154714381781112 ], [ 14.672061153390487, 61.154656000300108 ], [ 14.671933574107474, 61.154308008562893 ], [ 14.672007419621194, 61.154274772351478 ], [ 14.672175501720641, 61.154304052071005 ], [ 14.6733331945457, 61.154717476106839 ], [ 14.677649103540297, 61.154727822227954 ], [ 14.677141583055615, 61.154146774386561 ] ] ], [ [ [ 14.678325841730704, 61.154149593714877 ], [ 14.678384141941308, 61.154252033897684 ], [ 14.678936488973585, 61.154730881710393 ], [ 14.703822695241474, 61.154787618045624 ], [ 14.703828128498632, 61.154207792367686 ], [ 14.678325841730704, 61.154149593714877 ] ] ] ] } },
{ "type": "Feature", "properties": { "objektidentitet": "8244a131-c355-476e-8400-bc0c2622efce", "skapad": "2025-12-17T01:00:01", "objekttypnr": 2651, "objekttyp": "Sankmark, fast", "vattenytaid": null, "hojd_over_havet": null, "reglerat_vatten": null }, "geometry": { "type": "Polygon", "coordinates": [ [ [ 14.627068638162417, 61.134350728021879 ], [ 14.627613298028823, 61.134461856341353 ], [ 14.627814366562045, 61.134417915501814 ], [ 14.627929647588649, 61.134270107432677 ], [ 14.627975661173709, 61.133797811635318 ], [ 14.627911758005125, 61.133708889995233 ], [ 14.627290911303152, 61.13328716252434 ], [ 14.627148710390056, 61.133223701546022 ], [ 14.627001065122931, 61.13324097190231 ], [ 14.62643969792647, 61.133490079417712 ], [ 14.626434007441297, 61.133971962029449 ], [ 14.627068638162417, 61.134350728021879 ] ] ] } },
{ "type": "Feature", "properties": { "objektidentitet": "12f213f9-62c0-40ed-9638-1f182604da4e", "skapad": "2026-03-17T21:00:01", "objekttypnr": 2651, "objekttyp": "Sankmark, fast", "vattenytaid": null, "hojd_over_havet": null, "reglerat_vatten": null }, "geometry": { "type": "Polygon", "coordinates": [ [ [ 14.642448041911429, 61.141214798309662 ], [ 14.642369369250039, 61.141321749618605 ], [ 14.64259501518687, 61.141550391113952 ], [ 14.642924633896179, 61.141879130756486 ], [ 14.642974209822246, 61.141995344843032 ], [ 14.64255365287816, 61.142276846922698 ], [ 14.641671922490424, 61.142527931993314 ], [ 14.641708976835245, 61.142629371562464 ], [ 14.642102432478836, 61.142710333184674 ], [ 14.64225701026117, 61.142710580238465 ], [ 14.642568716241934, 61.142630029031324 ], [ 14.643429342739431, 61.142267054995678 ], [ 14.643651771013859, 61.142126554627922 ], [ 14.643638361163724, 61.141971697041136 ], [ 14.64338202399759, 61.141650774437956 ], [ 14.642670971690297, 61.141259728494212 ], [ 14.642448041911429, 61.141214798309662 ] ] ] } },
{ "type": "Feature", "properties": { "objektidentitet": "9f918c6b-812b-4fc0-9d90-411df7d86769", "skapad": "2026-03-17T21:00:01", "objekttypnr": 2651, "objekttyp": "Sankmark, fast", "vattenytaid": null, "hojd_over_havet": null, "reglerat_vatten": null }, "geometry": { "type": "Polygon", "coordinates": [ [ [ 14.703175705976479, 61.117315855134095 ], [ 14.702750519656867, 61.117154856127456 ], [ 14.702814856760378, 61.116844742068373 ], [ 14.702616172777452, 61.116740862964136 ], [ 14.70221182090881, 61.11677882029047 ], [ 14.701770271799258, 61.117099235284641 ], [ 14.701133446739467, 61.119238023901467 ], [ 14.702145997963498, 61.120104084270913 ], [ 14.702329881308932, 61.120560256485909 ], [ 14.702398011631422, 61.120599980761924 ], [ 14.702542773883891, 61.120614124805243 ], [ 14.702841767935009, 61.120551120292198 ], [ 14.703328798425579, 61.120142478132522 ], [ 14.703493281845219, 61.11971345709302 ], [ 14.703530711939234, 61.118699342650835 ], [ 14.703621762703879, 61.118605903674968 ], [ 14.703945596189689, 61.118533820740716 ], [ 14.704161783213754, 61.118553748337071 ], [ 14.70417257184593, 61.117399334836591 ], [ 14.703175705976479, 61.117315855134095 ] ] ] } },
{ "type": "Feature", "properties": { "objektidentitet": "8da320e8-f7f0-4bc3-b4a0-0bef9235ea9a", "skapad": "2026-03-17T21:00:01", "objekttypnr": 2651, "objekttyp": "Sankmark, fast", "vattenytaid": null, "hojd_over_havet": null, "reglerat_vatten": null }, "geometry": { "type": "Polygon", "coordinates": [ [ [ 14.702375955953187, 61.115747082918119 ], [ 14.702080459309752, 61.116105724733337 ], [ 14.702070792332963, 61.116212081571 ], [ 14.702209776295113, 61.116278096278869 ], [ 14.702518797271836, 61.116336548517751 ], [ 14.703531566547957, 61.116351125759998 ], [ 14.703901988646244, 61.11642232322437 ], [ 14.704062786566015, 61.116529546974519 ], [ 14.704180447671458, 61.116556538308302 ], [ 14.704188303583175, 61.115715821141507 ], [ 14.702414084266406, 61.11571192911159 ], [ 14.702375955953187, 61.115747082918119 ] ] ] } },
{ "type": "Feature", "properties": { "objektidentitet": "54c51c24-eca0-4ff2-bce9-66ff34e51860", "skapad": "2026-03-17T21:00:01", "objekttypnr": 2651, "objekttyp": "Sankmark, fast", "vattenytaid": null, "hojd_over_havet": null, "reglerat_vatten": null }, "geometry": { "type": "Polygon", "coordinates": [ [ [ 14.662825808191322, 61.115650068666305 ], [ 14.664003973676881, 61.115645387481386 ], [ 14.664020184270514, 61.115622004619702 ], [ 14.662636970571436, 61.11561856151188 ], [ 14.662825808191322, 61.115650068666305 ] ] ] } },
{ "type": "Feature", "properties": { "objektidentitet": "fd876057-fcba-4010-af81-ab68d32b3172", "skapad": "2026-03-17T21:00:01", "objekttypnr": 2651, "objekttyp": "Sankmark, fast", "vattenytaid": null, "hojd_over_havet": null, "reglerat_vatten": null }, "geometry": { "type": "Polygon", "coordinates": [ [ [ 14.702682501676078, 61.126010775908767 ], [ 14.702440094901085, 61.126022030696063 ], [ 14.702013251340039, 61.126147220420357 ], [ 14.701171036892422, 61.126587115333493 ], [ 14.701100076666417, 61.126676808378392 ], [ 14.701132211982573, 61.12678464889143 ], [ 14.701413977724149, 61.126913222821067 ], [ 14.701721541851576, 61.126898791520176 ], [ 14.701990530226245, 61.126787835240549 ], [ 14.702222977162085, 61.126561262502698 ], [ 14.702393762367928, 61.126475981236467 ], [ 14.702877681076178, 61.126468381370493 ], [ 14.703111270495677, 61.126380283060612 ], [ 14.703164277486787, 61.126218987716086 ], [ 14.703080133536636, 61.126111967001002 ], [ 14.702936001013533, 61.126051723863711 ], [ 14.702682501676078, 61.126010775908767 ] ] ] } },
{ "type": "Feature", "properties": { "objektidentitet": "44b3c4ae-e326-4aeb-8a3b-2c7718ec6528", "skapad": "2026-03-17T21:00:01", "objekttypnr": 2651, "objekttyp": "Sankmark, fast", "vattenytaid": null, "hojd_over_havet": null, "reglerat_vatten": null }, "geometry": { "type": "Polygon", "coordinates": [ [ [ 14.696771023140009, 61.127972295818545 ], [ 14.696670897050632, 61.128008242857121 ], [ 14.69649367874516, 61.128394025699201 ], [ 14.695782069593294, 61.128743971068282 ], [ 14.695708108698314, 61.12886561576628 ], [ 14.695831333725272, 61.128941557579807 ], [ 14.696118806040046, 61.128962825561665 ], [ 14.696585305332588, 61.128869013303934 ], [ 14.697187571144973, 61.128572694611123 ], [ 14.697357761429032, 61.128350282220623 ], [ 14.697346853148986, 61.128227226207869 ], [ 14.697197036306349, 61.128045341725148 ], [ 14.696970136393194, 61.127974681186892 ], [ 14.696771023140009, 61.127972295818545 ] ] ] } },
{ "type": "Feature", "properties": { "objektidentitet": "0630597c-ede0-4cd4-81cc-5ae283d70a94", "skapad": "2026-03-17T21:00:01", "objekttypnr": 2651, "objekttyp": "Sankmark, fast", "vattenytaid": null, "hojd_over_havet": null, "reglerat_vatten": null }, "geometry": { "type": "Polygon", "coordinates": [ [ [ 14.681768412328321, 61.143272906281993 ], [ 14.681135957670046, 61.143295693662836 ], [ 14.680635505363185, 61.143257354482785 ], [ 14.680423459182725, 61.143284748147153 ], [ 14.680308594282304, 61.143349978721936 ], [ 14.680269823080671, 61.143448256774874 ], [ 14.680555715416537, 61.143829177197226 ], [ 14.68074596155148, 61.143899105067128 ], [ 14.68095939165859, 61.143904276995571 ], [ 14.68204440680112, 61.143605401090866 ], [ 14.682159412281605, 61.143544415801323 ], [ 14.682173493038837, 61.143420366727703 ], [ 14.682025448436233, 61.143313084712467 ], [ 14.681768412328321, 61.143272906281993 ] ] ] } },
{ "type": "Feature", "properties": { "objektidentitet": "95ab4c6d-5d14-49db-b3fe-69d360b5d601", "skapad": "2026-03-17T21:00:01", "objekttypnr": 2651, "objekttyp": "Sankmark, fast", "vattenytaid": null, "hojd_over_havet": null, "reglerat_vatten": null }, "geometry": { "type": "Polygon", "coordinates": [ [ [ 14.674374822598805, 61.14330490324248 ], [ 14.674054572378804, 61.143371160550302 ], [ 14.67363143506055, 61.143746023103823 ], [ 14.673658259819835, 61.143907508312587 ], [ 14.67387558654946, 61.144008395060176 ], [ 14.674234879910209, 61.144002131953606 ], [ 14.674581373887339, 61.14389859871752 ], [ 14.675077903538064, 61.143830959059123 ], [ 14.67565269685249, 61.143669363847458 ], [ 14.675643573641644, 61.143582814026423 ], [ 14.675534426058046, 61.143520596644606 ], [ 14.674374822598805, 61.14330490324248 ] ] ] } },
{ "type": "Feature", "properties": { "objektidentitet": "4f4b6163-df12-42ac-b7ac-046f8cb991b9", "skapad": "2026-03-17T21:00:01", "objekttypnr": 2651, "objekttyp": "Sankmark, fast", "vattenytaid": null, "hojd_over_havet": null, "reglerat_vatten": null }, "geometry": { "type": "Polygon", "coordinates": [ [ [ 14.695691701704396, 61.144190300676435 ], [ 14.69561941804664, 61.144118441633374 ], [ 14.695409378023374, 61.144090649699429 ], [ 14.694673301202123, 61.144236020072768 ], [ 14.694212198943454, 61.144195207521015 ], [ 14.69403234869157, 61.144097616715349 ], [ 14.693952127252558, 61.143861849094009 ], [ 14.693326885375562, 61.143703708582969 ], [ 14.693204585315948, 61.14370131270686 ], [ 14.693229064125516, 61.14387942463388 ], [ 14.693563145735924, 61.144494333520214 ], [ 14.69361635729204, 61.144571222957644 ], [ 14.694514381989698, 61.144940067135153 ], [ 14.694778043042792, 61.145033977167927 ], [ 14.694952140318728, 61.145004787774866 ], [ 14.695066275759876, 61.144899035496323 ], [ 14.695016616795661, 61.144607459980215 ], [ 14.695247222612336, 61.144565685134225 ], [ 14.695654013968731, 61.144265764035936 ], [ 14.695691701704396, 61.144190300676435 ] ] ] } },
{ "type": "Feature", "properties": { "objektidentitet": "be9bc48d-b992-4716-8eff-51bf540f5436", "skapad": "2026-03-17T21:00:01", "objekttypnr": 2651, "objekttyp": "Sankmark, fast", "vattenytaid": null, "hojd_over_havet": null, "reglerat_vatten": null }, "geometry": { "type": "Polygon", "coordinates": [ [ [ 14.659299549343995, 61.148785868286105 ], [ 14.659144222758981, 61.148828211321785 ], [ 14.658963682554656, 61.148934708937212 ], [ 14.658922776242591, 61.149062252269438 ], [ 14.65919552170665, 61.149202938924475 ], [ 14.659283930806419, 61.149242250840572 ], [ 14.659360548283203, 61.14928806882692 ], [ 14.659564814782572, 61.149393425473399 ], [ 14.659624438730521, 61.149445844043434 ], [ 14.659778340383934, 61.149537867294583 ], [ 14.659975523661638, 61.14975452101649 ], [ 14.660007142280726, 61.149782081500661 ], [ 14.660113723339368, 61.14981265826043 ], [ 14.660447254925138, 61.149644631924183 ], [ 14.660523959054441, 61.149521738891799 ], [ 14.66053024081579, 61.149298306342935 ], [ 14.660384567047572, 61.149116419003555 ], [ 14.660150561918874, 61.148962392190157 ], [ 14.659927881086503, 61.148859342550899 ], [ 14.659579332911932, 61.148793897943953 ], [ 14.659299549343995, 61.148785868286105 ] ] ] } },
{ "type": "Feature", "properties": { "objektidentitet": "b7416eb2-74be-49d2-8689-fc19c401fa55", "skapad": "2026-03-17T21:00:01", "objekttypnr": 2651, "objekttyp": "Sankmark, fast", "vattenytaid": null, "hojd_over_havet": null, "reglerat_vatten": null }, "geometry": { "type": "Polygon", "coordinates": [ [ [ 14.668379164272141, 61.150037145129325 ], [ 14.66917951555782, 61.150058495672745 ], [ 14.669646073147264, 61.150229521844921 ], [ 14.669953113764763, 61.15057130997922 ], [ 14.670120835519194, 61.150638379052822 ], [ 14.670216024960432, 61.150536955294811 ], [ 14.670167472018127, 61.150132001854111 ], [ 14.670244777989598, 61.150079697235924 ], [ 14.670359777194017, 61.150075416400256 ], [ 14.670615689122403, 61.150271979661554 ], [ 14.67089577800178, 61.150742917343045 ], [ 14.671175866416297, 61.150832496138626 ], [ 14.671396628859258, 61.150772890036549 ], [ 14.671674764813964, 61.150528309937165 ], [ 14.671805851653492, 61.150076838553467 ], [ 14.671748849350058, 61.150002472232522 ], [ 14.671487575100635, 61.149879893042154 ], [ 14.670303233905038, 61.149442578232467 ], [ 14.670035922638331, 61.149397451079018 ], [ 14.66910287400014, 61.149434882070992 ], [ 14.667674686001771, 61.149551353022495 ], [ 14.666958630780019, 61.149665765639078 ], [ 14.666823956223627, 61.14967214973526 ], [ 14.66610185339302, 61.149880208048998 ], [ 14.665861268295609, 61.149990535015299 ], [ 14.665741459182593, 61.150115865209216 ], [ 14.665633085043385, 61.150709110136098 ], [ 14.665890234631185, 61.150955063235699 ], [ 14.666117091655094, 61.150979019003714 ], [ 14.66624837031406, 61.150948172022929 ], [ 14.666573162156098, 61.150454906827044 ], [ 14.666694882178707, 61.150276764059086 ], [ 14.667074488179781, 61.150133775604878 ], [ 14.66732081513145, 61.150045959043197 ], [ 14.668379164272141, 61.150037145129325 ] ], [ [ 14.667352087981545, 61.149914565082092 ], [ 14.667431543520713, 61.149921439694161 ], [ 14.667375697346772, 61.149923574038965 ], [ 14.667352087981545, 61.149914565082092 ] ], [ [ 14.667119407190356, 61.149821530718341 ], [ 14.667152481829596, 61.14983844540599 ], [ 14.66712672628886, 61.149828623163899 ], [ 14.667119407190356, 61.149821530718341 ] ], [ [ 14.669022745391828, 61.149705321432137 ], [ 14.669017102810127, 61.149724358580151 ], [ 14.668910606651695, 61.149803757893189 ], [ 14.669022745391828, 61.149705321432137 ] ] ] } },
{ "type": "Feature", "properties": { "objektidentitet": "a82d7ac1-657e-49d9-9ab2-eabe33a7cc80", "skapad": "2026-03-17T21:00:01", "objekttypnr": 2651, "objekttyp": "Sankmark, fast", "vattenytaid": null, "hojd_over_havet": null, "reglerat_vatten": null }, "geometry": { "type": "Polygon", "coordinates": [ [ [ 14.696649273876723, 61.151336479804414 ], [ 14.696165084275119, 61.151380767636454 ], [ 14.695846311680734, 61.151490540950789 ], [ 14.695825511673579, 61.151740776710547 ], [ 14.695979713224823, 61.151916099802833 ], [ 14.69629837729477, 61.151997857551748 ], [ 14.696683271259436, 61.152019917012645 ], [ 14.697261305366656, 61.151977803587627 ], [ 14.697608100092459, 61.151890695351739 ], [ 14.697803094708593, 61.151760549034357 ], [ 14.697801114683489, 61.151608129099031 ], [ 14.697459694643952, 61.151471819848247 ], [ 14.696649273876723, 61.151336479804414 ] ] ] } },
{ "type": "Feature", "properties": { "objektidentitet": "00958cf0-ec74-4b97-9f71-889300a0c3ef", "skapad": "2026-03-17T21:00:01", "objekttypnr": 2651, "objekttyp": "Sankmark, fast", "vattenytaid": null, "hojd_over_havet": null, "reglerat_vatten": null }, "geometry": { "type": "Polygon", "coordinates": [ [ [ 14.674435848802702, 61.152505242925443 ], [ 14.674673981088619, 61.152527487826283 ], [ 14.675381609516693, 61.152692654138598 ], [ 14.675582476070483, 61.152678618583835 ], [ 14.675667323566422, 61.152618922189781 ], [ 14.675306227610754, 61.152452955020067 ], [ 14.674777868176957, 61.152332802815792 ], [ 14.674262264531677, 61.15224800678056 ], [ 14.673917157823107, 61.152231491878446 ], [ 14.672231627159951, 61.152380088211764 ], [ 14.67163950932504, 61.152697328224875 ], [ 14.671895957098075, 61.15282005698004 ], [ 14.67298371212657, 61.15261214231495 ], [ 14.673399474369274, 61.152535380398909 ], [ 14.674435848802702, 61.152505242925443 ] ] ] } },
{ "type": "Feature", "properties": { "objektidentitet": "766d7bb1-b1d2-41bc-9340-615954dc1746", "skapad": "2026-03-17T21:00:01", "objekttypnr": 2651, "objekttyp": "Sankmark, fast", "vattenytaid": null, "hojd_over_havet": null, "reglerat_vatten": null }, "geometry": { "type": "Polygon", "coordinates": [ [ [ 14.678655840108526, 61.154490356760462 ], [ 14.678319116163946, 61.154149577732781 ], [ 14.678157370180504, 61.153824179580724 ], [ 14.677561261871555, 61.153452122473553 ], [ 14.677304947320401, 61.153233638942801 ], [ 14.677095229235125, 61.153231819348676 ], [ 14.676792242786282, 61.153537319078339 ], [ 14.676787392843472, 61.153671857443307 ], [ 14.677172349880836, 61.154146847763307 ], [ 14.677666768868844, 61.154727864292596 ], [ 14.678183242785755, 61.154729093100535 ], [ 14.678655840108526, 61.154490356760462 ] ] ] } },
{ "type": "Feature", "properties": { "objektidentitet": "3ae09c3b-f27a-4f0c-8922-b1bc7a0b2d0f", "skapad": "2025-12-17T01:00:01", "objekttypnr": 2651, "objekttyp": "Sankmark, fast", "vattenytaid": null, "hojd_over_havet": null, "reglerat_vatten": null }, "geometry": { "type": "Polygon", "coordinates": [ [ [ 14.7037906054343, 61.154444866751085 ], [ 14.703512970275035, 61.154367750420619 ], [ 14.702603152652276, 61.154426830479117 ], [ 14.701246573838718, 61.154420341906189 ], [ 14.700955654988384, 61.154544122475279 ], [ 14.700924399163201, 61.154781245812195 ], [ 14.703822695241474, 61.154787618045624 ], [ 14.703825601268058, 61.154477496108093 ], [ 14.7037906054343, 61.154444866751085 ] ] ] } },
{ "type": "Feature", "properties": { "objektidentitet": "5dfed411-6948-430e-9f15-5ac88743852f", "skapad": "2025-12-17T01:00:01", "objekttypnr": 2651, "objekttyp": "Sankmark, fast", "vattenytaid": null, "hojd_over_havet": null, "reglerat_vatten": null }, "geometry": { "type": "Polygon", "coordinates": [ [ [ 14.65759254993158, 61.154611153448677 ], [ 14.657590757603577, 61.154457592837481 ], [ 14.657493838042148, 61.154355494659413 ], [ 14.65717597992305, 61.15437944170106 ], [ 14.656329386763638, 61.154507383343514 ], [ 14.655617184623679, 61.154537112319041 ], [ 14.65517866628009, 61.154482766561962 ], [ 14.655077138288606, 61.154538062617434 ], [ 14.655047985278195, 61.154672116202434 ], [ 14.65724362086736, 61.154677693378474 ], [ 14.65759254993158, 61.154611153448677 ] ] ] } },
{ "type": "Feature", "properties": { "objektidentitet": "a6896cb4-7ef0-42b0-bcca-52e03ff35d46", "skapad": "2025-12-17T01:00:01", "objekttypnr": 2651, "objekttyp": "Sankmark, fast", "vattenytaid": null, "hojd_over_havet": null, "reglerat_vatten": null }, "geometry": { "type": "Polygon", "coordinates": [ [ [ 14.69752385939875, 61.154537754813234 ], [ 14.697248683633129, 61.154467229636268 ], [ 14.697041877908719, 61.154515336711654 ], [ 14.696815309037326, 61.154646093407472 ], [ 14.696764354602989, 61.154771991023104 ], [ 14.697668675277491, 61.154774013726886 ], [ 14.69752385939875, 61.154537754813234 ] ] ] } },
{ "type": "Feature", "properties": { "objektidentitet": "8d6832a9-518a-4429-8c9d-ab91734d6002", "skapad": "2026-03-17T21:00:01", "objekttypnr": 2652, "objekttyp": "Sankmark, våt", "vattenytaid": null, "hojd_over_havet": null, "reglerat_vatten": null }, "geometry": { "type": "Polygon", "coordinates": [ [ [ 14.662543400854535, 61.15041033790245 ], [ 14.662210980023994, 61.150446874180375 ], [ 14.661129576535394, 61.150892656762217 ], [ 14.660879188412183, 61.151053782482229 ], [ 14.660797864164156, 61.151191495493016 ], [ 14.660493298896631, 61.151311132868756 ], [ 14.660034977020342, 61.151597020521734 ], [ 14.660029663838444, 61.151600445630677 ], [ 14.659802463832124, 61.151791353096485 ], [ 14.659532501285081, 61.15202297460371 ], [ 14.659497897076863, 61.152506969711503 ], [ 14.659828390349857, 61.152465407681568 ], [ 14.660472585004388, 61.152144803359889 ], [ 14.660705171139092, 61.152111423406637 ], [ 14.661891746596517, 61.15197382740422 ], [ 14.663136714334652, 61.151362689193761 ], [ 14.66328871009391, 61.151140148768924 ], [ 14.663296071091182, 61.150996720023365 ], [ 14.66300090683561, 61.150605029783449 ], [ 14.662789560957497, 61.150417891027253 ], [ 14.662543400854535, 61.15041033790245 ] ] ] } },
{ "type": "Feature", "properties": { "objektidentitet": "b8bbe16b-e97c-49ad-967e-2fde30974895", "skapad": "2025-12-17T01:00:01", "objekttypnr": 2652, "objekttyp": "Sankmark, våt", "vattenytaid": null, "hojd_over_havet": null, "reglerat_vatten": null }, "geometry": { "type": "Polygon", "coordinates": [ [ [ 14.664405982359053, 61.154533697883757 ], [ 14.664335546375373, 61.154115625668666 ], [ 14.664161824082809, 61.153815336616624 ], [ 14.663788034203359, 61.153573804258386 ], [ 14.663218742203872, 61.153498106756679 ], [ 14.663015301113873, 61.153499943808754 ], [ 14.662290646443774, 61.153478925296881 ], [ 14.66208911629602, 61.153465368856473 ], [ 14.66174027854313, 61.153505139840163 ], [ 14.661466001475754, 61.153631292518178 ], [ 14.661054923569104, 61.154107451120304 ], [ 14.660767206214395, 61.154657669844639 ], [ 14.660772196643938, 61.154686581773788 ], [ 14.661472010270685, 61.154688333656914 ], [ 14.661310902771996, 61.154604033554307 ], [ 14.661262532838466, 61.15454750493172 ], [ 14.661474193233419, 61.154108500274099 ], [ 14.662037702825108, 61.153655264158338 ], [ 14.662110042856684, 61.153626374621645 ], [ 14.662141539290189, 61.153601584872561 ], [ 14.662158854089991, 61.153606880014387 ], [ 14.66218115139667, 61.153597975959485 ], [ 14.662419060108711, 61.153686363151508 ], [ 14.662511301668287, 61.153714541056104 ], [ 14.663006879242008, 61.153904740126542 ], [ 14.663071409507102, 61.153928718679445 ], [ 14.663325541997509, 61.154113117443984 ], [ 14.663312750124874, 61.154260518756125 ], [ 14.663300294658576, 61.154268172646823 ], [ 14.663290861832873, 61.154300792280466 ], [ 14.663155144327259, 61.154373479945335 ], [ 14.663133548435093, 61.154370598181821 ], [ 14.663132556976038, 61.154371215183779 ], [ 14.66312544046564, 61.15436951879736 ], [ 14.663015995525839, 61.154354935857668 ], [ 14.662646665710106, 61.154390313120807 ], [ 14.662649528863193, 61.154391873449825 ], [ 14.662639635652463, 61.154497148973462 ], [ 14.661920056024556, 61.154689453375582 ], [ 14.664312445737615, 61.154695407136252 ], [ 14.664405982359053, 61.154533697883757 ] ] ] } },
{ "type": "Feature", "properties": { "objektidentitet": "78588380-cc1d-49a1-9627-71f61cd224b5", "skapad": "2025-12-17T01:00:01", "objekttypnr": 2652, "objekttyp": "Sankmark, våt", "vattenytaid": null, "hojd_over_havet": null, "reglerat_vatten": null }, "geometry": { "type": "Polygon", "coordinates": [ [ [ 14.679015586652584, 61.154731015597164 ], [ 14.678655840108526, 61.154490356760462 ], [ 14.67810779770072, 61.154610793300193 ], [ 14.677900688692366, 61.154703911943152 ], [ 14.677891483505487, 61.154728399181565 ], [ 14.679015633966948, 61.154731069399645 ], [ 14.679015586652584, 61.154731015597164 ] ] ] } },
{ "type": "Feature", "properties": { "objektidentitet": "33bfb65f-1489-4dcc-8386-b0a7006d0f14", "skapad": "2025-12-17T01:00:01", "objekttypnr": 2622, "objekttyp": "Öppen markgräns", "vattenytaid": null, "hojd_over_havet": null, "reglerat_vatten": null }, "geometry": { "type": "LineString", "coordinates": [ [ 14.671479785554579, 61.15413315234435 ], [ 14.67188895109703, 61.154184052105528 ], [ 14.671877942305958, 61.154600208258366 ], [ 14.671673940591011, 61.154713461913147 ] ] } },
{ "type": "Feature", "properties": { "objektidentitet": "e33ff850-837c-4335-b85e-45fce554c02e", "skapad": "2025-12-17T01:00:01", "objekttypnr": 2621, "objekttyp": "Odlingsmarksgräns", "vattenytaid": null, "hojd_over_havet": null, "reglerat_vatten": null }, "geometry": { "type": "MultiLineString", "coordinates": [ [ [ 14.672175501720641, 61.154304052071005 ], [ 14.672007419621194, 61.154274772351478 ], [ 14.671933574107474, 61.154308008562893 ], [ 14.672061153390487, 61.154656000300108 ], [ 14.672053423544659, 61.154714381781112 ] ], [ [ 14.6733331945457, 61.154717476106839 ], [ 14.672175501720641, 61.154304052071005 ] ] ] } },
{ "type": "Feature", "properties": { "objektidentitet": "93f6df0c-0cd7-4c90-9117-1147d1a63836", "skapad": "2025-12-17T01:00:01", "objekttypnr": 2622, "objekttyp": "Öppen markgräns", "vattenytaid": null, "hojd_over_havet": null, "reglerat_vatten": null }, "geometry": { "type": "MultiLineString", "coordinates": [ [ [ 14.678325841730704, 61.154149593714877 ], [ 14.678384141941308, 61.154252033897684 ], [ 14.678936488973585, 61.154730881710393 ] ], [ [ 14.677649103540297, 61.154727822227954 ], [ 14.677141583055615, 61.154146774386561 ] ] ] } },
{ "type": "Feature", "properties": { "objektidentitet": "f30cbd02-c971-4acb-9bb2-afcb52276ffe", "skapad": "2025-12-17T01:00:01", "objekttypnr": 2622, "objekttyp": "Öppen markgräns", "vattenytaid": null, "hojd_over_havet": null, "reglerat_vatten": null }, "geometry": { "type": "LineString", "coordinates": [ [ 14.65678665027545, 61.154096696559812 ], [ 14.656438823771776, 61.154402827508605 ], [ 14.65622139699105, 61.15451637405652 ], [ 14.655546963075235, 61.15452942823859 ], [ 14.655052852299765, 61.154446364457648 ], [ 14.654578709976287, 61.154241557075004 ], [ 14.654778479394945, 61.154091590112017 ] ] } },
{ "type": "Feature", "properties": { "objektidentitet": "2a69b293-d79b-4884-be87-8a64e8eb971d", "skapad": "2025-12-17T01:00:01", "objekttypnr": 2613, "objekttyp": "Strandlinje, sjö", "vattenytaid": null, "hojd_over_havet": null, "reglerat_vatten": null }, "geometry": { "type": "MultiLineString", "coordinates": [ [ [ 14.661485284828924, 61.154108528011363 ], [ 14.661450851841899, 61.154136775565426 ], [ 14.661262532838466, 61.15454750493172 ], [ 14.661310902771996, 61.154604033554307 ], [ 14.661472010270685, 61.154688333656914 ] ], [ [ 14.661920056024556, 61.154689453375582 ], [ 14.662639635652463, 61.154497148973462 ], [ 14.662649528863193, 61.154391873449825 ], [ 14.662344685253379, 61.154225742518229 ], [ 14.662695100285184, 61.154249509360461 ], [ 14.662880909938975, 61.154336931075406 ], [ 14.663155144327259, 61.154373479945335 ], [ 14.663290861832873, 61.154300792280466 ], [ 14.663339377110548, 61.154132938702702 ], [ 14.663321770712029, 61.154113108064323 ] ] ] } },
{ "type": "Feature", "properties": { "objektidentitet": "5da075e0-7db5-45f7-8e6d-d015371b645b", "skapad": "2025-12-17T01:00:01", "objekttypnr": 2622, "objekttyp": "Öppen markgräns", "vattenytaid": null, "hojd_over_havet": null, "reglerat_vatten": null }, "geometry": { "type": "LineString", "coordinates": [ [ 14.664336809613078, 61.154115628801051 ], [ 14.664340348712525, 61.154121778294567 ], [ 14.6644085346051, 61.154508557489393 ], [ 14.664329389797246, 61.154695449152868 ] ] } },
{ "type": "Feature", "properties": { "objektidentitet": "295267ae-7551-4d78-bc6d-0c430a401f3a", "skapad": "2025-12-17T01:00:01", "objekttypnr": 2622, "objekttyp": "Öppen markgräns", "vattenytaid": null, "hojd_over_havet": null, "reglerat_vatten": null }, "geometry": { "type": "LineString", "coordinates": [ [ 14.660773948882937, 61.154686586164793 ], [ 14.660766952759561, 61.154653602247137 ], [ 14.661063822926018, 61.154107473402988 ] ] } },
{ "type": "Feature", "properties": { "objektidentitet": "b120f636-0005-494b-9bed-d037f7ec8663", "skapad": "2025-12-17T01:00:01", "objekttypnr": 2614, "objekttyp": "Strandlinje, vattendragsyta", "vattenytaid": null, "hojd_over_havet": null, "reglerat_vatten": null }, "geometry": { "type": "LineString", "coordinates": [ [ 14.659285405244063, 61.154682847796117 ], [ 14.659469943973942, 61.154422229256234 ], [ 14.659662057865763, 61.154265089644028 ], [ 14.659713361271651, 61.154104085354291 ] ] } },
{ "type": "Feature", "properties": { "objektidentitet": "260c4f8c-3d0e-4df0-aa72-86b3b5750a9c", "skapad": "2025-12-17T01:00:01", "objekttypnr": 2614, "objekttyp": "Strandlinje, vattendragsyta", "vattenytaid": null, "hojd_over_havet": null, "reglerat_vatten": null }, "geometry": { "type": "LineString", "coordinates": [ [ 14.658104765154711, 61.154100032113618 ], [ 14.658210848182927, 61.154275761628853 ], [ 14.658222839803903, 61.154479515960126 ], [ 14.65816472266817, 61.154680022482658 ] ] } },
{ "type": "Feature", "properties": { "objektidentitet": "56f0ff03-fa66-4455-8977-54d3bd204c86", "skapad": "2025-12-17T01:00:01", "objekttypnr": 2621, "objekttyp": "Odlingsmarksgräns", "vattenytaid": null, "hojd_over_havet": null, "reglerat_vatten": null }, "geometry": { "type": "LineString", "coordinates": [ [ 14.665480079014166, 61.154455673102753 ], [ 14.66474309011363, 61.154449702355883 ], [ 14.664542124727401, 61.154695976496598 ] ] } },
{ "type": "Feature", "properties": { "objektidentitet": "17fa5066-be74-43a0-ae9f-82e2d5fe7fcf", "skapad": "2025-12-17T01:00:01", "objekttypnr": 2621, "objekttyp": "Odlingsmarksgräns", "vattenytaid": null, "hojd_over_havet": null, "reglerat_vatten": null }, "geometry": { "type": "LineString", "coordinates": [ [ 14.666672968541041, 61.154522016880776 ], [ 14.666676272517364, 61.154701248286159 ] ] } },
{ "type": "Feature", "properties": { "objektidentitet": "b641a3fb-d8ea-4852-8212-6802c7aabc1f", "skapad": "2025-12-17T01:00:01", "objekttypnr": 2621, "objekttyp": "Odlingsmarksgräns", "vattenytaid": null, "hojd_over_havet": null, "reglerat_vatten": null }, "geometry": { "type": "LineString", "coordinates": [ [ 14.666778411067542, 61.154121661073262 ], [ 14.666672968541041, 61.154522016880776 ] ] } },
{ "type": "Feature", "properties": { "objektidentitet": "f95bfadf-30a2-4408-8453-2041b41276b8", "skapad": "2025-12-17T01:00:01", "objekttypnr": 2621, "objekttyp": "Odlingsmarksgräns", "vattenytaid": null, "hojd_over_havet": null, "reglerat_vatten": null }, "geometry": { "type": "LineString", "coordinates": [ [ 14.668417584688067, 61.154705524763081 ], [ 14.66886082034814, 61.154655957117981 ], [ 14.669056972617023, 61.154634046326407 ] ] } },
{ "type": "Feature", "properties": { "objektidentitet": "652f36d5-a6c1-4a38-8212-b9f245706fd5", "skapad": "2025-12-17T01:00:01", "objekttypnr": 2621, "objekttyp": "Odlingsmarksgräns", "vattenytaid": null, "hojd_over_havet": null, "reglerat_vatten": null }, "geometry": { "type": "LineString", "coordinates": [ [ 14.668915969934641, 61.154126906015748 ], [ 14.668914944187799, 61.154127262420921 ], [ 14.668913090226573, 61.1541268989725 ] ] } },
{ "type": "Feature", "properties": { "objektidentitet": "cc7483b9-18b9-4fe9-9efe-2a5975b97297", "skapad": "2025-12-17T01:00:01", "objekttypnr": 2622, "objekttyp": "Öppen markgräns", "vattenytaid": null, "hojd_over_havet": null, "reglerat_vatten": null }, "geometry": { "type": "LineString", "coordinates": [ [ 14.669056972617023, 61.154634046326407 ], [ 14.669119758148142, 61.154707242888655 ] ] } },
{ "type": "Feature", "properties": { "objektidentitet": "a03ec48f-4e46-4c10-99a9-a6384f413fda", "skapad": "2025-12-17T01:00:01", "objekttypnr": 2621, "objekttyp": "Odlingsmarksgräns", "vattenytaid": null, "hojd_over_havet": null, "reglerat_vatten": null }, "geometry": { "type": "LineString", "coordinates": [ [ 14.669056972617023, 61.154634046326407 ], [ 14.669601398856694, 61.154415007725675 ], [ 14.669402848702083, 61.154128095953567 ] ] } },
{ "type": "Feature", "properties": { "objektidentitet": "2b7a6fce-c669-46ea-8438-ba47d630e18f", "skapad": "2025-12-17T01:00:01", "objekttypnr": 2621, "objekttyp": "Odlingsmarksgräns", "vattenytaid": null, "hojd_over_havet": null, "reglerat_vatten": null }, "geometry": { "type": "LineString", "coordinates": [ [ 14.670239544527186, 61.154666684562095 ], [ 14.669824281298753, 61.154708963102912 ] ] } },
{ "type": "Feature", "properties": { "objektidentitet": "c0cb33bc-219a-4b21-ae16-a6ac2d878fe8", "skapad": "2025-12-17T01:00:01", "objekttypnr": 2621, "objekttyp": "Odlingsmarksgräns", "vattenytaid": null, "hojd_over_havet": null, "reglerat_vatten": null }, "geometry": { "type": "LineString", "coordinates": [ [ 14.670431147978817, 61.154710441932522 ], [ 14.670434084043487, 61.154706723509378 ] ] } },
{ "type": "Feature", "properties": { "objektidentitet": "b23c7bcb-dee8-4b4e-aac1-37069b9aa772", "skapad": "2025-12-17T01:00:01", "objekttypnr": 2622, "objekttyp": "Öppen markgräns", "vattenytaid": null, "hojd_over_havet": null, "reglerat_vatten": null }, "geometry": { "type": "LineString", "coordinates": [ [ 14.670239544527186, 61.154666684562095 ], [ 14.670001294208516, 61.154449865193783 ], [ 14.669779615353372, 61.154334840109513 ], [ 14.669847739274475, 61.154129181740508 ] ] } },
{ "type": "Feature", "properties": { "objektidentitet": "d480617f-d9ae-4669-87c7-dd372d7df916", "skapad": "2025-12-17T01:00:01", "objekttypnr": 2621, "objekttyp": "Odlingsmarksgräns", "vattenytaid": null, "hojd_over_havet": null, "reglerat_vatten": null }, "geometry": { "type": "LineString", "coordinates": [ [ 14.670434084043487, 61.154706723509378 ], [ 14.670239544527186, 61.154666684562095 ] ] } },
{ "type": "Feature", "properties": { "objektidentitet": "3c991c31-0b47-4ce2-a6ca-8fa79327957e", "skapad": "2025-12-17T01:00:01", "objekttypnr": 2622, "objekttyp": "Öppen markgräns", "vattenytaid": null, "hojd_over_havet": null, "reglerat_vatten": null }, "geometry": { "type": "LineString", "coordinates": [ [ 14.670434084043487, 61.154706723509378 ], [ 14.670840410948095, 61.154183301936953 ], [ 14.67123746260364, 61.154221677431799 ], [ 14.67119545956054, 61.154526604278225 ], [ 14.670860839722828, 61.154673008799747 ], [ 14.670803737236454, 61.154711348520429 ] ] } },
{ "type": "Feature", "properties": { "objektidentitet": "ca3faacc-8ee2-4c2d-95c6-89d0cc62afcc", "skapad": "2025-12-17T01:00:01", "objekttypnr": 2621, "objekttyp": "Odlingsmarksgräns", "vattenytaid": null, "hojd_over_havet": null, "reglerat_vatten": null }, "geometry": { "type": "LineString", "coordinates": [ [ 14.665913273483445, 61.154516086186753 ], [ 14.665480079014166, 61.154455673102753 ] ] } },
{ "type": "Feature", "properties": { "objektidentitet": "2f2a1cf9-44ab-4811-9fe5-fbeddf1c17bd", "skapad": "2025-12-17T01:00:01", "objekttypnr": 2622, "objekttyp": "Öppen markgräns", "vattenytaid": null, "hojd_over_havet": null, "reglerat_vatten": null }, "geometry": { "type": "LineString", "coordinates": [ [ 14.665913273483445, 61.154516086186753 ], [ 14.666672968541041, 61.154522016880776 ] ] } },
{ "type": "Feature", "properties": { "objektidentitet": "e07fdf47-1db6-463a-ac04-5dd4eaaccd9c", "skapad": "2025-12-17T01:00:01", "objekttypnr": 2621, "objekttyp": "Odlingsmarksgräns", "vattenytaid": null, "hojd_over_havet": null, "reglerat_vatten": null }, "geometry": { "type": "LineString", "coordinates": [ [ 14.665902943931837, 61.154699341890627 ], [ 14.665913273483445, 61.154516086186753 ] ] } },
{ "type": "Feature", "properties": { "objektidentitet": "de33820b-7fe0-412b-ad67-472882064380", "skapad": "2026-03-17T21:00:01", "objekttypnr": 2622, "objekttyp": "Öppen markgräns", "vattenytaid": null, "hojd_over_havet": null, "reglerat_vatten": null }, "geometry": { "type": "MultiLineString", "coordinates": [ [ [ 14.704126901612865, 61.122285510906941 ], [ 14.703901932208549, 61.122433802174648 ], [ 14.704123758632996, 61.122621708610673 ] ], [ [ 14.704118629402199, 61.123170353533439 ], [ 14.703120933165842, 61.12339150386299 ], [ 14.703306829134062, 61.12368008123326 ], [ 14.703827991797958, 61.123740270244973 ], [ 14.704113564034309, 61.123712145845275 ] ], [ [ 14.704102974009777, 61.124844786846232 ], [ 14.703529409728032, 61.124883693639177 ], [ 14.702530754750615, 61.12386182928951 ], [ 14.701623736128393, 61.12364007304847 ], [ 14.700556161657113, 61.123378551729587 ], [ 14.700217323523031, 61.1230867409041 ], [ 14.69983652384094, 61.123141477896816 ], [ 14.699057146851294, 61.122246831616494 ], [ 14.699078335004563, 61.122194986753087 ], [ 14.699270202238283, 61.122159170136342 ], [ 14.699887486353804, 61.122147828596276 ], [ 14.700146135819971, 61.122186189640402 ], [ 14.701186093171305, 61.122875472631122 ], [ 14.702319969999396, 61.122531734635636 ], [ 14.702390346324815, 61.122668576654135 ], [ 14.702121384080575, 61.122985700058429 ], [ 14.701392373279589, 61.123358189080413 ], [ 14.701454715181759, 61.123500436466905 ], [ 14.70392278929347, 61.12308114771119 ], [ 14.703131009241178, 61.122493422045316 ], [ 14.70299550825994, 61.12211842691385 ], [ 14.703196955954493, 61.121871952231658 ], [ 14.703886640096719, 61.121681724742047 ], [ 14.704131405670323, 61.121803707322762 ] ] ] } },
{ "type": "Feature", "properties": { "objektidentitet": "3d215bb1-d40d-4e41-a838-11fc65cdefd9", "skapad": "2026-03-17T21:00:01", "objekttypnr": 2622, "objekttyp": "Öppen markgräns", "vattenytaid": null, "hojd_over_havet": null, "reglerat_vatten": null }, "geometry": { "type": "LineString", "coordinates": [ [ 14.693121018572629, 61.122942598414319 ], [ 14.693016906271589, 61.123136193087959 ], [ 14.69318130220563, 61.124009272026136 ], [ 14.694202822793327, 61.124681886333406 ], [ 14.694326536401743, 61.124914673011403 ], [ 14.694173626564423, 61.124996698965937 ], [ 14.693892107461405, 61.124977926901586 ], [ 14.693033491794079, 61.124713874430562 ], [ 14.692745892661939, 61.124532076264316 ], [ 14.692386218448675, 61.124031607676386 ], [ 14.692464813974977, 61.123221171055526 ], [ 14.692823639497821, 61.123010801202291 ], [ 14.693121018572629, 61.122942598414319 ] ] } },
{ "type": "Feature", "properties": { "objektidentitet": "35756cb4-8894-4f21-a480-7a6c628db37c", "skapad": "2026-03-17T21:00:01", "objekttypnr": 2622, "objekttyp": "Öppen markgräns", "vattenytaid": null, "hojd_over_havet": null, "reglerat_vatten": null }, "geometry": { "type": "LineString", "coordinates": [ [ 14.696969332871024, 61.12412353315807 ], [ 14.696915255487877, 61.124093255750545 ], [ 14.69669169355646, 61.124122767379276 ], [ 14.696573801606268, 61.124082785079388 ], [ 14.696257076258487, 61.12367542463506 ], [ 14.696177565366678, 61.123112122013637 ], [ 14.696585523366341, 61.12295697644025 ], [ 14.697681772264133, 61.124053286920557 ], [ 14.697873369865684, 61.124037330358334 ], [ 14.698127190788378, 61.123797121184495 ], [ 14.698343876200409, 61.123719452855177 ], [ 14.69886905181326, 61.123725668291925 ], [ 14.699342250664335, 61.12423644477655 ], [ 14.698798375297146, 61.12430039579457 ], [ 14.698138897982192, 61.124235515698984 ], [ 14.69805959990849, 61.124262945595071 ], [ 14.697882869893498, 61.124576289306518 ], [ 14.698438865390898, 61.125233870255634 ], [ 14.697962759794043, 61.125564394562126 ], [ 14.697629912514047, 61.125583976568812 ], [ 14.697630049215913, 61.125591042567052 ], [ 14.697553159574813, 61.125595278767427 ], [ 14.697391741960077, 61.125534802281017 ], [ 14.697386549669076, 61.125493501748139 ], [ 14.697758206327924, 61.124990399558165 ], [ 14.697589191342997, 61.12483753366282 ], [ 14.697411235502253, 61.124631813346845 ], [ 14.696969332871024, 61.12412353315807 ] ] } },
{ "type": "Feature", "properties": { "objektidentitet": "868e4167-10df-4e7c-8278-0f44c25aac20", "skapad": "2026-03-17T21:00:01", "objekttypnr": 2622, "objekttyp": "Öppen markgräns", "vattenytaid": null, "hojd_over_havet": null, "reglerat_vatten": null }, "geometry": { "type": "LineString", "coordinates": [ [ 14.700090200947933, 61.12455740975917 ], [ 14.700368013882414, 61.124428484749821 ], [ 14.701412366053127, 61.125702993502259 ], [ 14.700984039936548, 61.1259045598241 ], [ 14.700695161179674, 61.12587955507319 ], [ 14.700135795422709, 61.125185589230703 ], [ 14.700090200947933, 61.12455740975917 ] ] } },
{ "type": "Feature", "properties": { "objektidentitet": "158d692d-4256-40a5-8e9f-f2ed4563728b", "skapad": "2026-03-17T21:00:01", "objekttypnr": 2621, "objekttyp": "Odlingsmarksgräns", "vattenytaid": null, "hojd_over_havet": null, "reglerat_vatten": null }, "geometry": { "type": "LineString", "coordinates": [ [ 14.683767298124973, 61.128330097282216 ], [ 14.68436664210582, 61.128268867577127 ], [ 14.684334871643214, 61.128161661148575 ], [ 14.684159146434084, 61.127953082759269 ], [ 14.683201439817639, 61.128067034222049 ], [ 14.682830210297814, 61.128137798400175 ] ] } },
{ "type": "Feature", "properties": { "objektidentitet": "7fc35a24-b2fb-4696-ab4a-34b4e2ef30d0", "skapad": "2026-03-17T21:00:01", "objekttypnr": 2621, "objekttyp": "Odlingsmarksgräns", "vattenytaid": null, "hojd_over_havet": null, "reglerat_vatten": null }, "geometry": { "type": "LineString", "coordinates": [ [ 14.681583088516216, 61.128167646927004 ], [ 14.681141999914544, 61.12807235011153 ], [ 14.680146718325419, 61.128752439988801 ], [ 14.679608228340973, 61.128507651522852 ], [ 14.679015189349929, 61.128712744471187 ] ] } },
{ "type": "Feature", "properties": { "objektidentitet": "a4fcfabd-99c7-4841-93f8-a395e9c3f3a0", "skapad": "2026-03-17T21:00:01", "objekttypnr": 2622, "objekttyp": "Öppen markgräns", "vattenytaid": null, "hojd_over_havet": null, "reglerat_vatten": null }, "geometry": { "type": "LineString", "coordinates": [ [ 14.682830210297814, 61.128137798400175 ], [ 14.681583088516216, 61.128167646927004 ] ] } },
{ "type": "Feature", "properties": { "objektidentitet": "115ad678-2f33-4122-944b-bd4443f89119", "skapad": "2026-03-17T21:00:01", "objekttypnr": 2621, "objekttyp": "Odlingsmarksgräns", "vattenytaid": null, "hojd_over_havet": null, "reglerat_vatten": null }, "geometry": { "type": "LineString", "coordinates": [ [ 14.682830210297814, 61.128137798400175 ], [ 14.682923875470161, 61.128196149317787 ], [ 14.683614796605296, 61.128194193587909 ], [ 14.683767298124973, 61.128330097282216 ] ] } },
{ "type": "Feature", "properties": { "objektidentitet": "b628178b-4514-4155-9631-029dcf404e2c", "skapad": "2026-03-17T21:00:01", "objekttypnr": 2621, "objekttyp": "Odlingsmarksgräns", "vattenytaid": null, "hojd_over_havet": null, "reglerat_vatten": null }, "geometry": { "type": "LineString", "coordinates": [ [ 14.68095181832224, 61.12862764615798 ], [ 14.681583088516216, 61.128167646927004 ] ] } },
{ "type": "Feature", "properties": { "objektidentitet": "e9d997c4-04ea-4c85-8bd8-2e859525d73e", "skapad": "2026-03-17T21:00:01", "objekttypnr": 2622, "objekttyp": "Öppen markgräns", "vattenytaid": null, "hojd_over_havet": null, "reglerat_vatten": null }, "geometry": { "type": "LineString", "coordinates": [ [ 14.686262524745803, 61.130748009314082 ], [ 14.686210832728861, 61.130684910288331 ], [ 14.686056709518303, 61.130667216613602 ], [ 14.685083610032688, 61.130975228023253 ], [ 14.685099268707509, 61.131056540332125 ], [ 14.685383862823853, 61.13102492719625 ], [ 14.685451220269968, 61.131103280673493 ], [ 14.684959004346055, 61.1313566830841 ], [ 14.684113048644836, 61.131674239689545 ], [ 14.683897011278395, 61.132241123345416 ], [ 14.682761877260587, 61.13197407922835 ], [ 14.682992257509483, 61.131569271422784 ], [ 14.683223269719139, 61.13150869147276 ], [ 14.68353937268747, 61.131531274313296 ], [ 14.684189797277423, 61.131445870907996 ], [ 14.684408217890418, 61.131415128662262 ], [ 14.684507333657027, 61.131339632067345 ], [ 14.684413056975023, 61.131138471101686 ], [ 14.684026742479867, 61.130931735334265 ], [ 14.684342425925427, 61.130819064688176 ], [ 14.684398513996491, 61.130731473168773 ], [ 14.684610821697962, 61.130344971112756 ], [ 14.684180740676991, 61.130076644736292 ], [ 14.683761127925772, 61.130126909972653 ], [ 14.683529831103034, 61.129998049376169 ], [ 14.68346852806849, 61.129916486245513 ], [ 14.684023298297443, 61.129674179221198 ], [ 14.683736170197706, 61.129453318654136 ], [ 14.682468471594328, 61.128788801540814 ], [ 14.68265721908028, 61.128577547812959 ], [ 14.683067551821544, 61.128682741893797 ], [ 14.683342535609091, 61.128643039628052 ], [ 14.683767298124973, 61.128330097282216 ] ] } },
{ "type": "Feature", "properties": { "objektidentitet": "d0fba275-c765-420a-97ef-e8c5f947efd9", "skapad": "2026-03-17T21:00:01", "objekttypnr": 2622, "objekttyp": "Öppen markgräns", "vattenytaid": null, "hojd_over_havet": null, "reglerat_vatten": null }, "geometry": { "type": "LineString", "coordinates": [ [ 14.68095181832224, 61.12862764615798 ], [ 14.681537363067923, 61.128833719658786 ] ] } },
{ "type": "Feature", "properties": { "objektidentitet": "63c7f1c7-8f0d-437d-87df-423c2bdd2269", "skapad": "2026-03-17T21:00:01", "objekttypnr": 2621, "objekttyp": "Odlingsmarksgräns", "vattenytaid": null, "hojd_over_havet": null, "reglerat_vatten": null }, "geometry": { "type": "LineString", "coordinates": [ [ 14.679441103215424, 61.12902709786313 ], [ 14.68025027618954, 61.128829067935833 ], [ 14.680535613631834, 61.128897012551249 ], [ 14.68095181832224, 61.12862764615798 ] ] } },
{ "type": "Feature", "properties": { "objektidentitet": "28d6e801-93a2-4e84-8302-68d384f17001", "skapad": "2026-03-17T21:00:01", "objekttypnr": 2622, "objekttyp": "Öppen markgräns", "vattenytaid": null, "hojd_over_havet": null, "reglerat_vatten": null }, "geometry": { "type": "LineString", "coordinates": [ [ 14.679015189349929, 61.128712744471187 ], [ 14.677959716875279, 61.128808525249987 ] ] } },
{ "type": "Feature", "properties": { "objektidentitet": "32ab4d35-8d05-4089-8c8a-a28d171e642e", "skapad": "2026-03-17T21:00:01", "objekttypnr": 2621, "objekttyp": "Odlingsmarksgräns", "vattenytaid": null, "hojd_over_havet": null, "reglerat_vatten": null }, "geometry": { "type": "LineString", "coordinates": [ [ 14.679015189349929, 61.128712744471187 ], [ 14.679441103215424, 61.12902709786313 ] ] } },
{ "type": "Feature", "properties": { "objektidentitet": "0c23e68a-c070-43f7-866d-4f97ec7c4c8b", "skapad": "2026-03-17T21:00:01", "objekttypnr": 2621, "objekttyp": "Odlingsmarksgräns", "vattenytaid": null, "hojd_over_havet": null, "reglerat_vatten": null }, "geometry": { "type": "LineString", "coordinates": [ [ 14.679512038620974, 61.129512821572995 ], [ 14.679600715124469, 61.129555766057365 ], [ 14.680058526657216, 61.129730184052811 ], [ 14.680675871659085, 61.129487221660774 ], [ 14.68103891520024, 61.129646751906627 ], [ 14.681658620514431, 61.129321419333557 ], [ 14.682087336387678, 61.128885504245339 ], [ 14.681674590936083, 61.12873600482277 ], [ 14.681537363067923, 61.128833719658786 ] ] } },
{ "type": "Feature", "properties": { "objektidentitet": "651830a6-824b-4059-bbca-f006369e0284", "skapad": "2026-03-17T21:00:01", "objekttypnr": 2621, "objekttyp": "Odlingsmarksgräns", "vattenytaid": null, "hojd_over_havet": null, "reglerat_vatten": null }, "geometry": { "type": "LineString", "coordinates": [ [ 14.678457325930136, 61.129262792009015 ], [ 14.677959716875279, 61.128808525249987 ] ] } },
{ "type": "Feature", "properties": { "objektidentitet": "bfb03fc0-7f2e-428e-ab83-ca97ffe1a308", "skapad": "2026-03-17T21:00:01", "objekttypnr": 2621, "objekttyp": "Odlingsmarksgräns", "vattenytaid": null, "hojd_over_havet": null, "reglerat_vatten": null }, "geometry": { "type": "LineString", "coordinates": [ [ 14.681537363067923, 61.128833719658786 ], [ 14.681276752675878, 61.129193259682992 ], [ 14.680680436204682, 61.129084595775119 ], [ 14.679512038620974, 61.129512821572995 ] ] } },
{ "type": "Feature", "properties": { "objektidentitet": "394c1c04-46b9-405b-b3f4-f6d11a9b5e60", "skapad": "2026-03-17T21:00:01", "objekttypnr": 2622, "objekttyp": "Öppen markgräns", "vattenytaid": null, "hojd_over_havet": null, "reglerat_vatten": null }, "geometry": { "type": "LineString", "coordinates": [ [ 14.678457325930136, 61.129262792009015 ], [ 14.679441103215424, 61.12902709786313 ] ] } },
{ "type": "Feature", "properties": { "objektidentitet": "c89c169f-3680-438a-aa9e-1f757037e489", "skapad": "2026-03-17T21:00:01", "objekttypnr": 2621, "objekttyp": "Odlingsmarksgräns", "vattenytaid": null, "hojd_over_havet": null, "reglerat_vatten": null }, "geometry": { "type": "LineString", "coordinates": [ [ 14.678373051293811, 61.12929473212867 ], [ 14.678457325930136, 61.129262792009015 ] ] } },
{ "type": "Feature", "properties": { "objektidentitet": "d178d8ce-e139-4348-9b05-a5774fb635de", "skapad": "2026-03-17T21:00:01", "objekttypnr": 2622, "objekttyp": "Öppen markgräns", "vattenytaid": null, "hojd_over_havet": null, "reglerat_vatten": null }, "geometry": { "type": "LineString", "coordinates": [ [ 14.679512038620974, 61.129512821572995 ], [ 14.679376396126461, 61.129513532825996 ], [ 14.678356466433405, 61.129781146476731 ], [ 14.678098914028267, 61.13006753639894 ], [ 14.677823142068894, 61.130129913146511 ], [ 14.677335532993879, 61.129954348274133 ], [ 14.677138540010588, 61.129786756500522 ], [ 14.677299903683958, 61.129732547476102 ], [ 14.6779146906427, 61.12961713024314 ], [ 14.678297485386567, 61.129465238786658 ], [ 14.678373051293811, 61.12929473212867 ] ] } },
{ "type": "Feature", "properties": { "objektidentitet": "3d93a37b-3d8c-4f58-a8df-980d90d3afe1", "skapad": "2026-03-17T21:00:01", "objekttypnr": 2622, "objekttyp": "Öppen markgräns", "vattenytaid": null, "hojd_over_havet": null, "reglerat_vatten": null }, "geometry": { "type": "LineString", "coordinates": [ [ 14.683041267707051, 61.129775818178778 ], [ 14.682853264671806, 61.129847514314882 ], [ 14.682635152577321, 61.130079779499049 ], [ 14.682434043862091, 61.130543181636348 ], [ 14.682329099608816, 61.130856853244339 ], [ 14.681426721317916, 61.130998053375052 ], [ 14.681118407977404, 61.130860882399382 ], [ 14.681060108157013, 61.130522380221947 ], [ 14.681245140596021, 61.130449665295664 ], [ 14.681526152515218, 61.130146688544933 ], [ 14.681622182478751, 61.129619845682946 ], [ 14.681779877603461, 61.129588058171329 ], [ 14.682016712461678, 61.129647006649627 ], [ 14.682521352660324, 61.129736991172273 ], [ 14.682803352711353, 61.129722489137791 ], [ 14.683041267707051, 61.129775818178778 ] ] } },
{ "type": "Feature", "properties": { "objektidentitet": "62ce9978-4f49-485e-9b4a-d370c5386f1b", "skapad": "2026-03-17T21:00:01", "objekttypnr": 2621, "objekttyp": "Odlingsmarksgräns", "vattenytaid": null, "hojd_over_havet": null, "reglerat_vatten": null }, "geometry": { "type": "LineString", "coordinates": [ [ 14.679541275568054, 61.130620204797388 ], [ 14.680292286252126, 61.130142853829845 ], [ 14.679926293005609, 61.129997598339457 ], [ 14.679655651105328, 61.130166144592096 ], [ 14.679479353531338, 61.130410013383106 ], [ 14.678464907262907, 61.130354547461948 ], [ 14.678005277452103, 61.130780160499931 ], [ 14.677945844907246, 61.131021288567673 ], [ 14.678220287808626, 61.131150602442595 ], [ 14.678854071875778, 61.131273075504481 ], [ 14.67913174951533, 61.131138914340745 ], [ 14.679541275568054, 61.130620204797388 ] ] } },
{ "type": "Feature", "properties": { "objektidentitet": "0f7604a2-9828-45f4-9093-1b5268b74af5", "skapad": "2026-03-17T21:00:01", "objekttypnr": 2621, "objekttyp": "Odlingsmarksgräns", "vattenytaid": null, "hojd_over_havet": null, "reglerat_vatten": null }, "geometry": { "type": "LineString", "coordinates": [ [ 14.686409582881705, 61.131293114495008 ], [ 14.687137362026638, 61.131250547615494 ], [ 14.687038086447878, 61.130663474983351 ], [ 14.686759583495789, 61.130663521734782 ], [ 14.686262524745803, 61.130748009314082 ] ] } },
{ "type": "Feature", "properties": { "objektidentitet": "f5eb1af1-0284-410e-a01f-edf525d34529", "skapad": "2026-03-17T21:00:01", "objekttypnr": 2621, "objekttyp": "Odlingsmarksgräns", "vattenytaid": null, "hojd_over_havet": null, "reglerat_vatten": null }, "geometry": { "type": "LineString", "coordinates": [ [ 14.686262524745803, 61.130748009314082 ], [ 14.686409582881705, 61.131293114495008 ] ] } },
{ "type": "Feature", "properties": { "objektidentitet": "712910c2-9267-4d39-b4cc-4d18024d2ab9", "skapad": "2026-03-17T21:00:01", "objekttypnr": 2622, "objekttyp": "Öppen markgräns", "vattenytaid": null, "hojd_over_havet": null, "reglerat_vatten": null }, "geometry": { "type": "LineString", "coordinates": [ [ 14.687506060621777, 61.132079700790143 ], [ 14.687372819018716, 61.131858925061181 ], [ 14.687779629128933, 61.131764421312575 ], [ 14.688028636542084, 61.131625381949974 ], [ 14.687984688078529, 61.131567275045526 ], [ 14.687696845849022, 61.131260028109665 ], [ 14.68675845912192, 61.131495267843817 ], [ 14.68533778237552, 61.131601742791709 ], [ 14.685143330057977, 61.131548563639797 ], [ 14.685198402091759, 61.131456651497906 ], [ 14.685563667941773, 61.131357918982957 ], [ 14.686409582881705, 61.131293114495008 ] ] } },
{ "type": "Feature", "properties": { "objektidentitet": "d402a2e8-85fe-46cd-b046-893a1a2277be", "skapad": "2026-03-17T21:00:01", "objekttypnr": 2614, "objekttyp": "Strandlinje, vattendragsyta", "vattenytaid": null, "hojd_over_havet": null, "reglerat_vatten": null }, "geometry": { "type": "LineString", "coordinates": [ [ 14.660917239155363, 61.150989345295002 ], [ 14.660970030082469, 61.150827123341024 ], [ 14.660955083836967, 61.150729308885595 ], [ 14.660803161704434, 61.150476194514482 ], [ 14.659975542369482, 61.149754521063485 ], [ 14.659778340383934, 61.149537867294583 ], [ 14.659283930806419, 61.149242250840572 ], [ 14.658866531441564, 61.149056652012518 ], [ 14.658556174668229, 61.14894663672456 ], [ 14.658000769794793, 61.148806680101089 ], [ 14.657298790879711, 61.148469099247073 ], [ 14.65716754759287, 61.148289543068941 ], [ 14.656973315321427, 61.147483338817949 ] ] } },
{ "type": "Feature", "properties": { "objektidentitet": "2116cbab-4650-477f-8206-76af82d99042", "skapad": "2026-03-17T21:00:01", "objekttypnr": 2621, "objekttyp": "Odlingsmarksgräns", "vattenytaid": null, "hojd_over_havet": null, "reglerat_vatten": null }, "geometry": { "type": "LineString", "coordinates": [ [ 14.663403281466275, 61.144378872771171 ], [ 14.663712928660955, 61.145178199735952 ], [ 14.664609446478643, 61.146044949930065 ], [ 14.665012047984339, 61.146026025335296 ], [ 14.665549004872227, 61.146445565597674 ], [ 14.6655400226342, 61.14648519851368 ], [ 14.665196092201089, 61.146584962291911 ], [ 14.665828244045288, 61.147311696584758 ], [ 14.667197680668078, 61.147293685794253 ], [ 14.665132528799971, 61.145551954722457 ], [ 14.664194201762209, 61.144354568552245 ], [ 14.663403281466275, 61.144378872771171 ] ] } },
{ "type": "Feature", "properties": { "objektidentitet": "86b1e3e6-7285-4bf0-b1e0-3bed39518549", "skapad": "2026-03-17T21:00:01", "objekttypnr": 2621, "objekttyp": "Odlingsmarksgräns", "vattenytaid": null, "hojd_over_havet": null, "reglerat_vatten": null }, "geometry": { "type": "LineString", "coordinates": [ [ 14.663009423006907, 61.146684925616974 ], [ 14.661116861310552, 61.145202284625022 ], [ 14.660685583110157, 61.145315249023362 ], [ 14.660124049114902, 61.145617505062702 ], [ 14.65990374094112, 61.146009245264082 ], [ 14.659228701431818, 61.146381544235233 ], [ 14.658802635945019, 61.146882033347936 ] ] } },
{ "type": "Feature", "properties": { "objektidentitet": "685c8687-0df7-444c-bfa8-edcea3ead7c2", "skapad": "2026-03-17T21:00:01", "objekttypnr": 2614, "objekttyp": "Strandlinje, vattendragsyta", "vattenytaid": null, "hojd_over_havet": null, "reglerat_vatten": null }, "geometry": { "type": "LineString", "coordinates": [ [ 14.65696664761675, 61.149048061733779 ], [ 14.657286364496077, 61.149221290027782 ], [ 14.657643706036488, 61.149323876995034 ], [ 14.657986647893372, 61.149476702044893 ], [ 14.658158166216371, 61.149538570244289 ], [ 14.658249572964316, 61.149608154560866 ], [ 14.658474041532044, 61.149709065920071 ], [ 14.658773250987672, 61.149811260717819 ], [ 14.659037716789564, 61.149981239136544 ], [ 14.659169399929747, 61.150085452929808 ], [ 14.659311008217115, 61.150272026798952 ], [ 14.659735724358686, 61.150501023270401 ], [ 14.659903819835355, 61.150671197680651 ] ] } },
{ "type": "Feature", "properties": { "objektidentitet": "93acf552-b22d-40b0-9d54-fd4c86880969", "skapad": "2026-03-17T21:00:01", "objekttypnr": 2621, "objekttyp": "Odlingsmarksgräns", "vattenytaid": null, "hojd_over_havet": null, "reglerat_vatten": null }, "geometry": { "type": "LineString", "coordinates": [ [ 14.657525705231789, 61.145266791000189 ], [ 14.657644307788907, 61.145444609151625 ], [ 14.657796850240029, 61.145704515960546 ], [ 14.65782837476881, 61.145838041761863 ], [ 14.657227050510249, 61.14593331889246 ], [ 14.657171853229718, 61.145973848497263 ], [ 14.65820656214993, 61.146019253587731 ], [ 14.65873120453446, 61.146142980789136 ], [ 14.659143981510567, 61.146055903886513 ], [ 14.659526381748833, 61.145850278189442 ], [ 14.6595347067363, 61.145511845417602 ], [ 14.659785717295495, 61.145235924435511 ], [ 14.659510165294957, 61.145055199639984 ], [ 14.658348195972897, 61.144573359761537 ] ] } },
{ "type": "Feature", "properties": { "objektidentitet": "fbfb3c2d-cc42-46cd-b9e7-3077e538862a", "skapad": "2026-03-17T21:00:01", "objekttypnr": 2622, "objekttyp": "Öppen markgräns", "vattenytaid": null, "hojd_over_havet": null, "reglerat_vatten": null }, "geometry": { "type": "LineString", "coordinates": [ [ 14.662611785107991, 61.123795882734576 ], [ 14.661762358162472, 61.123456608179026 ], [ 14.661741285865734, 61.123351155912722 ], [ 14.662320135017181, 61.122991459993592 ], [ 14.662908027432918, 61.122771281808845 ], [ 14.66335409227101, 61.122739165803821 ], [ 14.663916818945028, 61.122779798100886 ], [ 14.66399462650079, 61.122841004594605 ], [ 14.663745021942058, 61.123025785437662 ], [ 14.664221573460805, 61.123150512887563 ], [ 14.663965231082798, 61.123394665896718 ], [ 14.664016807367203, 61.123487867144085 ], [ 14.665025838759151, 61.123781026518287 ], [ 14.665256350357408, 61.123493669231884 ], [ 14.664617388711742, 61.123408206908621 ], [ 14.664878462248204, 61.123069150922106 ], [ 14.665080086264023, 61.123052152438895 ], [ 14.666004252960684, 61.123399670678168 ], [ 14.667007250223783, 61.123698016409136 ], [ 14.667787364610955, 61.124055932149403 ], [ 14.667656184827917, 61.124151762323443 ] ] } },
{ "type": "Feature", "properties": { "objektidentitet": "583d7cba-25dc-487c-9655-ad93520e85d8", "skapad": "2026-03-17T21:00:01", "objekttypnr": 2622, "objekttyp": "Öppen markgräns", "vattenytaid": null, "hojd_over_havet": null, "reglerat_vatten": null }, "geometry": { "type": "LineString", "coordinates": [ [ 14.656973315321427, 61.147483338817949 ], [ 14.657861951891714, 61.147474419800815 ], [ 14.657732677505136, 61.147643288272647 ], [ 14.657392216643279, 61.147602835056411 ], [ 14.657297765654633, 61.14766913019858 ], [ 14.65756613375882, 61.148267093038378 ], [ 14.658210209638895, 61.148061639409313 ], [ 14.658694513939352, 61.148158448122388 ], [ 14.658957141501949, 61.148115253515755 ], [ 14.659028896206774, 61.147731516908308 ], [ 14.659516415993787, 61.147603652519088 ], [ 14.660067425126982, 61.147791757706486 ], [ 14.660951658687257, 61.147793993407532 ], [ 14.662057392099623, 61.147432718418003 ], [ 14.661890977647294, 61.147151037438022 ] ] } },
{ "type": "Feature", "properties": { "objektidentitet": "cb6b8fd0-bcb7-4a2d-9f55-64027b45aa24", "skapad": "2026-03-17T21:00:01", "objekttypnr": 2622, "objekttyp": "Öppen markgräns", "vattenytaid": null, "hojd_over_havet": null, "reglerat_vatten": null }, "geometry": { "type": "LineString", "coordinates": [ [ 14.664057413536556, 61.124981715973639 ], [ 14.663834810029428, 61.124917519315652 ], [ 14.663424006404645, 61.125010271005692 ], [ 14.663047618082157, 61.124884820724553 ], [ 14.662655207070474, 61.124652017493105 ], [ 14.661324232272976, 61.124671001667153 ], [ 14.660915564198007, 61.124752897048467 ], [ 14.660756496439076, 61.124831629013457 ], [ 14.660924751703202, 61.124969510065156 ], [ 14.661929827997255, 61.124958747557905 ], [ 14.663162841707999, 61.125107281917479 ], [ 14.663163399909967, 61.125318172253053 ], [ 14.663439635822973, 61.125650814766026 ], [ 14.66371169760807, 61.125728736543266 ] ] } },
{ "type": "Feature", "properties": { "objektidentitet": "b1153244-37cc-49a7-b945-abaab9b71df2", "skapad": "2026-03-17T21:00:01", "objekttypnr": 2622, "objekttyp": "Öppen markgräns", "vattenytaid": null, "hojd_over_havet": null, "reglerat_vatten": null }, "geometry": { "type": "LineString", "coordinates": [ [ 14.659271462814512, 61.125090480090712 ], [ 14.659925682376008, 61.124694148236735 ], [ 14.66019342265006, 61.124730400264639 ], [ 14.66071796928636, 61.124417088891043 ], [ 14.660247005840464, 61.124130995756254 ], [ 14.659712229378828, 61.123980170865394 ] ] } },
{ "type": "Feature", "properties": { "objektidentitet": "77cc86dc-4d6f-464e-916d-0bb69bf88c19", "skapad": "2026-03-17T21:00:01", "objekttypnr": 2614, "objekttyp": "Strandlinje, vattendragsyta", "vattenytaid": null, "hojd_over_havet": null, "reglerat_vatten": null }, "geometry": { "type": "LineString", "coordinates": [ [ 14.659498786037434, 61.152051905959368 ], [ 14.660012925643384, 61.151610781965722 ], [ 14.660493298896631, 61.151311132868756 ], [ 14.660797864164156, 61.151191495493016 ], [ 14.660917239155363, 61.150989345295002 ] ] } },
{ "type": "Feature", "properties": { "objektidentitet": "27802e51-f823-4830-ae04-da60c3c068d0", "skapad": "2026-03-17T21:00:01", "objekttypnr": 2622, "objekttyp": "Öppen markgräns", "vattenytaid": null, "hojd_over_havet": null, "reglerat_vatten": null }, "geometry": { "type": "LineString", "coordinates": [ [ 14.667143318397926, 61.147700515219086 ], [ 14.666804442115023, 61.148269968593183 ], [ 14.666983901194143, 61.148488947688669 ], [ 14.665912940582954, 61.14837413980073 ], [ 14.666254116818362, 61.148214889550701 ], [ 14.665998778528168, 61.148161551073663 ], [ 14.665880368603064, 61.147947794111971 ], [ 14.665936629833128, 61.147790013688244 ], [ 14.666244916607663, 61.147643484560703 ], [ 14.666611551956331, 61.147607372573447 ], [ 14.667143318397926, 61.147700515219086 ] ] } },
{ "type": "Feature", "properties": { "objektidentitet": "db18bc9c-c96d-4dab-be3b-f28b6798f431", "skapad": "2026-03-17T21:00:01", "objekttypnr": 2621, "objekttyp": "Odlingsmarksgräns", "vattenytaid": null, "hojd_over_havet": null, "reglerat_vatten": null }, "geometry": { "type": "LineString", "coordinates": [ [ 14.664728663132836, 61.125496777896302 ], [ 14.664989579547175, 61.125433556213821 ], [ 14.66527083454443, 61.125274303482207 ], [ 14.665295613090187, 61.125230642847143 ], [ 14.665125951855101, 61.125107936057518 ], [ 14.665299889308205, 61.124979031969261 ], [ 14.665715341834984, 61.124832185448192 ] ] } },
{ "type": "Feature", "properties": { "objektidentitet": "0fe40402-5dae-4b80-b0c0-970f121fc618", "skapad": "2026-03-17T21:00:01", "objekttypnr": 2621, "objekttyp": "Odlingsmarksgräns", "vattenytaid": null, "hojd_over_havet": null, "reglerat_vatten": null }, "geometry": { "type": "LineString", "coordinates": [ [ 14.664057413536556, 61.124981715973639 ], [ 14.663622398655317, 61.125188525491431 ], [ 14.663610338117925, 61.12549190082234 ], [ 14.663625163783726, 61.125532625288379 ], [ 14.663775169942353, 61.125614552576721 ], [ 14.664452401621928, 61.125508518279034 ], [ 14.664728663132836, 61.125496777896302 ] ] } },
{ "type": "Feature", "properties": { "objektidentitet": "e41cccbf-7d2e-4bd5-8293-fe97aa41c487", "skapad": "2026-03-17T21:00:01", "objekttypnr": 2621, "objekttyp": "Odlingsmarksgräns", "vattenytaid": null, "hojd_over_havet": null, "reglerat_vatten": null }, "geometry": { "type": "LineString", "coordinates": [ [ 14.658802635945019, 61.146882033347936 ], [ 14.658965809674729, 61.147187671812013 ], [ 14.659432102958833, 61.147406934436376 ], [ 14.659575129067781, 61.147388423019002 ], [ 14.660341496916786, 61.147258617207129 ], [ 14.661421889590454, 61.147255677167585 ], [ 14.661890977647294, 61.147151037438022 ] ] } },
{ "type": "Feature", "properties": { "objektidentitet": "34986c01-feaa-4d44-96f9-14db098b7b2f", "skapad": "2026-03-17T21:00:01", "objekttypnr": 2622, "objekttyp": "Öppen markgräns", "vattenytaid": null, "hojd_over_havet": null, "reglerat_vatten": null }, "geometry": { "type": "LineString", "coordinates": [ [ 14.665083845661474, 61.149941022426809 ], [ 14.665253767578276, 61.150183223562941 ], [ 14.665089482850505, 61.150429463854223 ], [ 14.664397555912505, 61.150513434124349 ], [ 14.664158528233695, 61.150080955645947 ], [ 14.665083845661474, 61.149941022426809 ] ] } },
{ "type": "Feature", "properties": { "objektidentitet": "abb467fe-c5b8-478e-a431-65ef94794529", "skapad": "2026-03-17T21:00:01", "objekttypnr": 2621, "objekttyp": "Odlingsmarksgräns", "vattenytaid": null, "hojd_over_havet": null, "reglerat_vatten": null }, "geometry": { "type": "LineString", "coordinates": [ [ 14.662707568473737, 61.12385284341957 ], [ 14.66319185287951, 61.123659868712487 ], [ 14.663555868416283, 61.123795486826545 ], [ 14.663760913650716, 61.123689357857295 ], [ 14.663922228319397, 61.123544614317019 ], [ 14.663909681591837, 61.123518305038218 ], [ 14.66371586889184, 61.123449672684735 ], [ 14.663166671691704, 61.123287782771364 ], [ 14.662934328099764, 61.123543350397156 ], [ 14.663002080789328, 61.123604029918987 ], [ 14.662611785107991, 61.123795882734576 ] ] } },
{ "type": "Feature", "properties": { "objektidentitet": "4743120f-c25d-4af3-a608-b3ce2037e857", "skapad": "2026-03-17T21:00:01", "objekttypnr": 2622, "objekttyp": "Öppen markgräns", "vattenytaid": null, "hojd_over_havet": null, "reglerat_vatten": null }, "geometry": { "type": "LineString", "coordinates": [ [ 14.659878439795126, 61.150892535267765 ], [ 14.659435944885184, 61.15103197871084 ], [ 14.659017069158166, 61.151063630299305 ], [ 14.658435049171775, 61.150934929665702 ], [ 14.658141806486311, 61.1507456379735 ], [ 14.658020736695732, 61.150536221247599 ], [ 14.658195085499299, 61.150518948519263 ], [ 14.658500698761117, 61.150694481608298 ], [ 14.658847363062845, 61.150750308851222 ], [ 14.659229711987864, 61.150742761049059 ], [ 14.659690032763217, 61.150715962190731 ], [ 14.659903819835355, 61.150671197680651 ] ] } },
{ "type": "Feature", "properties": { "objektidentitet": "5a7b270b-fd28-4e33-800a-b93897e3ee08", "skapad": "2026-03-17T21:00:01", "objekttypnr": 2621, "objekttyp": "Odlingsmarksgräns", "vattenytaid": null, "hojd_over_havet": null, "reglerat_vatten": null }, "geometry": { "type": "LineString", "coordinates": [ [ 14.663579917547926, 61.124449176975617 ], [ 14.663700286470764, 61.124502086171589 ], [ 14.663836542127941, 61.124490601163572 ], [ 14.665048537745164, 61.124152988911646 ], [ 14.66540126236432, 61.123976163778337 ] ] } },
{ "type": "Feature", "properties": { "objektidentitet": "98a2c3c6-3795-4227-b01b-452e41ca2121", "skapad": "2026-03-17T21:00:01", "objekttypnr": 2621, "objekttyp": "Odlingsmarksgräns", "vattenytaid": null, "hojd_over_havet": null, "reglerat_vatten": null }, "geometry": { "type": "LineString", "coordinates": [ [ 14.66732544446203, 61.124535550146312 ], [ 14.667028533577204, 61.125062356481877 ] ] } },
{ "type": "Feature", "properties": { "objektidentitet": "36be5c58-4567-44a3-8028-4fbaa7d6fe4f", "skapad": "2026-03-17T21:00:01", "objekttypnr": 2621, "objekttyp": "Odlingsmarksgräns", "vattenytaid": null, "hojd_over_havet": null, "reglerat_vatten": null }, "geometry": { "type": "LineString", "coordinates": [ [ 14.667656184827917, 61.124151762323443 ], [ 14.667176141313632, 61.123950430519322 ], [ 14.666981977731728, 61.124050010400055 ], [ 14.666499192168883, 61.123945621029883 ], [ 14.666410488835183, 61.123959443591119 ], [ 14.666314019526222, 61.124076043107735 ], [ 14.666323636828135, 61.124112768279268 ], [ 14.667361688141469, 61.124409150851413 ] ] } },
{ "type": "Feature", "properties": { "objektidentitet": "ada60f53-7b08-4219-9907-05b846c20b57", "skapad": "2026-03-17T21:00:01", "objekttypnr": 2621, "objekttyp": "Odlingsmarksgräns", "vattenytaid": null, "hojd_over_havet": null, "reglerat_vatten": null }, "geometry": { "type": "LineString", "coordinates": [ [ 14.66540126236432, 61.123976163778337 ], [ 14.664954599542462, 61.123880970573552 ], [ 14.663625704279415, 61.124173770472723 ], [ 14.663426992893246, 61.124310591871009 ] ] } },
{ "type": "Feature", "properties": { "objektidentitet": "6e01ddfd-bf1d-4a78-b879-c41305e28123", "skapad": "2026-03-17T21:00:01", "objekttypnr": 2622, "objekttyp": "Öppen markgräns", "vattenytaid": null, "hojd_over_havet": null, "reglerat_vatten": null }, "geometry": { "type": "LineString", "coordinates": [ [ 14.663426992893246, 61.124310591871009 ], [ 14.662707568473737, 61.12385284341957 ] ] } },
{ "type": "Feature", "properties": { "objektidentitet": "4244a466-af6e-4f19-9223-1c402fd0d6aa", "skapad": "2026-03-17T21:00:01", "objekttypnr": 2622, "objekttyp": "Öppen markgräns", "vattenytaid": null, "hojd_over_havet": null, "reglerat_vatten": null }, "geometry": { "type": "LineString", "coordinates": [ [ 14.666225538132387, 61.12587091331072 ], [ 14.666367464496595, 61.125834391271447 ], [ 14.666365393329212, 61.12578260232695 ], [ 14.666070214528958, 61.125616681932982 ], [ 14.665322041898925, 61.125520637751208 ], [ 14.664728663132836, 61.125496777896302 ] ] } },
{ "type": "Feature", "properties": { "objektidentitet": "1b641196-8bfc-4506-a3e2-2a398d7ed26a", "skapad": "2026-03-17T21:00:01", "objekttypnr": 2621, "objekttyp": "Odlingsmarksgräns", "vattenytaid": null, "hojd_over_havet": null, "reglerat_vatten": null }, "geometry": { "type": "LineString", "coordinates": [ [ 14.665969152676121, 61.124535799065811 ], [ 14.66554215840903, 61.124294605411556 ], [ 14.664560039562902, 61.124635297016845 ] ] } },
{ "type": "Feature", "properties": { "objektidentitet": "664f7a4b-cd61-4c25-8def-083a3f937d47", "skapad": "2026-03-17T21:00:01", "objekttypnr": 2622, "objekttyp": "Öppen markgräns", "vattenytaid": null, "hojd_over_havet": null, "reglerat_vatten": null }, "geometry": { "type": "LineString", "coordinates": [ [ 14.660917239155363, 61.150989345295002 ], [ 14.661104655497985, 61.150919473761313 ], [ 14.661931197896592, 61.150564116832264 ], [ 14.662230083456606, 61.150456734733304 ], [ 14.662464993852845, 61.150427047540092 ], [ 14.662777823357533, 61.150412376424384 ], [ 14.662972601949329, 61.150543380582477 ], [ 14.663278883028257, 61.150967454525237 ], [ 14.663220796829656, 61.151273811802966 ], [ 14.662984644413052, 61.151450849588898 ], [ 14.662100184861172, 61.151799074462524 ], [ 14.661989676723646, 61.151926471738037 ], [ 14.661838274587483, 61.151984646740942 ], [ 14.660711180759803, 61.152110594610711 ], [ 14.6604709727842, 61.152144413277689 ], [ 14.659961104583717, 61.152398973224635 ], [ 14.659753088284296, 61.152398450515179 ], [ 14.659663521372014, 61.152322569519072 ], [ 14.659682212052637, 61.152296599065153 ], [ 14.659767117849633, 61.152206585574554 ], [ 14.659733441356831, 61.152078307170008 ], [ 14.659498786037434, 61.152051905959368 ] ] } },
{ "type": "Feature", "properties": { "objektidentitet": "f81f7f8a-2a66-4ee8-a0d2-d1f33c9dc10a", "skapad": "2026-03-17T21:00:01", "objekttypnr": 2621, "objekttyp": "Odlingsmarksgräns", "vattenytaid": null, "hojd_over_havet": null, "reglerat_vatten": null }, "geometry": { "type": "LineString", "coordinates": [ [ 14.666818177937182, 61.153364886841054 ], [ 14.666903164562189, 61.153223202209233 ], [ 14.666779875932571, 61.153099786324148 ], [ 14.665138715212869, 61.152454776662303 ], [ 14.664939633572645, 61.152396521045475 ], [ 14.664777014305709, 61.152400274973751 ] ] } },
{ "type": "Feature", "properties": { "objektidentitet": "38c9db9e-c90c-4764-9c47-0c365189595e", "skapad": "2026-03-17T21:00:01", "objekttypnr": 2622, "objekttyp": "Öppen markgräns", "vattenytaid": null, "hojd_over_havet": null, "reglerat_vatten": null }, "geometry": { "type": "LineString", "coordinates": [ [ 14.666818177937182, 61.153364886841054 ], [ 14.667123781488939, 61.153349119606744 ] ] } },
{ "type": "Feature", "properties": { "objektidentitet": "966ab97a-363d-4070-bfea-fe84ff1b48bb", "skapad": "2026-03-17T21:00:01", "objekttypnr": 2621, "objekttyp": "Odlingsmarksgräns", "vattenytaid": null, "hojd_over_havet": null, "reglerat_vatten": null }, "geometry": { "type": "LineString", "coordinates": [ [ 14.664777014305709, 61.152400274973751 ], [ 14.664089040868594, 61.152733979656482 ], [ 14.66358671200739, 61.153071024073739 ], [ 14.663419458306215, 61.153244472053728 ], [ 14.663570356336832, 61.153307278499291 ], [ 14.663619953715081, 61.153341221054191 ], [ 14.663967319134201, 61.153401094759744 ], [ 14.66420310665648, 61.153376434516382 ], [ 14.664372167663906, 61.153326389653316 ], [ 14.664451259738293, 61.153221213489417 ], [ 14.664550835603254, 61.153158840188944 ], [ 14.664660146008758, 61.153129771582421 ], [ 14.66484968677255, 61.1531367858395 ], [ 14.664691232234807, 61.153521692895026 ], [ 14.665106605851941, 61.153749446345344 ], [ 14.665340061746003, 61.153794256986274 ], [ 14.665429247009584, 61.15377446620635 ], [ 14.665487064308627, 61.153739451957634 ], [ 14.665603985563243, 61.153584667506649 ], [ 14.66582066842407, 61.153302196139769 ], [ 14.66649644652396, 61.153507496887094 ], [ 14.666818177937182, 61.153364886841054 ] ] } },
{ "type": "Feature", "properties": { "objektidentitet": "73cdca8f-0809-4f70-8bd4-3f177d4091df", "skapad": "2026-03-17T21:00:01", "objekttypnr": 2621, "objekttyp": "Odlingsmarksgräns", "vattenytaid": null, "hojd_over_havet": null, "reglerat_vatten": null }, "geometry": { "type": "LineString", "coordinates": [ [ 14.66698664794024, 61.11752916684614 ], [ 14.66684370895937, 61.118568312870721 ], [ 14.666845737977473, 61.118779332734043 ], [ 14.667697276355582, 61.118797578359278 ], [ 14.668376581819562, 61.118620093091899 ], [ 14.668510872242859, 61.118579276812305 ], [ 14.66828647580156, 61.118285807233164 ], [ 14.667860281024444, 61.118411618121058 ], [ 14.66789261102597, 61.118246999227814 ], [ 14.668158035265915, 61.118220124560992 ], [ 14.668225717523748, 61.11809972718666 ], [ 14.668103030918735, 61.117699517994268 ], [ 14.667490473035254, 61.117275058762495 ], [ 14.667445406129882, 61.116781275231155 ], [ 14.667332859294, 61.116759667074625 ], [ 14.666900034054775, 61.116866416629293 ], [ 14.666979311998944, 61.117282725315512 ], [ 14.66698664794024, 61.11752916684614 ] ] } },
{ "type": "Feature", "properties": { "objektidentitet": "8fb5c30c-91f3-4636-80b9-8ae7fa063af1", "skapad": "2026-03-17T21:00:01", "objekttypnr": 2621, "objekttyp": "Odlingsmarksgräns", "vattenytaid": null, "hojd_over_havet": null, "reglerat_vatten": null }, "geometry": { "type": "LineString", "coordinates": [ [ 14.672766662082953, 61.125942259748022 ], [ 14.672165010420306, 61.12528939052924 ], [ 14.671585137049979, 61.125112422887277 ], [ 14.670948066004133, 61.125015332874355 ], [ 14.669905186671057, 61.124512960988447 ], [ 14.669577887083657, 61.12468323450593 ], [ 14.669354225529135, 61.12476739372886 ], [ 14.668800412427018, 61.124842987732997 ], [ 14.668581007537284, 61.124933368902425 ], [ 14.66732544446203, 61.124535550146312 ] ] } },
{ "type": "Feature", "properties": { "objektidentitet": "1ef409fe-5355-44a3-bd50-c31b77e2b79c", "skapad": "2026-03-17T21:00:01", "objekttypnr": 2621, "objekttyp": "Odlingsmarksgräns", "vattenytaid": null, "hojd_over_havet": null, "reglerat_vatten": null }, "geometry": { "type": "LineString", "coordinates": [ [ 14.667028533577204, 61.125062356481877 ], [ 14.667243487519903, 61.125125685192089 ], [ 14.66764952364661, 61.125240261733175 ], [ 14.668343613246673, 61.125374540588453 ], [ 14.66950467716237, 61.125465382663648 ], [ 14.669725040643955, 61.125363286354585 ], [ 14.669908404053334, 61.125368321708088 ], [ 14.669956189498658, 61.125394491724613 ], [ 14.670154142605396, 61.125502897111495 ], [ 14.670562648876155, 61.125337102591295 ], [ 14.670687039647174, 61.125420593832011 ], [ 14.670809197458173, 61.125517151168161 ], [ 14.670700585575013, 61.125781364492276 ], [ 14.671338925167049, 61.126267108476405 ], [ 14.671484235197104, 61.126369144062139 ], [ 14.671202498061968, 61.126433979758353 ], [ 14.670824495781662, 61.126187849530645 ], [ 14.670152754247544, 61.126471303714823 ], [ 14.67000324969186, 61.126668612729958 ], [ 14.670106961992175, 61.127040798722497 ], [ 14.670293787434916, 61.127284633847516 ] ] } },
{ "type": "Feature", "properties": { "objektidentitet": "56d332e4-eb82-4408-80f9-f6c613302fda", "skapad": "2026-03-17T21:00:01", "objekttypnr": 2621, "objekttyp": "Odlingsmarksgräns", "vattenytaid": null, "hojd_over_havet": null, "reglerat_vatten": null }, "geometry": { "type": "LineString", "coordinates": [ [ 14.672685458484235, 61.130221544554672 ], [ 14.672578859605139, 61.130285792170319 ], [ 14.67216342514438, 61.130280144656133 ], [ 14.671350891231173, 61.130123018716553 ], [ 14.670377722957857, 61.130136739447735 ], [ 14.670099487547494, 61.130170338792915 ], [ 14.669572151241717, 61.130389663682848 ], [ 14.669193584838817, 61.130426813476575 ], [ 14.668852569911342, 61.130388218629861 ], [ 14.667679525136728, 61.130006972338705 ], [ 14.667734637694556, 61.12995996513753 ], [ 14.668450899515033, 61.129905224904853 ], [ 14.668818779413813, 61.129808375486483 ], [ 14.668946825308801, 61.129565058010783 ], [ 14.671149533058527, 61.129274494449433 ], [ 14.670860785692058, 61.128954146214845 ], [ 14.669682134224528, 61.128717967215167 ], [ 14.66900957028051, 61.128470537709418 ], [ 14.667312046836939, 61.128857429849162 ], [ 14.66710471766905, 61.128710994473757 ], [ 14.665844625708989, 61.128998535791546 ], [ 14.665748177030627, 61.128772343884336 ], [ 14.66743568805561, 61.128242636771269 ], [ 14.667397097234096, 61.128109778014597 ], [ 14.667143379292629, 61.127961774055507 ], [ 14.666938852011105, 61.127666196763016 ], [ 14.667146771331796, 61.127515773586552 ], [ 14.667495328083646, 61.127490711531088 ], [ 14.66758022103493, 61.127439360720729 ], [ 14.667442864616332, 61.12735667863921 ], [ 14.666149191128486, 61.126995061914819 ], [ 14.665934260025638, 61.126840651417048 ], [ 14.665881210579238, 61.126708358145429 ], [ 14.666777426270153, 61.126671443240845 ], [ 14.666848377109574, 61.126868734894408 ], [ 14.667077519468057, 61.127006731535928 ], [ 14.667642661678391, 61.126846251062219 ], [ 14.667889079571234, 61.126702259324063 ], [ 14.666990672126589, 61.126053163257332 ], [ 14.666225538132387, 61.12587091331072 ] ] } },
{ "type": "Feature", "properties": { "objektidentitet": "f3b81b8e-d12a-4ee1-914b-a83df5c9ee1f", "skapad": "2026-03-17T21:00:01", "objekttypnr": 2622, "objekttyp": "Öppen markgräns", "vattenytaid": null, "hojd_over_havet": null, "reglerat_vatten": null }, "geometry": { "type": "LineString", "coordinates": [ [ 14.673822989589789, 61.126521213445919 ], [ 14.673456222429088, 61.126513622149339 ], [ 14.673291053393191, 61.126369210371983 ], [ 14.67309005800003, 61.126201575751239 ], [ 14.672766662082953, 61.125942259748022 ] ] } },
{ "type": "Feature", "properties": { "objektidentitet": "7fdbe409-6aef-4c58-87a0-a15ef6d1eb86", "skapad": "2026-03-17T21:00:01", "objekttypnr": 2621, "objekttyp": "Odlingsmarksgräns", "vattenytaid": null, "hojd_over_havet": null, "reglerat_vatten": null }, "geometry": { "type": "LineString", "coordinates": [ [ 14.670293787434916, 61.127284633847516 ], [ 14.671875446409571, 61.126944368471271 ], [ 14.671857469675919, 61.126930732388921 ], [ 14.67187422305685, 61.126881511755798 ], [ 14.6719675217551, 61.126836839894288 ], [ 14.672095666164015, 61.126824141923173 ], [ 14.672118176984094, 61.126840895087611 ], [ 14.672344114922559, 61.126808305285195 ], [ 14.672379211019541, 61.126773143425218 ], [ 14.672256223019906, 61.126499507105081 ], [ 14.671946152911818, 61.126228280779515 ], [ 14.672766662082953, 61.125942259748022 ] ] } },
{ "type": "Feature", "properties": { "objektidentitet": "8cb95536-f8ac-4554-ba3b-57fcf8469bb1", "skapad": "2026-03-17T21:00:01", "objekttypnr": 2621, "objekttyp": "Odlingsmarksgräns", "vattenytaid": null, "hojd_over_havet": null, "reglerat_vatten": null }, "geometry": { "type": "LineString", "coordinates": [ [ 14.674955590788974, 61.12690548750205 ], [ 14.674189996848666, 61.126433370111464 ] ] } },
{ "type": "Feature", "properties": { "objektidentitet": "fcb5e5cb-7ceb-4b5d-8f9c-687286094408", "skapad": "2026-03-17T21:00:01", "objekttypnr": 2621, "objekttyp": "Odlingsmarksgräns", "vattenytaid": null, "hojd_over_havet": null, "reglerat_vatten": null }, "geometry": { "type": "LineString", "coordinates": [ [ 14.674189996848666, 61.126433370111464 ], [ 14.674131863613871, 61.126430949475974 ], [ 14.673822989589789, 61.126521213445919 ] ] } },
{ "type": "Feature", "properties": { "objektidentitet": "4d7cd10a-d0b7-4314-b934-bfffaa9dbef0", "skapad": "2026-03-17T21:00:01", "objekttypnr": 2621, "objekttyp": "Odlingsmarksgräns", "vattenytaid": null, "hojd_over_havet": null, "reglerat_vatten": null }, "geometry": { "type": "LineString", "coordinates": [ [ 14.673822989589789, 61.126521213445919 ], [ 14.674016604096382, 61.126704944198799 ], [ 14.674282467660301, 61.127121490677254 ], [ 14.674506392967855, 61.12707159242899 ], [ 14.674955590788974, 61.12690548750205 ] ] } },
{ "type": "Feature", "properties": { "objektidentitet": "8f065340-3beb-4816-907a-96e302daf66d", "skapad": "2026-03-17T21:00:01", "objekttypnr": 2621, "objekttyp": "Odlingsmarksgräns", "vattenytaid": null, "hojd_over_havet": null, "reglerat_vatten": null }, "geometry": { "type": "LineString", "coordinates": [ [ 14.673466790817002, 61.126889019114614 ], [ 14.673655891188016, 61.127141500525866 ], [ 14.672844212784138, 61.127364757568543 ], [ 14.673213039090102, 61.127621471732816 ], [ 14.674326231266067, 61.127313577628044 ], [ 14.673843367923581, 61.126779141317641 ], [ 14.673466790817002, 61.126889019114614 ] ] } },
{ "type": "Feature", "properties": { "objektidentitet": "77c42c9e-849b-4a21-9f1a-590ccf59ca50", "skapad": "2026-03-17T21:00:01", "objekttypnr": 2622, "objekttyp": "Öppen markgräns", "vattenytaid": null, "hojd_over_havet": null, "reglerat_vatten": null }, "geometry": { "type": "LineString", "coordinates": [ [ 14.677186904719328, 61.128660174601521 ], [ 14.677643598319619, 61.128568199569834 ], [ 14.677997660814228, 61.128639042685045 ], [ 14.678247056173966, 61.128637104447478 ], [ 14.678291785064456, 61.128190896820982 ], [ 14.677472228991038, 61.12816768594579 ], [ 14.677193389671229, 61.128275643713756 ], [ 14.676849232665946, 61.128302455562583 ], [ 14.675901639181973, 61.128255533224241 ], [ 14.675779685137197, 61.128219868419102 ], [ 14.675783117335062, 61.128162104447789 ], [ 14.675966518261927, 61.128023746943057 ], [ 14.677869415343501, 61.127421229456701 ], [ 14.676465379714138, 61.12701528711677 ], [ 14.675380675960476, 61.126854625451081 ], [ 14.674955590788974, 61.12690548750205 ] ] } },
{ "type": "Feature", "properties": { "objektidentitet": "a4063474-86d1-4c48-a338-4c09eb9e087f", "skapad": "2026-03-17T21:00:01", "objekttypnr": 2622, "objekttyp": "Öppen markgräns", "vattenytaid": null, "hojd_over_havet": null, "reglerat_vatten": null }, "geometry": { "type": "LineString", "coordinates": [ [ 14.671826283486322, 61.128219449016377 ], [ 14.671332457473406, 61.127938923454224 ], [ 14.671423761039502, 61.127845399022561 ], [ 14.671297808328848, 61.127752109887531 ], [ 14.670069749878346, 61.128047767448507 ], [ 14.669952750330165, 61.128030819359289 ], [ 14.669861207165649, 61.127949328805933 ], [ 14.669919596172971, 61.127786891946947 ], [ 14.670241951503659, 61.127431321697109 ], [ 14.670293787434916, 61.127284633847516 ] ] } },
{ "type": "Feature", "properties": { "objektidentitet": "bc646892-36d2-49b0-8811-b2d02b8766a1", "skapad": "2026-03-17T21:00:01", "objekttypnr": 2621, "objekttyp": "Odlingsmarksgräns", "vattenytaid": null, "hojd_over_havet": null, "reglerat_vatten": null }, "geometry": { "type": "LineString", "coordinates": [ [ 14.672267039607783, 61.12919031875397 ], [ 14.672459754926253, 61.12923566546722 ], [ 14.673596618783257, 61.129048972354788 ], [ 14.674536328730927, 61.128815748120388 ], [ 14.674116409259897, 61.128522769909175 ], [ 14.673345708281419, 61.128706419766466 ], [ 14.673168281056643, 61.128687317532687 ], [ 14.672857069293944, 61.128417742506343 ], [ 14.672722871583764, 61.128295364561907 ], [ 14.67227835050447, 61.128058854333432 ], [ 14.671826283486322, 61.128219449016377 ] ] } },
{ "type": "Feature", "properties": { "objektidentitet": "35d95d40-5b57-4fda-af83-3b88de653e30", "skapad": "2026-03-17T21:00:01", "objekttypnr": 2621, "objekttyp": "Odlingsmarksgräns", "vattenytaid": null, "hojd_over_havet": null, "reglerat_vatten": null }, "geometry": { "type": "LineString", "coordinates": [ [ 14.664711967222006, 61.128057129760272 ], [ 14.66432503082647, 61.128463592415962 ], [ 14.664113940720306, 61.128749945755175 ], [ 14.663773111110968, 61.12883072555838 ], [ 14.663718462069717, 61.128877409014677 ], [ 14.663474176681136, 61.129255638439986 ], [ 14.663765504653503, 61.129425971654271 ], [ 14.664752205036086, 61.12929497412518 ], [ 14.664876221433092, 61.129315678997948 ], [ 14.664934049297724, 61.129378936257325 ], [ 14.664926003335436, 61.129395417395187 ], [ 14.665077781924699, 61.129447011800728 ], [ 14.665417006761006, 61.12936908866908 ], [ 14.665984862178286, 61.129577170029826 ], [ 14.666826225955125, 61.12998977298161 ], [ 14.667212413564158, 61.130470435055123 ], [ 14.667167318437857, 61.130645104069082 ], [ 14.667113965916494, 61.130754035369542 ], [ 14.66712249967725, 61.13075993682191 ], [ 14.667085233187425, 61.130857478838578 ], [ 14.666956725838874, 61.130885254127101 ], [ 14.666776742983933, 61.130854142896567 ], [ 14.666840039590433, 61.13103692525268 ], [ 14.667004740463309, 61.131302957285506 ], [ 14.667327288117058, 61.131465306421298 ], [ 14.668545756925461, 61.131866220362099 ], [ 14.669337086942058, 61.132031723549424 ], [ 14.669458133122687, 61.132014593305584 ], [ 14.670573714795978, 61.131763080533439 ], [ 14.670672682537631, 61.131719348058368 ], [ 14.670739808044264, 61.131484813545498 ], [ 14.670621057488338, 61.131404756578931 ], [ 14.668714421398265, 61.131138497050863 ], [ 14.668729863200864, 61.131192168294838 ], [ 14.66932407558396, 61.131384795434514 ], [ 14.669551083333337, 61.131537577752184 ], [ 14.669461423521142, 61.131578836456107 ], [ 14.668237945730436, 61.13110669736038 ], [ 14.668223731528625, 61.131104238594936 ], [ 14.668188933919675, 61.131030382489186 ], [ 14.668245364385362, 61.130979957937797 ], [ 14.668344492146536, 61.130956463519361 ], [ 14.668376307729661, 61.130960599438424 ], [ 14.668632338422727, 61.130566247959415 ], [ 14.668828463812215, 61.130520250014712 ], [ 14.669537213656907, 61.130814219684332 ], [ 14.671028712124098, 61.13063161882647 ], [ 14.671542974076557, 61.130866327220737 ], [ 14.671404541228236, 61.131206636066473 ], [ 14.670925977073052, 61.131184294217846 ], [ 14.670838571524293, 61.131323210806698 ], [ 14.671071776090658, 61.131353844630461 ], [ 14.671147232072716, 61.131417770554705 ], [ 14.671088628642639, 61.131493643311586 ], [ 14.671078692209615, 61.131492209523692 ], [ 14.670966822593781, 61.131598387356 ], [ 14.670826292271354, 61.132012685629711 ], [ 14.670765417631896, 61.132297690893346 ], [ 14.671726631156996, 61.132429701885734 ], [ 14.671975611228387, 61.132506563127691 ], [ 14.671778758623416, 61.132824142550525 ], [ 14.671457111810184, 61.13307211003228 ], [ 14.671257573814035, 61.133116613042624 ], [ 14.671090353109207, 61.13323147289821 ], [ 14.671169168695197, 61.133521010242831 ], [ 14.671366846165464, 61.13390608162198 ], [ 14.671832763755472, 61.133898620670344 ], [ 14.671940928582249, 61.133827904377981 ], [ 14.67191977985606, 61.133086735280351 ], [ 14.672022464477047, 61.13273127450659 ], [ 14.672142345280864, 61.132756864445639 ], [ 14.673281081054489, 61.133044996649893 ], [ 14.675004809590542, 61.132702828972583 ] ] } },
{ "type": "Feature", "properties": { "objektidentitet": "04be581f-3f28-49d6-a63c-adf8347eb49f", "skapad": "2026-03-17T21:00:01", "objekttypnr": 2621, "objekttyp": "Odlingsmarksgräns", "vattenytaid": null, "hojd_over_havet": null, "reglerat_vatten": null }, "geometry": { "type": "LineString", "coordinates": [ [ 14.671826283486322, 61.128219449016377 ], [ 14.671787207526497, 61.128702495266431 ], [ 14.672267039607783, 61.12919031875397 ] ] } },
{ "type": "Feature", "properties": { "objektidentitet": "c9c548db-8c89-48d6-9514-4df3aef4e984", "skapad": "2026-03-17T21:00:01", "objekttypnr": 2621, "objekttyp": "Odlingsmarksgräns", "vattenytaid": null, "hojd_over_havet": null, "reglerat_vatten": null }, "geometry": { "type": "LineString", "coordinates": [ [ 14.677186904719328, 61.128660174601521 ], [ 14.676349302409575, 61.128841105377347 ], [ 14.675891744733226, 61.128721278413387 ], [ 14.675617457802455, 61.128568869242059 ], [ 14.674929369961102, 61.128774811498417 ], [ 14.674844023636979, 61.128840386793193 ], [ 14.675144069346347, 61.129071253852032 ], [ 14.67530524638838, 61.129123846754986 ], [ 14.676515877673111, 61.128857852484565 ], [ 14.676744003868713, 61.128864628345717 ], [ 14.67694145107323, 61.128930592938083 ], [ 14.677094818595739, 61.129062843121787 ], [ 14.677035356502559, 61.129186451290344 ], [ 14.675795562697262, 61.129543783686017 ], [ 14.676208014642478, 61.129830930050055 ], [ 14.678373051293811, 61.12929473212867 ] ] } },
{ "type": "Feature", "properties": { "objektidentitet": "b5ebb272-17e4-447b-ab96-e7744c028032", "skapad": "2026-03-17T21:00:01", "objekttypnr": 2621, "objekttyp": "Odlingsmarksgräns", "vattenytaid": null, "hojd_over_havet": null, "reglerat_vatten": null }, "geometry": { "type": "LineString", "coordinates": [ [ 14.677959716875279, 61.128808525249987 ], [ 14.677186904719328, 61.128660174601521 ] ] } },
{ "type": "Feature", "properties": { "objektidentitet": "52465362-0abe-4f82-a3b9-1806eabca494", "skapad": "2026-03-17T21:00:01", "objekttypnr": 2622, "objekttyp": "Öppen markgräns", "vattenytaid": null, "hojd_over_havet": null, "reglerat_vatten": null }, "geometry": { "type": "LineString", "coordinates": [ [ 14.672685458484235, 61.130221544554672 ], [ 14.672937184572755, 61.129878644104004 ], [ 14.672400482006223, 61.129844845980898 ], [ 14.671800155765926, 61.129864973894165 ], [ 14.671641418848061, 61.129811790119049 ], [ 14.671696533193014, 61.129479538254024 ], [ 14.671721322378845, 61.129423585987404 ], [ 14.672267039607783, 61.12919031875397 ] ] } },
{ "type": "Feature", "properties": { "objektidentitet": "a79e970b-c8cf-498d-b916-2efca236036d", "skapad": "2026-03-17T21:00:01", "objekttypnr": 2621, "objekttyp": "Odlingsmarksgräns", "vattenytaid": null, "hojd_over_havet": null, "reglerat_vatten": null }, "geometry": { "type": "LineString", "coordinates": [ [ 14.676197169827587, 61.130003538424042 ], [ 14.675787081931997, 61.130114150441976 ], [ 14.676453749949046, 61.130483746639271 ], [ 14.675998951301926, 61.130637848772622 ], [ 14.675989002507745, 61.13073549450425 ] ] } },
{ "type": "Feature", "properties": { "objektidentitet": "bc176cc3-ffb9-4eee-950e-da4156fcb518", "skapad": "2026-03-17T21:00:01", "objekttypnr": 2621, "objekttyp": "Odlingsmarksgräns", "vattenytaid": null, "hojd_over_havet": null, "reglerat_vatten": null }, "geometry": { "type": "LineString", "coordinates": [ [ 14.677177113379997, 61.130926275912827 ], [ 14.677332157341134, 61.131004411686888 ], [ 14.677524516329617, 61.130940786706987 ], [ 14.676197169827587, 61.130003538424042 ] ] } },
{ "type": "Feature", "properties": { "objektidentitet": "f709421b-2ef5-4abe-bc8b-2934091488bb", "skapad": "2026-03-17T21:00:01", "objekttypnr": 2621, "objekttyp": "Odlingsmarksgräns", "vattenytaid": null, "hojd_over_havet": null, "reglerat_vatten": null }, "geometry": { "type": "LineString", "coordinates": [ [ 14.675246815332752, 61.132676916642062 ], [ 14.675874124855143, 61.13261229911965 ], [ 14.676411367207303, 61.13226606330106 ], [ 14.67641590715483, 61.132059988465748 ], [ 14.675365045590537, 61.132042128239405 ], [ 14.674848842695443, 61.132056689735165 ], [ 14.67360678265992, 61.132415208522197 ], [ 14.672451756277344, 61.132660518825233 ], [ 14.672427058074875, 61.132621513464137 ], [ 14.672885514506575, 61.13242158253496 ], [ 14.673487452146022, 61.13198913011459 ], [ 14.67315069726008, 61.131764293760284 ], [ 14.672904660093051, 61.131737097818686 ], [ 14.672736784283053, 61.131711967002687 ], [ 14.672688858678049, 61.131610276188027 ], [ 14.672796044908186, 61.131557826710576 ], [ 14.673435384238973, 61.13125783364422 ], [ 14.674093900494187, 61.130868455817186 ], [ 14.674105821563073, 61.130662802893283 ], [ 14.673330905658069, 61.130212115678951 ], [ 14.673108220165341, 61.13016663480132 ], [ 14.672685458484235, 61.130221544554672 ] ] } },
{ "type": "Feature", "properties": { "objektidentitet": "30739f7d-1d99-4004-9130-1725d0e7aff8", "skapad": "2026-03-17T21:00:01", "objekttypnr": 2621, "objekttyp": "Odlingsmarksgräns", "vattenytaid": null, "hojd_over_havet": null, "reglerat_vatten": null }, "geometry": { "type": "LineString", "coordinates": [ [ 14.675989002507745, 61.13073549450425 ], [ 14.676211064192421, 61.130753838165525 ], [ 14.676787347797145, 61.130667843823694 ], [ 14.677177113379997, 61.130926275912827 ] ] } },
{ "type": "Feature", "properties": { "objektidentitet": "40241ca1-6bb2-4468-bb01-5b13b2123445", "skapad": "2026-03-17T21:00:01", "objekttypnr": 2622, "objekttyp": "Öppen markgräns", "vattenytaid": null, "hojd_over_havet": null, "reglerat_vatten": null }, "geometry": { "type": "LineString", "coordinates": [ [ 14.677177113379997, 61.130926275912827 ], [ 14.676840432846923, 61.131030790993343 ], [ 14.676164995203449, 61.131091957668744 ], [ 14.675601920539927, 61.13108927121386 ], [ 14.675387160000815, 61.131026845194981 ], [ 14.675440270136653, 61.130915279611195 ], [ 14.675989002507745, 61.13073549450425 ] ] } },
{ "type": "Feature", "properties": { "objektidentitet": "0f63464b-bc43-4bb2-9589-f55e4ab3c41c", "skapad": "2026-03-17T21:00:01", "objekttypnr": 2621, "objekttyp": "Odlingsmarksgräns", "vattenytaid": null, "hojd_over_havet": null, "reglerat_vatten": null }, "geometry": { "type": "LineString", "coordinates": [ [ 14.676638853495849, 61.131478643004755 ], [ 14.676598962092797, 61.131543322504044 ], [ 14.676478657580407, 61.131933291117861 ], [ 14.677342113789209, 61.131932336458142 ], [ 14.677448758513483, 61.131901392805069 ], [ 14.677483468798375, 61.131856721316801 ], [ 14.677420089344849, 61.131827024124583 ], [ 14.677028035840681, 61.131811437159506 ], [ 14.676977251463192, 61.131561050527097 ], [ 14.676868514232577, 61.131484255130644 ], [ 14.676673227921777, 61.131466901507025 ], [ 14.676638853495849, 61.131478643004755 ] ] } },
{ "type": "Feature", "properties": { "objektidentitet": "d666abb5-2329-44d6-9248-e6d0c03b4180", "skapad": "2026-03-17T21:00:01", "objekttypnr": 2621, "objekttyp": "Odlingsmarksgräns", "vattenytaid": null, "hojd_over_havet": null, "reglerat_vatten": null }, "geometry": { "type": "LineString", "coordinates": [ [ 14.668992054277988, 61.132098626348366 ], [ 14.667996599781434, 61.13188063004911 ], [ 14.667626440652292, 61.132071729617522 ], [ 14.667409148384053, 61.132279247535884 ], [ 14.667514036894167, 61.132610777418073 ] ] } },
{ "type": "Feature", "properties": { "objektidentitet": "680835e8-76a1-4bf2-9bce-74b81673d245", "skapad": "2026-03-17T21:00:01", "objekttypnr": 2621, "objekttyp": "Odlingsmarksgräns", "vattenytaid": null, "hojd_over_havet": null, "reglerat_vatten": null }, "geometry": { "type": "LineString", "coordinates": [ [ 14.667025458844915, 61.133023004237401 ], [ 14.667765945632734, 61.133168164224756 ], [ 14.667886490069222, 61.133241772814529 ], [ 14.668348188483753, 61.133336597740332 ], [ 14.668539456472972, 61.133254371848842 ], [ 14.669029943347519, 61.13276107494498 ], [ 14.669018272240301, 61.132716013511015 ], [ 14.668522644006318, 61.13253760517253 ], [ 14.668992054277988, 61.132098626348366 ] ] } },
{ "type": "Feature", "properties": { "objektidentitet": "99ab7250-3855-4c30-9deb-2697ec859f48", "skapad": "2026-03-17T21:00:01", "objekttypnr": 2621, "objekttyp": "Odlingsmarksgräns", "vattenytaid": null, "hojd_over_havet": null, "reglerat_vatten": null }, "geometry": { "type": "LineString", "coordinates": [ [ 14.666307811939815, 61.133108841685456 ], [ 14.666357048787425, 61.133021079313011 ], [ 14.66634335432701, 61.132890059330109 ], [ 14.666314271638567, 61.132568599922614 ], [ 14.666481072496458, 61.132482545786118 ], [ 14.666710880393124, 61.132511724449643 ] ] } },
{ "type": "Feature", "properties": { "objektidentitet": "1546000a-d951-4f2a-83e4-679ecdaf1c77", "skapad": "2026-03-17T21:00:01", "objekttypnr": 2621, "objekttyp": "Odlingsmarksgräns", "vattenytaid": null, "hojd_over_havet": null, "reglerat_vatten": null }, "geometry": { "type": "LineString", "coordinates": [ [ 14.675004809590542, 61.132702828972583 ], [ 14.675246815332752, 61.132676916642062 ] ] } },
{ "type": "Feature", "properties": { "objektidentitet": "e5e6b249-032e-4ab6-801d-974dfdbc8407", "skapad": "2026-03-17T21:00:01", "objekttypnr": 2622, "objekttyp": "Öppen markgräns", "vattenytaid": null, "hojd_over_havet": null, "reglerat_vatten": null }, "geometry": { "type": "LineString", "coordinates": [ [ 14.675246815332752, 61.132676916642062 ], [ 14.67614504008799, 61.133021420175218 ] ] } },
{ "type": "Feature", "properties": { "objektidentitet": "ecd72177-8f3f-405d-9ee3-c9882b4b6359", "skapad": "2026-03-17T21:00:01", "objekttypnr": 2622, "objekttyp": "Öppen markgräns", "vattenytaid": null, "hojd_over_havet": null, "reglerat_vatten": null }, "geometry": { "type": "LineString", "coordinates": [ [ 14.674585292491505, 61.133208285570404 ], [ 14.674558886968686, 61.133121954247855 ], [ 14.675161824846271, 61.132981706506328 ], [ 14.675004809590542, 61.132702828972583 ] ] } },
{ "type": "Feature", "properties": { "objektidentitet": "d5347479-8607-42ee-9105-385524706004", "skapad": "2026-03-17T21:00:01", "objekttypnr": 2621, "objekttyp": "Odlingsmarksgräns", "vattenytaid": null, "hojd_over_havet": null, "reglerat_vatten": null }, "geometry": { "type": "LineString", "coordinates": [ [ 14.677011922253637, 61.133782565537196 ], [ 14.676701312184436, 61.133376969643294 ], [ 14.676959446017657, 61.133297549252809 ], [ 14.676901135295072, 61.133198519376386 ], [ 14.676569304964685, 61.132964205023953 ], [ 14.67614504008799, 61.133021420175218 ] ] } },
{ "type": "Feature", "properties": { "objektidentitet": "8f262e42-4cc2-4041-a652-f33e7f10d8a2", "skapad": "2026-03-17T21:00:01", "objekttypnr": 2621, "objekttyp": "Odlingsmarksgräns", "vattenytaid": null, "hojd_over_havet": null, "reglerat_vatten": null }, "geometry": { "type": "LineString", "coordinates": [ [ 14.67614504008799, 61.133021420175218 ], [ 14.674738378253865, 61.13333287056463 ], [ 14.674585292491505, 61.133208285570404 ] ] } },
{ "type": "Feature", "properties": { "objektidentitet": "5fa42aad-d26b-4cc4-b2a6-45adf79de289", "skapad": "2026-03-17T21:00:01", "objekttypnr": 2621, "objekttyp": "Odlingsmarksgräns", "vattenytaid": null, "hojd_over_havet": null, "reglerat_vatten": null }, "geometry": { "type": "LineString", "coordinates": [ [ 14.670309984563053, 61.134007545533443 ], [ 14.670242042837119, 61.133692564110397 ], [ 14.670437071886665, 61.133427287092047 ], [ 14.670372125421528, 61.13314021631848 ], [ 14.669181678416203, 61.133135066478687 ], [ 14.668622511204294, 61.13338869472117 ], [ 14.668016420438526, 61.133852394137989 ], [ 14.667210401184009, 61.134179387990955 ] ] } },
{ "type": "Feature", "properties": { "objektidentitet": "66bb280f-a6ec-4f40-a1aa-ee13bf2c7dd4", "skapad": "2026-03-17T21:00:01", "objekttypnr": 2621, "objekttyp": "Odlingsmarksgräns", "vattenytaid": null, "hojd_over_havet": null, "reglerat_vatten": null }, "geometry": { "type": "LineString", "coordinates": [ [ 14.674585292491505, 61.133208285570404 ], [ 14.673759963931095, 61.133379587728506 ], [ 14.674280819547933, 61.134141514012548 ], [ 14.6746673020993, 61.134127361172951 ], [ 14.675250860072889, 61.133997525370695 ], [ 14.675339963249007, 61.134050241596626 ], [ 14.675640582695854, 61.134032943951773 ] ] } },
{ "type": "Feature", "properties": { "objektidentitet": "f9ada7ab-66e1-487f-be4f-695bda47bff5", "skapad": "2026-03-17T21:00:01", "objekttypnr": 2621, "objekttyp": "Odlingsmarksgräns", "vattenytaid": null, "hojd_over_havet": null, "reglerat_vatten": null }, "geometry": { "type": "LineString", "coordinates": [ [ 14.687563965505515, 61.132478655397165 ], [ 14.688586053776124, 61.132533935731786 ], [ 14.68859126822958, 61.132249414373646 ], [ 14.688903675629184, 61.13218637252303 ], [ 14.68912029454286, 61.132168959747503 ], [ 14.689316766548137, 61.132200959090348 ], [ 14.689584622872687, 61.13219361063193 ], [ 14.689850468990663, 61.132181094691006 ], [ 14.689895328969387, 61.132142889258091 ], [ 14.689591070940759, 61.131810820932699 ], [ 14.687506060621777, 61.132079700790143 ] ] } },
{ "type": "Feature", "properties": { "objektidentitet": "370bc7cb-5e4a-4bb0-9c6e-0ad5e64c4b90", "skapad": "2026-03-17T21:00:01", "objekttypnr": 2621, "objekttyp": "Odlingsmarksgräns", "vattenytaid": null, "hojd_over_havet": null, "reglerat_vatten": null }, "geometry": { "type": "LineString", "coordinates": [ [ 14.687506060621777, 61.132079700790143 ], [ 14.687563965505515, 61.132478655397165 ] ] } },
{ "type": "Feature", "properties": { "objektidentitet": "eb5ccae4-5c34-4e50-82c7-51972e42ae52", "skapad": "2026-03-17T21:00:01", "objekttypnr": 2622, "objekttyp": "Öppen markgräns", "vattenytaid": null, "hojd_over_havet": null, "reglerat_vatten": null }, "geometry": { "type": "LineString", "coordinates": [ [ 14.673079034635299, 61.134640457106812 ], [ 14.673149905354542, 61.134917485684383 ], [ 14.673466642656951, 61.135341742567995 ], [ 14.674004733876696, 61.135698569830936 ], [ 14.674817765897938, 61.13532752541586 ], [ 14.674590120122147, 61.134921208460327 ], [ 14.675722834501824, 61.134353810452708 ], [ 14.676229823466315, 61.134423094250884 ], [ 14.67641077972684, 61.134469035612504 ], [ 14.676678838063504, 61.134707534203471 ], [ 14.677397456580119, 61.135036975093911 ], [ 14.678025594172196, 61.13495537285322 ], [ 14.678485187896657, 61.135153088248209 ], [ 14.679307113944295, 61.135147246184687 ], [ 14.679159569351951, 61.134676899429913 ], [ 14.67842185132986, 61.13455035678053 ], [ 14.678284614474673, 61.134400828564743 ], [ 14.678947257572844, 61.134097543234468 ], [ 14.67933372974087, 61.134063966877264 ], [ 14.679760295687933, 61.134156254367355 ], [ 14.680051109077967, 61.134493367694802 ], [ 14.680494195690073, 61.134599751237516 ], [ 14.680720195741811, 61.134622675230368 ], [ 14.68128381540018, 61.134459575547744 ], [ 14.681683993259888, 61.134143645963213 ], [ 14.681721993020796, 61.133570511722006 ], [ 14.681604634547716, 61.133438998274052 ], [ 14.681118459981018, 61.133239264413461 ], [ 14.680975214485349, 61.133213510366865 ], [ 14.680641617289377, 61.13324133575717 ], [ 14.68020259044777, 61.133365144197114 ], [ 14.680056903025045, 61.133665313698145 ], [ 14.679685542447046, 61.133857359196504 ], [ 14.679007657920749, 61.133974933006854 ], [ 14.678500820599844, 61.133998616175724 ], [ 14.67838202773571, 61.133958212116269 ], [ 14.67750549050972, 61.133271693751098 ], [ 14.678008857632387, 61.132916590625179 ], [ 14.679601363755971, 61.132936468224145 ], [ 14.679989924751647, 61.133067530029443 ], [ 14.681038623479393, 61.133088051446158 ], [ 14.681367951825216, 61.132934543871961 ], [ 14.681519618091871, 61.132916783696032 ], [ 14.682193222043992, 61.133098282788332 ], [ 14.682439733552293, 61.133329752842108 ], [ 14.682536672366219, 61.133509267030043 ], [ 14.682675232120012, 61.133569258489132 ], [ 14.682972711708416, 61.133595748916754 ], [ 14.683394008815615, 61.133443143138209 ], [ 14.683420144874612, 61.133107991304705 ], [ 14.683712442003069, 61.132991334959897 ], [ 14.683937563571199, 61.132995326324817 ], [ 14.68467408556891, 61.133167766846213 ], [ 14.685635582528022, 61.132986345306435 ], [ 14.685885430041866, 61.132858120922648 ], [ 14.686887921725033, 61.132757648887036 ], [ 14.687481864582301, 61.13259134365633 ], [ 14.687563965505515, 61.132478655397165 ] ] } },
{ "type": "Feature", "properties": { "objektidentitet": "ace3b268-6857-4085-9e5a-063b3ad81ac3", "skapad": "2026-03-17T21:00:01", "objekttypnr": 2621, "objekttyp": "Odlingsmarksgräns", "vattenytaid": null, "hojd_over_havet": null, "reglerat_vatten": null }, "geometry": { "type": "LineString", "coordinates": [ [ 14.704021959604271, 61.133506470987477 ], [ 14.703393240248696, 61.133503966648632 ], [ 14.703188607608872, 61.133555759690665 ], [ 14.703122488718748, 61.134295806544294 ], [ 14.702846679751183, 61.134298217641835 ], [ 14.701604188406264, 61.13483717633833 ] ] } },
{ "type": "Feature", "properties": { "objektidentitet": "963ee040-96b6-463c-815b-f166e8371e90", "skapad": "2026-03-17T21:00:01", "objekttypnr": 2621, "objekttyp": "Odlingsmarksgräns", "vattenytaid": null, "hojd_over_havet": null, "reglerat_vatten": null }, "geometry": { "type": "LineString", "coordinates": [ [ 14.701604188406264, 61.13483717633833 ], [ 14.701708529616141, 61.135049021764374 ], [ 14.702836084128238, 61.134639476190365 ], [ 14.703034847813425, 61.134620322963741 ], [ 14.703141096959337, 61.134677295810995 ], [ 14.703112442821928, 61.134780585209434 ], [ 14.70297237558748, 61.134809204116941 ], [ 14.702785366995489, 61.134762890244723 ], [ 14.702599265983483, 61.13483927723005 ], [ 14.703562964599525, 61.135267298306971 ], [ 14.703719162978052, 61.135231388147972 ], [ 14.704007043279747, 61.135100658409044 ] ] } },
{ "type": "Feature", "properties": { "objektidentitet": "c6c51b63-829b-4487-b965-37c46510250a", "skapad": "2026-03-17T21:00:01", "objekttypnr": 2622, "objekttyp": "Öppen markgräns", "vattenytaid": null, "hojd_over_havet": null, "reglerat_vatten": null }, "geometry": { "type": "LineString", "coordinates": [ [ 14.700763387790447, 61.135022039674368 ], [ 14.698741597595918, 61.134633959110054 ], [ 14.699237284663537, 61.135442641158875 ], [ 14.699435517636333, 61.135523073785542 ], [ 14.699642575011582, 61.135521046636065 ], [ 14.700763387790447, 61.135022039674368 ] ] } },
{ "type": "Feature", "properties": { "objektidentitet": "a79a76ce-e917-4c40-9002-40206a8812d1", "skapad": "2026-03-17T21:00:01", "objekttypnr": 2622, "objekttyp": "Öppen markgräns", "vattenytaid": null, "hojd_over_havet": null, "reglerat_vatten": null }, "geometry": { "type": "LineString", "coordinates": [ [ 14.701604188406264, 61.13483717633833 ], [ 14.701255282133898, 61.135133481529358 ], [ 14.70052608687925, 61.135635954440829 ], [ 14.700258705361396, 61.135880375428215 ], [ 14.700552187916415, 61.136140698921388 ], [ 14.701218386010254, 61.136224623499459 ] ] } },
{ "type": "Feature", "properties": { "objektidentitet": "c7a12d8d-3154-4065-a5cf-6695a669da04", "skapad": "2026-03-17T21:00:01", "objekttypnr": 2622, "objekttyp": "Öppen markgräns", "vattenytaid": null, "hojd_over_havet": null, "reglerat_vatten": null }, "geometry": { "type": "LineString", "coordinates": [ [ 14.673634402078331, 61.136233122426511 ], [ 14.674104467408512, 61.136475174595269 ], [ 14.67409756350526, 61.136591941168639 ], [ 14.673974694398231, 61.136615113282055 ], [ 14.673753424093466, 61.13657381164127 ], [ 14.673012776878293, 61.13611229758272 ], [ 14.673567333735045, 61.135894614107627 ], [ 14.674220390406502, 61.135849880571499 ], [ 14.674685727139385, 61.136096578943068 ], [ 14.676766386476636, 61.136217531338396 ], [ 14.676678945835949, 61.136502726786574 ], [ 14.676610269227655, 61.136585274986722 ], [ 14.676043259593818, 61.136542046228818 ], [ 14.675002812425554, 61.136303973889639 ], [ 14.67386864673179, 61.136119821613363 ], [ 14.673634402078331, 61.136233122426511 ] ] } },
{ "type": "Feature", "properties": { "objektidentitet": "b0d980e4-6c57-45fd-b2dc-28a3acd34878", "skapad": "2026-03-17T21:00:01", "objekttypnr": 2621, "objekttyp": "Odlingsmarksgräns", "vattenytaid": null, "hojd_over_havet": null, "reglerat_vatten": null }, "geometry": { "type": "LineString", "coordinates": [ [ 14.699243039299192, 61.13699145757807 ], [ 14.698753875995815, 61.136920486388625 ], [ 14.698618115294106, 61.136758835109688 ], [ 14.69822437555953, 61.136610856402569 ], [ 14.69801869369045, 61.136538090547788 ], [ 14.697751462126989, 61.136503584719534 ], [ 14.697541878142536, 61.136573053483026 ] ] } },
{ "type": "Feature", "properties": { "objektidentitet": "ed1dbae9-407f-481b-8383-70f47e19cf6c", "skapad": "2026-03-17T21:00:01", "objekttypnr": 2622, "objekttyp": "Öppen markgräns", "vattenytaid": null, "hojd_over_havet": null, "reglerat_vatten": null }, "geometry": { "type": "LineString", "coordinates": [ [ 14.699243039299192, 61.13699145757807 ], [ 14.699338594203626, 61.136937031113789 ], [ 14.699949368975815, 61.136728135921352 ], [ 14.700144099368144, 61.136419103164904 ], [ 14.69966592854356, 61.136071176651299 ], [ 14.699203241655022, 61.13578119873754 ], [ 14.698810337911697, 61.135667312478866 ], [ 14.698325798622005, 61.135655001804857 ], [ 14.69801291556135, 61.13558537231728 ], [ 14.69772004304253, 61.135254236829532 ], [ 14.697556811844334, 61.134758746868357 ], [ 14.697535411003916, 61.134693843463481 ], [ 14.69700132749872, 61.13458864992765 ], [ 14.696000208959891, 61.134298217171668 ], [ 14.695692383188343, 61.134312796352248 ], [ 14.695166787137158, 61.134472683969037 ], [ 14.695070268877135, 61.134532698374599 ], [ 14.696298678662421, 61.135550167365686 ], [ 14.696647021039341, 61.135743962244668 ], [ 14.696794288223261, 61.136127518378601 ], [ 14.697311554815462, 61.136556782399822 ], [ 14.697541878142536, 61.136573053483026 ] ] } },
{ "type": "Feature", "properties": { "objektidentitet": "e2f71af9-1b64-4f7c-b468-018c48ecbbd1", "skapad": "2026-03-17T21:00:01", "objekttypnr": 2621, "objekttyp": "Odlingsmarksgräns", "vattenytaid": null, "hojd_over_havet": null, "reglerat_vatten": null }, "geometry": { "type": "LineString", "coordinates": [ [ 14.704001345836616, 61.135709525686117 ], [ 14.702689577187842, 61.135446176832104 ], [ 14.702514543047384, 61.135739302948366 ], [ 14.702556030369504, 61.136031010656176 ], [ 14.702204715583179, 61.136176369494116 ], [ 14.702046813430568, 61.136150004170894 ], [ 14.701819149337222, 61.135987642187118 ], [ 14.701647571615005, 61.13599386280287 ], [ 14.701218386010254, 61.136224623499459 ] ] } },
{ "type": "Feature", "properties": { "objektidentitet": "2a8a57c7-41bb-4c46-b77c-8e7d65b214e1", "skapad": "2026-03-17T21:00:01", "objekttypnr": 2621, "objekttyp": "Odlingsmarksgräns", "vattenytaid": null, "hojd_over_havet": null, "reglerat_vatten": null }, "geometry": { "type": "LineString", "coordinates": [ [ 14.701218386010254, 61.136224623499459 ], [ 14.701077327536055, 61.136323902463147 ], [ 14.701506508804362, 61.136564135030504 ], [ 14.701720616416686, 61.136626437134872 ], [ 14.702297019584307, 61.136711208850116 ], [ 14.703305319887841, 61.136751103109006 ], [ 14.70324272189692, 61.136826478111495 ], [ 14.70314315245283, 61.136883995863492 ], [ 14.702441311775416, 61.136852244177263 ], [ 14.702059401116189, 61.13721081151467 ], [ 14.702111338564782, 61.137264155308095 ], [ 14.702879164465537, 61.137404729805134 ], [ 14.702904677025657, 61.137468213908996 ], [ 14.702806525186347, 61.137507024682364 ], [ 14.701738029945851, 61.137446066915743 ], [ 14.701847070822266, 61.137164323636739 ], [ 14.702077374850141, 61.136940862088878 ], [ 14.701767978451464, 61.136822212549582 ], [ 14.701493061003445, 61.13684195899328 ], [ 14.701254496982443, 61.137090278735769 ], [ 14.70096889823246, 61.137098356370572 ], [ 14.70090440715507, 61.136878374735076 ], [ 14.700864171672734, 61.136428319052648 ], [ 14.70072456468179, 61.136370022681028 ], [ 14.700418629164201, 61.136359604873341 ], [ 14.700255055460339, 61.136818115395371 ], [ 14.699313067026981, 61.137272447203138 ], [ 14.699243039299192, 61.13699145757807 ] ] } },
{ "type": "Feature", "properties": { "objektidentitet": "895e7ffe-8151-4f3b-8799-9aa810dcaa17", "skapad": "2026-03-17T21:00:01", "objekttypnr": 2621, "objekttyp": "Odlingsmarksgräns", "vattenytaid": null, "hojd_over_havet": null, "reglerat_vatten": null }, "geometry": { "type": "LineString", "coordinates": [ [ 14.698385556938511, 61.137605739386409 ], [ 14.697966866347466, 61.137201316786737 ], [ 14.697901788071, 61.137229712051713 ], [ 14.697902189888547, 61.137300403999802 ], [ 14.697857674616086, 61.137372773246931 ], [ 14.697739864981834, 61.137427678563398 ], [ 14.698061568244738, 61.137909615351816 ], [ 14.698153790854557, 61.137963597962333 ], [ 14.698598826837067, 61.13793924565676 ], [ 14.69870485997045, 61.137913958050106 ], [ 14.698385556938511, 61.137605739386409 ] ] } },
{ "type": "Feature", "properties": { "objektidentitet": "e261eecd-fa8f-4cfd-bf61-f0e27968cc78", "skapad": "2026-03-17T21:00:01", "objekttypnr": 2622, "objekttyp": "Öppen markgräns", "vattenytaid": null, "hojd_over_havet": null, "reglerat_vatten": null }, "geometry": { "type": "LineString", "coordinates": [ [ 14.699940367804231, 61.137890353541465 ], [ 14.699450701551834, 61.137772968503995 ], [ 14.69923809862412, 61.137790317188909 ], [ 14.699003101921772, 61.137907017446672 ], [ 14.699478021734576, 61.138257219294481 ], [ 14.699488674406535, 61.138363459097654 ], [ 14.699671163423927, 61.138504196132722 ], [ 14.700327404890002, 61.138466023024868 ], [ 14.700526767299118, 61.1384039968613 ], [ 14.700475733294674, 61.138335706649222 ], [ 14.699940367804231, 61.137890353541465 ] ] } },
{ "type": "Feature", "properties": { "objektidentitet": "e145e99d-04fb-4b14-9528-f43d83071d5a", "skapad": "2026-03-17T21:00:01", "objekttypnr": 2622, "objekttyp": "Öppen markgräns", "vattenytaid": null, "hojd_over_havet": null, "reglerat_vatten": null }, "geometry": { "type": "LineString", "coordinates": [ [ 14.684353156912829, 61.138286526843835 ], [ 14.685083491414094, 61.13818655481623 ], [ 14.684242597780464, 61.139102404008177 ], [ 14.683805549627959, 61.138858112373441 ], [ 14.68379363672995, 61.138552561178443 ], [ 14.684353156912829, 61.138286526843835 ] ] } },
{ "type": "Feature", "properties": { "objektidentitet": "95f9c7e5-4538-44e5-a06e-678f6e32855d", "skapad": "2026-03-17T21:00:01", "objekttypnr": 2621, "objekttyp": "Odlingsmarksgräns", "vattenytaid": null, "hojd_over_havet": null, "reglerat_vatten": null }, "geometry": { "type": "LineString", "coordinates": [ [ 14.697541878142536, 61.136573053483026 ], [ 14.697796851526332, 61.136850776545366 ], [ 14.698426150995564, 61.136996058570112 ], [ 14.69870805118688, 61.13723196746632 ], [ 14.698653848329554, 61.137457934282843 ], [ 14.698720031624717, 61.137590333622441 ], [ 14.699238198486075, 61.137607969510157 ], [ 14.699358165911288, 61.137339530678346 ], [ 14.699902564737288, 61.137365293494234 ], [ 14.70010333850507, 61.137500396389413 ], [ 14.700325145059074, 61.137828460325878 ], [ 14.700470192244756, 61.137891356656873 ], [ 14.700531363202483, 61.137795034802707 ], [ 14.700494141384185, 61.137156577661379 ], [ 14.70072251766792, 61.137137861581884 ], [ 14.700754287602686, 61.137838818773488 ], [ 14.701320828570553, 61.138177536379345 ], [ 14.701588823536436, 61.138201900904285 ], [ 14.701801811118427, 61.138126175950802 ], [ 14.702108282032921, 61.138134859128797 ], [ 14.702275661065755, 61.138189246816452 ], [ 14.702431485814504, 61.138348702796193 ], [ 14.702436279126015, 61.139181402944111 ], [ 14.70249903418717, 61.139248003599832 ], [ 14.702753190871899, 61.139228308120437 ], [ 14.702874781936726, 61.138654068685007 ], [ 14.703168171202551, 61.138725529335389 ], [ 14.703168810367744, 61.139195634549829 ], [ 14.703675917891228, 61.13900331068232 ], [ 14.703841355448027, 61.138710521106674 ], [ 14.703609331138136, 61.138614175363998 ], [ 14.702881454697637, 61.138303518996331 ], [ 14.702926952940803, 61.13825392680932 ], [ 14.703291893255649, 61.138200250338187 ], [ 14.703977740724373, 61.138231839220779 ] ] } },
{ "type": "Feature", "properties": { "objektidentitet": "e273d5e1-908b-40a3-94b4-2988dee8c3f4", "skapad": "2026-03-17T21:00:01", "objekttypnr": 2622, "objekttyp": "Öppen markgräns", "vattenytaid": null, "hojd_over_havet": null, "reglerat_vatten": null }, "geometry": { "type": "LineString", "coordinates": [ [ 14.672738327562321, 61.138271603244036 ], [ 14.673310229754998, 61.138606016610289 ], [ 14.673358655239802, 61.138852906261171 ], [ 14.673228812945794, 61.139224794423576 ], [ 14.67312157093107, 61.139438278961492 ], [ 14.672827526412563, 61.13942165968232 ], [ 14.672814648686686, 61.139049067722148 ], [ 14.672719376777321, 61.138974195961403 ], [ 14.672232796631445, 61.138835864370527 ], [ 14.67157871395983, 61.138696020457871 ], [ 14.671704166744098, 61.138170818355121 ], [ 14.672738327562321, 61.138271603244036 ] ] } },
{ "type": "Feature", "properties": { "objektidentitet": "cc4914e4-094b-4357-9443-8723f71e0dbf", "skapad": "2026-03-17T21:00:01", "objekttypnr": 2622, "objekttyp": "Öppen markgräns", "vattenytaid": null, "hojd_over_havet": null, "reglerat_vatten": null }, "geometry": { "type": "MultiLineString", "coordinates": [ [ [ 14.703910528452198, 61.140285663125823 ], [ 14.70395780675867, 61.140361512404191 ] ], [ [ 14.703956942115596, 61.140453880267387 ], [ 14.703669156851028, 61.140380945671346 ], [ 14.703494775089156, 61.14026775784285 ], [ 14.703020024161869, 61.140231820229388 ], [ 14.702157089404956, 61.140262019414479 ], [ 14.702118820482726, 61.140200203877846 ], [ 14.702364340870171, 61.139934795333275 ], [ 14.702493424506603, 61.139775247608448 ], [ 14.703747230726048, 61.139742553969583 ], [ 14.703742195987928, 61.139990590107836 ], [ 14.703780144409302, 61.140078978642862 ], [ 14.703910528452198, 61.140285663125823 ] ] ] } },
{ "type": "Feature", "properties": { "objektidentitet": "7447d16c-4693-4b0e-bbc2-182937f8a676", "skapad": "2026-03-17T21:00:01", "objekttypnr": 2622, "objekttyp": "Öppen markgräns", "vattenytaid": null, "hojd_over_havet": null, "reglerat_vatten": null }, "geometry": { "type": "LineString", "coordinates": [ [ 14.691436772788938, 61.144633263487826 ], [ 14.692352235837124, 61.144446347283825 ], [ 14.692822627989306, 61.14440094679054 ], [ 14.69266953978067, 61.145137118456546 ], [ 14.691809756764972, 61.145076906667882 ], [ 14.69148391224693, 61.145114966173935 ], [ 14.69104976458916, 61.145238282261865 ], [ 14.690791575305996, 61.145250548879567 ], [ 14.69084479000308, 61.145094806965034 ], [ 14.691073046529777, 61.145035868448126 ], [ 14.691589930849492, 61.144879056358057 ], [ 14.691573162686762, 61.144798675926914 ], [ 14.691407088412555, 61.144740211094636 ], [ 14.691436772788938, 61.144633263487826 ] ] } },
{ "type": "Feature", "properties": { "objektidentitet": "b3ffba6f-d433-4680-a1a0-5deb00bbdfad", "skapad": "2026-03-17T21:00:01", "objekttypnr": 2622, "objekttyp": "Öppen markgräns", "vattenytaid": null, "hojd_over_havet": null, "reglerat_vatten": null }, "geometry": { "type": "LineString", "coordinates": [ [ 14.698226492839247, 61.147420129979295 ], [ 14.699178572271057, 61.147391186373163 ], [ 14.699170660102956, 61.147851836216894 ], [ 14.699060473302197, 61.147976283651268 ], [ 14.698473599912903, 61.14809225407889 ], [ 14.698132751369954, 61.148246046684449 ], [ 14.697793273189262, 61.148228940748908 ], [ 14.697988834714396, 61.147529460923757 ], [ 14.698226492839247, 61.147420129979295 ] ] } },
{ "type": "Feature", "properties": { "objektidentitet": "2d2d5706-4d05-403f-a091-6857fff4cfca", "skapad": "2026-03-17T21:00:01", "objekttypnr": 2621, "objekttyp": "Odlingsmarksgräns", "vattenytaid": null, "hojd_over_havet": null, "reglerat_vatten": null }, "geometry": { "type": "LineString", "coordinates": [ [ 14.679001349029544, 61.148273453917405 ], [ 14.679842827063391, 61.147992116913052 ], [ 14.679686143735884, 61.148180638840479 ], [ 14.679976500347163, 61.148412162480525 ], [ 14.68029308924009, 61.148551985458859 ], [ 14.682527187636625, 61.147818731656933 ], [ 14.682910872784621, 61.147746013429781 ], [ 14.683718733410517, 61.147477923582301 ], [ 14.684079231986335, 61.147339915379042 ], [ 14.684097225686576, 61.147212212477037 ], [ 14.683942265272536, 61.147099385952657 ], [ 14.683112558980019, 61.146951736385383 ], [ 14.681380998297357, 61.147479236924219 ], [ 14.679906809283576, 61.146492412755244 ], [ 14.679329061950407, 61.145403942828914 ], [ 14.678850776972867, 61.145396443651684 ], [ 14.677483689226575, 61.145440622374871 ], [ 14.676664859775215, 61.145480684630037 ], [ 14.676443875189996, 61.14567914926478 ], [ 14.676509120061485, 61.145963066119535 ], [ 14.676616689539481, 61.146080689783084 ], [ 14.676573926330144, 61.146157392779948 ], [ 14.67663450644862, 61.146260144533954 ], [ 14.676353518080418, 61.146346216443746 ], [ 14.674893637761631, 61.146544295610916 ], [ 14.675586667667288, 61.147310103045115 ], [ 14.675705269969283, 61.147411647646315 ], [ 14.674474716542861, 61.147919134541894 ], [ 14.676826470226436, 61.149030231992697 ], [ 14.67888833621646, 61.148322509682366 ], [ 14.679001349029544, 61.148273453917405 ] ] } },
{ "type": "Feature", "properties": { "objektidentitet": "0f150f64-5978-48a6-beef-9d3a23096009", "skapad": "2026-03-17T21:00:01", "objekttypnr": 2621, "objekttyp": "Odlingsmarksgräns", "vattenytaid": null, "hojd_over_havet": null, "reglerat_vatten": null }, "geometry": { "type": "LineString", "coordinates": [ [ 14.673386225766265, 61.133733767226659 ], [ 14.672744343104258, 61.133641181469187 ], [ 14.672579512576714, 61.133695789575405 ], [ 14.672514447156214, 61.133778793531931 ] ] } },
{ "type": "Feature", "properties": { "objektidentitet": "90c82942-4d54-4c4d-b9ef-67a7d949db41", "skapad": "2026-03-17T21:00:01", "objekttypnr": 2621, "objekttyp": "Odlingsmarksgräns", "vattenytaid": null, "hojd_over_havet": null, "reglerat_vatten": null }, "geometry": { "type": "LineString", "coordinates": [ [ 14.669284050014667, 61.133707633904535 ], [ 14.669501200479848, 61.133703603802175 ], [ 14.669444861175108, 61.134013344090476 ], [ 14.669506915406778, 61.134109172278421 ], [ 14.669818045034692, 61.134122410872465 ], [ 14.670309984563053, 61.134007545533443 ] ] } },
{ "type": "Feature", "properties": { "objektidentitet": "ce8905d3-8e06-4639-9fa8-fd274d0d5928", "skapad": "2026-03-17T21:00:01", "objekttypnr": 2621, "objekttyp": "Odlingsmarksgräns", "vattenytaid": null, "hojd_over_havet": null, "reglerat_vatten": null }, "geometry": { "type": "LineString", "coordinates": [ [ 14.667210401184009, 61.134179387990955 ], [ 14.666726530547182, 61.134380036077062 ], [ 14.66678694929363, 61.13457753499825 ], [ 14.666915229473656, 61.134632723195452 ], [ 14.667707652582461, 61.134733553180261 ], [ 14.668115702224823, 61.134627422631475 ], [ 14.668687109083589, 61.134329816900348 ], [ 14.668637224343064, 61.134201563454084 ], [ 14.668706207022261, 61.13411254692101 ], [ 14.668937270661733, 61.134095803177381 ], [ 14.669284050014667, 61.133707633904535 ] ] } },
{ "type": "Feature", "properties": { "objektidentitet": "bb8aac87-e91a-4e4a-808b-850cabb4e205", "skapad": "2026-03-17T21:00:01", "objekttypnr": 2621, "objekttyp": "Odlingsmarksgräns", "vattenytaid": null, "hojd_over_havet": null, "reglerat_vatten": null }, "geometry": { "type": "LineString", "coordinates": [ [ 14.672780204445663, 61.134229197743032 ], [ 14.673321646428912, 61.134291330617806 ], [ 14.673835807040856, 61.134442455502089 ], [ 14.674075134277478, 61.134436406514133 ], [ 14.673386225766265, 61.133733767226659 ] ] } },
{ "type": "Feature", "properties": { "objektidentitet": "a2a4b6d3-828f-4356-a834-ba9f744c8747", "skapad": "2026-03-17T21:00:01", "objekttypnr": 2622, "objekttyp": "Öppen markgräns", "vattenytaid": null, "hojd_over_havet": null, "reglerat_vatten": null }, "geometry": { "type": "LineString", "coordinates": [ [ 14.670309984563053, 61.134007545533443 ], [ 14.670194826301733, 61.134360388744966 ], [ 14.669319026109996, 61.134507399566445 ], [ 14.669349667646539, 61.13474499123182 ], [ 14.669741400387034, 61.134954493409104 ], [ 14.670149143877026, 61.135206758866225 ], [ 14.670350279285389, 61.135373886106429 ], [ 14.671279848487718, 61.135420372172803 ], [ 14.672294146042214, 61.135445537250675 ], [ 14.672578771358957, 61.135258123367471 ], [ 14.67268419894406, 61.134874424706922 ], [ 14.67147174410681, 61.134847300131625 ], [ 14.671272914200246, 61.134951247230823 ], [ 14.671088307913845, 61.134846072444454 ], [ 14.671194721159917, 61.134597816448654 ], [ 14.672026022782433, 61.134182554536473 ], [ 14.672239870178796, 61.133761070913089 ], [ 14.672514447156214, 61.133778793531931 ] ] } },
{ "type": "Feature", "properties": { "objektidentitet": "d8075ef3-54ca-40dd-9cad-26041711dec3", "skapad": "2026-03-17T21:00:01", "objekttypnr": 2621, "objekttyp": "Odlingsmarksgräns", "vattenytaid": null, "hojd_over_havet": null, "reglerat_vatten": null }, "geometry": { "type": "LineString", "coordinates": [ [ 14.675640582695854, 61.134032943951773 ], [ 14.677011922253637, 61.133782565537196 ] ] } },
{ "type": "Feature", "properties": { "objektidentitet": "39ced357-c9d4-4d12-a536-bef52dd57b39", "skapad": "2026-03-17T21:00:01", "objekttypnr": 2622, "objekttyp": "Öppen markgräns", "vattenytaid": null, "hojd_over_havet": null, "reglerat_vatten": null }, "geometry": { "type": "LineString", "coordinates": [ [ 14.677011922253637, 61.133782565537196 ], [ 14.677103674536419, 61.133903392527486 ], [ 14.676742190955505, 61.134175257032794 ], [ 14.676046934503427, 61.13417069443026 ], [ 14.675395995292755, 61.134224428655934 ], [ 14.674960816770106, 61.134389625944195 ], [ 14.674826639797303, 61.134592534041801 ], [ 14.674726267072158, 61.13461729600634 ], [ 14.674585561314498, 61.134579206142639 ], [ 14.674489716239181, 61.134369630959135 ], [ 14.674966709402979, 61.13419199361347 ], [ 14.67543732485314, 61.134141402288797 ], [ 14.675640582695854, 61.134032943951773 ] ] } },
{ "type": "Feature", "properties": { "objektidentitet": "d9f3db03-8161-4925-b26f-e6ffb4ad0136", "skapad": "2026-03-17T21:00:01", "objekttypnr": 2621, "objekttyp": "Odlingsmarksgräns", "vattenytaid": null, "hojd_over_havet": null, "reglerat_vatten": null }, "geometry": { "type": "LineString", "coordinates": [ [ 14.672514447156214, 61.133778793531931 ], [ 14.672780204445663, 61.134229197743032 ] ] } },
{ "type": "Feature", "properties": { "objektidentitet": "00659e65-f715-4eec-9685-8e9780e2a1c3", "skapad": "2026-03-17T21:00:01", "objekttypnr": 2622, "objekttyp": "Öppen markgräns", "vattenytaid": null, "hojd_over_havet": null, "reglerat_vatten": null }, "geometry": { "type": "LineString", "coordinates": [ [ 14.672780204445663, 61.134229197743032 ], [ 14.672650834561091, 61.134271313773532 ] ] } },
{ "type": "Feature", "properties": { "objektidentitet": "d454a1fd-e104-4278-a336-2b950381297a", "skapad": "2026-03-17T21:00:01", "objekttypnr": 2621, "objekttyp": "Odlingsmarksgräns", "vattenytaid": null, "hojd_over_havet": null, "reglerat_vatten": null }, "geometry": { "type": "LineString", "coordinates": [ [ 14.673079034635299, 61.134640457106812 ], [ 14.673347746157219, 61.134633618451289 ], [ 14.673440430965451, 61.134585658530249 ], [ 14.673395961789728, 61.134529825961387 ], [ 14.672814717258811, 61.134310404470654 ], [ 14.672650834561091, 61.134271313773532 ] ] } },
{ "type": "Feature", "properties": { "objektidentitet": "a30c75cb-a5cc-4dc8-a17b-5b37f49fa545", "skapad": "2026-03-17T21:00:01", "objekttypnr": 2621, "objekttyp": "Odlingsmarksgräns", "vattenytaid": null, "hojd_over_havet": null, "reglerat_vatten": null }, "geometry": { "type": "LineString", "coordinates": [ [ 14.672650834561091, 61.134271313773532 ], [ 14.6725543050947, 61.13429962079406 ], [ 14.672490736693108, 61.134345505045147 ], [ 14.672448608067908, 61.134465499292645 ], [ 14.672405090046096, 61.134493700819483 ], [ 14.672356828319137, 61.134492300090656 ], [ 14.672157982129102, 61.134424502994008 ], [ 14.672012119032285, 61.13449738129983 ], [ 14.672480173975705, 61.134777473592159 ], [ 14.672712657025171, 61.13474945060409 ], [ 14.672791005378963, 61.134719770972524 ], [ 14.672856578780562, 61.134584149276201 ], [ 14.673079034635299, 61.134640457106812 ] ] } },
{ "type": "Feature", "properties": { "objektidentitet": "ed7c8278-937c-4ee8-a625-4ec746d75808", "skapad": "2026-03-17T21:00:01", "objekttypnr": 2622, "objekttyp": "Öppen markgräns", "vattenytaid": null, "hojd_over_havet": null, "reglerat_vatten": null }, "geometry": { "type": "LineString", "coordinates": [ [ 14.669508779648217, 61.135356077313517 ], [ 14.669777702649663, 61.135523505479867 ], [ 14.669611394920704, 61.135764333355048 ], [ 14.669875263870695, 61.136156651893835 ], [ 14.670027685913308, 61.137035115736005 ], [ 14.670177883037494, 61.13701472512674 ], [ 14.670516535974397, 61.136550859254669 ], [ 14.671795985784987, 61.136086889406755 ], [ 14.67265152145991, 61.136611047808252 ], [ 14.673012745120211, 61.136839256993994 ], [ 14.673236518580717, 61.13700685649286 ], [ 14.672853724838021, 61.137206684396787 ], [ 14.672013109886214, 61.137041432850609 ], [ 14.671315036455285, 61.137069653068586 ], [ 14.671784765211362, 61.137390160544882 ], [ 14.672312671213291, 61.137507415187294 ], [ 14.671736330554232, 61.137639356772134 ], [ 14.671458335380963, 61.137577462479982 ], [ 14.670958672622362, 61.137346264031891 ], [ 14.67027688478054, 61.137138590914383 ], [ 14.670142498268401, 61.137163481953081 ], [ 14.670046926235248, 61.137284081049003 ], [ 14.669303516227036, 61.137211180065655 ], [ 14.66905921066647, 61.136926004410576 ], [ 14.66957271486128, 61.136751034027235 ], [ 14.669390119661054, 61.136358841750251 ], [ 14.668794683828159, 61.136446122269575 ], [ 14.668234350377046, 61.136461627642355 ], [ 14.66750949842239, 61.135899121729125 ], [ 14.667863117287125, 61.135795075776592 ], [ 14.66833350895347, 61.135857727321351 ], [ 14.668336988447376, 61.135722467384696 ], [ 14.668462617679129, 61.135632656096035 ], [ 14.669508779648217, 61.135356077313517 ] ] } },
{ "type": "Feature", "properties": { "objektidentitet": "42719b01-a922-4d8e-a695-6d802c945c7d", "skapad": "2026-03-17T21:00:01", "objekttypnr": 2622, "objekttyp": "Öppen markgräns", "vattenytaid": null, "hojd_over_havet": null, "reglerat_vatten": null }, "geometry": { "type": "LineString", "coordinates": [ [ 14.672811280517921, 61.142526770692776 ], [ 14.672343708991541, 61.143282099404729 ], [ 14.671727546561964, 61.14313208659577 ], [ 14.671744727407214, 61.14301570408125 ], [ 14.672160487951915, 61.142898573117023 ], [ 14.672516552075221, 61.142675672834571 ], [ 14.672142079621649, 61.142382907018096 ], [ 14.672589029314166, 61.142092022244078 ], [ 14.672811280517921, 61.142526770692776 ] ] } },
{ "type": "Feature", "properties": { "objektidentitet": "2c40fa15-14e2-450a-8921-01dced2a1f6a", "skapad": "2026-03-17T21:00:01", "objekttypnr": 2622, "objekttyp": "Öppen markgräns", "vattenytaid": null, "hojd_over_havet": null, "reglerat_vatten": null }, "geometry": { "type": "LineString", "coordinates": [ [ 14.673753651503752, 61.145651988372343 ], [ 14.674413005760583, 61.146286914378592 ], [ 14.674151655303973, 61.14641341093138 ], [ 14.673854564956141, 61.146467836907547 ], [ 14.673100783487598, 61.145912151444342 ], [ 14.673521069943805, 61.145633319342522 ], [ 14.673753651503752, 61.145651988372343 ] ] } },
{ "type": "Feature", "properties": { "objektidentitet": "074ef851-1f8f-4416-8830-1f994a92a32b", "skapad": "2026-03-17T21:00:01", "objekttypnr": 2622, "objekttyp": "Öppen markgräns", "vattenytaid": null, "hojd_over_havet": null, "reglerat_vatten": null }, "geometry": { "type": "LineString", "coordinates": [ [ 14.670270938714649, 61.150070379060438 ], [ 14.670163917362549, 61.15013795445465 ], [ 14.670206320339135, 61.150583948303485 ], [ 14.670101386508183, 61.150640010329191 ], [ 14.66994675638489, 61.150566347764276 ], [ 14.669647583550276, 61.15022896907734 ], [ 14.669223878146896, 61.150067312554469 ], [ 14.668371401000122, 61.150036964734731 ], [ 14.667815420765008, 61.150085490756375 ], [ 14.667079256553199, 61.150121990289257 ], [ 14.666714728857658, 61.149710530136126 ], [ 14.667667304577835, 61.149551963410069 ], [ 14.669284714163574, 61.149414174663427 ], [ 14.66997860473214, 61.149394779485796 ], [ 14.670294989083807, 61.149433355973493 ], [ 14.670816892078168, 61.149707012240633 ], [ 14.671325287077419, 61.14981916833905 ], [ 14.671782684764858, 61.150025079568238 ], [ 14.67167002145248, 61.150530695484449 ], [ 14.67135403521225, 61.150590196344794 ], [ 14.671154754738879, 61.150558227361273 ], [ 14.670898971414532, 61.150027521333008 ], [ 14.670432690635081, 61.149954357960013 ], [ 14.670324246272566, 61.149973216599342 ], [ 14.670270938714649, 61.150070379060438 ] ] } },
{ "type": "Feature", "properties": { "objektidentitet": "067098ea-5382-4502-b1aa-419bbd5978d7", "skapad": "2026-03-17T21:00:01", "objekttypnr": 2621, "objekttyp": "Odlingsmarksgräns", "vattenytaid": null, "hojd_over_havet": null, "reglerat_vatten": null }, "geometry": { "type": "LineString", "coordinates": [ [ 14.670081808115791, 61.152660152322397 ], [ 14.670132925934269, 61.152404778344227 ], [ 14.669866586091448, 61.15187291351652 ], [ 14.67033408495398, 61.151575379965543 ] ] } },
{ "type": "Feature", "properties": { "objektidentitet": "7c1dd201-eece-4b3e-a257-6434cc871b88", "skapad": "2026-03-17T21:00:01", "objekttypnr": 2621, "objekttyp": "Odlingsmarksgräns", "vattenytaid": null, "hojd_over_havet": null, "reglerat_vatten": null }, "geometry": { "type": "LineString", "coordinates": [ [ 14.670185399544319, 61.153646793531422 ], [ 14.670601883018115, 61.153370879219537 ], [ 14.670767611575551, 61.153163545466235 ], [ 14.670465484852661, 61.152789119199348 ], [ 14.670081808115791, 61.152660152322397 ] ] } },
{ "type": "Feature", "properties": { "objektidentitet": "6d3ace77-08df-401d-a48f-6e5215271b1f", "skapad": "2026-03-17T21:00:01", "objekttypnr": 2621, "objekttyp": "Odlingsmarksgräns", "vattenytaid": null, "hojd_over_havet": null, "reglerat_vatten": null }, "geometry": { "type": "LineString", "coordinates": [ [ 14.67033408495398, 61.151575379965543 ], [ 14.670056187078227, 61.151352062989439 ], [ 14.668385427166525, 61.152036270787065 ], [ 14.668059004964061, 61.152192348490658 ], [ 14.667987886239077, 61.152310968052795 ], [ 14.668334641101866, 61.152745678624051 ], [ 14.669219670837954, 61.153466255243387 ], [ 14.669856561049503, 61.153699050646573 ], [ 14.67001534028917, 61.1537024274689 ], [ 14.670185399544319, 61.153646793531422 ] ] } },
{ "type": "Feature", "properties": { "objektidentitet": "25f3ab6e-2c0b-4b41-b408-4fc6fecb2a45", "skapad": "2026-03-17T21:00:01", "objekttypnr": 2622, "objekttyp": "Öppen markgräns", "vattenytaid": null, "hojd_over_havet": null, "reglerat_vatten": null }, "geometry": { "type": "LineString", "coordinates": [ [ 14.670185399544319, 61.153646793531422 ], [ 14.670438951229421, 61.153744559751907 ], [ 14.670624017046958, 61.153750001826623 ], [ 14.671135748650064, 61.153297679614688 ], [ 14.671412922814101, 61.153201572251938 ], [ 14.672092076314282, 61.153117023349338 ], [ 14.672442969444536, 61.152823410856513 ], [ 14.672308321783909, 61.152774057319171 ], [ 14.671758993907428, 61.152950800583525 ], [ 14.671216137374543, 61.152801331668527 ], [ 14.670859203442854, 61.152566000529184 ], [ 14.670518045638673, 61.152489487925813 ], [ 14.670289678204341, 61.152543076927536 ], [ 14.670081808115791, 61.152660152322397 ] ] } },
{ "type": "Feature", "properties": { "objektidentitet": "028c7eaf-ce20-4c09-9192-d14b3e9fa6fd", "skapad": "2026-03-17T21:00:01", "objekttypnr": 2622, "objekttyp": "Öppen markgräns", "vattenytaid": null, "hojd_over_havet": null, "reglerat_vatten": null }, "geometry": { "type": "LineString", "coordinates": [ [ 14.672633530897066, 61.153384848300178 ], [ 14.672828847756449, 61.153735193623042 ], [ 14.671968288792478, 61.153925926655639 ], [ 14.671779761483192, 61.153881514498579 ], [ 14.671632734697747, 61.153800142563668 ], [ 14.671627458080415, 61.153692863270201 ], [ 14.671979501272247, 61.15346312227657 ], [ 14.672383023825082, 61.153380148434607 ], [ 14.672633530897066, 61.153384848300178 ] ] } },
{ "type": "Feature", "properties": { "objektidentitet": "78a808b6-4b61-45ed-8130-4008eadc8164", "skapad": "2026-03-17T21:00:01", "objekttypnr": 2622, "objekttyp": "Öppen markgräns", "vattenytaid": null, "hojd_over_havet": null, "reglerat_vatten": null }, "geometry": { "type": "LineString", "coordinates": [ [ 14.66922953921839, 61.15401811670381 ], [ 14.66938465234735, 61.15386768684062 ], [ 14.668517655393112, 61.153661896559143 ], [ 14.668156919619216, 61.153212760908161 ], [ 14.667971160371737, 61.15284739449136 ], [ 14.66693379796668, 61.152251998045003 ], [ 14.666716763799025, 61.152139474976416 ], [ 14.666540531121267, 61.152134166017326 ], [ 14.665667313846225, 61.15254030370798 ], [ 14.665139437048804, 61.152169186097602 ], [ 14.664777014305709, 61.152400274973751 ] ] } },
{ "type": "Feature", "properties": { "objektidentitet": "01f8dc73-c842-44d3-ab23-9701b787ec3c", "skapad": "2026-03-17T21:00:01", "objekttypnr": 2621, "objekttyp": "Odlingsmarksgräns", "vattenytaid": null, "hojd_over_havet": null, "reglerat_vatten": null }, "geometry": { "type": "LineString", "coordinates": [ [ 14.668913090226573, 61.1541268989725 ], [ 14.667934197052743, 61.153934234898308 ], [ 14.667852834983332, 61.153869143912281 ], [ 14.667793185121299, 61.153504239270077 ], [ 14.667501737656952, 61.153396347047057 ], [ 14.667123781488939, 61.153349119606744 ] ] } },
{ "type": "Feature", "properties": { "objektidentitet": "6bb31288-6af5-4b40-88b0-1a7684c22eb2", "skapad": "2026-03-17T21:00:01", "objekttypnr": 2621, "objekttyp": "Odlingsmarksgräns", "vattenytaid": null, "hojd_over_havet": null, "reglerat_vatten": null }, "geometry": { "type": "LineString", "coordinates": [ [ 14.66922953921839, 61.15401811670381 ], [ 14.668915969934641, 61.154126906015748 ] ] } },
{ "type": "Feature", "properties": { "objektidentitet": "b7ba84e6-7669-4b9b-80f7-1a89fa991a11", "skapad": "2026-03-17T21:00:01", "objekttypnr": 2621, "objekttyp": "Odlingsmarksgräns", "vattenytaid": null, "hojd_over_havet": null, "reglerat_vatten": null }, "geometry": { "type": "LineString", "coordinates": [ [ 14.669402848702083, 61.154128095953567 ], [ 14.66937015997247, 61.154080873729121 ], [ 14.66922953921839, 61.15401811670381 ] ] } },
{ "type": "Feature", "properties": { "objektidentitet": "f01f5b03-a529-40ad-85b4-608ec0fe616e", "skapad": "2026-03-17T21:00:01", "objekttypnr": 2622, "objekttyp": "Öppen markgräns", "vattenytaid": null, "hojd_over_havet": null, "reglerat_vatten": null }, "geometry": { "type": "LineString", "coordinates": [ [ 14.671479785554579, 61.15413315234435 ], [ 14.669976399401166, 61.153946115109022 ], [ 14.669847739274475, 61.154129181740508 ] ] } },
{ "type": "Feature", "properties": { "objektidentitet": "5ac9051d-4fa3-46b2-9c4c-bf7ceaf67418", "skapad": "2026-03-17T21:00:01", "objekttypnr": 2622, "objekttyp": "Öppen markgräns", "vattenytaid": null, "hojd_over_havet": null, "reglerat_vatten": null }, "geometry": { "type": "LineString", "coordinates": [ [ 14.678325841730704, 61.154149593714877 ], [ 14.678122596226686, 61.153792531116061 ], [ 14.677293335238375, 61.153226393256539 ], [ 14.677015034282499, 61.153267215839584 ], [ 14.676777884029709, 61.153544314573288 ], [ 14.677141583055615, 61.154146774386561 ] ] } },
{ "type": "Feature", "properties": { "objektidentitet": "2dc153c8-f8ef-42e9-8723-2343ab7461b6", "skapad": "2026-03-17T21:00:01", "objekttypnr": 2622, "objekttyp": "Öppen markgräns", "vattenytaid": null, "hojd_over_havet": null, "reglerat_vatten": null }, "geometry": { "type": "LineString", "coordinates": [ [ 14.676884970324888, 61.149515216603255 ], [ 14.677160263229974, 61.149500153611257 ], [ 14.67758278753743, 61.149573162452498 ], [ 14.677993449669199, 61.149683875395588 ], [ 14.678149679583743, 61.149782482012633 ], [ 14.677583018680416, 61.150188024351515 ], [ 14.677381561420024, 61.150252471600375 ], [ 14.677222895335893, 61.150212375797558 ], [ 14.676884970324888, 61.149515216603255 ] ] } },
{ "type": "Feature", "properties": { "objektidentitet": "bc12841d-c863-4678-b6ac-9dfd39297d4e", "skapad": "2025-12-17T01:00:01", "objekttypnr": 2620, "objekttyp": "Industri- och handelsbebyggelsegräns", "vattenytaid": null, "hojd_over_havet": null, "reglerat_vatten": null }, "geometry": { "type": "MultiLineString", "coordinates": [ [ [ 14.628855818177195, 61.116514386126113 ], [ 14.628766066067117, 61.116420168824511 ], [ 14.627993017604675, 61.116495011927228 ], [ 14.628128855906875, 61.116795299350017 ], [ 14.628026835692255, 61.11693035099033 ], [ 14.626633571008792, 61.117062354323792 ] ], [ [ 14.626643982204802, 61.116179610186435 ], [ 14.627950431687433, 61.11601157193671 ], [ 14.628552121423647, 61.115839540378772 ], [ 14.628762977207614, 61.115721432077265 ], [ 14.628866138244705, 61.115634109349486 ] ] ] } },
{ "type": "Feature", "properties": { "objektidentitet": "ba4cadb3-dac8-44e9-939c-91238300f980", "skapad": "2025-12-17T01:00:01", "objekttypnr": 2620, "objekttyp": "Industri- och handelsbebyggelsegräns", "vattenytaid": null, "hojd_over_havet": null, "reglerat_vatten": null }, "geometry": { "type": "LineString", "coordinates": [ [ 14.626622656613925, 61.117987702634281 ], [ 14.626977471688456, 61.117949822826425 ], [ 14.626831004101319, 61.117566244219041 ], [ 14.626850787810911, 61.117542543441715 ], [ 14.628845956167797, 61.117355538833657 ] ] } },
{ "type": "Feature", "properties": { "objektidentitet": "227dfa0d-4f8e-4642-a0bc-07d94908ae68", "skapad": "2025-12-17T01:00:01", "objekttypnr": 2619, "objekttyp": "Bebyggelseområdesgräns", "vattenytaid": null, "hojd_over_havet": null, "reglerat_vatten": null }, "geometry": { "type": "LineString", "coordinates": [ [ 14.62818023794749, 61.120486341899799 ], [ 14.627609925320282, 61.119261541336037 ], [ 14.627463002599798, 61.118956473503331 ], [ 14.627169296729285, 61.118395096384667 ], [ 14.626617257073912, 61.118445465359933 ] ] } },
{ "type": "Feature", "properties": { "objektidentitet": "77371307-7439-4459-81b3-17bd75f5c33c", "skapad": "2025-12-17T01:00:01", "objekttypnr": 2622, "objekttyp": "Öppen markgräns", "vattenytaid": null, "hojd_over_havet": null, "reglerat_vatten": null }, "geometry": { "type": "LineString", "coordinates": [ [ 14.62818023794749, 61.120486341899799 ], [ 14.628811149645346, 61.120323851986349 ] ] } },
{ "type": "Feature", "properties": { "objektidentitet": "6c48fb23-9d62-419e-bc01-2c038989dc42", "skapad": "2025-12-17T01:00:01", "objekttypnr": 2619, "objekttyp": "Bebyggelseområdesgräns", "vattenytaid": null, "hojd_over_havet": null, "reglerat_vatten": null }, "geometry": { "type": "LineString", "coordinates": [ [ 14.62835786346252, 61.120875966007965 ], [ 14.62818023794749, 61.120486341899799 ] ] } },
{ "type": "Feature", "properties": { "objektidentitet": "563b9043-77ae-413e-bb3a-3587c852c4c4", "skapad": "2025-12-17T01:00:01", "objekttypnr": 2622, "objekttyp": "Öppen markgräns", "vattenytaid": null, "hojd_over_havet": null, "reglerat_vatten": null }, "geometry": { "type": "LineString", "coordinates": [ [ 14.62880545249887, 61.120809645534457 ], [ 14.62835786346252, 61.120875966007965 ] ] } },
{ "type": "Feature", "properties": { "objektidentitet": "dae2bfae-62d8-42a8-9645-ecc50365a82d", "skapad": "2025-12-17T01:00:01", "objekttypnr": 2619, "objekttyp": "Bebyggelseområdesgräns", "vattenytaid": null, "hojd_over_havet": null, "reglerat_vatten": null }, "geometry": { "type": "LineString", "coordinates": [ [ 14.626584022803073, 61.121262666982382 ], [ 14.628401312987716, 61.121052957807748 ], [ 14.628428068762023, 61.121031475491279 ], [ 14.62835786346252, 61.120875966007965 ] ] } },
{ "type": "Feature", "properties": { "objektidentitet": "bbe46270-9f3d-4996-a3e2-e95f82b1f03a", "skapad": "2025-12-17T01:00:01", "objekttypnr": 2622, "objekttyp": "Öppen markgräns", "vattenytaid": null, "hojd_over_havet": null, "reglerat_vatten": null }, "geometry": { "type": "LineString", "coordinates": [ [ 14.628798789216953, 61.1213777992443 ], [ 14.628585362577176, 61.121368549810661 ], [ 14.628573051484011, 61.121297851370841 ], [ 14.628801524749763, 61.121144553203756 ] ] } },
{ "type": "Feature", "properties": { "objektidentitet": "6380036a-a1bf-4c9a-b914-a7739bdf1316", "skapad": "2025-12-17T01:00:01", "objekttypnr": 2621, "objekttyp": "Odlingsmarksgräns", "vattenytaid": null, "hojd_over_havet": null, "reglerat_vatten": null }, "geometry": { "type": "LineString", "coordinates": [ [ 14.628358272508391, 61.121193603342917 ], [ 14.628175538906579, 61.121148606753167 ], [ 14.627381059073915, 61.121397504064475 ], [ 14.627375304891869, 61.121559924251692 ], [ 14.628006924892302, 61.122030997535433 ], [ 14.628571091996767, 61.121988332035329 ], [ 14.628658949484459, 61.121894108344421 ], [ 14.628358272508391, 61.121193603342917 ] ] } },
{ "type": "Feature", "properties": { "objektidentitet": "c62e73c4-cf34-4851-921d-8390ba78af11", "skapad": "2025-12-17T01:00:01", "objekttypnr": 2620, "objekttyp": "Industri- och handelsbebyggelsegräns", "vattenytaid": null, "hojd_over_havet": null, "reglerat_vatten": null }, "geometry": { "type": "LineString", "coordinates": [ [ 14.62879132299568, 61.122014388679304 ], [ 14.627965987273628, 61.122095148265849 ] ] } },
{ "type": "Feature", "properties": { "objektidentitet": "8b378981-2eb4-4d2d-a3b4-376057319238", "skapad": "2025-12-17T01:00:01", "objekttypnr": 2619, "objekttyp": "Bebyggelseområdesgräns", "vattenytaid": null, "hojd_over_havet": null, "reglerat_vatten": null }, "geometry": { "type": "LineString", "coordinates": [ [ 14.627934425705897, 61.12203902199029 ], [ 14.627890955619021, 61.122029664016992 ], [ 14.626623371476436, 61.122157732698092 ], [ 14.626603472343199, 61.122181522705333 ], [ 14.62668694668076, 61.122372909568 ] ] } },
{ "type": "Feature", "properties": { "objektidentitet": "f2a64839-7183-4069-986a-dd0435f61c3b", "skapad": "2025-12-17T01:00:01", "objekttypnr": 2619, "objekttyp": "Bebyggelseområdesgräns", "vattenytaid": null, "hojd_over_havet": null, "reglerat_vatten": null }, "geometry": { "type": "LineString", "coordinates": [ [ 14.627965987273628, 61.122095148265849 ], [ 14.627934425705897, 61.12203902199029 ] ] } },
{ "type": "Feature", "properties": { "objektidentitet": "e189a79c-df7a-4f98-87b1-9db8ce6241e9", "skapad": "2025-12-17T01:00:01", "objekttypnr": 2621, "objekttyp": "Odlingsmarksgräns", "vattenytaid": null, "hojd_over_havet": null, "reglerat_vatten": null }, "geometry": { "type": "LineString", "coordinates": [ [ 14.626735284531843, 61.123124694911859 ], [ 14.626561800422936, 61.123146089985042 ] ] } },
{ "type": "Feature", "properties": { "objektidentitet": "447a2bc5-0db3-4e8a-b00e-70db5095d141", "skapad": "2025-12-17T01:00:01", "objekttypnr": 2619, "objekttyp": "Bebyggelseområdesgräns", "vattenytaid": null, "hojd_over_havet": null, "reglerat_vatten": null }, "geometry": { "type": "LineString", "coordinates": [ [ 14.62668694668076, 61.122372909568 ], [ 14.626829348951158, 61.12237727960671 ], [ 14.627025459154575, 61.122711437183689 ], [ 14.628190259934678, 61.122589259160591 ], [ 14.628206497810126, 61.12256105953076 ], [ 14.627965987273628, 61.122095148265849 ] ] } },
{ "type": "Feature", "properties": { "objektidentitet": "e575a78e-818a-4e98-824b-8fcb20606bb0", "skapad": "2025-12-17T01:00:01", "objekttypnr": 2620, "objekttyp": "Industri- och handelsbebyggelsegräns", "vattenytaid": null, "hojd_over_havet": null, "reglerat_vatten": null }, "geometry": { "type": "MultiLineString", "coordinates": [ [ [ 14.62668694668076, 61.122372909568 ], [ 14.626570710572514, 61.122390955306123 ] ], [ [ 14.626566364689406, 61.122759273854648 ], [ 14.626735284531843, 61.123124694911859 ] ] ] } },
{ "type": "Feature", "properties": { "objektidentitet": "c9bf2a8f-7c98-49f5-9db7-51bab66144f3", "skapad": "2025-12-17T01:00:01", "objekttypnr": 2620, "objekttyp": "Industri- och handelsbebyggelsegräns", "vattenytaid": null, "hojd_over_havet": null, "reglerat_vatten": null }, "geometry": { "type": "LineString", "coordinates": [ [ 14.626735284531843, 61.123124694911859 ], [ 14.627340514222666, 61.123077075305517 ], [ 14.62763447436169, 61.1236475827235 ], [ 14.627828748026223, 61.123758912927833 ], [ 14.627877630445417, 61.123859123435842 ] ] } },
{ "type": "Feature", "properties": { "objektidentitet": "f43341c2-6fcc-4f5a-a29a-ea9c042d2811", "skapad": "2025-12-17T01:00:01", "objekttypnr": 2620, "objekttyp": "Industri- och handelsbebyggelsegräns", "vattenytaid": null, "hojd_over_havet": null, "reglerat_vatten": null }, "geometry": { "type": "LineString", "coordinates": [ [ 14.626685423936161, 61.124270650667945 ], [ 14.626551957481317, 61.123980230368609 ] ] } },
{ "type": "Feature", "properties": { "objektidentitet": "e0742fe2-3f91-4b9c-a35f-415bfdccceeb", "skapad": "2025-12-17T01:00:01", "objekttypnr": 2620, "objekttyp": "Industri- och handelsbebyggelsegräns", "vattenytaid": null, "hojd_over_havet": null, "reglerat_vatten": null }, "geometry": { "type": "LineString", "coordinates": [ [ 14.627877630445417, 61.123859123435842 ], [ 14.628770674603837, 61.12377477029009 ] ] } },
{ "type": "Feature", "properties": { "objektidentitet": "6c65389a-7d7c-428c-8f93-c661da2150ee", "skapad": "2025-12-17T01:00:01", "objekttypnr": 2621, "objekttyp": "Odlingsmarksgräns", "vattenytaid": null, "hojd_over_havet": null, "reglerat_vatten": null }, "geometry": { "type": "LineString", "coordinates": [ [ 14.628150455361054, 61.124432085278258 ], [ 14.627877630445417, 61.123859123435842 ] ] } },
{ "type": "Feature", "properties": { "objektidentitet": "b0a9c1ee-a77e-4792-b1f8-71ea66a2257f", "skapad": "2025-12-17T01:00:01", "objekttypnr": 2622, "objekttyp": "Öppen markgräns", "vattenytaid": null, "hojd_over_havet": null, "reglerat_vatten": null }, "geometry": { "type": "LineString", "coordinates": [ [ 14.628150455361054, 61.124432085278258 ], [ 14.628356853470327, 61.124268645216489 ], [ 14.628558208627471, 61.124204180677374 ], [ 14.628765656134158, 61.124202586486334 ] ] } },
{ "type": "Feature", "properties": { "objektidentitet": "6a14464c-8c75-4e99-afc8-83dc524adbf7", "skapad": "2025-12-17T01:00:01", "objekttypnr": 2620, "objekttyp": "Industri- och handelsbebyggelsegräns", "vattenytaid": null, "hojd_over_havet": null, "reglerat_vatten": null }, "geometry": { "type": "LineString", "coordinates": [ [ 14.626548321408054, 61.124288356664565 ], [ 14.626685423936161, 61.124270650667945 ] ] } },
{ "type": "Feature", "properties": { "objektidentitet": "7084356c-61ae-437c-9953-19a8e8d45adc", "skapad": "2025-12-17T01:00:01", "objekttypnr": 2621, "objekttyp": "Odlingsmarksgräns", "vattenytaid": null, "hojd_over_havet": null, "reglerat_vatten": null }, "geometry": { "type": "MultiLineString", "coordinates": [ [ [ 14.626685423936161, 61.124270650667945 ], [ 14.627246205589843, 61.125552715557667 ], [ 14.626532325784336, 61.125643767511711 ] ], [ [ 14.626520979160979, 61.126605157740471 ], [ 14.626961787914928, 61.127055010280202 ], [ 14.628039468044101, 61.127630440454197 ] ] ] } },
{ "type": "Feature", "properties": { "objektidentitet": "1c5c7b27-c14b-4b20-9edb-3ea4faaf207c", "skapad": "2025-12-17T01:00:01", "objekttypnr": 2621, "objekttyp": "Odlingsmarksgräns", "vattenytaid": null, "hojd_over_havet": null, "reglerat_vatten": null }, "geometry": { "type": "LineString", "coordinates": [ [ 14.628759329588892, 61.124741894920682 ], [ 14.628349347279586, 61.124778197877781 ], [ 14.628150455361054, 61.124432085278258 ] ] } },
{ "type": "Feature", "properties": { "objektidentitet": "46369121-9f01-45d7-9090-9c245c146545", "skapad": "2025-12-17T01:00:01", "objekttypnr": 2621, "objekttyp": "Odlingsmarksgräns", "vattenytaid": null, "hojd_over_havet": null, "reglerat_vatten": null }, "geometry": { "type": "LineString", "coordinates": [ [ 14.628039468044101, 61.127630440454197 ], [ 14.627787103283243, 61.126775729583876 ], [ 14.628736777774748, 61.126664159083376 ] ] } },
{ "type": "Feature", "properties": { "objektidentitet": "c1f5a7aa-9c64-46c8-829b-85d770b9e4a5", "skapad": "2025-12-17T01:00:01", "objekttypnr": 2619, "objekttyp": "Bebyggelseområdesgräns", "vattenytaid": null, "hojd_over_havet": null, "reglerat_vatten": null }, "geometry": { "type": "LineString", "coordinates": [ [ 14.628715205469902, 61.128502679841219 ], [ 14.628341003097303, 61.128608569391211 ], [ 14.628096186352547, 61.128454438605544 ], [ 14.627711846903646, 61.128391452334121 ], [ 14.627422832349481, 61.128767124435228 ], [ 14.627302256467919, 61.128751314549298 ], [ 14.627229702302456, 61.128638182373642 ], [ 14.627177817429008, 61.12813063905282 ], [ 14.627784142264884, 61.128056400807218 ], [ 14.627814069283398, 61.128038895699923 ], [ 14.6272724695328, 61.127522875799983 ], [ 14.626516102856268, 61.127018302376889 ] ] } },
{ "type": "Feature", "properties": { "objektidentitet": "a1b63bb6-7083-46e5-bfbc-8ab64ea771cb", "skapad": "2025-12-17T01:00:01", "objekttypnr": 2622, "objekttyp": "Öppen markgräns", "vattenytaid": null, "hojd_over_havet": null, "reglerat_vatten": null }, "geometry": { "type": "LineString", "coordinates": [ [ 14.628531335654618, 61.127948341451592 ], [ 14.628039468044101, 61.127630440454197 ] ] } },
{ "type": "Feature", "properties": { "objektidentitet": "d77ab138-1b9f-4cb9-a2aa-215236e05377", "skapad": "2025-12-17T01:00:01", "objekttypnr": 2621, "objekttyp": "Odlingsmarksgräns", "vattenytaid": null, "hojd_over_havet": null, "reglerat_vatten": null }, "geometry": { "type": "LineString", "coordinates": [ [ 14.628721944789342, 61.12792834125171 ], [ 14.628531335654618, 61.127948341451592 ] ] } },
{ "type": "Feature", "properties": { "objektidentitet": "7fb03c05-1016-4da9-b3b0-13fde3e5c1e2", "skapad": "2025-12-17T01:00:01", "objekttypnr": 2621, "objekttyp": "Odlingsmarksgräns", "vattenytaid": null, "hojd_over_havet": null, "reglerat_vatten": null }, "geometry": { "type": "LineString", "coordinates": [ [ 14.628531335654618, 61.127948341451592 ], [ 14.628720411650308, 61.12805900061187 ] ] } },
{ "type": "Feature", "properties": { "objektidentitet": "f9e94df2-28d1-449e-9e04-e5b1e2c5e6b4", "skapad": "2025-12-17T01:00:01", "objekttypnr": 2614, "objekttyp": "Strandlinje, vattendragsyta", "vattenytaid": null, "hojd_over_havet": null, "reglerat_vatten": null }, "geometry": { "type": "LineString", "coordinates": [ [ 14.626398106818655, 61.137011713788191 ], [ 14.626678308489899, 61.137171436416232 ], [ 14.626837715548781, 61.13729678452961 ], [ 14.626996886007383, 61.137513158025477 ] ] } },
{ "type": "Feature", "properties": { "objektidentitet": "3de1318f-104a-4cb9-ace2-b8e7b45ef262", "skapad": "2025-12-17T01:00:01", "objekttypnr": 2619, "objekttyp": "Bebyggelseområdesgräns", "vattenytaid": null, "hojd_over_havet": null, "reglerat_vatten": null }, "geometry": { "type": "LineString", "coordinates": [ [ 14.626473387624804, 61.130636815511785 ], [ 14.626609581980876, 61.130761310286388 ], [ 14.626676626786535, 61.13147528698039 ], [ 14.627380567114221, 61.131430677450801 ], [ 14.628683829031305, 61.131176327209161 ] ] } },
{ "type": "Feature", "properties": { "objektidentitet": "e293fcf4-a99c-4f9d-b1c0-d22d5be3889f", "skapad": "2025-12-17T01:00:01", "objekttypnr": 2621, "objekttyp": "Odlingsmarksgräns", "vattenytaid": null, "hojd_over_havet": null, "reglerat_vatten": null }, "geometry": { "type": "LineString", "coordinates": [ [ 14.628652973833489, 61.133805049917896 ], [ 14.628397793575902, 61.133663397322834 ], [ 14.628107405800847, 61.133438575707274 ], [ 14.628120006018683, 61.132910040640283 ], [ 14.628577893284252, 61.132673799041896 ], [ 14.628639735675666, 61.132400468006168 ], [ 14.628556542383446, 61.132273643414948 ], [ 14.627731185747294, 61.131875793757978 ], [ 14.626460594430915, 61.131720372735714 ] ] } },
{ "type": "Feature", "properties": { "objektidentitet": "2c5165d0-0d94-4a5b-b8a4-baecc8e036eb", "skapad": "2025-12-17T01:00:01", "objekttypnr": 2619, "objekttyp": "Bebyggelseområdesgräns", "vattenytaid": null, "hojd_over_havet": null, "reglerat_vatten": null }, "geometry": { "type": "LineString", "coordinates": [ [ 14.628692394405592, 61.130446506775101 ], [ 14.628448665362042, 61.130538264573211 ], [ 14.627897272662839, 61.130209507089496 ], [ 14.628698628653968, 61.129915287579266 ] ] } },
{ "type": "Feature", "properties": { "objektidentitet": "7d72ec2a-b714-4102-8933-db3c52d45dbc", "skapad": "2025-12-17T01:00:01", "objekttypnr": 2614, "objekttyp": "Strandlinje, vattendragsyta", "vattenytaid": null, "hojd_over_havet": null, "reglerat_vatten": null }, "geometry": { "type": "LineString", "coordinates": [ [ 14.628599042429052, 61.138398549626288 ], [ 14.628595304795084, 61.138395810239309 ], [ 14.628239996816376, 61.137966475620843 ], [ 14.628197933316324, 61.137764484794026 ], [ 14.628119917820928, 61.13762265434962 ], [ 14.627765386921418, 61.137235857532076 ], [ 14.627324389963567, 61.136820505651421 ], [ 14.626987760425935, 61.136559615989448 ], [ 14.626735660387387, 61.136407492058403 ], [ 14.626406598593256, 61.136292765244022 ] ] } },
{ "type": "Feature", "properties": { "objektidentitet": "aa9e933a-97bc-4adc-83dd-3e042244a6d5", "skapad": "2025-12-17T01:00:01", "objekttypnr": 2621, "objekttyp": "Odlingsmarksgräns", "vattenytaid": null, "hojd_over_havet": null, "reglerat_vatten": null }, "geometry": { "type": "LineString", "coordinates": [ [ 14.626446245199611, 61.132935621173743 ], [ 14.627253691223558, 61.133255027158562 ], [ 14.628031379617404, 61.133610103593185 ], [ 14.628651247287461, 61.133952128896908 ] ] } },
{ "type": "Feature", "properties": { "objektidentitet": "c89ef926-a7f2-4a26-bb5c-5fba8c6849bb", "skapad": "2025-12-17T01:00:01", "objekttypnr": 2621, "objekttyp": "Odlingsmarksgräns", "vattenytaid": null, "hojd_over_havet": null, "reglerat_vatten": null }, "geometry": { "type": "LineString", "coordinates": [ [ 14.628661140927841, 61.133109299656574 ], [ 14.628646152010845, 61.133119223777868 ], [ 14.628660220321425, 61.133187727376338 ] ] } },
{ "type": "Feature", "properties": { "objektidentitet": "c6c74c4f-cc7c-4b46-ae4b-75becffa6d55", "skapad": "2025-12-17T01:00:01", "objekttypnr": 2621, "objekttyp": "Odlingsmarksgräns", "vattenytaid": null, "hojd_over_havet": null, "reglerat_vatten": null }, "geometry": { "type": "LineString", "coordinates": [ [ 14.628639442137468, 61.134957729869804 ], [ 14.628356092803653, 61.134970275089479 ], [ 14.628424979851173, 61.135077839007899 ], [ 14.628636607309561, 61.135199198716336 ] ] } },
{ "type": "Feature", "properties": { "objektidentitet": "179680ee-a8da-4360-a708-73334cdb435c", "skapad": "2025-12-17T01:00:01", "objekttypnr": 2622, "objekttyp": "Öppen markgräns", "vattenytaid": null, "hojd_over_havet": null, "reglerat_vatten": null }, "geometry": { "type": "LineString", "coordinates": [ [ 14.626996886007383, 61.137513158025477 ], [ 14.626515207978438, 61.13739202938482 ], [ 14.626394196283893, 61.137342783047323 ] ] } },
{ "type": "Feature", "properties": { "objektidentitet": "5407a9fe-7a7b-41cb-9503-5af8b487859d", "skapad": "2025-12-17T01:00:01", "objekttypnr": 2614, "objekttyp": "Strandlinje, vattendragsyta", "vattenytaid": null, "hojd_over_havet": null, "reglerat_vatten": null }, "geometry": { "type": "LineString", "coordinates": [ [ 14.626996886007383, 61.137513158025477 ], [ 14.62713147409635, 61.137707324244552 ], [ 14.627204305570951, 61.137937294508575 ], [ 14.627319481360608, 61.138083420565948 ], [ 14.627497893438777, 61.138158248173703 ], [ 14.628037473419644, 61.13865490421302 ], [ 14.628591563149588, 61.139035460720372 ] ] } },
{ "type": "Feature", "properties": { "objektidentitet": "39d1ec59-aae0-43b3-a81d-ba8b66a4c403", "skapad": "2025-12-17T01:00:01", "objekttypnr": 2614, "objekttyp": "Strandlinje, vattendragsyta", "vattenytaid": null, "hojd_over_havet": null, "reglerat_vatten": null }, "geometry": { "type": "LineString", "coordinates": [ [ 14.628587139727388, 61.139412131020563 ], [ 14.628066614907382, 61.139161414224212 ], [ 14.627739220018702, 61.138976342883616 ], [ 14.62725490004491, 61.138620287075597 ], [ 14.626631505646763, 61.138244947421114 ], [ 14.626384490487576, 61.138164449594285 ] ] } },
{ "type": "Feature", "properties": { "objektidentitet": "19894ed4-327d-4aa3-9c8c-ee1e63fb3ac1", "skapad": "2025-12-17T01:00:01", "objekttypnr": 2614, "objekttyp": "Strandlinje, vattendragsyta", "vattenytaid": null, "hojd_over_havet": null, "reglerat_vatten": null }, "geometry": { "type": "LineString", "coordinates": [ [ 14.626378315735339, 61.138687161818673 ], [ 14.62659471855013, 61.13882533389787 ], [ 14.626818901930374, 61.138932267789386 ], [ 14.628351578647644, 61.139834860254403 ], [ 14.628581046662671, 61.139930960422127 ] ] } },
{ "type": "Feature", "properties": { "objektidentitet": "6eebb812-ed3e-43ca-9289-1eee6e026416", "skapad": "2025-12-17T01:00:01", "objekttypnr": 2621, "objekttyp": "Odlingsmarksgräns", "vattenytaid": null, "hojd_over_havet": null, "reglerat_vatten": null }, "geometry": { "type": "MultiLineString", "coordinates": [ [ [ 14.626470111946997, 61.140315873894366 ], [ 14.626360929316657, 61.140158869772549 ] ], [ [ 14.626347022105643, 61.141335959461216 ], [ 14.626428128717956, 61.14135452777937 ], [ 14.626855885457086, 61.14135383168918 ], [ 14.627047417009626, 61.142128696506823 ], [ 14.626872412094503, 61.142169395134545 ], [ 14.626335869002579, 61.142279871662694 ] ] ] } },
{ "type": "Feature", "properties": { "objektidentitet": "36273835-3928-4add-a5b8-e5adedab3dca", "skapad": "2025-12-17T01:00:01", "objekttypnr": 2622, "objekttyp": "Öppen markgräns", "vattenytaid": null, "hojd_over_havet": null, "reglerat_vatten": null }, "geometry": { "type": "LineString", "coordinates": [ [ 14.626470111946997, 61.140315873894366 ], [ 14.626913556119941, 61.140193230209668 ], [ 14.627404883365315, 61.14023839569122 ], [ 14.627906356840292, 61.140368364776101 ], [ 14.627773204422491, 61.140486353317236 ] ] } },
{ "type": "Feature", "properties": { "objektidentitet": "d9362922-1101-4931-a46b-dde3a3939544", "skapad": "2025-12-17T01:00:01", "objekttypnr": 2621, "objekttyp": "Odlingsmarksgräns", "vattenytaid": null, "hojd_over_havet": null, "reglerat_vatten": null }, "geometry": { "type": "LineString", "coordinates": [ [ 14.627773204422491, 61.140486353317236 ], [ 14.626610248287653, 61.14073136810277 ], [ 14.626470111946997, 61.140315873894366 ] ] } },
{ "type": "Feature", "properties": { "objektidentitet": "dc1c9dfa-ff3a-4ccc-8a22-2374a8cae32d", "skapad": "2025-12-17T01:00:01", "objekttypnr": 2621, "objekttyp": "Odlingsmarksgräns", "vattenytaid": null, "hojd_over_havet": null, "reglerat_vatten": null }, "geometry": { "type": "LineString", "coordinates": [ [ 14.628570718858356, 61.140810336450329 ], [ 14.627773204422491, 61.140486353317236 ] ] } },
{ "type": "Feature", "properties": { "objektidentitet": "797bec8b-edf5-4bef-b38d-1284e5f10c6c", "skapad": "2025-12-17T01:00:01", "objekttypnr": 2621, "objekttyp": "Odlingsmarksgräns", "vattenytaid": null, "hojd_over_havet": null, "reglerat_vatten": null }, "geometry": { "type": "MultiLineString", "coordinates": [ [ [ 14.628505252819004, 61.146383225396278 ], [ 14.627397984214005, 61.146526789168 ], [ 14.626945878786298, 61.146538606642103 ], [ 14.626491409244192, 61.146459632173737 ], [ 14.62628554298937, 61.14653826651071 ] ], [ [ 14.626285330811788, 61.146556217363759 ], [ 14.627664302709308, 61.146831986549948 ], [ 14.627720099560271, 61.146855913372029 ], [ 14.627735675766745, 61.146937079813441 ], [ 14.627704313335371, 61.146972419846598 ], [ 14.627676870130738, 61.146966751306636 ], [ 14.627460151907711, 61.147247456787653 ], [ 14.627290648180244, 61.147438405885822 ], [ 14.6271371012531, 61.147452733564009 ], [ 14.627029714761736, 61.147438674796973 ], [ 14.627032135060404, 61.147411451586279 ], [ 14.626276174035592, 61.147330885385117 ] ], [ [ 14.626296283185146, 61.145629583333211 ], [ 14.626320808128584, 61.145624269572465 ], [ 14.626787795724111, 61.145845487695638 ], [ 14.627172349751092, 61.146147528688246 ], [ 14.627293333951867, 61.146088635139634 ], [ 14.626628403282364, 61.145537548919997 ], [ 14.627145762617548, 61.145404631284528 ], [ 14.627475285726305, 61.145518452613352 ], [ 14.627688642900802, 61.145465361326515 ], [ 14.627697704075786, 61.145438820769819 ], [ 14.627763086904157, 61.145386651040077 ], [ 14.627890138587857, 61.145370571140766 ], [ 14.628005906381807, 61.145396305517622 ], [ 14.628140323750861, 61.145518342243818 ], [ 14.628215605050643, 61.145537330467711 ], [ 14.62851616303446, 61.145454635370619 ] ] ] } },
{ "type": "Feature", "properties": { "objektidentitet": "0a870a99-d2ce-4627-b81e-e190d222a051", "skapad": "2025-12-17T01:00:01", "objekttypnr": 2621, "objekttyp": "Odlingsmarksgräns", "vattenytaid": null, "hojd_over_havet": null, "reglerat_vatten": null }, "geometry": { "type": "MultiLineString", "coordinates": [ [ [ 14.626254747171091, 61.149143438016189 ], [ 14.626631093545255, 61.149138251264851 ], [ 14.626636636617476, 61.148999227232906 ], [ 14.626257429729304, 61.148916526773711 ] ], [ [ 14.626259211373078, 61.148765819670714 ], [ 14.626611622101496, 61.148844407737435 ], [ 14.626905955212228, 61.148835711693039 ], [ 14.626918620674831, 61.1486927751031 ], [ 14.627011878216972, 61.148641966178047 ], [ 14.627195370711128, 61.148648549700425 ], [ 14.62719503598036, 61.148653307006356 ], [ 14.62833494942355, 61.148698898026893 ], [ 14.628368149149679, 61.148880278283677 ], [ 14.627582250257877, 61.148914074071307 ], [ 14.627552917427854, 61.149032401908684 ], [ 14.627794687161707, 61.14945074135062 ], [ 14.62797128278274, 61.149698107517366 ], [ 14.628128660886219, 61.149741139914347 ], [ 14.628466182845159, 61.149708031792308 ] ] ] } },
{ "type": "Feature", "properties": { "objektidentitet": "517f8f66-fbaf-41bc-a9fb-03b78e15960f", "skapad": "2025-12-17T01:00:01", "objekttypnr": 2621, "objekttyp": "Odlingsmarksgräns", "vattenytaid": null, "hojd_over_havet": null, "reglerat_vatten": null }, "geometry": { "type": "LineString", "coordinates": [ [ 14.628454018992727, 61.150742995804556 ], [ 14.628027020413573, 61.150791596063286 ], [ 14.628094302016422, 61.151196356730104 ], [ 14.628204176968245, 61.15132533752471 ], [ 14.628348919647301, 61.151358243669193 ] ] } },
{ "type": "Feature", "properties": { "objektidentitet": "5a92b330-f826-4594-94c6-408ab63bb4e7", "skapad": "2025-12-17T01:00:01", "objekttypnr": 2622, "objekttyp": "Öppen markgräns", "vattenytaid": null, "hojd_over_havet": null, "reglerat_vatten": null }, "geometry": { "type": "LineString", "coordinates": [ [ 14.628444778159192, 61.15152920183742 ], [ 14.628348919647301, 61.151358243669193 ] ] } },
{ "type": "Feature", "properties": { "objektidentitet": "26577a47-9374-47d4-a708-01d7d260bd8c", "skapad": "2025-12-17T01:00:01", "objekttypnr": 2621, "objekttyp": "Odlingsmarksgräns", "vattenytaid": null, "hojd_over_havet": null, "reglerat_vatten": null }, "geometry": { "type": "LineString", "coordinates": [ [ 14.628348919647301, 61.151358243669193 ], [ 14.628446815777611, 61.151355846042279 ] ] } },
{ "type": "Feature", "properties": { "objektidentitet": "ab0b09e2-8696-494a-b7e2-0745f0d7b59c", "skapad": "2025-12-17T01:00:01", "objekttypnr": 2621, "objekttyp": "Odlingsmarksgräns", "vattenytaid": null, "hojd_over_havet": null, "reglerat_vatten": null }, "geometry": { "type": "LineString", "coordinates": [ [ 14.627856883575786, 61.15262251070871 ], [ 14.627750027796699, 61.152604476911549 ], [ 14.627523018693131, 61.152640571626748 ], [ 14.627261808740201, 61.152731569879521 ], [ 14.627169585936857, 61.152800759082126 ], [ 14.62719633589194, 61.152920767313439 ], [ 14.627294153852109, 61.152974248135607 ], [ 14.628194074062758, 61.152942427677033 ], [ 14.62830441462585, 61.152920187565904 ], [ 14.627943705803945, 61.152663158531652 ], [ 14.627856883575786, 61.15262251070871 ] ] } },
{ "type": "Feature", "properties": { "objektidentitet": "dd4ff1df-c12a-4eb2-9e63-e59754dc908c", "skapad": "2025-12-17T01:00:01", "objekttypnr": 2622, "objekttyp": "Öppen markgräns", "vattenytaid": null, "hojd_over_havet": null, "reglerat_vatten": null }, "geometry": { "type": "LineString", "coordinates": [ [ 14.627074239401267, 61.15401810218772 ], [ 14.627014261055471, 61.153239085435231 ], [ 14.627143068754691, 61.153147723024674 ], [ 14.627652093493909, 61.153696464901763 ], [ 14.627842712578573, 61.154020217090384 ] ] } },
{ "type": "Feature", "properties": { "objektidentitet": "63c7480d-8863-4809-bbf1-8c8536dd77fa", "skapad": "2025-09-02T21:00:01", "objekttypnr": 2622, "objekttyp": "Öppen markgräns", "vattenytaid": null, "hojd_over_havet": null, "reglerat_vatten": null }, "geometry": { "type": "LineString", "coordinates": [ [ 14.626193951347705, 61.154285004604432 ], [ 14.626520836797972, 61.154406275774718 ], [ 14.626732262541193, 61.154427561739148 ], [ 14.626894485983909, 61.154390957720082 ], [ 14.627091171558449, 61.154238024156598 ], [ 14.627074239401267, 61.15401810218772 ] ] } },
{ "type": "Feature", "properties": { "objektidentitet": "be0b6440-3ff4-44ce-9d98-9ab5591af31c", "skapad": "2025-09-02T21:00:01", "objekttypnr": 2622, "objekttyp": "Öppen markgräns", "vattenytaid": null, "hojd_over_havet": null, "reglerat_vatten": null }, "geometry": { "type": "LineString", "coordinates": [ [ 14.627842712578573, 61.154020217090384 ], [ 14.627973807536451, 61.154242885699503 ], [ 14.628105864924862, 61.154600780272617 ] ] } },
{ "type": "Feature", "properties": { "objektidentitet": "ebf0646e-1b53-49ff-8ac1-6da0ea32ae65", "skapad": "2026-03-17T21:00:01", "objekttypnr": 2619, "objekttyp": "Bebyggelseområdesgräns", "vattenytaid": null, "hojd_over_havet": null, "reglerat_vatten": null }, "geometry": { "type": "MultiLineString", "coordinates": [ [ [ 14.639902620754327, 61.115859561354739 ], [ 14.640479991914507, 61.115718277838454 ], [ 14.640348025243453, 61.115561129055479 ] ], [ [ 14.633487124971817, 61.115542711037513 ], [ 14.633511089322866, 61.115686152130174 ], [ 14.633142905245014, 61.115721164005066 ] ] ] } },
{ "type": "Feature", "properties": { "objektidentitet": "377da2f0-ce27-4b51-832c-878be98d6fff", "skapad": "2026-03-17T21:00:01", "objekttypnr": 2622, "objekttyp": "Öppen markgräns", "vattenytaid": null, "hojd_over_havet": null, "reglerat_vatten": null }, "geometry": { "type": "LineString", "coordinates": [ [ 14.633034165371063, 61.115541482824327 ], [ 14.633142905245014, 61.115721164005066 ] ] } },
{ "type": "Feature", "properties": { "objektidentitet": "02bb4f5e-97c3-45b9-861d-f9533821bf99", "skapad": "2026-03-17T21:00:01", "objekttypnr": 2620, "objekttyp": "Industri- och handelsbebyggelsegräns", "vattenytaid": null, "hojd_over_havet": null, "reglerat_vatten": null }, "geometry": { "type": "LineString", "coordinates": [ [ 14.628866138244705, 61.115634109349486 ], [ 14.628899125458245, 61.115606188733764 ], [ 14.628941986919513, 61.115530318000673 ] ] } },
{ "type": "Feature", "properties": { "objektidentitet": "58785224-8db9-4646-beac-1ff670dcb770", "skapad": "2026-03-17T21:00:01", "objekttypnr": 2622, "objekttyp": "Öppen markgräns", "vattenytaid": null, "hojd_over_havet": null, "reglerat_vatten": null }, "geometry": { "type": "LineString", "coordinates": [ [ 14.662161316773759, 61.115617374241467 ], [ 14.662144928666745, 61.115639005695748 ], [ 14.662018777560714, 61.115717399181065 ], [ 14.661719879345807, 61.115745470711673 ], [ 14.661452848674839, 61.116468847087695 ], [ 14.66278217304925, 61.116424324929177 ], [ 14.663501494993112, 61.116394119476681 ], [ 14.663633518180793, 61.11639170065633 ], [ 14.663658326249815, 61.116428661386692 ], [ 14.663643856318103, 61.117013324576618 ], [ 14.663099158091427, 61.117311074477783 ], [ 14.662393551634445, 61.117215622399954 ], [ 14.662110562059221, 61.117325415044228 ], [ 14.662634557339745, 61.118346029973374 ], [ 14.662485499614407, 61.118704295447515 ], [ 14.661935608129646, 61.118834636142957 ], [ 14.661387351082064, 61.119198653542256 ], [ 14.661577633099039, 61.119282201535924 ], [ 14.66306602234595, 61.119271732375267 ], [ 14.663236148625938, 61.119345343109458 ], [ 14.663246684189875, 61.119691285092038 ], [ 14.660605687604505, 61.119842559652298 ], [ 14.66027448708145, 61.1202291483933 ], [ 14.660353898228282, 61.120516728227201 ], [ 14.660490473275358, 61.120948051816612 ], [ 14.660461354421725, 61.12132680703634 ], [ 14.660810916209659, 61.121912158464845 ], [ 14.661170876136374, 61.121851652271303 ], [ 14.66104226524034, 61.121514239599755 ], [ 14.661095255196651, 61.121474331335889 ], [ 14.661375760467887, 61.121458290261266 ], [ 14.661735945630257, 61.121541105075821 ], [ 14.662177065447901, 61.121666487389774 ], [ 14.662167649010279, 61.121950495594135 ], [ 14.661478343134599, 61.121982304387828 ], [ 14.660778941666919, 61.121993076272027 ], [ 14.659809192393558, 61.121972236511709 ], [ 14.659022448478796, 61.122117025119984 ], [ 14.658772015288264, 61.12216994633625 ], [ 14.658673620074063, 61.122161833728264 ], [ 14.658581285102871, 61.122116702529425 ], [ 14.658557488724844, 61.122077301452407 ] ] } },
{ "type": "Feature", "properties": { "objektidentitet": "b48b04d4-5782-429a-acc5-c06c861b41b1", "skapad": "2026-03-17T21:00:01", "objekttypnr": 2621, "objekttyp": "Odlingsmarksgräns", "vattenytaid": null, "hojd_over_havet": null, "reglerat_vatten": null }, "geometry": { "type": "LineString", "coordinates": [ [ 14.649989857336232, 61.117452719420328 ], [ 14.650420968831929, 61.116976060864253 ], [ 14.650855159234832, 61.1169173181381 ], [ 14.650830921619194, 61.116686937884957 ], [ 14.65082114080862, 61.116685350664028 ], [ 14.650819415133791, 61.116656733729819 ], [ 14.650892907272565, 61.116604133700882 ], [ 14.65100651358258, 61.116585806797502 ], [ 14.651600113552862, 61.116688167409002 ], [ 14.651696963660735, 61.116759108286423 ], [ 14.651626987953723, 61.116839629985947 ], [ 14.651555687492396, 61.116851647009291 ], [ 14.651453049280233, 61.116858089084204 ], [ 14.651280183342109, 61.116888653053167 ], [ 14.651225640527748, 61.116952856519276 ], [ 14.651248771667191, 61.117061592999356 ], [ 14.651356452993126, 61.117224118021483 ], [ 14.651451738493307, 61.117299050237662 ], [ 14.651575352598631, 61.117331033633036 ], [ 14.651691366542668, 61.117331888893773 ], [ 14.651966178390122, 61.117265334296413 ], [ 14.652047416831509, 61.117193424430695 ], [ 14.652135841060357, 61.117033289736511 ], [ 14.652131150971696, 61.11694163183116 ], [ 14.652122124315724, 61.116925439574203 ], [ 14.65212402859853, 61.116883877036571 ], [ 14.652211084459029, 61.116836374914278 ], [ 14.652334470181344, 61.116824832270844 ], [ 14.652332573704152, 61.116830231962702 ], [ 14.654262717388571, 61.117168715149042 ], [ 14.654378619183465, 61.117274976850744 ], [ 14.65436251138312, 61.117436420032632 ], [ 14.654599178429804, 61.117494375027377 ], [ 14.654715285608091, 61.11746802537229 ], [ 14.655313452149105, 61.117059856438459 ], [ 14.655324579586422, 61.116857694970541 ], [ 14.654905666803787, 61.116550850452178 ], [ 14.65491815643942, 61.116465682728141 ], [ 14.65510001469648, 61.116426787725629 ], [ 14.655213161238729, 61.116412900107193 ], [ 14.655355347120059, 61.116308904169159 ], [ 14.655512142341616, 61.116235083844501 ], [ 14.656317527261425, 61.116301333257205 ], [ 14.656348242076534, 61.116082262261983 ], [ 14.655579816528588, 61.115924991183576 ], [ 14.655321585924952, 61.115723121887569 ], [ 14.655392665955855, 61.11562527420967 ], [ 14.655978949431628, 61.115652595815078 ], [ 14.656045194923387, 61.115601958859273 ] ] } },
{ "type": "Feature", "properties": { "objektidentitet": "74ece818-1ecb-4ea9-a547-1a8fe42d4de9", "skapad": "2026-03-17T21:00:01", "objekttypnr": 2621, "objekttyp": "Odlingsmarksgräns", "vattenytaid": null, "hojd_over_havet": null, "reglerat_vatten": null }, "geometry": { "type": "LineString", "coordinates": [ [ 14.651377282095158, 61.115590007515365 ], [ 14.65098991186046, 61.11564591003571 ], [ 14.650946815392324, 61.115588897269816 ] ] } },
{ "type": "Feature", "properties": { "objektidentitet": "a22ba053-4bbe-405a-bbc8-8a28a39c69a1", "skapad": "2026-03-17T21:00:01", "objekttypnr": 2621, "objekttyp": "Odlingsmarksgräns", "vattenytaid": null, "hojd_over_havet": null, "reglerat_vatten": null }, "geometry": { "type": "LineString", "coordinates": [ [ 14.647409181954226, 61.115579721225281 ], [ 14.647410143584699, 61.115650127950317 ], [ 14.647464322429693, 61.115759080583771 ], [ 14.647537580598733, 61.115817815984968 ], [ 14.647648300839258, 61.115853638840377 ], [ 14.647768575084681, 61.115817995816087 ], [ 14.64788011304157, 61.115620172051543 ], [ 14.647886882687358, 61.115580965707103 ] ] } },
{ "type": "Feature", "properties": { "objektidentitet": "9f52d3d1-e564-4c77-9373-ac74a1b07b72", "skapad": "2026-03-17T21:00:01", "objekttypnr": 2621, "objekttyp": "Odlingsmarksgräns", "vattenytaid": null, "hojd_over_havet": null, "reglerat_vatten": null }, "geometry": { "type": "LineString", "coordinates": [ [ 14.648442272446106, 61.115582410459233 ], [ 14.648420340409027, 61.115613308914831 ], [ 14.648430056928957, 61.115655754529882 ], [ 14.648735024109202, 61.116116939645863 ] ] } },
{ "type": "Feature", "properties": { "objektidentitet": "0d6b2969-46ba-47b4-96f5-ed931f4eb8b9", "skapad": "2026-03-17T21:00:01", "objekttypnr": 2622, "objekttyp": "Öppen markgräns", "vattenytaid": null, "hojd_over_havet": null, "reglerat_vatten": null }, "geometry": { "type": "LineString", "coordinates": [ [ 14.64744450319105, 61.116357330246203 ], [ 14.647408760095212, 61.116217550921441 ], [ 14.647662268909263, 61.116019190763623 ], [ 14.647802097444348, 61.116059093287696 ], [ 14.648078177884956, 61.11618031247648 ], [ 14.648456163333442, 61.116374588348741 ], [ 14.648735024109202, 61.116116939645863 ] ] } },
{ "type": "Feature", "properties": { "objektidentitet": "4c69ee47-6b9b-441d-b311-698227f58966", "skapad": "2026-03-17T21:00:01", "objekttypnr": 2621, "objekttyp": "Odlingsmarksgräns", "vattenytaid": null, "hojd_over_havet": null, "reglerat_vatten": null }, "geometry": { "type": "LineString", "coordinates": [ [ 14.648735024109202, 61.116116939645863 ], [ 14.649678545905346, 61.116342880957021 ], [ 14.649732230540243, 61.116441955969499 ], [ 14.649665943884406, 61.116497294128209 ], [ 14.649621801451001, 61.116490105296627 ], [ 14.649320671825757, 61.116778267605646 ], [ 14.648774770310384, 61.11675281744175 ], [ 14.648486648694252, 61.116595585260242 ], [ 14.64744450319105, 61.116357330246203 ] ] } },
{ "type": "Feature", "properties": { "objektidentitet": "01144fab-e08d-4fc7-a411-a58c74c30dbc", "skapad": "2026-03-17T21:00:01", "objekttypnr": 2622, "objekttyp": "Öppen markgräns", "vattenytaid": null, "hojd_over_havet": null, "reglerat_vatten": null }, "geometry": { "type": "LineString", "coordinates": [ [ 14.658345852717815, 61.116782234590985 ], [ 14.659256015408589, 61.116384639646455 ], [ 14.659505422690017, 61.116529757244578 ], [ 14.659468552188379, 61.116714068955417 ], [ 14.659770534645153, 61.117047565525233 ], [ 14.660408316117332, 61.117565474580928 ], [ 14.660587524023997, 61.117517569636966 ], [ 14.660541693318068, 61.11738535487865 ], [ 14.660292556817193, 61.117058304247763 ], [ 14.659950375807732, 61.116816156334536 ], [ 14.660234722165754, 61.116782503739977 ], [ 14.660756115230972, 61.116799604519002 ], [ 14.661040390265233, 61.116873037464622 ], [ 14.660871963182549, 61.117976404091664 ], [ 14.660334148738524, 61.118164792131601 ], [ 14.659954598061599, 61.118344167201535 ], [ 14.659948800788298, 61.118723151782994 ], [ 14.659754693883057, 61.119129117126619 ], [ 14.659580400817271, 61.119205690456631 ], [ 14.659320008879574, 61.119113568553239 ], [ 14.659197938386477, 61.118883428490648 ], [ 14.659334967646458, 61.118589309927529 ], [ 14.659586130631032, 61.118495163227919 ], [ 14.659517720534765, 61.118036528944792 ], [ 14.659083812702409, 61.117486693031999 ], [ 14.65882573390566, 61.117393184403113 ] ] } },
{ "type": "Feature", "properties": { "objektidentitet": "351e498f-293c-4a4f-a568-5973232d5d65", "skapad": "2026-03-17T21:00:01", "objekttypnr": 2621, "objekttyp": "Odlingsmarksgräns", "vattenytaid": null, "hojd_over_havet": null, "reglerat_vatten": null }, "geometry": { "type": "LineString", "coordinates": [ [ 14.64744450319105, 61.116357330246203 ], [ 14.647367501077136, 61.116478016111856 ], [ 14.647000453105738, 61.116654685282057 ], [ 14.646673123040584, 61.116734146219912 ], [ 14.646539621130994, 61.116863724866278 ], [ 14.647713714551072, 61.117159303998562 ] ] } },
{ "type": "Feature", "properties": { "objektidentitet": "683967ba-f5c7-4e3c-9d95-f69f686cb065", "skapad": "2026-03-17T21:00:01", "objekttypnr": 2621, "objekttyp": "Odlingsmarksgräns", "vattenytaid": null, "hojd_over_havet": null, "reglerat_vatten": null }, "geometry": { "type": "LineString", "coordinates": [ [ 14.658345852717815, 61.116782234590985 ], [ 14.657998737998941, 61.116562118470341 ], [ 14.657831930529335, 61.116575432662188 ], [ 14.657789313051952, 61.116693078113016 ], [ 14.657928984566729, 61.117310558968299 ] ] } },
{ "type": "Feature", "properties": { "objektidentitet": "6be08d5a-407f-4dcc-b906-9396e6dfda7a", "skapad": "2026-03-17T21:00:01", "objekttypnr": 2621, "objekttyp": "Odlingsmarksgräns", "vattenytaid": null, "hojd_over_havet": null, "reglerat_vatten": null }, "geometry": { "type": "LineString", "coordinates": [ [ 14.65882573390566, 61.117393184403113 ], [ 14.658345852717815, 61.116782234590985 ] ] } },
{ "type": "Feature", "properties": { "objektidentitet": "aec4aaca-b690-442e-bf43-3022c467d47f", "skapad": "2026-03-17T21:00:01", "objekttypnr": 2621, "objekttyp": "Odlingsmarksgräns", "vattenytaid": null, "hojd_over_havet": null, "reglerat_vatten": null }, "geometry": { "type": "LineString", "coordinates": [ [ 14.651321446806016, 61.117426882048846 ], [ 14.651002647557789, 61.117013923138728 ], [ 14.650484058730514, 61.117072403339115 ], [ 14.650163793671711, 61.117500338952539 ] ] } },
{ "type": "Feature", "properties": { "objektidentitet": "aac61b00-2c3d-4098-b85c-5ba0fec38d71", "skapad": "2026-03-17T21:00:01", "objekttypnr": 2622, "objekttyp": "Öppen markgräns", "vattenytaid": null, "hojd_over_havet": null, "reglerat_vatten": null }, "geometry": { "type": "LineString", "coordinates": [ [ 14.647278904191817, 61.117910738351043 ], [ 14.647384270956225, 61.117743064628627 ], [ 14.647269852301115, 61.117518966620409 ], [ 14.647300877764639, 61.11742431334023 ], [ 14.647458870845458, 61.117213467622321 ], [ 14.647713714551072, 61.117159303998562 ] ] } },
{ "type": "Feature", "properties": { "objektidentitet": "b054193a-836c-42f0-8fdc-62978db93ac2", "skapad": "2026-03-17T21:00:01", "objekttypnr": 2621, "objekttyp": "Odlingsmarksgräns", "vattenytaid": null, "hojd_over_havet": null, "reglerat_vatten": null }, "geometry": { "type": "LineString", "coordinates": [ [ 14.647713714551072, 61.117159303998562 ], [ 14.648230574379742, 61.117295415442229 ], [ 14.647591861237622, 61.11773971812255 ], [ 14.647443582609471, 61.117992982525188 ], [ 14.647647855442239, 61.118306159123236 ], [ 14.64801100949397, 61.118364257545821 ] ] } },
{ "type": "Feature", "properties": { "objektidentitet": "f49b97f0-330e-4903-94e8-978099f16db3", "skapad": "2026-03-17T21:00:01", "objekttypnr": 2621, "objekttyp": "Odlingsmarksgräns", "vattenytaid": null, "hojd_over_havet": null, "reglerat_vatten": null }, "geometry": { "type": "LineString", "coordinates": [ [ 14.657928984566729, 61.117310558968299 ], [ 14.658060682869138, 61.117582570105654 ] ] } },
{ "type": "Feature", "properties": { "objektidentitet": "57f6ab4b-4f62-4c50-b23a-a62ef8dcd291", "skapad": "2026-03-17T21:00:01", "objekttypnr": 2622, "objekttyp": "Öppen markgräns", "vattenytaid": null, "hojd_over_havet": null, "reglerat_vatten": null }, "geometry": { "type": "LineString", "coordinates": [ [ 14.657742441639213, 61.11841593168981 ], [ 14.657810288158572, 61.118127816199518 ], [ 14.657668868060147, 61.117508885619444 ], [ 14.657928984566729, 61.117310558968299 ] ] } },
{ "type": "Feature", "properties": { "objektidentitet": "047ff52b-f6f6-4f8e-87cb-eaeb391f18cc", "skapad": "2026-03-17T21:00:01", "objekttypnr": 2621, "objekttyp": "Odlingsmarksgräns", "vattenytaid": null, "hojd_over_havet": null, "reglerat_vatten": null }, "geometry": { "type": "LineString", "coordinates": [ [ 14.652196768276118, 61.117365797114473 ], [ 14.651891646799122, 61.117360181875867 ], [ 14.651686758586205, 61.1174588865291 ], [ 14.651565901137541, 61.117608038381036 ], [ 14.651570330737158, 61.117932275263477 ], [ 14.651766934045591, 61.118021850879671 ], [ 14.651588967995076, 61.118289291200966 ] ] } },
{ "type": "Feature", "properties": { "objektidentitet": "91c9e999-b680-4d1e-9c0e-72056c602bbf", "skapad": "2026-03-17T21:00:01", "objekttypnr": 2621, "objekttyp": "Odlingsmarksgräns", "vattenytaid": null, "hojd_over_havet": null, "reglerat_vatten": null }, "geometry": { "type": "LineString", "coordinates": [ [ 14.651616623399489, 61.118484585448329 ], [ 14.651783613756649, 61.118621119484132 ], [ 14.652559623243798, 61.118790021990677 ], [ 14.654065111331507, 61.117833027897966 ], [ 14.652196768276118, 61.117365797114473 ] ] } },
{ "type": "Feature", "properties": { "objektidentitet": "98de4124-52e1-47d3-b90f-a9bbe4a5835d", "skapad": "2026-03-17T21:00:01", "objekttypnr": 2621, "objekttyp": "Odlingsmarksgräns", "vattenytaid": null, "hojd_over_havet": null, "reglerat_vatten": null }, "geometry": { "type": "LineString", "coordinates": [ [ 14.658060682869138, 61.117582570105654 ], [ 14.65882573390566, 61.117393184403113 ] ] } },
{ "type": "Feature", "properties": { "objektidentitet": "69c5203c-83e5-4949-a6ef-8358ddbc5ab3", "skapad": "2026-03-17T21:00:01", "objekttypnr": 2621, "objekttyp": "Odlingsmarksgräns", "vattenytaid": null, "hojd_over_havet": null, "reglerat_vatten": null }, "geometry": { "type": "LineString", "coordinates": [ [ 14.64801100949397, 61.118364257545821 ], [ 14.648288265120234, 61.118212894159981 ], [ 14.648827301413665, 61.117862381425802 ], [ 14.649418564228451, 61.117372962136841 ], [ 14.649989857336232, 61.117452719420328 ] ] } },
{ "type": "Feature", "properties": { "objektidentitet": "c9b9679a-f9dc-4784-98a0-1b3b9aed0d3c", "skapad": "2026-03-17T21:00:01", "objekttypnr": 2621, "objekttyp": "Odlingsmarksgräns", "vattenytaid": null, "hojd_over_havet": null, "reglerat_vatten": null }, "geometry": { "type": "LineString", "coordinates": [ [ 14.650894983226499, 61.117869816751735 ], [ 14.651205739750667, 61.11792868727165 ], [ 14.65136535444403, 61.117779070148707 ], [ 14.651321446806016, 61.117426882048846 ] ] } },
{ "type": "Feature", "properties": { "objektidentitet": "93bd9b10-f1fe-4b56-9bb1-819267ba1bbf", "skapad": "2026-03-17T21:00:01", "objekttypnr": 2622, "objekttyp": "Öppen markgräns", "vattenytaid": null, "hojd_over_havet": null, "reglerat_vatten": null }, "geometry": { "type": "LineString", "coordinates": [ [ 14.650163793671711, 61.117500338952539 ], [ 14.649989857336232, 61.117452719420328 ] ] } },
{ "type": "Feature", "properties": { "objektidentitet": "ddea09e1-11d7-4027-8356-5b01c5dc2347", "skapad": "2026-03-17T21:00:01", "objekttypnr": 2621, "objekttyp": "Odlingsmarksgräns", "vattenytaid": null, "hojd_over_havet": null, "reglerat_vatten": null }, "geometry": { "type": "LineString", "coordinates": [ [ 14.650163793671711, 61.117500338952539 ], [ 14.65070317434056, 61.117702585230354 ], [ 14.650935775159475, 61.117736735883568 ], [ 14.650894983226499, 61.117869816751735 ] ] } },
{ "type": "Feature", "properties": { "objektidentitet": "9ed3b45a-158a-4d07-b98c-ed63c99ff123", "skapad": "2026-03-17T21:00:01", "objekttypnr": 2622, "objekttyp": "Öppen markgräns", "vattenytaid": null, "hojd_over_havet": null, "reglerat_vatten": null }, "geometry": { "type": "LineString", "coordinates": [ [ 14.658060682869138, 61.117582570105654 ], [ 14.658372573522621, 61.118194201074857 ], [ 14.658725922981979, 61.118655575244347 ], [ 14.658235022942668, 61.119082551381631 ], [ 14.657943379511988, 61.119134998959261 ], [ 14.657679710972412, 61.119124976824182 ] ] } },
{ "type": "Feature", "properties": { "objektidentitet": "e4c4e0b3-2d4d-46aa-a9b9-545ae67b1823", "skapad": "2026-03-17T21:00:01", "objekttypnr": 2619, "objekttyp": "Bebyggelseområdesgräns", "vattenytaid": null, "hojd_over_havet": null, "reglerat_vatten": null }, "geometry": { "type": "LineString", "coordinates": [ [ 14.633142905245014, 61.115721164005066 ], [ 14.633350469697953, 61.116137239784862 ] ] } },
{ "type": "Feature", "properties": { "objektidentitet": "d7df3d75-c8c1-4059-af1a-cba111756728", "skapad": "2026-03-17T21:00:01", "objekttypnr": 2619, "objekttyp": "Bebyggelseområdesgräns", "vattenytaid": null, "hojd_over_havet": null, "reglerat_vatten": null }, "geometry": { "type": "LineString", "coordinates": [ [ 14.63714590060383, 61.116062859194969 ], [ 14.638363009521877, 61.116010348509903 ], [ 14.639902620754327, 61.115859561354739 ] ] } },
{ "type": "Feature", "properties": { "objektidentitet": "ce676f9e-511e-41a6-a87e-b58c0e834248", "skapad": "2026-03-17T21:00:01", "objekttypnr": 2622, "objekttyp": "Öppen markgräns", "vattenytaid": null, "hojd_over_havet": null, "reglerat_vatten": null }, "geometry": { "type": "LineString", "coordinates": [ [ 14.639902620754327, 61.115859561354739 ], [ 14.640127350964812, 61.116389610179148 ] ] } },
{ "type": "Feature", "properties": { "objektidentitet": "f155a3be-ad71-44f2-bf9d-cb4e400b1830", "skapad": "2026-03-17T21:00:01", "objekttypnr": 2622, "objekttyp": "Öppen markgräns", "vattenytaid": null, "hojd_over_havet": null, "reglerat_vatten": null }, "geometry": { "type": "LineString", "coordinates": [ [ 14.630303759155037, 61.116931952155625 ], [ 14.630161298828112, 61.116931410084568 ], [ 14.630038864234423, 61.11662105228757 ], [ 14.630134633976846, 61.11617674896037 ], [ 14.630228284902856, 61.116115380935362 ], [ 14.630701338625551, 61.116023483263149 ], [ 14.631544435887047, 61.116068598127214 ], [ 14.632362056371853, 61.116196827159996 ], [ 14.632848806066425, 61.116206831009478 ], [ 14.633350469697953, 61.116137239784862 ] ] } },
{ "type": "Feature", "properties": { "objektidentitet": "fca18dc1-fbee-4128-be15-67fdf5aff3c1", "skapad": "2026-03-17T21:00:01", "objekttypnr": 2622, "objekttyp": "Öppen markgräns", "vattenytaid": null, "hojd_over_havet": null, "reglerat_vatten": null }, "geometry": { "type": "LineString", "coordinates": [ [ 14.63714590060383, 61.116062859194969 ], [ 14.637283450628219, 61.116297280403522 ] ] } },
{ "type": "Feature", "properties": { "objektidentitet": "70467505-a733-4602-b2f1-c99cd7dba4bf", "skapad": "2026-03-17T21:00:01", "objekttypnr": 2619, "objekttyp": "Bebyggelseområdesgräns", "vattenytaid": null, "hojd_over_havet": null, "reglerat_vatten": null }, "geometry": { "type": "LineString", "coordinates": [ [ 14.63465485198237, 61.116770592561707 ], [ 14.634658471713312, 61.116493922813071 ], [ 14.634559298106334, 61.116193606319243 ], [ 14.63714590060383, 61.116062859194969 ] ] } },
{ "type": "Feature", "properties": { "objektidentitet": "bb2058de-59d5-4ba3-948a-6917464e2fb1", "skapad": "2026-03-17T21:00:01", "objekttypnr": 2619, "objekttyp": "Bebyggelseområdesgräns", "vattenytaid": null, "hojd_over_havet": null, "reglerat_vatten": null }, "geometry": { "type": "LineString", "coordinates": [ [ 14.633350469697953, 61.116137239784862 ], [ 14.63347491596841, 61.116592251365823 ] ] } },
{ "type": "Feature", "properties": { "objektidentitet": "0ec6fce5-f686-4bd9-9930-7d0366b2f965", "skapad": "2026-03-17T21:00:01", "objekttypnr": 2619, "objekttyp": "Bebyggelseområdesgräns", "vattenytaid": null, "hojd_over_havet": null, "reglerat_vatten": null }, "geometry": { "type": "LineString", "coordinates": [ [ 14.640127350964812, 61.116389610179148 ], [ 14.638581414554091, 61.116240522747923 ], [ 14.637283450628219, 61.116297280403522 ] ] } },
{ "type": "Feature", "properties": { "objektidentitet": "1e65e81f-e855-497a-8617-d80d679fdc43", "skapad": "2026-03-17T21:00:01", "objekttypnr": 2619, "objekttyp": "Bebyggelseområdesgräns", "vattenytaid": null, "hojd_over_havet": null, "reglerat_vatten": null }, "geometry": { "type": "LineString", "coordinates": [ [ 14.637283450628219, 61.116297280403522 ], [ 14.637179077946591, 61.116749627717461 ], [ 14.63465485198237, 61.116770592561707 ] ] } },
{ "type": "Feature", "properties": { "objektidentitet": "988ea597-88f3-4491-b299-330e8d89f345", "skapad": "2026-03-17T21:00:01", "objekttypnr": 2619, "objekttyp": "Bebyggelseområdesgräns", "vattenytaid": null, "hojd_over_havet": null, "reglerat_vatten": null }, "geometry": { "type": "LineString", "coordinates": [ [ 14.637241184299416, 61.12008768482594 ], [ 14.639472563686097, 61.119908680171946 ], [ 14.639304371344982, 61.119601557731158 ], [ 14.640096343966398, 61.119482547260233 ], [ 14.639950836571517, 61.119052202294597 ], [ 14.639901281416025, 61.118404821597565 ], [ 14.639940183263684, 61.118107588089231 ], [ 14.64067896701329, 61.116453257251322 ], [ 14.640641906356118, 61.116435409682673 ], [ 14.640127350964812, 61.116389610179148 ] ] } },
{ "type": "Feature", "properties": { "objektidentitet": "c1ae13d3-4e9a-4dbd-b321-3a6703d3e6c2", "skapad": "2026-03-17T21:00:01", "objekttypnr": 2620, "objekttyp": "Industri- och handelsbebyggelsegräns", "vattenytaid": null, "hojd_over_havet": null, "reglerat_vatten": null }, "geometry": { "type": "LineString", "coordinates": [ [ 14.628845956167797, 61.117355538833657 ], [ 14.629607086978069, 61.11728419557862 ], [ 14.629331930133924, 61.11671051122709 ], [ 14.628971015198095, 61.11663531081998 ], [ 14.628855818177195, 61.116514386126113 ] ] } },
{ "type": "Feature", "properties": { "objektidentitet": "680efc0e-06f7-4c92-9651-f4604b4b0e86", "skapad": "2026-03-17T21:00:01", "objekttypnr": 2622, "objekttyp": "Öppen markgräns", "vattenytaid": null, "hojd_over_havet": null, "reglerat_vatten": null }, "geometry": { "type": "LineString", "coordinates": [ [ 14.63347491596841, 61.116592251365823 ], [ 14.633365600433825, 61.116598149826856 ] ] } },
{ "type": "Feature", "properties": { "objektidentitet": "78d25efb-6d0d-42b7-b590-27d78dd7be4b", "skapad": "2026-03-17T21:00:01", "objekttypnr": 2619, "objekttyp": "Bebyggelseområdesgräns", "vattenytaid": null, "hojd_over_havet": null, "reglerat_vatten": null }, "geometry": { "type": "LineString", "coordinates": [ [ 14.63347491596841, 61.116592251365823 ], [ 14.633534510644585, 61.116848146723967 ], [ 14.63465485198237, 61.116770592561707 ] ] } },
{ "type": "Feature", "properties": { "objektidentitet": "e0601dde-195a-4a2b-b28a-1fc84fac8503", "skapad": "2026-03-17T21:00:01", "objekttypnr": 2621, "objekttyp": "Odlingsmarksgräns", "vattenytaid": null, "hojd_over_havet": null, "reglerat_vatten": null }, "geometry": { "type": "LineString", "coordinates": [ [ 14.633365600433825, 61.116598149826856 ], [ 14.632594275303781, 61.116641807722829 ], [ 14.630303759155037, 61.116931952155625 ] ] } },
{ "type": "Feature", "properties": { "objektidentitet": "c1c827e9-29ba-48f4-946f-c9747a96c178", "skapad": "2026-03-17T21:00:01", "objekttypnr": 2621, "objekttyp": "Odlingsmarksgräns", "vattenytaid": null, "hojd_over_havet": null, "reglerat_vatten": null }, "geometry": { "type": "LineString", "coordinates": [ [ 14.632414866891921, 61.117090473251842 ], [ 14.632793018578852, 61.117183101158837 ], [ 14.633388327017997, 61.117137079586506 ], [ 14.633365600433825, 61.116598149826856 ] ] } },
{ "type": "Feature", "properties": { "objektidentitet": "d2cf589e-d689-4511-8e5f-e9002d725cc3", "skapad": "2026-03-17T21:00:01", "objekttypnr": 2619, "objekttyp": "Bebyggelseområdesgräns", "vattenytaid": null, "hojd_over_havet": null, "reglerat_vatten": null }, "geometry": { "type": "LineString", "coordinates": [ [ 14.63465485198237, 61.116770592561707 ], [ 14.634621594416007, 61.117122927893469 ], [ 14.633557206408613, 61.117181609724469 ], [ 14.632501057455226, 61.117230411527785 ], [ 14.632414866891921, 61.117090473251842 ] ] } },
{ "type": "Feature", "properties": { "objektidentitet": "ca80eb64-25a4-4e83-8611-37b9cd109862", "skapad": "2026-03-17T21:00:01", "objekttypnr": 2619, "objekttyp": "Bebyggelseområdesgräns", "vattenytaid": null, "hojd_over_havet": null, "reglerat_vatten": null }, "geometry": { "type": "LineString", "coordinates": [ [ 14.632414866891921, 61.117090473251842 ], [ 14.632356114464461, 61.116952952321654 ], [ 14.632345154540236, 61.116897969099426 ], [ 14.631565654702982, 61.116989531836431 ] ] } },
{ "type": "Feature", "properties": { "objektidentitet": "9c421bec-274a-4ca1-bf91-1a9ca6b06c8b", "skapad": "2026-03-17T21:00:01", "objekttypnr": 2621, "objekttyp": "Odlingsmarksgräns", "vattenytaid": null, "hojd_over_havet": null, "reglerat_vatten": null }, "geometry": { "type": "LineString", "coordinates": [ [ 14.630303759155037, 61.116931952155625 ], [ 14.630460840271606, 61.117140954766988 ], [ 14.631565654702982, 61.116989531836431 ] ] } },
{ "type": "Feature", "properties": { "objektidentitet": "f2666cb3-dec5-4bc3-a4fe-a168d96efd73", "skapad": "2026-03-17T21:00:01", "objekttypnr": 2619, "objekttyp": "Bebyggelseområdesgräns", "vattenytaid": null, "hojd_over_havet": null, "reglerat_vatten": null }, "geometry": { "type": "LineString", "coordinates": [ [ 14.631565654702982, 61.116989531836431 ], [ 14.631676778579982, 61.117302057206217 ], [ 14.632068973363822, 61.117296184667751 ], [ 14.632145525501132, 61.117458981858263 ], [ 14.632235862777931, 61.117799433915621 ], [ 14.630772428379155, 61.117948860547784 ], [ 14.630882385966444, 61.118222572132524 ] ] } },
{ "type": "Feature", "properties": { "objektidentitet": "fb59d3a4-95df-45ad-bdf0-9313480e036a", "skapad": "2026-03-17T21:00:01", "objekttypnr": 2619, "objekttyp": "Bebyggelseområdesgräns", "vattenytaid": null, "hojd_over_havet": null, "reglerat_vatten": null }, "geometry": { "type": "LineString", "coordinates": [ [ 14.634617132320972, 61.117752289801537 ], [ 14.634835991836903, 61.117914401523564 ], [ 14.635267332503656, 61.117790961566556 ], [ 14.635657795146878, 61.117779642519992 ], [ 14.63606314410753, 61.117821313826653 ], [ 14.636026796797992, 61.118056255947998 ], [ 14.636049622933729, 61.118251603307797 ], [ 14.636427176973001, 61.118881525606739 ], [ 14.636594666058539, 61.119282710873833 ], [ 14.636583216307278, 61.119342418605953 ], [ 14.6356573830475, 61.119385885714941 ], [ 14.635593584448594, 61.118785562733905 ], [ 14.63556356927787, 61.11876832538389 ], [ 14.635313613050347, 61.11875774915935 ], [ 14.635246747012403, 61.118274515704371 ], [ 14.634671095416182, 61.118278438758665 ], [ 14.63469118973253, 61.118791792181483 ], [ 14.63379809722127, 61.11880727015506 ], [ 14.633743099387004, 61.118793564610733 ], [ 14.633636717640057, 61.117770825648705 ], [ 14.634617132320972, 61.117752289801537 ] ] } },
{ "type": "Feature", "properties": { "objektidentitet": "454a73ac-f691-49b4-883e-8baf483073df", "skapad": "2026-03-17T21:00:01", "objekttypnr": 2619, "objekttyp": "Bebyggelseområdesgräns", "vattenytaid": null, "hojd_over_havet": null, "reglerat_vatten": null }, "geometry": { "type": "LineString", "coordinates": [ [ 14.630882385966444, 61.118222572132524 ], [ 14.632103456219019, 61.118105559600316 ], [ 14.632206300666786, 61.118342405613888 ] ] } },
{ "type": "Feature", "properties": { "objektidentitet": "c93085b5-b50e-4ee5-8da5-6ea26c4c2e16", "skapad": "2026-03-17T21:00:01", "objekttypnr": 2621, "objekttyp": "Odlingsmarksgräns", "vattenytaid": null, "hojd_over_havet": null, "reglerat_vatten": null }, "geometry": { "type": "LineString", "coordinates": [ [ 14.630882385966444, 61.118222572132524 ], [ 14.630993506478134, 61.118469927784446 ], [ 14.632206300666786, 61.118342405613888 ] ] } },
{ "type": "Feature", "properties": { "objektidentitet": "bb27fd19-920e-46ba-be83-e9226c61277e", "skapad": "2026-03-17T21:00:01", "objekttypnr": 2619, "objekttyp": "Bebyggelseområdesgräns", "vattenytaid": null, "hojd_over_havet": null, "reglerat_vatten": null }, "geometry": { "type": "LineString", "coordinates": [ [ 14.632206300666786, 61.118342405613888 ], [ 14.632275833995443, 61.118419543921767 ], [ 14.631795526037079, 61.118478254170263 ], [ 14.631901633463093, 61.118922784725711 ], [ 14.631828944360446, 61.119118555343526 ], [ 14.631657740833205, 61.119174218583026 ], [ 14.631646413636547, 61.119203446560974 ], [ 14.631705793285967, 61.119362139234873 ], [ 14.631917094722603, 61.119387044285311 ], [ 14.632207150508547, 61.120003875156286 ], [ 14.632626404153164, 61.119984922003304 ], [ 14.632785266762772, 61.120359756431178 ], [ 14.631302845876327, 61.120491271322898 ] ] } },
{ "type": "Feature", "properties": { "objektidentitet": "cd8fed47-b729-4fef-ad59-c51bced3f879", "skapad": "2026-03-17T21:00:01", "objekttypnr": 2621, "objekttyp": "Odlingsmarksgräns", "vattenytaid": null, "hojd_over_havet": null, "reglerat_vatten": null }, "geometry": { "type": "LineString", "coordinates": [ [ 14.631302845876327, 61.120491271322898 ], [ 14.630910718022967, 61.119490060972744 ], [ 14.629187446294583, 61.119683713297981 ], [ 14.629389856298413, 61.120174808640385 ] ] } },
{ "type": "Feature", "properties": { "objektidentitet": "3fcf56f1-2082-4a2e-b6d8-09004439e88c", "skapad": "2026-03-17T21:00:01", "objekttypnr": 2619, "objekttyp": "Bebyggelseområdesgräns", "vattenytaid": null, "hojd_over_havet": null, "reglerat_vatten": null }, "geometry": { "type": "LineString", "coordinates": [ [ 14.635031674164114, 61.12093194304078 ], [ 14.635820561438463, 61.120777307169071 ], [ 14.636192470269053, 61.120666919748139 ], [ 14.636557004366139, 61.120508381352224 ], [ 14.636626063618591, 61.120421185539158 ], [ 14.63671942838903, 61.120138966640098 ], [ 14.637241184299416, 61.12008768482594 ] ] } },
{ "type": "Feature", "properties": { "objektidentitet": "88d06ffe-29e8-440c-bf32-09ec0cd8f559", "skapad": "2026-03-17T21:00:01", "objekttypnr": 2621, "objekttyp": "Odlingsmarksgräns", "vattenytaid": null, "hojd_over_havet": null, "reglerat_vatten": null }, "geometry": { "type": "LineString", "coordinates": [ [ 14.637145597117792, 61.121334818741452 ], [ 14.637831874013578, 61.120517654366964 ], [ 14.63787731008712, 61.120379580056685 ], [ 14.63778767036097, 61.120314439202758 ], [ 14.6374542037381, 61.120499764266583 ], [ 14.63701693355144, 61.120590767057166 ], [ 14.636948302224512, 61.120305752026887 ], [ 14.637100128157584, 61.120253208037468 ], [ 14.637168991365476, 61.120207219682456 ], [ 14.637230941807656, 61.120149029870248 ], [ 14.637241184299416, 61.12008768482594 ] ] } },
{ "type": "Feature", "properties": { "objektidentitet": "28b735ec-ae74-4524-b664-50b364fb49f9", "skapad": "2026-03-17T21:00:01", "objekttypnr": 2622, "objekttyp": "Öppen markgräns", "vattenytaid": null, "hojd_over_havet": null, "reglerat_vatten": null }, "geometry": { "type": "LineString", "coordinates": [ [ 14.628811149645346, 61.120323851986349 ], [ 14.629389856298413, 61.120174808640385 ] ] } },
{ "type": "Feature", "properties": { "objektidentitet": "2d150f1d-a6c2-4059-90b3-8f643a2cc245", "skapad": "2026-03-17T21:00:01", "objekttypnr": 2621, "objekttyp": "Odlingsmarksgräns", "vattenytaid": null, "hojd_over_havet": null, "reglerat_vatten": null }, "geometry": { "type": "LineString", "coordinates": [ [ 14.629389856298413, 61.120174808640385 ], [ 14.62989416309691, 61.121323243641257 ] ] } },
{ "type": "Feature", "properties": { "objektidentitet": "d60d7858-c089-498d-8061-b25de3743ebb", "skapad": "2026-03-17T21:00:01", "objekttypnr": 2619, "objekttyp": "Bebyggelseområdesgräns", "vattenytaid": null, "hojd_over_havet": null, "reglerat_vatten": null }, "geometry": { "type": "LineString", "coordinates": [ [ 14.632097726091018, 61.121027222213442 ], [ 14.634136435635646, 61.12089180853453 ], [ 14.634043620423423, 61.120454947117118 ], [ 14.634837106409481, 61.120378876507601 ], [ 14.63488179420909, 61.120401720111097 ], [ 14.635031674164114, 61.12093194304078 ] ] } },
{ "type": "Feature", "properties": { "objektidentitet": "c80cc15b-d901-4707-b8ba-64926a4c0e6d", "skapad": "2026-03-17T21:00:01", "objekttypnr": 2619, "objekttyp": "Bebyggelseområdesgräns", "vattenytaid": null, "hojd_over_havet": null, "reglerat_vatten": null }, "geometry": { "type": "LineString", "coordinates": [ [ 14.631302845876327, 61.120491271322898 ], [ 14.63150953466765, 61.121075636868831 ] ] } },
{ "type": "Feature", "properties": { "objektidentitet": "f656407d-3d3b-4bae-8d23-7300ea767d5e", "skapad": "2026-03-17T21:00:01", "objekttypnr": 2622, "objekttyp": "Öppen markgräns", "vattenytaid": null, "hojd_over_havet": null, "reglerat_vatten": null }, "geometry": { "type": "LineString", "coordinates": [ [ 14.628801524749763, 61.121144553203756 ], [ 14.629011662433609, 61.121003549176187 ], [ 14.629356113213833, 61.120885025189779 ], [ 14.62925363262876, 61.120778240384844 ], [ 14.62880545249887, 61.120809645534457 ] ] } },
{ "type": "Feature", "properties": { "objektidentitet": "5bf7ddb4-d967-4bc8-bc73-9d1f5a1eb829", "skapad": "2026-03-17T21:00:01", "objekttypnr": 2619, "objekttyp": "Bebyggelseområdesgräns", "vattenytaid": null, "hojd_over_havet": null, "reglerat_vatten": null }, "geometry": { "type": "LineString", "coordinates": [ [ 14.63150953466765, 61.121075636868831 ], [ 14.632097726091018, 61.121027222213442 ] ] } },
{ "type": "Feature", "properties": { "objektidentitet": "257980da-b7aa-41d3-9e61-d9a1e39a9736", "skapad": "2026-03-17T21:00:01", "objekttypnr": 2621, "objekttyp": "Odlingsmarksgräns", "vattenytaid": null, "hojd_over_havet": null, "reglerat_vatten": null }, "geometry": { "type": "LineString", "coordinates": [ [ 14.634663349041618, 61.121440324558236 ], [ 14.635503877827885, 61.121036515153655 ], [ 14.635798500398369, 61.120975110435324 ], [ 14.636345781614814, 61.121147637462336 ], [ 14.636305147019522, 61.121285499775446 ], [ 14.63653765775476, 61.121368846448249 ], [ 14.637145597117792, 61.121334818741452 ] ] } },
{ "type": "Feature", "properties": { "objektidentitet": "fa23a5b7-3182-455f-8936-fcff16e72726", "skapad": "2026-03-17T21:00:01", "objekttypnr": 2621, "objekttyp": "Odlingsmarksgräns", "vattenytaid": null, "hojd_over_havet": null, "reglerat_vatten": null }, "geometry": { "type": "LineString", "coordinates": [ [ 14.635031674164114, 61.12093194304078 ], [ 14.634976424717134, 61.121037840059167 ], [ 14.634663349041618, 61.121440324558236 ] ] } },
{ "type": "Feature", "properties": { "objektidentitet": "1d03e3a6-8150-4afc-85bf-82554b36ec3f", "skapad": "2026-03-17T21:00:01", "objekttypnr": 2622, "objekttyp": "Öppen markgräns", "vattenytaid": null, "hojd_over_havet": null, "reglerat_vatten": null }, "geometry": { "type": "LineString", "coordinates": [ [ 14.62989416309691, 61.121323243641257 ], [ 14.629221579649045, 61.121396133356228 ], [ 14.628798789216953, 61.1213777992443 ] ] } },
{ "type": "Feature", "properties": { "objektidentitet": "fa498d3c-cf8a-4edc-8253-619259e43318", "skapad": "2026-03-17T21:00:01", "objekttypnr": 2621, "objekttyp": "Odlingsmarksgräns", "vattenytaid": null, "hojd_over_havet": null, "reglerat_vatten": null }, "geometry": { "type": "LineString", "coordinates": [ [ 14.657742441639213, 61.11841593168981 ], [ 14.65722560265726, 61.118454125329933 ], [ 14.657116546638791, 61.118411895738397 ], [ 14.657113229150903, 61.118282992341243 ], [ 14.657061880829463, 61.118215941571677 ], [ 14.656978570516955, 61.118217830939351 ], [ 14.656866604705522, 61.118344843800983 ], [ 14.656799922974301, 61.118375791827589 ], [ 14.656670955576597, 61.118371128224609 ], [ 14.656492976563499, 61.118316746325831 ], [ 14.656335792300277, 61.118160734448871 ], [ 14.656215302256797, 61.118158201607976 ], [ 14.656035524139519, 61.118286666401339 ], [ 14.656035539425618, 61.118286953573111 ], [ 14.656006874291064, 61.118305051967887 ], [ 14.655802737889188, 61.118304532655607 ], [ 14.655722833647863, 61.118244060981084 ], [ 14.655719513217768, 61.118216634351498 ], [ 14.655286777062219, 61.117897330579815 ], [ 14.654830465402489, 61.117698600793723 ], [ 14.654008322853365, 61.118191349485159 ], [ 14.653870611433392, 61.11834661004815 ], [ 14.654074289223388, 61.11846724554276 ], [ 14.654777846013351, 61.118299981484945 ], [ 14.654895827951139, 61.118321515048684 ], [ 14.654873513983567, 61.118385129015181 ], [ 14.653972086158934, 61.118596417503355 ], [ 14.653811962010556, 61.118582936104602 ], [ 14.653646969099389, 61.118502206916908 ], [ 14.653385360108201, 61.118501294580355 ], [ 14.653058867457805, 61.118688632886254 ], [ 14.652847892633968, 61.119096493220184 ], [ 14.652917765058724, 61.119176207248913 ], [ 14.653259938465244, 61.119142008310341 ], [ 14.653538284353738, 61.118962267291103 ], [ 14.653772203761733, 61.118892264435765 ], [ 14.654129177060053, 61.118863721374275 ], [ 14.654148211632089, 61.118969636601221 ], [ 14.653644368182253, 61.119211422370348 ], [ 14.653081650615091, 61.1197543513791 ], [ 14.653224461288509, 61.119830822581939 ], [ 14.65373305802474, 61.120246569174896 ], [ 14.655329139351586, 61.120215838648008 ], [ 14.655571574846554, 61.120161897930373 ], [ 14.655850166727918, 61.120111074080853 ], [ 14.65599623291787, 61.12018247839827 ], [ 14.655998003358201, 61.120147648868581 ], [ 14.656877995600235, 61.120079533686578 ], [ 14.657469185422654, 61.119987070022816 ], [ 14.657175424098126, 61.119677272829264 ], [ 14.657168471181812, 61.119674948007244 ], [ 14.657177571619894, 61.119612655853743 ], [ 14.65725149933353, 61.1195794815456 ], [ 14.657279450217736, 61.119575970331319 ], [ 14.657531464953266, 61.119466136470784 ], [ 14.657626433386783, 61.119328710670217 ], [ 14.657562965550596, 61.119256296375255 ], [ 14.657679710972412, 61.119124976824182 ] ] } },
{ "type": "Feature", "properties": { "objektidentitet": "542df0de-0d1c-4d7b-87a4-2eb845c35a09", "skapad": "2026-03-17T21:00:01", "objekttypnr": 2621, "objekttyp": "Odlingsmarksgräns", "vattenytaid": null, "hojd_over_havet": null, "reglerat_vatten": null }, "geometry": { "type": "LineString", "coordinates": [ [ 14.646555484256602, 61.1177084014518 ], [ 14.646374973058734, 61.117699858676701 ], [ 14.646295708832548, 61.117734997284231 ], [ 14.646258633519267, 61.117801084773596 ], [ 14.646265287754817, 61.117972875150279 ], [ 14.646392029427336, 61.118025323118559 ], [ 14.646690800434092, 61.118084989428496 ] ] } },
{ "type": "Feature", "properties": { "objektidentitet": "8bc265ef-b18f-40c3-a4fd-7ba2d4ec1fa3", "skapad": "2026-03-17T21:00:01", "objekttypnr": 2621, "objekttyp": "Odlingsmarksgräns", "vattenytaid": null, "hojd_over_havet": null, "reglerat_vatten": null }, "geometry": { "type": "LineString", "coordinates": [ [ 14.647278904191817, 61.117910738351043 ], [ 14.64658217357521, 61.117787943213301 ], [ 14.646555715897023, 61.117775735857755 ], [ 14.646555484256602, 61.1177084014518 ] ] } },
{ "type": "Feature", "properties": { "objektidentitet": "2cb2a7bc-2db5-4ec9-9ba6-91f4f3e4ee6e", "skapad": "2026-03-17T21:00:01", "objekttypnr": 2622, "objekttyp": "Öppen markgräns", "vattenytaid": null, "hojd_over_havet": null, "reglerat_vatten": null }, "geometry": { "type": "LineString", "coordinates": [ [ 14.651588967995076, 61.118289291200966 ], [ 14.651382342153413, 61.118255307265905 ], [ 14.651166599029581, 61.118250486513055 ], [ 14.650867060767908, 61.118102998040278 ], [ 14.650894983226499, 61.117869816751735 ] ] } },
{ "type": "Feature", "properties": { "objektidentitet": "dbb36095-6759-4314-9965-3aaab727340b", "skapad": "2026-03-17T21:00:01", "objekttypnr": 2621, "objekttyp": "Odlingsmarksgräns", "vattenytaid": null, "hojd_over_havet": null, "reglerat_vatten": null }, "geometry": { "type": "LineString", "coordinates": [ [ 14.646690800434092, 61.118084989428496 ], [ 14.647002923017704, 61.118142337786395 ], [ 14.647126391317569, 61.118147337373244 ], [ 14.647278904191817, 61.117910738351043 ] ] } },
{ "type": "Feature", "properties": { "objektidentitet": "18310ee0-9c7b-468c-b585-1dee87da6d44", "skapad": "2026-03-17T21:00:01", "objekttypnr": 2622, "objekttyp": "Öppen markgräns", "vattenytaid": null, "hojd_over_havet": null, "reglerat_vatten": null }, "geometry": { "type": "LineString", "coordinates": [ [ 14.64801100949397, 61.118364257545821 ], [ 14.648333780694156, 61.118629557295343 ], [ 14.648115481152095, 61.119240128847714 ], [ 14.647560080846848, 61.119165666129199 ], [ 14.647533294065758, 61.118736222353114 ], [ 14.646937335381942, 61.118392154544914 ], [ 14.646690800434092, 61.118084989428496 ] ] } },
{ "type": "Feature", "properties": { "objektidentitet": "db1d802b-c50d-4b4f-93ed-4724bdb34ea1", "skapad": "2026-03-17T21:00:01", "objekttypnr": 2621, "objekttyp": "Odlingsmarksgräns", "vattenytaid": null, "hojd_over_havet": null, "reglerat_vatten": null }, "geometry": { "type": "LineString", "coordinates": [ [ 14.651588967995076, 61.118289291200966 ], [ 14.651616623399489, 61.118484585448329 ] ] } },
{ "type": "Feature", "properties": { "objektidentitet": "8733f17a-412f-458d-9984-edfe3299dc59", "skapad": "2026-03-17T21:00:01", "objekttypnr": 2621, "objekttyp": "Odlingsmarksgräns", "vattenytaid": null, "hojd_over_havet": null, "reglerat_vatten": null }, "geometry": { "type": "LineString", "coordinates": [ [ 14.64829856057737, 61.11833854792733 ], [ 14.648266220330081, 61.118414757376229 ], [ 14.648445811146695, 61.118464818001513 ], [ 14.648489580071629, 61.118544295809301 ], [ 14.64856725012201, 61.118577491077502 ], [ 14.648734317697572, 61.118617301994028 ], [ 14.64890628141768, 61.118634025179276 ], [ 14.649126980370523, 61.118622280184638 ], [ 14.649367939977134, 61.118426667713273 ], [ 14.648659111822948, 61.118288517740041 ], [ 14.648513906379975, 61.118345760248019 ], [ 14.648335686528789, 61.118329388252448 ], [ 14.64829856057737, 61.11833854792733 ] ] } },
{ "type": "Feature", "properties": { "objektidentitet": "4ae5229f-f923-4128-9a2d-73995f56f373", "skapad": "2026-03-17T21:00:01", "objekttypnr": 2621, "objekttyp": "Odlingsmarksgräns", "vattenytaid": null, "hojd_over_havet": null, "reglerat_vatten": null }, "geometry": { "type": "LineString", "coordinates": [ [ 14.657679710972412, 61.119124976824182 ], [ 14.657619580497851, 61.118968807939901 ], [ 14.657677604782629, 61.118878691798038 ], [ 14.657755857548279, 61.118488192426909 ], [ 14.657742441639213, 61.11841593168981 ] ] } },
{ "type": "Feature", "properties": { "objektidentitet": "7948156a-ad0c-4405-9919-2fcc128d1961", "skapad": "2026-03-17T21:00:01", "objekttypnr": 2622, "objekttyp": "Öppen markgräns", "vattenytaid": null, "hojd_over_havet": null, "reglerat_vatten": null }, "geometry": { "type": "LineString", "coordinates": [ [ 14.64971199925974, 61.119771280870495 ], [ 14.65026592926915, 61.119110158806741 ], [ 14.650619145894426, 61.11902565641757 ], [ 14.65106624828597, 61.118833517735084 ], [ 14.651418711331262, 61.118633287151994 ], [ 14.651616623399489, 61.118484585448329 ] ] } },
{ "type": "Feature", "properties": { "objektidentitet": "db15ae3c-22ff-475a-a273-c37324db1fe9", "skapad": "2026-03-17T21:00:01", "objekttypnr": 2622, "objekttyp": "Öppen markgräns", "vattenytaid": null, "hojd_over_havet": null, "reglerat_vatten": null }, "geometry": { "type": "LineString", "coordinates": [ [ 14.651987001370296, 61.119751683027793 ], [ 14.652043126098432, 61.119542177110766 ], [ 14.65234993667114, 61.119526051746085 ], [ 14.653181475544503, 61.12025109954326 ], [ 14.653489388485509, 61.120611217340951 ], [ 14.653541831252525, 61.120711912274572 ] ] } },
{ "type": "Feature", "properties": { "objektidentitet": "5d9a67c1-ab7a-4835-8792-80a4e96b9efa", "skapad": "2026-03-17T21:00:01", "objekttypnr": 2621, "objekttyp": "Odlingsmarksgräns", "vattenytaid": null, "hojd_over_havet": null, "reglerat_vatten": null }, "geometry": { "type": "LineString", "coordinates": [ [ 14.651987001370296, 61.119751683027793 ], [ 14.651493721186517, 61.119698943058957 ], [ 14.651405587371379, 61.119777810659102 ], [ 14.651268179665818, 61.119797584817512 ], [ 14.651117105809151, 61.119755618781738 ], [ 14.651125260032355, 61.119746599236464 ], [ 14.650452083153249, 61.119692538450799 ], [ 14.650383836062554, 61.119719879158438 ], [ 14.650306277549033, 61.119795433542421 ], [ 14.650299807131887, 61.119821686188956 ], [ 14.650206675041376, 61.119892379268684 ], [ 14.649768060882792, 61.11986572920496 ], [ 14.64971199925974, 61.119771280870495 ] ] } },
{ "type": "Feature", "properties": { "objektidentitet": "7c02c780-c7f5-4ff9-b788-dd161f2b5b66", "skapad": "2026-03-17T21:00:01", "objekttypnr": 2621, "objekttyp": "Odlingsmarksgräns", "vattenytaid": null, "hojd_over_havet": null, "reglerat_vatten": null }, "geometry": { "type": "LineString", "coordinates": [ [ 14.64971199925974, 61.119771280870495 ], [ 14.649710250208118, 61.119773359150734 ], [ 14.649749919404485, 61.119903442950815 ], [ 14.649485748332907, 61.119913307779875 ], [ 14.649405426819939, 61.119961615767394 ], [ 14.649361304699209, 61.120111323414939 ], [ 14.649491362043133, 61.120261132625828 ] ] } },
{ "type": "Feature", "properties": { "objektidentitet": "f84d20ee-8e7f-478b-a6f9-2193d00dd55d", "skapad": "2026-03-17T21:00:01", "objekttypnr": 2621, "objekttyp": "Odlingsmarksgräns", "vattenytaid": null, "hojd_over_havet": null, "reglerat_vatten": null }, "geometry": { "type": "LineString", "coordinates": [ [ 14.649368950098534, 61.120299042953292 ], [ 14.64903400736924, 61.120206878649299 ], [ 14.647971733257958, 61.120000231679228 ] ] } },
{ "type": "Feature", "properties": { "objektidentitet": "5cddc078-1250-4935-bcbe-42e1876658a0", "skapad": "2026-03-17T21:00:01", "objekttypnr": 2622, "objekttyp": "Öppen markgräns", "vattenytaid": null, "hojd_over_havet": null, "reglerat_vatten": null }, "geometry": { "type": "LineString", "coordinates": [ [ 14.649368950098534, 61.120299042953292 ], [ 14.649491362043133, 61.120261132625828 ] ] } },
{ "type": "Feature", "properties": { "objektidentitet": "d0310936-ed71-4327-97a5-d55ba0f554bc", "skapad": "2026-03-17T21:00:01", "objekttypnr": 2622, "objekttyp": "Öppen markgräns", "vattenytaid": null, "hojd_over_havet": null, "reglerat_vatten": null }, "geometry": { "type": "LineString", "coordinates": [ [ 14.658316154781957, 61.120591013932433 ], [ 14.657270562644745, 61.120571589275421 ] ] } },
{ "type": "Feature", "properties": { "objektidentitet": "1c506f5c-4bc6-48c2-b9bd-70e1690684a2", "skapad": "2026-03-17T21:00:01", "objekttypnr": 2622, "objekttyp": "Öppen markgräns", "vattenytaid": null, "hojd_over_havet": null, "reglerat_vatten": null }, "geometry": { "type": "LineString", "coordinates": [ [ 14.658307754660873, 61.121664822015099 ], [ 14.658702460624264, 61.120864313772316 ] ] } },
{ "type": "Feature", "properties": { "objektidentitet": "cc25543f-5c0d-49ba-84c2-1d5692630bc3", "skapad": "2026-03-17T21:00:01", "objekttypnr": 2622, "objekttyp": "Öppen markgräns", "vattenytaid": null, "hojd_over_havet": null, "reglerat_vatten": null }, "geometry": { "type": "LineString", "coordinates": [ [ 14.648203164180696, 61.121783993249494 ], [ 14.647789296275302, 61.121677947563235 ], [ 14.647736630783005, 61.121380338834861 ], [ 14.647723271596433, 61.121074806144939 ], [ 14.647659053578725, 61.120981466998437 ] ] } },
{ "type": "Feature", "properties": { "objektidentitet": "ed697b14-7dec-4d5d-8bfb-9b4ce0326cb5", "skapad": "2026-03-17T21:00:01", "objekttypnr": 2621, "objekttyp": "Odlingsmarksgräns", "vattenytaid": null, "hojd_over_havet": null, "reglerat_vatten": null }, "geometry": { "type": "LineString", "coordinates": [ [ 14.65246792239615, 61.121322352607919 ], [ 14.652666143274898, 61.121400277448402 ], [ 14.652675618637653, 61.121399412981489 ], [ 14.652689897793891, 61.121403911710388 ], [ 14.6527231889471, 61.121465315654788 ], [ 14.652703253288292, 61.121504407962476 ], [ 14.652639922918091, 61.121526644997857 ], [ 14.652631468309188, 61.121703405858824 ] ] } },
{ "type": "Feature", "properties": { "objektidentitet": "9185fcfc-f1e3-4b86-8d92-34c6fb17d06b", "skapad": "2026-03-17T21:00:01", "objekttypnr": 2621, "objekttyp": "Odlingsmarksgräns", "vattenytaid": null, "hojd_over_havet": null, "reglerat_vatten": null }, "geometry": { "type": "LineString", "coordinates": [ [ 14.655463989643339, 61.120659417712247 ], [ 14.655359505402167, 61.120442282983738 ], [ 14.655111832336255, 61.120455432726217 ], [ 14.654674289329503, 61.120470727923767 ], [ 14.654537447489181, 61.120489582159294 ], [ 14.654528829608065, 61.120563259034682 ], [ 14.654591682987116, 61.120756200463568 ], [ 14.655463989643339, 61.120659417712247 ] ] } },
{ "type": "Feature", "properties": { "objektidentitet": "4527fce8-1332-412d-9ee7-ef666bef6b48", "skapad": "2026-03-17T21:00:01", "objekttypnr": 2621, "objekttyp": "Odlingsmarksgräns", "vattenytaid": null, "hojd_over_havet": null, "reglerat_vatten": null }, "geometry": { "type": "LineString", "coordinates": [ [ 14.649491362043133, 61.120261132625828 ], [ 14.649667705670076, 61.12028204987336 ], [ 14.649751561144139, 61.120268306560845 ], [ 14.64976186858458, 61.120259301440299 ], [ 14.64992758766277, 61.120247448645962 ], [ 14.650040217685836, 61.120305234343 ], [ 14.650037804008683, 61.120313711944078 ], [ 14.650089419842175, 61.120343768668803 ], [ 14.650424747733107, 61.120401492384659 ], [ 14.650431156865521, 61.120394201032219 ], [ 14.650512735307631, 61.120408524905258 ], [ 14.650598860835512, 61.120471592240676 ], [ 14.650515319448525, 61.120574522884674 ], [ 14.650365884306407, 61.120708247495003 ], [ 14.650950842438602, 61.120828570938613 ], [ 14.651279636847004, 61.120833027857309 ] ] } },
{ "type": "Feature", "properties": { "objektidentitet": "9e344102-4c33-40aa-a128-3f1f60971c26", "skapad": "2026-03-17T21:00:01", "objekttypnr": 2621, "objekttyp": "Odlingsmarksgräns", "vattenytaid": null, "hojd_over_havet": null, "reglerat_vatten": null }, "geometry": { "type": "LineString", "coordinates": [ [ 14.651279636847004, 61.120833027857309 ], [ 14.651323620237548, 61.120324529196878 ], [ 14.651817388298369, 61.120060479069764 ], [ 14.651987001370296, 61.119751683027793 ] ] } },
{ "type": "Feature", "properties": { "objektidentitet": "8c5bd0ee-dac4-4f90-b7a6-cad8ac893384", "skapad": "2026-03-17T21:00:01", "objekttypnr": 2622, "objekttyp": "Öppen markgräns", "vattenytaid": null, "hojd_over_havet": null, "reglerat_vatten": null }, "geometry": { "type": "LineString", "coordinates": [ [ 14.667637654390193, 61.120567940281205 ], [ 14.668052826236481, 61.120161698581271 ], [ 14.668230276522397, 61.120317189930205 ], [ 14.668461862945581, 61.120434065631329 ], [ 14.66894979237625, 61.120448511777781 ], [ 14.669151022633192, 61.120446077445969 ], [ 14.669137241541343, 61.12059615298503 ], [ 14.668856006397219, 61.120879998938939 ], [ 14.668161103264143, 61.120756386014193 ], [ 14.667637654390193, 61.120567940281205 ] ] } },
{ "type": "Feature", "properties": { "objektidentitet": "97880596-85e0-48e5-9ab5-2e3d5aff262a", "skapad": "2026-03-17T21:00:01", "objekttypnr": 2621, "objekttyp": "Odlingsmarksgräns", "vattenytaid": null, "hojd_over_havet": null, "reglerat_vatten": null }, "geometry": { "type": "LineString", "coordinates": [ [ 14.658316154781957, 61.120591013932433 ], [ 14.658325970290248, 61.120861190643502 ], [ 14.658702460624264, 61.120864313772316 ] ] } },
{ "type": "Feature", "properties": { "objektidentitet": "db545686-53dd-4c7f-b56d-9e29ee6fddfa", "skapad": "2026-03-17T21:00:01", "objekttypnr": 2621, "objekttyp": "Odlingsmarksgräns", "vattenytaid": null, "hojd_over_havet": null, "reglerat_vatten": null }, "geometry": { "type": "LineString", "coordinates": [ [ 14.658702460624264, 61.120864313772316 ], [ 14.659253121631354, 61.120866968104629 ], [ 14.659175155345338, 61.120697718995565 ], [ 14.658671798720064, 61.120685398186851 ], [ 14.658622391274127, 61.120456661859372 ], [ 14.658331902872876, 61.120492136201634 ], [ 14.658316154781957, 61.120591013932433 ] ] } },
{ "type": "Feature", "properties": { "objektidentitet": "abd0e2ec-88de-4e09-bf84-14585ccafb28", "skapad": "2026-03-17T21:00:01", "objekttypnr": 2621, "objekttyp": "Odlingsmarksgräns", "vattenytaid": null, "hojd_over_havet": null, "reglerat_vatten": null }, "geometry": { "type": "LineString", "coordinates": [ [ 14.657270562644745, 61.120571589275421 ], [ 14.656629665654522, 61.120411891274088 ], [ 14.656032448492768, 61.12043640055348 ], [ 14.655615559855503, 61.120463898292599 ], [ 14.655666430599975, 61.12076428240114 ], [ 14.654830612989539, 61.120957850998366 ], [ 14.654747351492169, 61.120923980683784 ], [ 14.654464211178164, 61.12077858880609 ], [ 14.654341615488025, 61.120500618149229 ], [ 14.654080929168519, 61.120536024724665 ], [ 14.653541831252525, 61.120711912274572 ] ] } },
{ "type": "Feature", "properties": { "objektidentitet": "e95f66c0-7567-4043-b8ff-7935a7c3d3e5", "skapad": "2026-03-17T21:00:01", "objekttypnr": 2622, "objekttyp": "Öppen markgräns", "vattenytaid": null, "hojd_over_havet": null, "reglerat_vatten": null }, "geometry": { "type": "LineString", "coordinates": [ [ 14.651361527919882, 61.120964010154665 ], [ 14.651279636847004, 61.120833027857309 ] ] } },
{ "type": "Feature", "properties": { "objektidentitet": "91085c9a-76d6-4c8b-b082-402268489871", "skapad": "2026-03-17T21:00:01", "objekttypnr": 2621, "objekttyp": "Odlingsmarksgräns", "vattenytaid": null, "hojd_over_havet": null, "reglerat_vatten": null }, "geometry": { "type": "LineString", "coordinates": [ [ 14.647971733257958, 61.120000231679228 ], [ 14.647640542799948, 61.119968422554564 ], [ 14.647551717074277, 61.120106817997737 ], [ 14.647659053578725, 61.120981466998437 ] ] } },
{ "type": "Feature", "properties": { "objektidentitet": "178aa5f1-cb23-4dce-a6e9-e2b1f695acca", "skapad": "2026-03-17T21:00:01", "objekttypnr": 2621, "objekttyp": "Odlingsmarksgräns", "vattenytaid": null, "hojd_over_havet": null, "reglerat_vatten": null }, "geometry": { "type": "LineString", "coordinates": [ [ 14.647659053578725, 61.120981466998437 ], [ 14.648672148857699, 61.121128555396879 ], [ 14.649426402285474, 61.121102438744806 ], [ 14.649559165696134, 61.120892575737244 ], [ 14.649612433689368, 61.120771746397011 ], [ 14.649492145430372, 61.12058590772746 ], [ 14.64942293522323, 61.120503895493101 ], [ 14.649368950098534, 61.120299042953292 ] ] } },
{ "type": "Feature", "properties": { "objektidentitet": "776b18cd-4df1-48cb-b77a-efc83054f035", "skapad": "2026-03-17T21:00:01", "objekttypnr": 2621, "objekttyp": "Odlingsmarksgräns", "vattenytaid": null, "hojd_over_havet": null, "reglerat_vatten": null }, "geometry": { "type": "LineString", "coordinates": [ [ 14.653541831252525, 61.120711912274572 ], [ 14.653408643765346, 61.120812131954061 ], [ 14.65294870919919, 61.120743035373152 ], [ 14.652518871832587, 61.120897858977123 ], [ 14.652419644033223, 61.121172244677851 ], [ 14.65246792239615, 61.121322352607919 ] ] } },
{ "type": "Feature", "properties": { "objektidentitet": "60dc73e0-e5a0-4f7c-8654-5cd5303d9c44", "skapad": "2026-03-17T21:00:01", "objekttypnr": 2621, "objekttyp": "Odlingsmarksgräns", "vattenytaid": null, "hojd_over_havet": null, "reglerat_vatten": null }, "geometry": { "type": "LineString", "coordinates": [ [ 14.651292977850188, 61.121342096460452 ], [ 14.651361527919882, 61.120964010154665 ] ] } },
{ "type": "Feature", "properties": { "objektidentitet": "1c60899d-2c02-48ee-9e86-3dd63c4c813f", "skapad": "2026-03-17T21:00:01", "objekttypnr": 2622, "objekttyp": "Öppen markgräns", "vattenytaid": null, "hojd_over_havet": null, "reglerat_vatten": null }, "geometry": { "type": "LineString", "coordinates": [ [ 14.65246792239615, 61.121322352607919 ], [ 14.651292977850188, 61.121342096460452 ] ] } },
{ "type": "Feature", "properties": { "objektidentitet": "89059cb7-b394-4c43-a177-b643e8272029", "skapad": "2026-03-17T21:00:01", "objekttypnr": 2621, "objekttyp": "Odlingsmarksgräns", "vattenytaid": null, "hojd_over_havet": null, "reglerat_vatten": null }, "geometry": { "type": "LineString", "coordinates": [ [ 14.651361527919882, 61.120964010154665 ], [ 14.650266913078079, 61.120796540079411 ], [ 14.649798446447786, 61.121215706202051 ], [ 14.651006501826616, 61.121401024301683 ], [ 14.65120345319076, 61.121393443253822 ], [ 14.651292977850188, 61.121342096460452 ] ] } },
{ "type": "Feature", "properties": { "objektidentitet": "c6a3565b-fa00-494b-ba5e-ef74e3ed7e37", "skapad": "2026-03-17T21:00:01", "objekttypnr": 2621, "objekttyp": "Odlingsmarksgräns", "vattenytaid": null, "hojd_over_havet": null, "reglerat_vatten": null }, "geometry": { "type": "LineString", "coordinates": [ [ 14.650730555847504, 61.121634175753975 ], [ 14.649540689295478, 61.121490128366716 ], [ 14.649179219806976, 61.121855944703128 ], [ 14.649399109917958, 61.121904151182733 ], [ 14.649839295365945, 61.121913766433103 ], [ 14.650471805264122, 61.121891422559194 ], [ 14.650605787369162, 61.121849931958259 ], [ 14.650690169943882, 61.121783713979582 ], [ 14.650730555847504, 61.121634175753975 ] ] } },
{ "type": "Feature", "properties": { "objektidentitet": "58c9174f-4902-4287-ba64-476480c7a34e", "skapad": "2026-03-17T21:00:01", "objekttypnr": 2621, "objekttyp": "Odlingsmarksgräns", "vattenytaid": null, "hojd_over_havet": null, "reglerat_vatten": null }, "geometry": { "type": "LineString", "coordinates": [ [ 14.653565813499451, 61.121942699957707 ], [ 14.65358910562807, 61.121871592324197 ], [ 14.653548476617376, 61.12151043578023 ], [ 14.654323323806295, 61.121461729289948 ], [ 14.655436099236981, 61.121424455262357 ], [ 14.655955726443942, 61.121725188569776 ], [ 14.656462475270606, 61.121797473331618 ], [ 14.657064321710051, 61.121699247590307 ], [ 14.657133488574846, 61.121651984103124 ], [ 14.657283152966006, 61.121342296182888 ], [ 14.65746973487261, 61.120699462365245 ], [ 14.657270562644745, 61.120571589275421 ] ] } },
{ "type": "Feature", "properties": { "objektidentitet": "7e53cec9-05fd-4bb5-9ba5-2632902bc539", "skapad": "2026-03-17T21:00:01", "objekttypnr": 2621, "objekttyp": "Odlingsmarksgräns", "vattenytaid": null, "hojd_over_havet": null, "reglerat_vatten": null }, "geometry": { "type": "LineString", "coordinates": [ [ 14.652631468309188, 61.121703405858824 ], [ 14.653138662191923, 61.122042605933501 ] ] } },
{ "type": "Feature", "properties": { "objektidentitet": "4c1705d6-0379-44c0-b037-00efb156e7f5", "skapad": "2026-03-17T21:00:01", "objekttypnr": 2621, "objekttyp": "Odlingsmarksgräns", "vattenytaid": null, "hojd_over_havet": null, "reglerat_vatten": null }, "geometry": { "type": "LineString", "coordinates": [ [ 14.653138662191923, 61.122042605933501 ], [ 14.653565813499451, 61.121942699957707 ] ] } },
{ "type": "Feature", "properties": { "objektidentitet": "f71c9ffb-1eb7-4e42-be07-990e94fd1f63", "skapad": "2026-03-17T21:00:01", "objekttypnr": 2621, "objekttyp": "Odlingsmarksgräns", "vattenytaid": null, "hojd_over_havet": null, "reglerat_vatten": null }, "geometry": { "type": "LineString", "coordinates": [ [ 14.658557488724844, 61.122077301452407 ], [ 14.658579268190721, 61.122073109984328 ], [ 14.658307754660873, 61.121664822015099 ] ] } },
{ "type": "Feature", "properties": { "objektidentitet": "255485f2-32e1-44b7-8056-38b0a2f0a0dd", "skapad": "2026-03-17T21:00:01", "objekttypnr": 2621, "objekttyp": "Odlingsmarksgräns", "vattenytaid": null, "hojd_over_havet": null, "reglerat_vatten": null }, "geometry": { "type": "LineString", "coordinates": [ [ 14.628720411650308, 61.12805900061187 ], [ 14.628967862233663, 61.128203827598988 ] ] } },
{ "type": "Feature", "properties": { "objektidentitet": "3256af0c-25f2-4772-aece-0bb2ef8db99b", "skapad": "2026-03-17T21:00:01", "objekttypnr": 2621, "objekttyp": "Odlingsmarksgräns", "vattenytaid": null, "hojd_over_havet": null, "reglerat_vatten": null }, "geometry": { "type": "LineString", "coordinates": [ [ 14.628736777774748, 61.126664159083376 ], [ 14.628991166931042, 61.126634269356543 ] ] } },
{ "type": "Feature", "properties": { "objektidentitet": "b81b5ca3-1e88-431d-b02c-b3f34f7dcb77", "skapad": "2026-03-17T21:00:01", "objekttypnr": 2621, "objekttyp": "Odlingsmarksgräns", "vattenytaid": null, "hojd_over_havet": null, "reglerat_vatten": null }, "geometry": { "type": "LineString", "coordinates": [ [ 14.629085931834577, 61.127890160540616 ], [ 14.628721944789342, 61.12792834125171 ] ] } },
{ "type": "Feature", "properties": { "objektidentitet": "a4a22912-f426-4faa-87d1-82b296725d0c", "skapad": "2026-03-17T21:00:01", "objekttypnr": 2622, "objekttyp": "Öppen markgräns", "vattenytaid": null, "hojd_over_havet": null, "reglerat_vatten": null }, "geometry": { "type": "LineString", "coordinates": [ [ 14.628765656134158, 61.124202586486334 ], [ 14.629552601178483, 61.124196528961605 ], [ 14.629591895656439, 61.12405863815426 ], [ 14.62986687112085, 61.123925199094202 ] ] } },
{ "type": "Feature", "properties": { "objektidentitet": "cbd46004-8f22-40c4-84dc-4e87a1f16b8d", "skapad": "2026-03-17T21:00:01", "objekttypnr": 2621, "objekttyp": "Odlingsmarksgräns", "vattenytaid": null, "hojd_over_havet": null, "reglerat_vatten": null }, "geometry": { "type": "LineString", "coordinates": [ [ 14.62986687112085, 61.123925199094202 ], [ 14.630106109578604, 61.124622641584587 ], [ 14.628759329588892, 61.124741894920682 ] ] } },
{ "type": "Feature", "properties": { "objektidentitet": "38b5e102-be5c-428a-8c07-d9c9a7232222", "skapad": "2026-03-17T21:00:01", "objekttypnr": 2620, "objekttyp": "Industri- och handelsbebyggelsegräns", "vattenytaid": null, "hojd_over_havet": null, "reglerat_vatten": null }, "geometry": { "type": "LineString", "coordinates": [ [ 14.630521591489089, 61.122720600543744 ], [ 14.630407043773204, 61.122732398725638 ], [ 14.630328577374529, 61.122674393843141 ], [ 14.629193248822698, 61.122787747190799 ], [ 14.628850859278305, 61.122008563892933 ], [ 14.62879132299568, 61.122014388679304 ] ] } },
{ "type": "Feature", "properties": { "objektidentitet": "a0189890-f5bc-47d3-9c82-c15be70a614f", "skapad": "2026-03-17T21:00:01", "objekttypnr": 2620, "objekttyp": "Industri- och handelsbebyggelsegräns", "vattenytaid": null, "hojd_over_havet": null, "reglerat_vatten": null }, "geometry": { "type": "LineString", "coordinates": [ [ 14.628770674603837, 61.12377477029009 ], [ 14.630139377679363, 61.123645476773518 ], [ 14.630556947550303, 61.123072233528994 ], [ 14.630693206059465, 61.12304192810344 ] ] } },
{ "type": "Feature", "properties": { "objektidentitet": "a79933dc-eebc-4bfe-833a-4bd1b0891d9d", "skapad": "2026-03-17T21:00:01", "objekttypnr": 2622, "objekttyp": "Öppen markgräns", "vattenytaid": null, "hojd_over_havet": null, "reglerat_vatten": null }, "geometry": { "type": "LineString", "coordinates": [ [ 14.628991166931042, 61.126634269356543 ], [ 14.628965539599674, 61.1272145444063 ], [ 14.629131544752029, 61.127362631133281 ], [ 14.629085931834577, 61.127890160540616 ] ] } },
{ "type": "Feature", "properties": { "objektidentitet": "e29a536e-8715-4d1a-b6cf-822c5713a5c4", "skapad": "2026-03-17T21:00:01", "objekttypnr": 2621, "objekttyp": "Odlingsmarksgräns", "vattenytaid": null, "hojd_over_havet": null, "reglerat_vatten": null }, "geometry": { "type": "LineString", "coordinates": [ [ 14.628991166931042, 61.126634269356543 ], [ 14.630133241199225, 61.126560725783378 ], [ 14.630297601372629, 61.126946710219855 ], [ 14.629873457299675, 61.127021826195318 ], [ 14.630193359729178, 61.127739994444916 ], [ 14.629085931834577, 61.127890160540616 ] ] } },
{ "type": "Feature", "properties": { "objektidentitet": "9666445f-1a51-48ac-8a80-c8e5a1ef8782", "skapad": "2026-03-17T21:00:01", "objekttypnr": 2621, "objekttyp": "Odlingsmarksgräns", "vattenytaid": null, "hojd_over_havet": null, "reglerat_vatten": null }, "geometry": { "type": "LineString", "coordinates": [ [ 14.630693206059465, 61.12304192810344 ], [ 14.630243907430538, 61.123670038427157 ], [ 14.629811326247362, 61.123756119967823 ], [ 14.62986687112085, 61.123925199094202 ] ] } },
{ "type": "Feature", "properties": { "objektidentitet": "b82781f7-e3f9-4314-917f-9ce918295622", "skapad": "2026-03-17T21:00:01", "objekttypnr": 2621, "objekttyp": "Odlingsmarksgräns", "vattenytaid": null, "hojd_over_havet": null, "reglerat_vatten": null }, "geometry": { "type": "LineString", "coordinates": [ [ 14.62989416309691, 61.121323243641257 ], [ 14.630444630943202, 61.122549506100817 ], [ 14.631645853559725, 61.122433152570629 ], [ 14.631839891625575, 61.122356265006317 ], [ 14.631893930414815, 61.122239044761407 ], [ 14.63150953466765, 61.121075636868831 ] ] } },
{ "type": "Feature", "properties": { "objektidentitet": "4a09bcfc-180b-4124-8e26-b997043ef617", "skapad": "2026-03-17T21:00:01", "objekttypnr": 2620, "objekttyp": "Industri- och handelsbebyggelsegräns", "vattenytaid": null, "hojd_over_havet": null, "reglerat_vatten": null }, "geometry": { "type": "LineString", "coordinates": [ [ 14.630693206059465, 61.12304192810344 ], [ 14.630521591489089, 61.122720600543744 ] ] } },
{ "type": "Feature", "properties": { "objektidentitet": "a6adcc2c-a0ae-4450-98de-2050bc52a0a6", "skapad": "2026-03-17T21:00:01", "objekttypnr": 2621, "objekttyp": "Odlingsmarksgräns", "vattenytaid": null, "hojd_over_havet": null, "reglerat_vatten": null }, "geometry": { "type": "LineString", "coordinates": [ [ 14.634307577314262, 61.124560643592559 ], [ 14.63433784662913, 61.124358706261219 ], [ 14.633896218060121, 61.123497309226885 ], [ 14.634752578825029, 61.123395086066104 ], [ 14.634799547213234, 61.123344533072867 ], [ 14.634693780045886, 61.123233981559864 ], [ 14.6337293120528, 61.12331942837546 ], [ 14.633420487367832, 61.122912515014654 ], [ 14.632947219157064, 61.122953903540242 ], [ 14.632778282845827, 61.122990101360976 ], [ 14.632689821488878, 61.123033170338445 ], [ 14.633195944398825, 61.123863000875957 ], [ 14.633164981582301, 61.123925626989809 ], [ 14.633015898483766, 61.123963647773657 ], [ 14.632889316531879, 61.123946874993869 ], [ 14.632847062115772, 61.12392036544982 ], [ 14.632789715652013, 61.1238412049197 ], [ 14.632187428573353, 61.122841340400065 ], [ 14.631027940178509, 61.12267719203556 ], [ 14.630521591489089, 61.122720600543744 ] ] } },
{ "type": "Feature", "properties": { "objektidentitet": "f13029ab-e0cf-4a29-a9c3-ff16a3bcc2f6", "skapad": "2026-03-17T21:00:01", "objekttypnr": 2622, "objekttyp": "Öppen markgräns", "vattenytaid": null, "hojd_over_havet": null, "reglerat_vatten": null }, "geometry": { "type": "LineString", "coordinates": [ [ 14.634663349041618, 61.121440324558236 ], [ 14.634943988107556, 61.121489481681714 ], [ 14.635760223910813, 61.121498172923815 ], [ 14.636091913353855, 61.12160964586522 ], [ 14.635211686128054, 61.12188209559708 ], [ 14.63437498713748, 61.121900710251623 ], [ 14.63405861577453, 61.121850009766852 ], [ 14.633024890245942, 61.121765178573902 ], [ 14.632445300566074, 61.121439433016683 ], [ 14.632097726091018, 61.121027222213442 ] ] } },
{ "type": "Feature", "properties": { "objektidentitet": "37391ac2-4fb4-42b2-98ce-ccafef5098a6", "skapad": "2026-03-17T21:00:01", "objekttypnr": 2621, "objekttyp": "Odlingsmarksgräns", "vattenytaid": null, "hojd_over_havet": null, "reglerat_vatten": null }, "geometry": { "type": "LineString", "coordinates": [ [ 14.635408732614607, 61.126892134158609 ], [ 14.633650749242289, 61.126208185000849 ], [ 14.633695392449935, 61.126108840356864 ], [ 14.634710657148764, 61.126010728481269 ] ] } },
{ "type": "Feature", "properties": { "objektidentitet": "158cd3b2-af40-4843-b6b6-d0a233505d4d", "skapad": "2026-03-17T21:00:01", "objekttypnr": 2621, "objekttyp": "Odlingsmarksgräns", "vattenytaid": null, "hojd_over_havet": null, "reglerat_vatten": null }, "geometry": { "type": "LineString", "coordinates": [ [ 14.634467619162988, 61.125794846436676 ], [ 14.633686927020864, 61.125081007777936 ], [ 14.634191707972061, 61.124705582894968 ], [ 14.634307577314262, 61.124560643592559 ] ] } },
{ "type": "Feature", "properties": { "objektidentitet": "38ccad8e-549d-4063-a460-a735fe03f524", "skapad": "2026-03-17T21:00:01", "objekttypnr": 2622, "objekttyp": "Öppen markgräns", "vattenytaid": null, "hojd_over_havet": null, "reglerat_vatten": null }, "geometry": { "type": "LineString", "coordinates": [ [ 14.637145597117792, 61.121334818741452 ], [ 14.637685433632948, 61.121286564336131 ], [ 14.637582207478191, 61.121942558897004 ], [ 14.638473629128793, 61.12206468173806 ], [ 14.638404285249177, 61.122860839503325 ], [ 14.638261794233669, 61.123368927482176 ], [ 14.638010140930339, 61.12381828618048 ], [ 14.637504746104923, 61.124278420699675 ], [ 14.63718260562929, 61.124662041802708 ], [ 14.636166281774383, 61.124638770975359 ], [ 14.635492134678586, 61.124499317015264 ], [ 14.634307577314262, 61.124560643592559 ] ] } },
{ "type": "Feature", "properties": { "objektidentitet": "6887f01a-e1ff-48fd-a5fe-9dd6c3014d5e", "skapad": "2026-03-17T21:00:01", "objekttypnr": 2621, "objekttyp": "Odlingsmarksgräns", "vattenytaid": null, "hojd_over_havet": null, "reglerat_vatten": null }, "geometry": { "type": "LineString", "coordinates": [ [ 14.634710657148764, 61.126010728481269 ], [ 14.634467619162988, 61.125794846436676 ] ] } },
{ "type": "Feature", "properties": { "objektidentitet": "c9e30a0d-986e-4800-93a8-fc65b10a18d7", "skapad": "2026-03-17T21:00:01", "objekttypnr": 2622, "objekttyp": "Öppen markgräns", "vattenytaid": null, "hojd_over_havet": null, "reglerat_vatten": null }, "geometry": { "type": "LineString", "coordinates": [ [ 14.63706796135653, 61.128223160092858 ], [ 14.637046971881309, 61.127937734342936 ], [ 14.637637555437573, 61.127322863630745 ], [ 14.63899474858521, 61.127231497646605 ], [ 14.638875591982455, 61.126894493135303 ], [ 14.638517483808272, 61.126717481315872 ], [ 14.637453077278565, 61.126823165957845 ], [ 14.637314051873, 61.126580607450819 ], [ 14.638347584311798, 61.126349483788417 ], [ 14.638673061344806, 61.12617138945317 ], [ 14.638493791507107, 61.125655295536504 ], [ 14.636912524944245, 61.125738073820429 ], [ 14.636698895697373, 61.125412251316781 ], [ 14.637592653564829, 61.125265679475923 ], [ 14.637377623373844, 61.124919259064171 ], [ 14.637290596343449, 61.124887477575868 ], [ 14.63622865674318, 61.124869148377726 ], [ 14.635628922153574, 61.124932641739946 ], [ 14.635253251080726, 61.125313384941663 ], [ 14.635303949952641, 61.125459536942394 ], [ 14.635473908903743, 61.125594914064031 ], [ 14.634672003649985, 61.125765197239872 ], [ 14.634467619162988, 61.125794846436676 ] ] } },
{ "type": "Feature", "properties": { "objektidentitet": "b9ede4db-b1b8-497a-acb1-4d0968204481", "skapad": "2026-03-17T21:00:01", "objekttypnr": 2622, "objekttyp": "Öppen markgräns", "vattenytaid": null, "hojd_over_havet": null, "reglerat_vatten": null }, "geometry": { "type": "LineString", "coordinates": [ [ 14.634710657148764, 61.126010728481269 ], [ 14.63490902922298, 61.125977785594195 ], [ 14.636109590589284, 61.126908637237747 ], [ 14.635787106350616, 61.126945754540692 ], [ 14.635408732614607, 61.126892134158609 ] ] } },
{ "type": "Feature", "properties": { "objektidentitet": "bb0232ce-f1ef-4d1a-9589-39c8b552ac65", "skapad": "2026-03-17T21:00:01", "objekttypnr": 2621, "objekttyp": "Odlingsmarksgräns", "vattenytaid": null, "hojd_over_havet": null, "reglerat_vatten": null }, "geometry": { "type": "LineString", "coordinates": [ [ 14.63706796135653, 61.128223160092858 ], [ 14.6365777075103, 61.128091512873361 ], [ 14.635817274973947, 61.127697100750993 ], [ 14.635395182448629, 61.127066016316832 ], [ 14.635408732614607, 61.126892134158609 ] ] } },
{ "type": "Feature", "properties": { "objektidentitet": "7441c5cf-efa2-447c-a0ce-5b41d4f0859e", "skapad": "2026-03-17T21:00:01", "objekttypnr": 2622, "objekttyp": "Öppen markgräns", "vattenytaid": null, "hojd_over_havet": null, "reglerat_vatten": null }, "geometry": { "type": "LineString", "coordinates": [ [ 14.636788676291292, 61.122173360652837 ], [ 14.636518197753503, 61.122061335829272 ], [ 14.635764398824049, 61.122135314652411 ], [ 14.635865616190976, 61.122273513765833 ], [ 14.63675296313553, 61.122794575976208 ], [ 14.636918076690371, 61.122824161334108 ], [ 14.637014150398283, 61.122746312137828 ], [ 14.636782316173694, 61.122476875251557 ], [ 14.636755510437647, 61.122313882400483 ], [ 14.636788676291292, 61.122173360652837 ] ] } },
{ "type": "Feature", "properties": { "objektidentitet": "38f433ff-1d2f-4801-88d8-da1615c21de3", "skapad": "2026-03-17T21:00:01", "objekttypnr": 2622, "objekttyp": "Öppen markgräns", "vattenytaid": null, "hojd_over_havet": null, "reglerat_vatten": null }, "geometry": { "type": "LineString", "coordinates": [ [ 14.653138662191923, 61.122042605933501 ], [ 14.653074141304529, 61.122158137722764 ], [ 14.652608355088974, 61.122236584697987 ], [ 14.652172115528531, 61.122249127977113 ], [ 14.651840295959209, 61.122148826954152 ], [ 14.651858406640031, 61.121599151780629 ], [ 14.652631468309188, 61.121703405858824 ] ] } },
{ "type": "Feature", "properties": { "objektidentitet": "f7e755a8-d4ed-4f07-977e-44031d40e471", "skapad": "2026-03-17T21:00:01", "objekttypnr": 2621, "objekttyp": "Odlingsmarksgräns", "vattenytaid": null, "hojd_over_havet": null, "reglerat_vatten": null }, "geometry": { "type": "LineString", "coordinates": [ [ 14.658307754660873, 61.121664822015099 ], [ 14.657129687621397, 61.122162184653845 ], [ 14.65765702790463, 61.122172875089497 ], [ 14.65835073940222, 61.122117135001702 ], [ 14.658557488724844, 61.122077301452407 ] ] } },
{ "type": "Feature", "properties": { "objektidentitet": "5ad26e1b-679e-4a79-b34a-aa1966d95760", "skapad": "2026-03-17T21:00:01", "objekttypnr": 2621, "objekttyp": "Odlingsmarksgräns", "vattenytaid": null, "hojd_over_havet": null, "reglerat_vatten": null }, "geometry": { "type": "LineString", "coordinates": [ [ 14.648203164180696, 61.121783993249494 ], [ 14.647970505613051, 61.121897810426191 ], [ 14.647660419909592, 61.12181573600602 ], [ 14.6475517504936, 61.121808880910919 ], [ 14.647417552819942, 61.121829386683295 ], [ 14.64731973233839, 61.121826698721478 ], [ 14.64708143411405, 61.121750178788368 ], [ 14.646964045490769, 61.12175465756409 ], [ 14.646629173502577, 61.121834915761504 ], [ 14.646292002678946, 61.121798527326689 ], [ 14.646220152542183, 61.121742317830673 ], [ 14.646043171521358, 61.121767890514199 ], [ 14.645325434489452, 61.122184162083855 ], [ 14.645205049890889, 61.122647758071317 ], [ 14.645639772926444, 61.123071457414937 ], [ 14.646293908193121, 61.123096161380801 ], [ 14.646482186677368, 61.123063471620462 ] ] } },
{ "type": "Feature", "properties": { "objektidentitet": "570e03c4-77f5-4ec3-ba3d-c8dda37f1610", "skapad": "2026-03-17T21:00:01", "objekttypnr": 2621, "objekttyp": "Odlingsmarksgräns", "vattenytaid": null, "hojd_over_havet": null, "reglerat_vatten": null }, "geometry": { "type": "LineString", "coordinates": [ [ 14.646482186677368, 61.123063471620462 ], [ 14.646562441732677, 61.122984003061916 ], [ 14.646584188401158, 61.122929788756956 ], [ 14.646728354975371, 61.122869699753807 ], [ 14.646828124021114, 61.122881020908871 ], [ 14.646872650041308, 61.122922803193916 ], [ 14.647584637049562, 61.123087598771114 ], [ 14.647694873403934, 61.123072470879912 ], [ 14.647721508866148, 61.12300573610937 ], [ 14.647367795908547, 61.122908545287295 ], [ 14.647104006167103, 61.122550629325261 ], [ 14.647082460003519, 61.12249543127691 ], [ 14.647431904166501, 61.122162259310294 ], [ 14.648644518354665, 61.122181359034244 ], [ 14.648848073630774, 61.122008992525551 ], [ 14.6488916213119, 61.121878083117942 ], [ 14.648203164180696, 61.121783993249494 ] ] } },
{ "type": "Feature", "properties": { "objektidentitet": "be729b10-d9ae-436c-aacf-3f12e50b963f", "skapad": "2026-03-17T21:00:01", "objekttypnr": 2622, "objekttyp": "Öppen markgräns", "vattenytaid": null, "hojd_over_havet": null, "reglerat_vatten": null }, "geometry": { "type": "LineString", "coordinates": [ [ 14.653565813499451, 61.121942699957707 ], [ 14.654411508493835, 61.121998380002054 ], [ 14.655424912356285, 61.121981474176138 ], [ 14.656205755772946, 61.121926586482118 ], [ 14.656450648292378, 61.121963712599438 ], [ 14.656513115191022, 61.122181619483584 ], [ 14.657122502070719, 61.122162408640349 ], [ 14.657252714658414, 61.122199215718155 ], [ 14.657279294324537, 61.122279706247326 ], [ 14.657189057428667, 61.122332330288202 ], [ 14.65718160795803, 61.122332939649105 ], [ 14.656642884483446, 61.122411503044816 ], [ 14.656054511243656, 61.122452168061251 ], [ 14.655678108401554, 61.122258465528311 ], [ 14.655420488685186, 61.122237771070161 ], [ 14.655332589339965, 61.122278297516694 ], [ 14.655285761635664, 61.122596882095493 ], [ 14.655484805371286, 61.122694349886324 ], [ 14.655863936467926, 61.122605114708378 ], [ 14.655949028782576, 61.122745968646967 ], [ 14.655861132801769, 61.123071191348274 ], [ 14.655089410454261, 61.122993291612339 ], [ 14.654362053221872, 61.122886466177846 ], [ 14.653961372465439, 61.122688153947237 ], [ 14.65335722090199, 61.12260786262479 ], [ 14.653020919232175, 61.122810743300633 ], [ 14.653670306241006, 61.122926722148129 ], [ 14.652851011118672, 61.123595948291161 ], [ 14.652709030638494, 61.123542165669626 ], [ 14.652706797281441, 61.123431068339926 ], [ 14.651313584297053, 61.12315611158607 ], [ 14.651044905836567, 61.123301308514733 ], [ 14.649915768206407, 61.123146737579411 ], [ 14.649087066015964, 61.122711472755618 ], [ 14.649636936689564, 61.122463134704503 ], [ 14.649933555649659, 61.122441449289518 ], [ 14.64997501491785, 61.122396640289203 ], [ 14.649751689742509, 61.122311266821015 ], [ 14.648920407111504, 61.122336673639666 ], [ 14.648769680495519, 61.122834615085914 ], [ 14.648664962376284, 61.123797395045287 ], [ 14.648650860099824, 61.123965854395898 ], [ 14.648997251857434, 61.123979834325084 ], [ 14.6494045584381, 61.124044525521768 ], [ 14.649310863031932, 61.124328888751712 ] ] } },
{ "type": "Feature", "properties": { "objektidentitet": "f7d66100-9fd0-4ea3-b566-80ba90790a89", "skapad": "2026-03-17T21:00:01", "objekttypnr": 2622, "objekttyp": "Öppen markgräns", "vattenytaid": null, "hojd_over_havet": null, "reglerat_vatten": null }, "geometry": { "type": "LineString", "coordinates": [ [ 14.659319565252478, 61.122832732139024 ], [ 14.659805087639555, 61.122575150255869 ], [ 14.660489019488585, 61.122306860279139 ], [ 14.660550565771402, 61.122698070761075 ], [ 14.660824541109974, 61.122797029400289 ] ] } },
{ "type": "Feature", "properties": { "objektidentitet": "073be855-3b45-44e2-b8c2-607436cff70d", "skapad": "2026-03-17T21:00:01", "objekttypnr": 2621, "objekttyp": "Odlingsmarksgräns", "vattenytaid": null, "hojd_over_havet": null, "reglerat_vatten": null }, "geometry": { "type": "LineString", "coordinates": [ [ 14.658841306943735, 61.12336618314648 ], [ 14.659319565252478, 61.122832732139024 ] ] } },
{ "type": "Feature", "properties": { "objektidentitet": "356fc329-acb4-4727-bf47-e2c1f3cb967f", "skapad": "2026-03-17T21:00:01", "objekttypnr": 2621, "objekttyp": "Odlingsmarksgräns", "vattenytaid": null, "hojd_over_havet": null, "reglerat_vatten": null }, "geometry": { "type": "LineString", "coordinates": [ [ 14.659319565252478, 61.122832732139024 ], [ 14.658596690186892, 61.122899616856778 ], [ 14.657326182387658, 61.122896494262498 ], [ 14.657111074662579, 61.122896819897946 ], [ 14.656749550664641, 61.122983329182084 ], [ 14.655702256817246, 61.123311078776617 ], [ 14.655658921332865, 61.123360077203913 ], [ 14.6557348915421, 61.123411390317507 ], [ 14.656144985412816, 61.123409739837726 ], [ 14.657241979194156, 61.12319049328736 ], [ 14.657742278044655, 61.123248912836416 ], [ 14.657854994559306, 61.123393687065736 ], [ 14.65809572076444, 61.123532482398787 ], [ 14.658502009736418, 61.123493117489431 ], [ 14.658841306943735, 61.12336618314648 ] ] } },
{ "type": "Feature", "properties": { "objektidentitet": "4eb7b0c0-51e0-490c-a5ce-a6a92cdd683e", "skapad": "2026-03-17T21:00:01", "objekttypnr": 2622, "objekttyp": "Öppen markgräns", "vattenytaid": null, "hojd_over_havet": null, "reglerat_vatten": null }, "geometry": { "type": "LineString", "coordinates": [ [ 14.660540600558141, 61.123057832248037 ], [ 14.660239169325838, 61.123533097804106 ], [ 14.658991592461271, 61.123576876859644 ], [ 14.658841306943735, 61.12336618314648 ] ] } },
{ "type": "Feature", "properties": { "objektidentitet": "db9d9eca-3c13-4427-b2a7-8f7d63837bca", "skapad": "2026-03-17T21:00:01", "objekttypnr": 2622, "objekttyp": "Öppen markgräns", "vattenytaid": null, "hojd_over_havet": null, "reglerat_vatten": null }, "geometry": { "type": "LineString", "coordinates": [ [ 14.648642905913558, 61.125138697297075 ], [ 14.648412211005482, 61.125315930894118 ], [ 14.649662045360804, 61.125759948887371 ], [ 14.649694829300197, 61.125744645608776 ], [ 14.649842252491935, 61.125795159594603 ], [ 14.649875542991515, 61.125856564199701 ], [ 14.649830173658051, 61.125908742727205 ], [ 14.649406779068412, 61.126028918596539 ], [ 14.648983517901542, 61.126024651888564 ], [ 14.648579157556606, 61.125861265005661 ], [ 14.648204349045946, 61.125608076833693 ], [ 14.648059805667602, 61.125238855613851 ], [ 14.647378723077265, 61.125084629613852 ], [ 14.646773849880805, 61.125487116691659 ], [ 14.645858848388301, 61.125405468179721 ], [ 14.645790303911392, 61.125273826307854 ], [ 14.646115021611546, 61.124908237192265 ], [ 14.646710920820007, 61.12472410612429 ], [ 14.646409017012536, 61.124334505589523 ], [ 14.646325461867104, 61.124177444439255 ], [ 14.646794867331279, 61.123675579937029 ], [ 14.647197074179983, 61.123362818539654 ], [ 14.646821194678617, 61.12309946926446 ], [ 14.646482186677368, 61.123063471620462 ] ] } },
{ "type": "Feature", "properties": { "objektidentitet": "58776b86-543f-4bdf-a5f5-75f378f6f51a", "skapad": "2026-03-17T21:00:01", "objekttypnr": 2621, "objekttyp": "Odlingsmarksgräns", "vattenytaid": null, "hojd_over_havet": null, "reglerat_vatten": null }, "geometry": { "type": "LineString", "coordinates": [ [ 14.658687093551098, 61.123678240465622 ], [ 14.657983479545985, 61.124085538031785 ] ] } },
{ "type": "Feature", "properties": { "objektidentitet": "83b2462f-45c4-4cec-a176-994079ed0f07", "skapad": "2026-03-17T21:00:01", "objekttypnr": 2622, "objekttyp": "Öppen markgräns", "vattenytaid": null, "hojd_over_havet": null, "reglerat_vatten": null }, "geometry": { "type": "LineString", "coordinates": [ [ 14.652578856292326, 61.123836627669874 ], [ 14.653815260679083, 61.124127087879693 ], [ 14.653862482872064, 61.124189801995769 ], [ 14.65334757333804, 61.124544373502069 ], [ 14.652092459305059, 61.124239236077962 ], [ 14.652578856292326, 61.123836627669874 ] ] } },
{ "type": "Feature", "properties": { "objektidentitet": "1e887b1d-405f-423f-9920-7f36f222e20e", "skapad": "2026-03-17T21:00:01", "objekttypnr": 2622, "objekttyp": "Öppen markgräns", "vattenytaid": null, "hojd_over_havet": null, "reglerat_vatten": null }, "geometry": { "type": "LineString", "coordinates": [ [ 14.657983479545985, 61.124085538031785 ], [ 14.657475425150031, 61.123967253713367 ], [ 14.656960390532806, 61.124967622559275 ], [ 14.6565851344455, 61.126091520006938 ], [ 14.656725694285695, 61.126111933279518 ], [ 14.657085317618808, 61.125981427936914 ], [ 14.657418800444606, 61.125028010779396 ], [ 14.65755378418798, 61.124954357544013 ], [ 14.658291500151444, 61.124732980410471 ], [ 14.658364578335208, 61.124722750672397 ], [ 14.658722965521447, 61.124794283581096 ], [ 14.658762309758643, 61.124870730504441 ], [ 14.658599332757355, 61.125001575052991 ], [ 14.658997315846154, 61.125171415794298 ] ] } },
{ "type": "Feature", "properties": { "objektidentitet": "586458b4-0126-4673-a995-d925bc9fbd26", "skapad": "2026-03-17T21:00:01", "objekttypnr": 2621, "objekttyp": "Odlingsmarksgräns", "vattenytaid": null, "hojd_over_havet": null, "reglerat_vatten": null }, "geometry": { "type": "LineString", "coordinates": [ [ 14.657983479545985, 61.124085538031785 ], [ 14.658297437637772, 61.124179656106463 ], [ 14.658688571929128, 61.124196884319304 ], [ 14.659591858227312, 61.124023168053505 ], [ 14.659712229378828, 61.123980170865394 ] ] } },
{ "type": "Feature", "properties": { "objektidentitet": "ececbea4-fcda-4a36-9278-7b4de03d1fc6", "skapad": "2026-03-17T21:00:01", "objekttypnr": 2621, "objekttyp": "Odlingsmarksgräns", "vattenytaid": null, "hojd_over_havet": null, "reglerat_vatten": null }, "geometry": { "type": "LineString", "coordinates": [ [ 14.649208394353609, 61.124244114814488 ], [ 14.648581178928259, 61.124186537127315 ], [ 14.64820294790397, 61.124600347728503 ], [ 14.648256669746864, 61.124703588627661 ], [ 14.648517138669664, 61.124778350806771 ], [ 14.649260278718542, 61.124824908452119 ] ] } },
{ "type": "Feature", "properties": { "objektidentitet": "a879f946-a31f-4ba2-a8f2-050428bf819b", "skapad": "2026-03-17T21:00:01", "objekttypnr": 2621, "objekttyp": "Odlingsmarksgräns", "vattenytaid": null, "hojd_over_havet": null, "reglerat_vatten": null }, "geometry": { "type": "LineString", "coordinates": [ [ 14.649310863031932, 61.124328888751712 ], [ 14.649208394353609, 61.124244114814488 ] ] } },
{ "type": "Feature", "properties": { "objektidentitet": "252880c6-f8f1-4f62-a1c9-7da0cb17a44e", "skapad": "2026-03-17T21:00:01", "objekttypnr": 2621, "objekttyp": "Odlingsmarksgräns", "vattenytaid": null, "hojd_over_havet": null, "reglerat_vatten": null }, "geometry": { "type": "LineString", "coordinates": [ [ 14.649260278718542, 61.124824908452119 ], [ 14.650220885948265, 61.124578503053499 ], [ 14.649310863031932, 61.124328888751712 ] ] } },
{ "type": "Feature", "properties": { "objektidentitet": "850faf24-0c89-4d35-9748-aa2e369c237d", "skapad": "2026-03-17T21:00:01", "objekttypnr": 2622, "objekttyp": "Öppen markgräns", "vattenytaid": null, "hojd_over_havet": null, "reglerat_vatten": null }, "geometry": { "type": "LineString", "coordinates": [ [ 14.649260278718542, 61.124824908452119 ], [ 14.649189673191431, 61.125032095200339 ] ] } },
{ "type": "Feature", "properties": { "objektidentitet": "478417cc-4955-4c33-ae25-f184f40e6c43", "skapad": "2026-03-17T21:00:01", "objekttypnr": 2621, "objekttyp": "Odlingsmarksgräns", "vattenytaid": null, "hojd_over_havet": null, "reglerat_vatten": null }, "geometry": { "type": "LineString", "coordinates": [ [ 14.649189673191431, 61.125032095200339 ], [ 14.648801936294756, 61.124954131290536 ], [ 14.648640491747015, 61.125110365986778 ], [ 14.648642905913558, 61.125138697297075 ] ] } },
{ "type": "Feature", "properties": { "objektidentitet": "058936b1-e640-4657-9d50-f5d9d77fbe71", "skapad": "2026-03-17T21:00:01", "objekttypnr": 2621, "objekttyp": "Odlingsmarksgräns", "vattenytaid": null, "hojd_over_havet": null, "reglerat_vatten": null }, "geometry": { "type": "LineString", "coordinates": [ [ 14.648642905913558, 61.125138697297075 ], [ 14.649234098649519, 61.125249267383182 ], [ 14.649957752386159, 61.125497942194819 ], [ 14.650223033236578, 61.125289426984303 ], [ 14.650315903879982, 61.125198488199196 ], [ 14.649634156861346, 61.125146960153828 ], [ 14.649419722514407, 61.125071709289458 ], [ 14.649189673191431, 61.125032095200339 ] ] } },
{ "type": "Feature", "properties": { "objektidentitet": "aa2f037d-d0fd-40bc-bf72-b17403b5464e", "skapad": "2026-03-17T21:00:01", "objekttypnr": 2621, "objekttyp": "Odlingsmarksgräns", "vattenytaid": null, "hojd_over_havet": null, "reglerat_vatten": null }, "geometry": { "type": "LineString", "coordinates": [ [ 14.658997315846154, 61.125171415794298 ], [ 14.659183917725182, 61.1253167252233 ], [ 14.65916173417857, 61.125378903668505 ], [ 14.658206339106396, 61.125884269845258 ], [ 14.657926888480953, 61.126109804779588 ], [ 14.658531002174101, 61.126046017088171 ], [ 14.659881518507257, 61.12550631488849 ], [ 14.659271462814512, 61.125090480090712 ] ] } },
{ "type": "Feature", "properties": { "objektidentitet": "43f24e7b-2f7b-4974-98b6-2b795be02749", "skapad": "2026-03-17T21:00:01", "objekttypnr": 2622, "objekttyp": "Öppen markgräns", "vattenytaid": null, "hojd_over_havet": null, "reglerat_vatten": null }, "geometry": { "type": "LineString", "coordinates": [ [ 14.65160553078131, 61.125419088149293 ], [ 14.651904931767072, 61.125575507511094 ], [ 14.650976608513517, 61.126264363391819 ], [ 14.650388604051418, 61.126037699134457 ], [ 14.650452050445898, 61.125797526748045 ], [ 14.650561635135126, 61.125746312828646 ], [ 14.650989017692014, 61.125344599104359 ], [ 14.65160553078131, 61.125419088149293 ] ] } },
{ "type": "Feature", "properties": { "objektidentitet": "436242ee-034e-4924-a246-28eebbb3e129", "skapad": "2026-03-17T21:00:01", "objekttypnr": 2621, "objekttyp": "Odlingsmarksgräns", "vattenytaid": null, "hojd_over_havet": null, "reglerat_vatten": null }, "geometry": { "type": "LineString", "coordinates": [ [ 14.66371169760807, 61.125728736543266 ], [ 14.662938985341825, 61.125906684190589 ], [ 14.663348817933542, 61.126321698697772 ], [ 14.663612667096647, 61.126702969867686 ], [ 14.663915152474857, 61.126825640325023 ], [ 14.664248071499324, 61.126849773464336 ], [ 14.664818330749064, 61.1266664509861 ], [ 14.665236717180726, 61.126602586240999 ], [ 14.665654821806646, 61.126856848486952 ], [ 14.665631596343509, 61.126925606139835 ], [ 14.66561179067293, 61.127306647589812 ], [ 14.665777398675463, 61.127768714119398 ], [ 14.664711967222006, 61.128057129760272 ] ] } },
{ "type": "Feature", "properties": { "objektidentitet": "c3b9f548-4e32-4559-a7c3-d135b5658785", "skapad": "2026-03-17T21:00:01", "objekttypnr": 2621, "objekttyp": "Odlingsmarksgräns", "vattenytaid": null, "hojd_over_havet": null, "reglerat_vatten": null }, "geometry": { "type": "LineString", "coordinates": [ [ 14.65648770325088, 61.127176853062252 ], [ 14.656020859711735, 61.127153572467293 ], [ 14.655518986756112, 61.127259966611511 ], [ 14.655227710499052, 61.127203238986077 ], [ 14.654986415171644, 61.126788342002499 ], [ 14.654595591415355, 61.126676980352265 ], [ 14.653284813657994, 61.127146821583267 ] ] } },
{ "type": "Feature", "properties": { "objektidentitet": "eac85894-9df9-479f-a42d-5524540d4191", "skapad": "2026-03-17T21:00:01", "objekttypnr": 2622, "objekttyp": "Öppen markgräns", "vattenytaid": null, "hojd_over_havet": null, "reglerat_vatten": null }, "geometry": { "type": "LineString", "coordinates": [ [ 14.653284813657994, 61.127146821583267 ], [ 14.65264443024425, 61.126945260636425 ], [ 14.652415816866364, 61.127091012171753 ], [ 14.652402827638598, 61.12718517417354 ], [ 14.652654472321645, 61.127510162205553 ], [ 14.652965067395112, 61.127663752981206 ], [ 14.653212999006318, 61.127725420016851 ], [ 14.653598700759433, 61.127745773148753 ], [ 14.654022661312442, 61.127386030242441 ] ] } },
{ "type": "Feature", "properties": { "objektidentitet": "3bfd2acd-9656-4998-8bfd-8d296763cdc1", "skapad": "2026-03-17T21:00:01", "objekttypnr": 2621, "objekttyp": "Odlingsmarksgräns", "vattenytaid": null, "hojd_over_havet": null, "reglerat_vatten": null }, "geometry": { "type": "LineString", "coordinates": [ [ 14.653284813657994, 61.127146821583267 ], [ 14.654022661312442, 61.127386030242441 ] ] } },
{ "type": "Feature", "properties": { "objektidentitet": "ebaae07a-6e12-4be8-95df-38f3adc2d40f", "skapad": "2026-03-17T21:00:01", "objekttypnr": 2622, "objekttyp": "Öppen markgräns", "vattenytaid": null, "hojd_over_havet": null, "reglerat_vatten": null }, "geometry": { "type": "LineString", "coordinates": [ [ 14.656833504131031, 61.127642548567785 ], [ 14.65648770325088, 61.127176853062252 ] ] } },
{ "type": "Feature", "properties": { "objektidentitet": "984946f4-b9ef-4552-b125-3a36e3c78b6c", "skapad": "2026-03-17T21:00:01", "objekttypnr": 2621, "objekttyp": "Odlingsmarksgräns", "vattenytaid": null, "hojd_over_havet": null, "reglerat_vatten": null }, "geometry": { "type": "LineString", "coordinates": [ [ 14.654876745789464, 61.127504627262432 ], [ 14.655135621605286, 61.127688192740806 ], [ 14.656032106696157, 61.127760044083978 ], [ 14.656310640601415, 61.127358311938536 ], [ 14.65648770325088, 61.127176853062252 ] ] } },
{ "type": "Feature", "properties": { "objektidentitet": "4fb6daaa-4130-46f5-b629-24c9145e7d20", "skapad": "2026-03-17T21:00:01", "objekttypnr": 2621, "objekttyp": "Odlingsmarksgräns", "vattenytaid": null, "hojd_over_havet": null, "reglerat_vatten": null }, "geometry": { "type": "LineString", "coordinates": [ [ 14.654022661312442, 61.127386030242441 ], [ 14.654876745789464, 61.127504627262432 ] ] } },
{ "type": "Feature", "properties": { "objektidentitet": "c962af2a-e9b5-4d7d-b294-d8a3732bbe40", "skapad": "2026-03-17T21:00:01", "objekttypnr": 2622, "objekttyp": "Öppen markgräns", "vattenytaid": null, "hojd_over_havet": null, "reglerat_vatten": null }, "geometry": { "type": "LineString", "coordinates": [ [ 14.654876745789464, 61.127504627262432 ], [ 14.654489474767171, 61.127697865013289 ] ] } },
{ "type": "Feature", "properties": { "objektidentitet": "c60a6825-3efc-4918-a854-8e68f0fb7016", "skapad": "2026-03-17T21:00:01", "objekttypnr": 2621, "objekttyp": "Odlingsmarksgräns", "vattenytaid": null, "hojd_over_havet": null, "reglerat_vatten": null }, "geometry": { "type": "LineString", "coordinates": [ [ 14.654489474767171, 61.127697865013289 ], [ 14.654121331049556, 61.127966501474177 ] ] } },
{ "type": "Feature", "properties": { "objektidentitet": "e30fc080-fb0d-4e56-b5e2-db065853085b", "skapad": "2026-03-17T21:00:01", "objekttypnr": 2622, "objekttyp": "Öppen markgräns", "vattenytaid": null, "hojd_over_havet": null, "reglerat_vatten": null }, "geometry": { "type": "LineString", "coordinates": [ [ 14.664711967222006, 61.128057129760272 ], [ 14.66433345707931, 61.127984305614291 ] ] } },
{ "type": "Feature", "properties": { "objektidentitet": "8e597939-99ba-47e3-bad8-b26c4427cf77", "skapad": "2026-03-17T21:00:01", "objekttypnr": 2622, "objekttyp": "Öppen markgräns", "vattenytaid": null, "hojd_over_havet": null, "reglerat_vatten": null }, "geometry": { "type": "LineString", "coordinates": [ [ 14.667028533577204, 61.125062356481877 ], [ 14.666863380413293, 61.125168543414091 ], [ 14.66664028466797, 61.125175068590778 ], [ 14.665715341834984, 61.124832185448192 ] ] } },
{ "type": "Feature", "properties": { "objektidentitet": "9b9c65d0-5e39-439a-a30d-81573471f10e", "skapad": "2026-03-17T21:00:01", "objekttypnr": 2621, "objekttyp": "Odlingsmarksgräns", "vattenytaid": null, "hojd_over_havet": null, "reglerat_vatten": null }, "geometry": { "type": "LineString", "coordinates": [ [ 14.660540600558141, 61.123057832248037 ], [ 14.661572712396435, 61.122998749726264 ], [ 14.661867497261117, 61.122971206523729 ], [ 14.661944524391526, 61.122947015508778 ], [ 14.661930733129138, 61.122907101393622 ], [ 14.661634290780484, 61.122744247557328 ] ] } },
{ "type": "Feature", "properties": { "objektidentitet": "8ab15d76-e0f4-4527-905a-b8abf215e822", "skapad": "2026-03-17T21:00:01", "objekttypnr": 2621, "objekttyp": "Odlingsmarksgräns", "vattenytaid": null, "hojd_over_havet": null, "reglerat_vatten": null }, "geometry": { "type": "LineString", "coordinates": [ [ 14.664560039562902, 61.124635297016845 ], [ 14.664057413536556, 61.124981715973639 ] ] } },
{ "type": "Feature", "properties": { "objektidentitet": "4d5bfa94-7851-45a1-9e73-ff167cbe740c", "skapad": "2026-03-17T21:00:01", "objekttypnr": 2621, "objekttyp": "Odlingsmarksgräns", "vattenytaid": null, "hojd_over_havet": null, "reglerat_vatten": null }, "geometry": { "type": "LineString", "coordinates": [ [ 14.659712229378828, 61.123980170865394 ], [ 14.659623208234011, 61.123717758404005 ], [ 14.659393579058378, 61.123681951337879 ], [ 14.65914348344017, 61.123697257262286 ], [ 14.658877936816049, 61.123966407348355 ], [ 14.658662164385616, 61.123970890634084 ], [ 14.658687093551098, 61.123678240465622 ] ] } },
{ "type": "Feature", "properties": { "objektidentitet": "41916ac9-8160-4d97-8480-326fa75732df", "skapad": "2026-03-17T21:00:01", "objekttypnr": 2621, "objekttyp": "Odlingsmarksgräns", "vattenytaid": null, "hojd_over_havet": null, "reglerat_vatten": null }, "geometry": { "type": "LineString", "coordinates": [ [ 14.665715341834984, 61.124832185448192 ], [ 14.665966051550971, 61.124732890584326 ], [ 14.665969152676121, 61.124535799065811 ] ] } },
{ "type": "Feature", "properties": { "objektidentitet": "895aacac-587d-4c23-9a31-cec70ea3a517", "skapad": "2026-03-17T21:00:01", "objekttypnr": 2622, "objekttyp": "Öppen markgräns", "vattenytaid": null, "hojd_over_havet": null, "reglerat_vatten": null }, "geometry": { "type": "LineString", "coordinates": [ [ 14.664560039562902, 61.124635297016845 ], [ 14.664119853157382, 61.124592090035385 ], [ 14.663818701343148, 61.124702262798614 ], [ 14.663640980912145, 61.12470640884974 ], [ 14.663402404049469, 61.124571830319418 ], [ 14.663579917547926, 61.124449176975617 ] ] } },
{ "type": "Feature", "properties": { "objektidentitet": "a0806384-810e-4015-9d1a-fc1d5abe77ed", "skapad": "2026-03-17T21:00:01", "objekttypnr": 2621, "objekttyp": "Odlingsmarksgräns", "vattenytaid": null, "hojd_over_havet": null, "reglerat_vatten": null }, "geometry": { "type": "LineString", "coordinates": [ [ 14.660824541109974, 61.122797029400289 ], [ 14.660447146049011, 61.122858783839412 ], [ 14.660447896010481, 61.123043199114605 ], [ 14.660540600558141, 61.123057832248037 ] ] } },
{ "type": "Feature", "properties": { "objektidentitet": "4b06de89-d5fe-4553-ac55-dc3216f65fff", "skapad": "2026-03-17T21:00:01", "objekttypnr": 2621, "objekttyp": "Odlingsmarksgräns", "vattenytaid": null, "hojd_over_havet": null, "reglerat_vatten": null }, "geometry": { "type": "LineString", "coordinates": [ [ 14.667361688141469, 61.124409150851413 ], [ 14.667509173874272, 61.124252608142811 ], [ 14.667656184827917, 61.124151762323443 ] ] } },
{ "type": "Feature", "properties": { "objektidentitet": "fc4f217a-23bf-409d-a09b-0fa88944cf1c", "skapad": "2026-03-17T21:00:01", "objekttypnr": 2621, "objekttyp": "Odlingsmarksgräns", "vattenytaid": null, "hojd_over_havet": null, "reglerat_vatten": null }, "geometry": { "type": "LineString", "coordinates": [ [ 14.666225538132387, 61.12587091331072 ], [ 14.665390474033092, 61.125830362364461 ], [ 14.665244830018139, 61.125897093225056 ], [ 14.664870670922767, 61.125843431207684 ], [ 14.664632166732648, 61.125728732144559 ], [ 14.66371169760807, 61.125728736543266 ] ] } },
{ "type": "Feature", "properties": { "objektidentitet": "1a0bc4af-3ebe-4966-9811-fd5b9b0abfc9", "skapad": "2026-03-17T21:00:01", "objekttypnr": 2621, "objekttyp": "Odlingsmarksgräns", "vattenytaid": null, "hojd_over_havet": null, "reglerat_vatten": null }, "geometry": { "type": "LineString", "coordinates": [ [ 14.663426992893246, 61.124310591871009 ], [ 14.663579917547926, 61.124449176975617 ] ] } },
{ "type": "Feature", "properties": { "objektidentitet": "9f6e2d3e-aeaa-4c16-8856-0e7268907fc6", "skapad": "2026-03-17T21:00:01", "objekttypnr": 2622, "objekttyp": "Öppen markgräns", "vattenytaid": null, "hojd_over_havet": null, "reglerat_vatten": null }, "geometry": { "type": "LineString", "coordinates": [ [ 14.667361688141469, 61.124409150851413 ], [ 14.66732544446203, 61.124535550146312 ] ] } },
{ "type": "Feature", "properties": { "objektidentitet": "576c9fce-6f3c-41f0-b519-b6f21fdd31be", "skapad": "2026-03-17T21:00:01", "objekttypnr": 2621, "objekttyp": "Odlingsmarksgräns", "vattenytaid": null, "hojd_over_havet": null, "reglerat_vatten": null }, "geometry": { "type": "LineString", "coordinates": [ [ 14.659271462814512, 61.125090480090712 ], [ 14.658997315846154, 61.125171415794298 ] ] } },
{ "type": "Feature", "properties": { "objektidentitet": "0fe10f8a-9ef5-441f-9f89-3549a34a7511", "skapad": "2026-03-17T21:00:01", "objekttypnr": 2621, "objekttyp": "Odlingsmarksgräns", "vattenytaid": null, "hojd_over_havet": null, "reglerat_vatten": null }, "geometry": { "type": "LineString", "coordinates": [ [ 14.661634290780484, 61.122744247557328 ], [ 14.661393994042664, 61.122743107631926 ], [ 14.660824541109974, 61.122797029400289 ] ] } },
{ "type": "Feature", "properties": { "objektidentitet": "2ce2653a-c656-46f6-9714-e270c0479624", "skapad": "2026-03-17T21:00:01", "objekttypnr": 2621, "objekttyp": "Odlingsmarksgräns", "vattenytaid": null, "hojd_over_havet": null, "reglerat_vatten": null }, "geometry": { "type": "LineString", "coordinates": [ [ 14.662611785107991, 61.123795882734576 ], [ 14.662707568473737, 61.12385284341957 ] ] } },
{ "type": "Feature", "properties": { "objektidentitet": "d9cba0fd-2445-4116-b879-758aa8c6b5a4", "skapad": "2026-03-17T21:00:01", "objekttypnr": 2621, "objekttyp": "Odlingsmarksgräns", "vattenytaid": null, "hojd_over_havet": null, "reglerat_vatten": null }, "geometry": { "type": "LineString", "coordinates": [ [ 14.656833504131031, 61.127642548567785 ], [ 14.656509196506949, 61.127635459052094 ], [ 14.656214172270468, 61.127967643079359 ], [ 14.655976622912947, 61.128096077606529 ], [ 14.656305717488385, 61.128312318742267 ], [ 14.656503762078344, 61.128071093990322 ], [ 14.656492575502169, 61.127984896530727 ], [ 14.656833504131031, 61.127642548567785 ] ] } },
{ "type": "Feature", "properties": { "objektidentitet": "4f4444f8-78ea-4bc1-bd95-9c04a214c897", "skapad": "2026-03-17T21:00:01", "objekttypnr": 2622, "objekttyp": "Öppen markgräns", "vattenytaid": null, "hojd_over_havet": null, "reglerat_vatten": null }, "geometry": { "type": "LineString", "coordinates": [ [ 14.660166809847803, 61.128447959450149 ], [ 14.660133331149158, 61.1281980315336 ], [ 14.659900697739422, 61.128172659290449 ], [ 14.659258260176291, 61.128156031881346 ], [ 14.658358609310463, 61.128138411028559 ], [ 14.657854151838089, 61.12822727332356 ], [ 14.657150724321182, 61.128017656042132 ], [ 14.656978888841254, 61.127823048234795 ], [ 14.656833504131031, 61.127642548567785 ] ] } },
{ "type": "Feature", "properties": { "objektidentitet": "0ba2c049-da8e-4194-9fa0-afa8843fe9b3", "skapad": "2026-03-17T21:00:01", "objekttypnr": 2621, "objekttyp": "Odlingsmarksgräns", "vattenytaid": null, "hojd_over_havet": null, "reglerat_vatten": null }, "geometry": { "type": "LineString", "coordinates": [ [ 14.654121331049556, 61.127966501474177 ], [ 14.654873089714464, 61.128442333492607 ], [ 14.655862798619342, 61.128492778345688 ], [ 14.656176964980702, 61.128419141867582 ], [ 14.655462128535463, 61.127991164197546 ], [ 14.654489474767171, 61.127697865013289 ] ] } },
{ "type": "Feature", "properties": { "objektidentitet": "18e25d89-de57-437c-b69c-97eb4ecbf6ef", "skapad": "2026-03-17T21:00:01", "objekttypnr": 2621, "objekttyp": "Odlingsmarksgräns", "vattenytaid": null, "hojd_over_havet": null, "reglerat_vatten": null }, "geometry": { "type": "LineString", "coordinates": [ [ 14.662121338245216, 61.127926081479039 ], [ 14.661935839230079, 61.127897239094807 ], [ 14.660748889953929, 61.127717647225559 ], [ 14.660473956959432, 61.127721284782005 ], [ 14.660600261165635, 61.128476268393072 ], [ 14.660166809847803, 61.128447959450149 ] ] } },
{ "type": "Feature", "properties": { "objektidentitet": "df9e8fe4-9e28-4bdb-a79e-c2abf1892451", "skapad": "2026-03-17T21:00:01", "objekttypnr": 2622, "objekttyp": "Öppen markgräns", "vattenytaid": null, "hojd_over_havet": null, "reglerat_vatten": null }, "geometry": { "type": "LineString", "coordinates": [ [ 14.663423270238951, 61.128133652912275 ], [ 14.663381819905135, 61.127995488711207 ], [ 14.663257710212907, 61.127910851159363 ], [ 14.662649292456678, 61.12790053731856 ], [ 14.662121338245216, 61.127926081479039 ] ] } },
{ "type": "Feature", "properties": { "objektidentitet": "0020ea15-f925-4544-9d5f-aa3fd8d90743", "skapad": "2026-03-17T21:00:01", "objekttypnr": 2621, "objekttyp": "Odlingsmarksgräns", "vattenytaid": null, "hojd_over_havet": null, "reglerat_vatten": null }, "geometry": { "type": "LineString", "coordinates": [ [ 14.658362686125292, 61.131139319813862 ], [ 14.658707550353586, 61.131214795805931 ], [ 14.658873312645399, 61.131202232063522 ], [ 14.659831125593779, 61.130758760293745 ], [ 14.661051501150153, 61.130275396057385 ], [ 14.661141502872576, 61.130286107585242 ], [ 14.661090708615975, 61.130341517169462 ], [ 14.660194408364546, 61.130737228641387 ], [ 14.660463191576337, 61.130869670852597 ], [ 14.660620572375429, 61.130864589105833 ], [ 14.66163174477791, 61.130435010676514 ], [ 14.661621678566279, 61.130327727344877 ], [ 14.661400429994492, 61.129956919729516 ], [ 14.661088581368491, 61.129878032076128 ], [ 14.660791741726854, 61.129685943793639 ], [ 14.66085295224897, 61.129557642788861 ], [ 14.66115817137028, 61.129371103292442 ], [ 14.661259368876673, 61.12919939566553 ], [ 14.661232928790621, 61.129198018737156 ], [ 14.661150051554396, 61.129101353353249 ], [ 14.661293348104072, 61.129030643903455 ], [ 14.661322364292673, 61.129032404267271 ], [ 14.661362312620518, 61.128810644382256 ], [ 14.661777990848506, 61.128626561634398 ], [ 14.662088451957425, 61.128111238633892 ], [ 14.662121338245216, 61.127926081479039 ] ] } },
{ "type": "Feature", "properties": { "objektidentitet": "071a3d1a-3907-457d-8d62-5bea29a43266", "skapad": "2026-03-17T21:00:01", "objekttypnr": 2621, "objekttyp": "Odlingsmarksgräns", "vattenytaid": null, "hojd_over_havet": null, "reglerat_vatten": null }, "geometry": { "type": "LineString", "coordinates": [ [ 14.66433345707931, 61.127984305614291 ], [ 14.664113136541173, 61.12798978309722 ], [ 14.663678150769289, 61.128057247898646 ], [ 14.663483613611481, 61.128103044790755 ], [ 14.663423270238951, 61.128133652912275 ] ] } },
{ "type": "Feature", "properties": { "objektidentitet": "3e44856b-9db4-4931-bfbc-8e2603aa476a", "skapad": "2026-03-17T21:00:01", "objekttypnr": 2621, "objekttyp": "Odlingsmarksgräns", "vattenytaid": null, "hojd_over_havet": null, "reglerat_vatten": null }, "geometry": { "type": "LineString", "coordinates": [ [ 14.663423270238951, 61.128133652912275 ], [ 14.663353222942757, 61.12818994890543 ], [ 14.663250710903812, 61.128387107136895 ], [ 14.663953727827796, 61.128402241077985 ], [ 14.664124824691346, 61.128329748040876 ], [ 14.664395717988443, 61.128157857872267 ], [ 14.664439584491646, 61.128096621186266 ], [ 14.664432069449262, 61.128042053155127 ], [ 14.66433345707931, 61.127984305614291 ] ] } },
{ "type": "Feature", "properties": { "objektidentitet": "281c2312-18d5-4a40-afd9-f56a7ecd2a7b", "skapad": "2026-03-17T21:00:01", "objekttypnr": 2622, "objekttyp": "Öppen markgräns", "vattenytaid": null, "hojd_over_havet": null, "reglerat_vatten": null }, "geometry": { "type": "LineString", "coordinates": [ [ 14.654121331049556, 61.127966501474177 ], [ 14.652448487924879, 61.128236980468536 ], [ 14.652389752550574, 61.128284133829993 ], [ 14.653031312517877, 61.129110375651493 ], [ 14.654592731584989, 61.128870856670368 ], [ 14.654692637091655, 61.128924404084898 ] ] } },
{ "type": "Feature", "properties": { "objektidentitet": "eaa1661d-bf2d-423e-a889-eeddbce2c9c4", "skapad": "2026-03-17T21:00:01", "objekttypnr": 2621, "objekttyp": "Odlingsmarksgräns", "vattenytaid": null, "hojd_over_havet": null, "reglerat_vatten": null }, "geometry": { "type": "LineString", "coordinates": [ [ 14.660166809847803, 61.128447959450149 ], [ 14.660003584129219, 61.128459103962399 ], [ 14.660045705887491, 61.128955063601289 ], [ 14.660379280547003, 61.128975275413858 ], [ 14.660478755725327, 61.129066407685862 ], [ 14.660427891636951, 61.129124941062912 ], [ 14.66032795674667, 61.129150959248101 ], [ 14.660288918552727, 61.129148931033498 ], [ 14.6601312287452, 61.12949467469236 ], [ 14.659924825219665, 61.12961890270973 ], [ 14.659565240653119, 61.129706825020463 ], [ 14.658856726455188, 61.129685944694536 ], [ 14.658747762395583, 61.129638284839672 ], [ 14.658792353744651, 61.129099629568167 ], [ 14.658475866415646, 61.129094117443913 ], [ 14.657645663705194, 61.129156641511528 ], [ 14.655977076705389, 61.128838050678425 ], [ 14.655497829408683, 61.1288349637328 ], [ 14.654692637091655, 61.128924404084898 ] ] } },
{ "type": "Feature", "properties": { "objektidentitet": "63d50f1a-5b61-4586-b54f-57bd1265e925", "skapad": "2026-03-17T21:00:01", "objekttypnr": 2622, "objekttyp": "Öppen markgräns", "vattenytaid": null, "hojd_over_havet": null, "reglerat_vatten": null }, "geometry": { "type": "LineString", "coordinates": [ [ 14.652290841575454, 61.128750457116617 ], [ 14.65255935951042, 61.128799384672938 ], [ 14.652723576921735, 61.128899576894099 ], [ 14.652848620441279, 61.129094869258033 ], [ 14.652385638752751, 61.129173960045776 ], [ 14.651368543228871, 61.129228540676102 ], [ 14.651213137417676, 61.129127498814327 ], [ 14.651201354212525, 61.128955237972299 ], [ 14.651692002336171, 61.128747462437524 ], [ 14.652290841575454, 61.128750457116617 ] ] } },
{ "type": "Feature", "properties": { "objektidentitet": "51801988-81af-4321-b911-7318a8d0edcb", "skapad": "2026-03-17T21:00:01", "objekttypnr": 2621, "objekttyp": "Odlingsmarksgräns", "vattenytaid": null, "hojd_over_havet": null, "reglerat_vatten": null }, "geometry": { "type": "LineString", "coordinates": [ [ 14.654692637091655, 61.128924404084898 ], [ 14.654777429026961, 61.129304858086918 ], [ 14.654415609875931, 61.129511384813902 ], [ 14.655082031427332, 61.12979275350478 ], [ 14.655401173005773, 61.129723907816192 ], [ 14.655551020911068, 61.130159605958866 ], [ 14.655394049357385, 61.130389864232505 ], [ 14.655454515409909, 61.130490614839815 ], [ 14.656351184549576, 61.130662279848707 ], [ 14.656602541736525, 61.130657387738971 ], [ 14.656671177753315, 61.130602752250162 ], [ 14.657289894117532, 61.130793007656763 ], [ 14.658097221943512, 61.130988971110824 ], [ 14.658205313195777, 61.130908111528953 ], [ 14.657831595871532, 61.130604928902379 ], [ 14.657836596743135, 61.130485850671562 ], [ 14.658239329379439, 61.130323391641625 ], [ 14.659008097131615, 61.130220730821414 ], [ 14.658969969694189, 61.130294252657926 ], [ 14.658467165106021, 61.130557210480028 ], [ 14.658239082864045, 61.131054319785257 ], [ 14.658362686125292, 61.131139319813862 ] ] } },
{ "type": "Feature", "properties": { "objektidentitet": "0d2272ec-0dbd-405a-87a8-fb208169d759", "skapad": "2026-03-17T21:00:01", "objekttypnr": 2622, "objekttyp": "Öppen markgräns", "vattenytaid": null, "hojd_over_havet": null, "reglerat_vatten": null }, "geometry": { "type": "LineString", "coordinates": [ [ 14.654155259746139, 61.129675705077652 ], [ 14.653694062796264, 61.130162900643924 ], [ 14.653259651758731, 61.130047778908413 ], [ 14.653157267611395, 61.130091516507683 ], [ 14.653128224233599, 61.130244585830575 ], [ 14.652607382695358, 61.130184498581812 ], [ 14.652246929631325, 61.12987601947966 ], [ 14.653931569674604, 61.129545017431738 ], [ 14.654155259746139, 61.129675705077652 ] ] } },
{ "type": "Feature", "properties": { "objektidentitet": "e9b5bcb7-9a41-460e-bd3c-57820810571f", "skapad": "2026-03-17T21:00:01", "objekttypnr": 2621, "objekttyp": "Odlingsmarksgräns", "vattenytaid": null, "hojd_over_havet": null, "reglerat_vatten": null }, "geometry": { "type": "LineString", "coordinates": [ [ 14.664138732522488, 61.131096197662536 ], [ 14.664155593673751, 61.130990956790093 ], [ 14.663994724730358, 61.130513359495218 ], [ 14.66366276806445, 61.130321729274989 ], [ 14.662654368601341, 61.130849376647696 ], [ 14.662111475573475, 61.130980956497581 ], [ 14.661698744631005, 61.131169725031818 ], [ 14.662561093462108, 61.131514417936764 ], [ 14.662846231984847, 61.131401155364159 ], [ 14.663053855674574, 61.131308806131756 ], [ 14.663275484916147, 61.131229643902685 ], [ 14.663668172462032, 61.131392131406024 ], [ 14.664138732522488, 61.131096197662536 ] ] } },
{ "type": "Feature", "properties": { "objektidentitet": "07a66f88-4c2b-456f-9516-f809efe4e6a4", "skapad": "2026-03-17T21:00:01", "objekttypnr": 2621, "objekttyp": "Odlingsmarksgräns", "vattenytaid": null, "hojd_over_havet": null, "reglerat_vatten": null }, "geometry": { "type": "LineString", "coordinates": [ [ 14.666710880393124, 61.132511724449643 ], [ 14.666750347902699, 61.132452289695735 ], [ 14.666293684894095, 61.132107080691142 ], [ 14.66623377262618, 61.132112202936611 ], [ 14.66616900755804, 61.132065196780474 ], [ 14.666186490920058, 61.131974285877348 ], [ 14.666216187064208, 61.131961152705081 ], [ 14.665870602087562, 61.131853023801199 ], [ 14.665317729468022, 61.131779817033724 ], [ 14.665292330311825, 61.131742999093845 ], [ 14.666597469236391, 61.131620828273427 ], [ 14.66684376792721, 61.131532689216151 ], [ 14.666904275273945, 61.13142155831693 ], [ 14.666463816244462, 61.130984627408097 ], [ 14.666104761046784, 61.131094752357171 ], [ 14.665978711199745, 61.131234279533949 ], [ 14.665197689702424, 61.13142802067032 ], [ 14.664878367649838, 61.131589701735102 ], [ 14.664288468201439, 61.131944595591428 ], [ 14.664340909710496, 61.132060898610973 ], [ 14.664923687645723, 61.132225999687819 ], [ 14.664961658295768, 61.132215284342053 ], [ 14.665031680592561, 61.132233844310122 ], [ 14.66512120338648, 61.132309721946875 ], [ 14.665099690532648, 61.132347770423898 ], [ 14.664447073791406, 61.132767958020601 ], [ 14.665207827987295, 61.133027945561885 ], [ 14.665790197777833, 61.133154733535058 ], [ 14.666182091045041, 61.133165477701752 ], [ 14.666307811939815, 61.133108841685456 ] ] } },
{ "type": "Feature", "properties": { "objektidentitet": "d5b7b62b-f5dd-477c-a953-0d31e605751c", "skapad": "2026-03-17T21:00:01", "objekttypnr": 2622, "objekttyp": "Öppen markgräns", "vattenytaid": null, "hojd_over_havet": null, "reglerat_vatten": null }, "geometry": { "type": "LineString", "coordinates": [ [ 14.658362686125292, 61.131139319813862 ], [ 14.658193027640305, 61.131385377132219 ], [ 14.657682062001973, 61.131696854585073 ], [ 14.658013727800151, 61.131705530818166 ], [ 14.658487412337943, 61.131823798065746 ], [ 14.659261736234599, 61.132094635979591 ] ] } },
{ "type": "Feature", "properties": { "objektidentitet": "fbdbafd8-16e7-4c69-97d6-919b05ec9325", "skapad": "2026-03-17T21:00:01", "objekttypnr": 2621, "objekttyp": "Odlingsmarksgräns", "vattenytaid": null, "hojd_over_havet": null, "reglerat_vatten": null }, "geometry": { "type": "LineString", "coordinates": [ [ 14.660250391297517, 61.132904532750118 ], [ 14.661173020559692, 61.132772636967331 ], [ 14.661563785926374, 61.132667793593583 ], [ 14.660825597363447, 61.131854817714149 ], [ 14.660727477961084, 61.131833716266698 ], [ 14.66039972145035, 61.13198127014055 ], [ 14.660256936380401, 61.132065123621381 ], [ 14.660151313030328, 61.132084043888838 ], [ 14.660007217973231, 61.132054755494771 ], [ 14.65997222817067, 61.1320350239397 ], [ 14.659984328317758, 61.132023392340614 ], [ 14.659649069909673, 61.13183919546919 ], [ 14.659261736234599, 61.132094635979591 ] ] } },
{ "type": "Feature", "properties": { "objektidentitet": "14cc4d5a-5156-4e88-8001-5f9b1d50757b", "skapad": "2026-03-17T21:00:01", "objekttypnr": 2621, "objekttyp": "Odlingsmarksgräns", "vattenytaid": null, "hojd_over_havet": null, "reglerat_vatten": null }, "geometry": { "type": "LineString", "coordinates": [ [ 14.659261736234599, 61.132094635979591 ], [ 14.659044966887617, 61.132308794412921 ], [ 14.659330488922555, 61.132435921115274 ], [ 14.659174212362476, 61.132518733975672 ], [ 14.659245029998306, 61.132564887750469 ], [ 14.659291854105685, 61.132644288683835 ], [ 14.658989716473219, 61.132820040425429 ], [ 14.658891221298916, 61.132818122234198 ], [ 14.659117435740866, 61.132958099695443 ], [ 14.660250391297517, 61.132904532750118 ] ] } },
{ "type": "Feature", "properties": { "objektidentitet": "d9b29031-5516-4dd5-8cee-20db23a118b0", "skapad": "2026-03-17T21:00:01", "objekttypnr": 2621, "objekttyp": "Odlingsmarksgräns", "vattenytaid": null, "hojd_over_havet": null, "reglerat_vatten": null }, "geometry": { "type": "LineString", "coordinates": [ [ 14.663477352972068, 61.132863318138291 ], [ 14.662564312422193, 61.132406748746185 ] ] } },
{ "type": "Feature", "properties": { "objektidentitet": "9981606e-07cf-4f0c-9184-c1e53682f24a", "skapad": "2026-03-17T21:00:01", "objekttypnr": 2621, "objekttyp": "Odlingsmarksgräns", "vattenytaid": null, "hojd_over_havet": null, "reglerat_vatten": null }, "geometry": { "type": "LineString", "coordinates": [ [ 14.662564312422193, 61.132406748746185 ], [ 14.662247884970702, 61.132569867321379 ], [ 14.662045657089667, 61.132853096898074 ], [ 14.662100195371188, 61.133123564210663 ], [ 14.662261134019186, 61.133154930549324 ] ] } },
{ "type": "Feature", "properties": { "objektidentitet": "36a05131-078f-40d3-9df1-92cff68147a6", "skapad": "2026-03-17T21:00:01", "objekttypnr": 2621, "objekttyp": "Odlingsmarksgräns", "vattenytaid": null, "hojd_over_havet": null, "reglerat_vatten": null }, "geometry": { "type": "LineString", "coordinates": [ [ 14.665159877877223, 61.133581470488359 ], [ 14.665371844899441, 61.133289857142714 ], [ 14.665076075963174, 61.133082393235128 ], [ 14.664206491270102, 61.132833805951549 ], [ 14.664023845110645, 61.132825425174225 ], [ 14.663842501525313, 61.132939064849332 ] ] } },
{ "type": "Feature", "properties": { "objektidentitet": "03b3e9a4-fdc9-4311-ae72-eb1e3136481e", "skapad": "2026-03-17T21:00:01", "objekttypnr": 2622, "objekttyp": "Öppen markgräns", "vattenytaid": null, "hojd_over_havet": null, "reglerat_vatten": null }, "geometry": { "type": "LineString", "coordinates": [ [ 14.663842501525313, 61.132939064849332 ], [ 14.663477352972068, 61.132863318138291 ] ] } },
{ "type": "Feature", "properties": { "objektidentitet": "f2a79f15-36e1-4a6a-bca8-c2ce853a48bc", "skapad": "2026-03-17T21:00:01", "objekttypnr": 2621, "objekttyp": "Odlingsmarksgräns", "vattenytaid": null, "hojd_over_havet": null, "reglerat_vatten": null }, "geometry": { "type": "LineString", "coordinates": [ [ 14.662261134019186, 61.133154930549324 ], [ 14.663477352972068, 61.132863318138291 ] ] } },
{ "type": "Feature", "properties": { "objektidentitet": "91c6dfc8-70c8-4df3-998b-691ff381044d", "skapad": "2026-03-17T21:00:01", "objekttypnr": 2622, "objekttyp": "Öppen markgräns", "vattenytaid": null, "hojd_over_havet": null, "reglerat_vatten": null }, "geometry": { "type": "LineString", "coordinates": [ [ 14.660250391297517, 61.132904532750118 ], [ 14.6605581466229, 61.13310965808887 ], [ 14.660849874465017, 61.13343501831789 ], [ 14.661152578888547, 61.133719035884482 ], [ 14.661570895265537, 61.133955750365601 ], [ 14.662305977566101, 61.134025961929837 ], [ 14.66307775171869, 61.133979459467113 ], [ 14.663875344144104, 61.134012246025648 ], [ 14.664197773651768, 61.134176326131609 ], [ 14.66421936794009, 61.1342287832449 ], [ 14.663919600461462, 61.134535627607136 ], [ 14.663820065319049, 61.135032876649134 ], [ 14.664155770847021, 61.135336082803015 ], [ 14.664962589652555, 61.135211109750401 ], [ 14.665765552408352, 61.135167551148562 ], [ 14.66605838949407, 61.135092178437347 ], [ 14.666176017386235, 61.134895262142415 ], [ 14.665805681931962, 61.134574908657981 ], [ 14.665074710481996, 61.134356547549316 ], [ 14.66500992967366, 61.134279187015181 ], [ 14.665840365226181, 61.133530964868619 ], [ 14.666072906018185, 61.133560483413355 ], [ 14.666404313379116, 61.133653862089226 ], [ 14.666791061912457, 61.133786977454477 ], [ 14.666908917564296, 61.133976627391327 ], [ 14.667210401184009, 61.134179387990955 ] ] } },
{ "type": "Feature", "properties": { "objektidentitet": "dab242f7-776d-4f4d-a110-c5bab4ba2bf5", "skapad": "2026-03-17T21:00:01", "objekttypnr": 2621, "objekttyp": "Odlingsmarksgräns", "vattenytaid": null, "hojd_over_havet": null, "reglerat_vatten": null }, "geometry": { "type": "LineString", "coordinates": [ [ 14.663842501525313, 61.132939064849332 ], [ 14.663429083325711, 61.133273017017693 ], [ 14.663465244315564, 61.133345306447659 ], [ 14.663844172508204, 61.133410843808583 ], [ 14.664397783344905, 61.133395842505159 ], [ 14.665159877877223, 61.133581470488359 ] ] } },
{ "type": "Feature", "properties": { "objektidentitet": "ce40560f-8207-45f9-9825-d99705b3fac0", "skapad": "2026-03-17T21:00:01", "objekttypnr": 2622, "objekttyp": "Öppen markgräns", "vattenytaid": null, "hojd_over_havet": null, "reglerat_vatten": null }, "geometry": { "type": "LineString", "coordinates": [ [ 14.662261134019186, 61.133154930549324 ], [ 14.662651895831655, 61.133336072034488 ], [ 14.663140406404155, 61.133563745415017 ], [ 14.664760465524006, 61.133794485579038 ], [ 14.664941174274347, 61.133747943253177 ], [ 14.665159877877223, 61.133581470488359 ] ] } },
{ "type": "Feature", "properties": { "objektidentitet": "47736b8f-ad66-4e28-8add-0a4458ba02a8", "skapad": "2026-03-17T21:00:01", "objekttypnr": 2622, "objekttyp": "Öppen markgräns", "vattenytaid": null, "hojd_over_havet": null, "reglerat_vatten": null }, "geometry": { "type": "LineString", "coordinates": [ [ 14.66411536078378, 61.135448501542868 ], [ 14.664108587877383, 61.135701649695889 ], [ 14.663782613631565, 61.135768299437885 ], [ 14.66281650769649, 61.135747392159239 ], [ 14.662682860932206, 61.135506166506637 ], [ 14.663881069406234, 61.135392131482689 ], [ 14.66411536078378, 61.135448501542868 ] ] } },
{ "type": "Feature", "properties": { "objektidentitet": "60f1dc23-6860-45c4-8874-5aa711db10e4", "skapad": "2026-03-17T21:00:01", "objekttypnr": 2621, "objekttyp": "Odlingsmarksgräns", "vattenytaid": null, "hojd_over_havet": null, "reglerat_vatten": null }, "geometry": { "type": "LineString", "coordinates": [ [ 14.667514036894167, 61.132610777418073 ], [ 14.667025458844915, 61.133023004237401 ] ] } },
{ "type": "Feature", "properties": { "objektidentitet": "e19db7c6-924f-4c3f-8832-b00c09bf07cb", "skapad": "2026-03-17T21:00:01", "objekttypnr": 2622, "objekttyp": "Öppen markgräns", "vattenytaid": null, "hojd_over_havet": null, "reglerat_vatten": null }, "geometry": { "type": "LineString", "coordinates": [ [ 14.667514036894167, 61.132610777418073 ], [ 14.666710880393124, 61.132511724449643 ] ] } },
{ "type": "Feature", "properties": { "objektidentitet": "676f54e6-cabd-4f25-a725-44c8ec84f829", "skapad": "2026-03-17T21:00:01", "objekttypnr": 2622, "objekttyp": "Öppen markgräns", "vattenytaid": null, "hojd_over_havet": null, "reglerat_vatten": null }, "geometry": { "type": "LineString", "coordinates": [ [ 14.666307811939815, 61.133108841685456 ], [ 14.667025458844915, 61.133023004237401 ] ] } },
{ "type": "Feature", "properties": { "objektidentitet": "3e150ec5-f09f-4fd7-b553-a7758c2889a6", "skapad": "2026-03-17T21:00:01", "objekttypnr": 2621, "objekttyp": "Odlingsmarksgräns", "vattenytaid": null, "hojd_over_havet": null, "reglerat_vatten": null }, "geometry": { "type": "LineString", "coordinates": [ [ 14.638184485890362, 61.129056079132503 ], [ 14.638256337972564, 61.128935339895946 ], [ 14.638258388432162, 61.128777102364282 ], [ 14.638217717934083, 61.128731242518668 ], [ 14.638112512341383, 61.128737793153519 ], [ 14.63706796135653, 61.128223160092858 ] ] } },
{ "type": "Feature", "properties": { "objektidentitet": "080052e7-e27e-4288-b862-cec46cd6992b", "skapad": "2026-03-17T21:00:01", "objekttypnr": 2622, "objekttyp": "Öppen markgräns", "vattenytaid": null, "hojd_over_havet": null, "reglerat_vatten": null }, "geometry": { "type": "LineString", "coordinates": [ [ 14.628967862233663, 61.128203827598988 ], [ 14.628760113179641, 61.128489973879134 ] ] } },
{ "type": "Feature", "properties": { "objektidentitet": "7a2cd39a-c26f-4350-a4d7-58e9ec30fdb6", "skapad": "2026-03-17T21:00:01", "objekttypnr": 2621, "objekttyp": "Odlingsmarksgräns", "vattenytaid": null, "hojd_over_havet": null, "reglerat_vatten": null }, "geometry": { "type": "LineString", "coordinates": [ [ 14.628967862233663, 61.128203827598988 ], [ 14.630242827881128, 61.128825424051499 ], [ 14.630083253407822, 61.128905851081484 ], [ 14.629767813368268, 61.129001787355584 ] ] } },
{ "type": "Feature", "properties": { "objektidentitet": "4019662a-14ef-45cc-99a2-e9141b7465cf", "skapad": "2026-03-17T21:00:01", "objekttypnr": 2619, "objekttyp": "Bebyggelseområdesgräns", "vattenytaid": null, "hojd_over_havet": null, "reglerat_vatten": null }, "geometry": { "type": "LineString", "coordinates": [ [ 14.628760113179641, 61.128489973879134 ], [ 14.628715205469902, 61.128502679841219 ] ] } },
{ "type": "Feature", "properties": { "objektidentitet": "f29f40ee-ee84-4c1b-b57b-87cf625688f1", "skapad": "2026-03-17T21:00:01", "objekttypnr": 2619, "objekttyp": "Bebyggelseområdesgräns", "vattenytaid": null, "hojd_over_havet": null, "reglerat_vatten": null }, "geometry": { "type": "LineString", "coordinates": [ [ 14.629767813368268, 61.129001787355584 ], [ 14.629643498421318, 61.129048275518386 ], [ 14.629599752813503, 61.129042544613434 ], [ 14.628760113179641, 61.128489973879134 ] ] } },
{ "type": "Feature", "properties": { "objektidentitet": "16ec5084-bd3d-4765-a620-3e9050669870", "skapad": "2026-03-17T21:00:01", "objekttypnr": 2619, "objekttyp": "Bebyggelseområdesgräns", "vattenytaid": null, "hojd_over_havet": null, "reglerat_vatten": null }, "geometry": { "type": "LineString", "coordinates": [ [ 14.638184485890362, 61.129056079132503 ], [ 14.637854104688939, 61.129294849362772 ], [ 14.637084441319434, 61.128960041772729 ], [ 14.635451672198128, 61.129276654463084 ], [ 14.635122947618303, 61.129313430377337 ], [ 14.634295587297171, 61.129074056059942 ], [ 14.634111852622405, 61.129000174391855 ], [ 14.633688944190528, 61.128737658321867 ], [ 14.633493677637118, 61.128565015547494 ], [ 14.633191276986008, 61.128624697461312 ], [ 14.633935188213927, 61.129651909036845 ], [ 14.632824863602249, 61.129941891888571 ], [ 14.63261179832856, 61.129993986186463 ], [ 14.632086170559404, 61.130133599771668 ], [ 14.632034855448051, 61.130108106777513 ], [ 14.631667891979966, 61.13023901041678 ] ] } },
{ "type": "Feature", "properties": { "objektidentitet": "5d3b2ebf-9f28-4f58-a318-f0b422457d90", "skapad": "2026-03-17T21:00:01", "objekttypnr": 2619, "objekttyp": "Bebyggelseområdesgräns", "vattenytaid": null, "hojd_over_havet": null, "reglerat_vatten": null }, "geometry": { "type": "LineString", "coordinates": [ [ 14.63816480720142, 61.129984666283299 ], [ 14.638222460029336, 61.129668998332512 ], [ 14.63839454963364, 61.129616130068733 ], [ 14.638864712469513, 61.129588154231456 ], [ 14.638861850427707, 61.129463175100113 ], [ 14.639019007066585, 61.129361893638816 ], [ 14.638184485890362, 61.129056079132503 ] ] } },
{ "type": "Feature", "properties": { "objektidentitet": "879966e9-66ad-4058-80a3-5d44184409de", "skapad": "2026-03-17T21:00:01", "objekttypnr": 2621, "objekttyp": "Odlingsmarksgräns", "vattenytaid": null, "hojd_over_havet": null, "reglerat_vatten": null }, "geometry": { "type": "LineString", "coordinates": [ [ 14.630758306083781, 61.129691154906297 ], [ 14.631667891979966, 61.13023901041678 ] ] } },
{ "type": "Feature", "properties": { "objektidentitet": "9cf0814c-7578-49e5-b8e4-2ed4fa816400", "skapad": "2026-03-17T21:00:01", "objekttypnr": 2619, "objekttyp": "Bebyggelseområdesgräns", "vattenytaid": null, "hojd_over_havet": null, "reglerat_vatten": null }, "geometry": { "type": "LineString", "coordinates": [ [ 14.631667891979966, 61.13023901041678 ], [ 14.632247929954577, 61.130475439325856 ], [ 14.632848201656703, 61.130605686173197 ], [ 14.63276601563272, 61.130736503604865 ], [ 14.632199439642767, 61.130912779478884 ], [ 14.632124991125581, 61.130899972000783 ], [ 14.631562503227634, 61.130597100518031 ], [ 14.631191336929012, 61.13036004418904 ], [ 14.630477961830918, 61.12979867091309 ], [ 14.630758306083781, 61.129691154906297 ] ] } },
{ "type": "Feature", "properties": { "objektidentitet": "ecc17454-53f4-43c5-a7ba-7acd91874b2f", "skapad": "2026-03-17T21:00:01", "objekttypnr": 2619, "objekttyp": "Bebyggelseområdesgräns", "vattenytaid": null, "hojd_over_havet": null, "reglerat_vatten": null }, "geometry": { "type": "LineString", "coordinates": [ [ 14.628698628653968, 61.129915287579266 ], [ 14.629023592517981, 61.129798237280042 ], [ 14.629507766100808, 61.130139545456572 ], [ 14.628692394405592, 61.130446506775101 ] ] } },
{ "type": "Feature", "properties": { "objektidentitet": "d356d9f8-67a7-4c81-a54f-0782c3382492", "skapad": "2026-03-17T21:00:01", "objekttypnr": 2621, "objekttyp": "Odlingsmarksgräns", "vattenytaid": null, "hojd_over_havet": null, "reglerat_vatten": null }, "geometry": { "type": "LineString", "coordinates": [ [ 14.638969693981638, 61.130125371428385 ], [ 14.63816480720142, 61.129984666283299 ] ] } },
{ "type": "Feature", "properties": { "objektidentitet": "27ce1ce0-680a-4fbf-af9b-a0ea0fe563d3", "skapad": "2026-03-17T21:00:01", "objekttypnr": 2619, "objekttyp": "Bebyggelseområdesgräns", "vattenytaid": null, "hojd_over_havet": null, "reglerat_vatten": null }, "geometry": { "type": "LineString", "coordinates": [ [ 14.637199379983239, 61.13100283291336 ], [ 14.636611955078033, 61.130844575452151 ], [ 14.636546915419419, 61.130789959243629 ], [ 14.636541523105391, 61.130658168117193 ], [ 14.636767504538035, 61.130527142197487 ], [ 14.637203423545989, 61.130483431712939 ], [ 14.637215913998888, 61.130381791193088 ], [ 14.638179963080049, 61.13016426337596 ], [ 14.638205709570583, 61.130106155803546 ], [ 14.63816480720142, 61.129984666283299 ] ] } },
{ "type": "Feature", "properties": { "objektidentitet": "7d7c3d5b-02a1-40a3-9461-40c81b3a080e", "skapad": "2026-03-17T21:00:01", "objekttypnr": 2622, "objekttyp": "Öppen markgräns", "vattenytaid": null, "hojd_over_havet": null, "reglerat_vatten": null }, "geometry": { "type": "LineString", "coordinates": [ [ 14.640328076770786, 61.131623303405291 ], [ 14.640705598740997, 61.131643204875289 ], [ 14.641456669931449, 61.131614268617369 ], [ 14.641827776315839, 61.131585903190796 ], [ 14.64298119748376, 61.131433096503493 ], [ 14.642990669225357, 61.131296272425637 ], [ 14.64282485923402, 61.131100306850307 ], [ 14.642693177456598, 61.131068536773803 ], [ 14.642520505923347, 61.13110384839019 ], [ 14.642100834131032, 61.131322857249813 ], [ 14.641431776901063, 61.131140469794772 ], [ 14.641030248639716, 61.130947683512773 ], [ 14.641043785926774, 61.130852509765752 ], [ 14.641938461378201, 61.13054806311515 ], [ 14.641779137264596, 61.130396724145477 ], [ 14.640492444451491, 61.130397836087248 ], [ 14.640148161264042, 61.130403169521571 ], [ 14.639784573176941, 61.130000534094329 ], [ 14.638969693981638, 61.130125371428385 ] ] } },
{ "type": "Feature", "properties": { "objektidentitet": "fb041e8b-9e39-45e8-afaa-2e5e12510d8e", "skapad": "2026-03-17T21:00:01", "objekttypnr": 2621, "objekttyp": "Odlingsmarksgräns", "vattenytaid": null, "hojd_over_havet": null, "reglerat_vatten": null }, "geometry": { "type": "LineString", "coordinates": [ [ 14.637199379983239, 61.13100283291336 ], [ 14.63763634172629, 61.131098800979991 ], [ 14.63874841889438, 61.131019214613957 ], [ 14.638703100082271, 61.130425775907781 ], [ 14.638970640571316, 61.130382453854601 ], [ 14.638969693981638, 61.130125371428385 ] ] } },
{ "type": "Feature", "properties": { "objektidentitet": "cd8727be-51c5-4bde-bc6e-52cb120166e0", "skapad": "2026-03-17T21:00:01", "objekttypnr": 2619, "objekttyp": "Bebyggelseområdesgräns", "vattenytaid": null, "hojd_over_havet": null, "reglerat_vatten": null }, "geometry": { "type": "LineString", "coordinates": [ [ 14.634171753997439, 61.131494305636181 ], [ 14.635131403354553, 61.130933807578963 ], [ 14.636248337417337, 61.131454018838767 ] ] } },
{ "type": "Feature", "properties": { "objektidentitet": "a23cc212-69e8-4fd7-839b-affaa2c8d8c2", "skapad": "2026-03-17T21:00:01", "objekttypnr": 2619, "objekttyp": "Bebyggelseområdesgräns", "vattenytaid": null, "hojd_over_havet": null, "reglerat_vatten": null }, "geometry": { "type": "LineString", "coordinates": [ [ 14.628683829031305, 61.131176327209161 ], [ 14.629412321764873, 61.130968503621141 ], [ 14.631113539337928, 61.131519947381015 ], [ 14.631280612194518, 61.131585608773783 ], [ 14.630120697762729, 61.131750076819884 ], [ 14.629181483503823, 61.131875341420191 ], [ 14.628777898879218, 61.131929816274969 ], [ 14.629108756300548, 61.132143219958259 ] ] } },
{ "type": "Feature", "properties": { "objektidentitet": "82f46600-4237-4a93-8c4f-97eda017c0cb", "skapad": "2026-03-17T21:00:01", "objekttypnr": 2619, "objekttyp": "Bebyggelseområdesgräns", "vattenytaid": null, "hojd_over_havet": null, "reglerat_vatten": null }, "geometry": { "type": "LineString", "coordinates": [ [ 14.636248337417337, 61.131454018838767 ], [ 14.636641349969137, 61.131270876815492 ], [ 14.637199379983239, 61.13100283291336 ] ] } },
{ "type": "Feature", "properties": { "objektidentitet": "7ed31e08-359a-4c39-a4d3-1274fef43f7b", "skapad": "2026-03-17T21:00:01", "objekttypnr": 2621, "objekttyp": "Odlingsmarksgräns", "vattenytaid": null, "hojd_over_havet": null, "reglerat_vatten": null }, "geometry": { "type": "LineString", "coordinates": [ [ 14.640328076770786, 61.131623303405291 ], [ 14.64010722879221, 61.131600729399281 ], [ 14.63939488089591, 61.13145580697082 ], [ 14.639388289116894, 61.131389102306422 ], [ 14.639731600972979, 61.131331427597914 ], [ 14.639678357516452, 61.131238185805373 ], [ 14.638745991547431, 61.131358623829392 ], [ 14.638589506108005, 61.131419695038808 ], [ 14.638660847394306, 61.131724386432722 ], [ 14.639112749175052, 61.13199466701932 ], [ 14.638983594714142, 61.132639504975948 ], [ 14.639278943403649, 61.132834330197589 ] ] } },
{ "type": "Feature", "properties": { "objektidentitet": "2b1408de-3553-490c-8781-bd9661b78ef9", "skapad": "2026-03-17T21:00:01", "objekttypnr": 2622, "objekttyp": "Öppen markgräns", "vattenytaid": null, "hojd_over_havet": null, "reglerat_vatten": null }, "geometry": { "type": "LineString", "coordinates": [ [ 14.636248337417337, 61.131454018838767 ], [ 14.636235355755925, 61.131777293383692 ] ] } },
{ "type": "Feature", "properties": { "objektidentitet": "4ec80d13-d562-413c-a11d-d3376ea18458", "skapad": "2026-03-17T21:00:01", "objekttypnr": 2619, "objekttyp": "Bebyggelseområdesgräns", "vattenytaid": null, "hojd_over_havet": null, "reglerat_vatten": null }, "geometry": { "type": "LineString", "coordinates": [ [ 14.633762144883482, 61.131739971061762 ], [ 14.634171753997439, 61.131494305636181 ] ] } },
{ "type": "Feature", "properties": { "objektidentitet": "6b42c923-6a13-4778-9753-37f61b2be411", "skapad": "2026-03-17T21:00:01", "objekttypnr": 2620, "objekttyp": "Industri- och handelsbebyggelsegräns", "vattenytaid": null, "hojd_over_havet": null, "reglerat_vatten": null }, "geometry": { "type": "LineString", "coordinates": [ [ 14.636235355755925, 61.131777293383692 ], [ 14.635944112135345, 61.131778395582565 ], [ 14.635518538210585, 61.1319264253627 ], [ 14.635300647702527, 61.131942141766565 ], [ 14.635160270159625, 61.131735820972466 ], [ 14.634454738264838, 61.131598818262546 ], [ 14.634250140586326, 61.131503926359365 ], [ 14.634171753997439, 61.131494305636181 ] ] } },
{ "type": "Feature", "properties": { "objektidentitet": "1c4911e3-39da-46dc-acca-853bf1b08701", "skapad": "2026-03-17T21:00:01", "objekttypnr": 2621, "objekttyp": "Odlingsmarksgräns", "vattenytaid": null, "hojd_over_havet": null, "reglerat_vatten": null }, "geometry": { "type": "LineString", "coordinates": [ [ 14.642536292752036, 61.132986413958811 ], [ 14.642734782811532, 61.132987261233517 ], [ 14.642766539837016, 61.132920828432091 ], [ 14.642016696067678, 61.131983824483541 ], [ 14.641422595930285, 61.131934139056781 ], [ 14.641427825684501, 61.131798686627874 ], [ 14.641392735734287, 61.131759342498242 ], [ 14.640885246935712, 61.131760833550203 ], [ 14.640328076770786, 61.131623303405291 ] ] } },
{ "type": "Feature", "properties": { "objektidentitet": "72844503-198a-48fa-ad05-be5d8c077c0d", "skapad": "2026-03-17T21:00:01", "objekttypnr": 2619, "objekttyp": "Bebyggelseområdesgräns", "vattenytaid": null, "hojd_over_havet": null, "reglerat_vatten": null }, "geometry": { "type": "LineString", "coordinates": [ [ 14.632718061182024, 61.132426853577584 ], [ 14.632766466826224, 61.132394673773909 ], [ 14.632724483435632, 61.132308669062809 ], [ 14.633762144883482, 61.131739971061762 ] ] } },
{ "type": "Feature", "properties": { "objektidentitet": "f0026e7a-af80-4a3e-89fd-291928e3acb8", "skapad": "2026-03-17T21:00:01", "objekttypnr": 2620, "objekttyp": "Industri- och handelsbebyggelsegräns", "vattenytaid": null, "hojd_over_havet": null, "reglerat_vatten": null }, "geometry": { "type": "LineString", "coordinates": [ [ 14.633762144883482, 61.131739971061762 ], [ 14.634939100878375, 61.132542609361622 ], [ 14.636017626640546, 61.132334221869471 ], [ 14.63615046060178, 61.132494923261341 ], [ 14.636132784254491, 61.132527294586986 ], [ 14.635930219722781, 61.132620990003716 ], [ 14.635240387497515, 61.132766080948954 ] ] } },
{ "type": "Feature", "properties": { "objektidentitet": "65ec41b6-6e9f-40e6-9142-8b58a8ac4eee", "skapad": "2026-03-17T21:00:01", "objekttypnr": 2620, "objekttyp": "Industri- och handelsbebyggelsegräns", "vattenytaid": null, "hojd_over_havet": null, "reglerat_vatten": null }, "geometry": { "type": "LineString", "coordinates": [ [ 14.639278943403649, 61.132834330197589 ], [ 14.639258014365074, 61.132964955598361 ], [ 14.638691065911672, 61.132854900977364 ], [ 14.638001806781958, 61.132823988674573 ], [ 14.636912472448634, 61.132231531804081 ], [ 14.636539600434807, 61.132002027079899 ], [ 14.636449745005365, 61.131778543060705 ], [ 14.636235355755925, 61.131777293383692 ] ] } },
{ "type": "Feature", "properties": { "objektidentitet": "1e979bad-c7de-4321-b2d5-9f2187e1baf8", "skapad": "2026-03-17T21:00:01", "objekttypnr": 2619, "objekttyp": "Bebyggelseområdesgräns", "vattenytaid": null, "hojd_over_havet": null, "reglerat_vatten": null }, "geometry": { "type": "LineString", "coordinates": [ [ 14.629108756300548, 61.132143219958259 ], [ 14.63032069665009, 61.132002460480116 ], [ 14.630453492045282, 61.132078039694477 ], [ 14.63124930204369, 61.131966946670246 ], [ 14.631426255980735, 61.132183884151154 ], [ 14.631619669781667, 61.132291776875697 ], [ 14.63184071795064, 61.132499694364114 ], [ 14.632343334598712, 61.132477575080202 ], [ 14.632718061182024, 61.132426853577584 ] ] } },
{ "type": "Feature", "properties": { "objektidentitet": "ec709032-b04a-43f1-a55d-fa3b7bd322be", "skapad": "2026-03-17T21:00:01", "objekttypnr": 2621, "objekttyp": "Odlingsmarksgräns", "vattenytaid": null, "hojd_over_havet": null, "reglerat_vatten": null }, "geometry": { "type": "LineString", "coordinates": [ [ 14.629108756300548, 61.132143219958259 ], [ 14.629300140091296, 61.132539352537783 ], [ 14.628979644143966, 61.132898440150576 ], [ 14.628661140927841, 61.133109299656574 ] ] } },
{ "type": "Feature", "properties": { "objektidentitet": "530d8a02-a265-439d-bbbc-26cdab9b0f0b", "skapad": "2026-03-17T21:00:01", "objekttypnr": 2621, "objekttyp": "Odlingsmarksgräns", "vattenytaid": null, "hojd_over_havet": null, "reglerat_vatten": null }, "geometry": { "type": "LineString", "coordinates": [ [ 14.632951791210006, 61.132672205424768 ], [ 14.632718061182024, 61.132426853577584 ] ] } },
{ "type": "Feature", "properties": { "objektidentitet": "eb41e013-9a0e-4eef-b0ab-b0214803d99e", "skapad": "2026-03-17T21:00:01", "objekttypnr": 2620, "objekttyp": "Industri- och handelsbebyggelsegräns", "vattenytaid": null, "hojd_over_havet": null, "reglerat_vatten": null }, "geometry": { "type": "LineString", "coordinates": [ [ 14.642536292752036, 61.132986413958811 ], [ 14.641396344575847, 61.13294624726273 ], [ 14.639278943403649, 61.132834330197589 ] ] } },
{ "type": "Feature", "properties": { "objektidentitet": "104b2436-0c1b-46a4-b8b9-71a88ea8ceb7", "skapad": "2026-03-17T21:00:01", "objekttypnr": 2619, "objekttyp": "Bebyggelseområdesgräns", "vattenytaid": null, "hojd_over_havet": null, "reglerat_vatten": null }, "geometry": { "type": "LineString", "coordinates": [ [ 14.630758306083781, 61.129691154906297 ], [ 14.629767813368268, 61.129001787355584 ] ] } },
{ "type": "Feature", "properties": { "objektidentitet": "fce97e4a-10c6-48c2-b9d6-620a39be7a87", "skapad": "2026-03-17T21:00:01", "objekttypnr": 2621, "objekttyp": "Odlingsmarksgräns", "vattenytaid": null, "hojd_over_havet": null, "reglerat_vatten": null }, "geometry": { "type": "LineString", "coordinates": [ [ 14.63154904236748, 61.13453477527117 ], [ 14.631002359131742, 61.134408000085237 ], [ 14.631202142241877, 61.134075718598517 ], [ 14.631397374389776, 61.133857990882092 ], [ 14.63161712567028, 61.133345757843685 ], [ 14.631569148977018, 61.13310494072558 ], [ 14.630231366100489, 61.133048321952963 ], [ 14.630304532991609, 61.132681795622197 ], [ 14.631028929291846, 61.132647385767591 ], [ 14.63118509893963, 61.132803101294115 ], [ 14.632951791210006, 61.132672205424768 ] ] } },
{ "type": "Feature", "properties": { "objektidentitet": "655b450c-aa1c-4fd9-8294-b56bf1362aba", "skapad": "2026-03-17T21:00:01", "objekttypnr": 2622, "objekttyp": "Öppen markgräns", "vattenytaid": null, "hojd_over_havet": null, "reglerat_vatten": null }, "geometry": { "type": "LineString", "coordinates": [ [ 14.633577924143673, 61.133176786590653 ], [ 14.632951791210006, 61.132672205424768 ] ] } },
{ "type": "Feature", "properties": { "objektidentitet": "abddcb90-5ac1-432f-ac8b-c9a1170271a3", "skapad": "2026-03-17T21:00:01", "objekttypnr": 2619, "objekttyp": "Bebyggelseområdesgräns", "vattenytaid": null, "hojd_over_havet": null, "reglerat_vatten": null }, "geometry": { "type": "LineString", "coordinates": [ [ 14.635240387497515, 61.132766080948954 ], [ 14.633577924143673, 61.133176786590653 ] ] } },
{ "type": "Feature", "properties": { "objektidentitet": "cf82ead9-f395-43dd-831f-1404e142671e", "skapad": "2026-03-17T21:00:01", "objekttypnr": 2619, "objekttyp": "Bebyggelseområdesgräns", "vattenytaid": null, "hojd_over_havet": null, "reglerat_vatten": null }, "geometry": { "type": "LineString", "coordinates": [ [ 14.63925398051742, 61.13596123910505 ], [ 14.635240387497515, 61.132766080948954 ] ] } },
{ "type": "Feature", "properties": { "objektidentitet": "2b799aed-3ea5-4d38-9c3a-6b0bf3029eb0", "skapad": "2026-03-17T21:00:01", "objekttypnr": 2621, "objekttyp": "Odlingsmarksgräns", "vattenytaid": null, "hojd_over_havet": null, "reglerat_vatten": null }, "geometry": { "type": "LineString", "coordinates": [ [ 14.633664073045566, 61.133470415156282 ], [ 14.633117255151463, 61.132898240180324 ], [ 14.633069648963549, 61.132883881306427 ], [ 14.632823306180191, 61.132873983682764 ], [ 14.632746219131572, 61.132897736345669 ], [ 14.632674450163481, 61.132947970019394 ], [ 14.632655840700451, 61.133021968487462 ], [ 14.632910885065405, 61.133352533068596 ], [ 14.633073036068353, 61.133473877101473 ] ] } },
{ "type": "Feature", "properties": { "objektidentitet": "ea312b62-524b-4e8f-a437-a0b58e41fccf", "skapad": "2026-03-17T21:00:01", "objekttypnr": 2620, "objekttyp": "Industri- och handelsbebyggelsegräns", "vattenytaid": null, "hojd_over_havet": null, "reglerat_vatten": null }, "geometry": { "type": "LineString", "coordinates": [ [ 14.643570843563678, 61.13548152052676 ], [ 14.644681209966581, 61.135067394234532 ], [ 14.644712753129108, 61.135024769684613 ], [ 14.644389673128329, 61.134347002278055 ], [ 14.643192034744633, 61.133512162086951 ], [ 14.642536292752036, 61.132986413958811 ] ] } },
{ "type": "Feature", "properties": { "objektidentitet": "a5b29222-ac20-4a90-a426-92eaa89e5df0", "skapad": "2026-03-17T21:00:01", "objekttypnr": 2619, "objekttyp": "Bebyggelseområdesgräns", "vattenytaid": null, "hojd_over_havet": null, "reglerat_vatten": null }, "geometry": { "type": "LineString", "coordinates": [ [ 14.633577924143673, 61.133176786590653 ], [ 14.633841671692766, 61.133434903755294 ], [ 14.633664073045566, 61.133470415156282 ] ] } },
{ "type": "Feature", "properties": { "objektidentitet": "74af6ac8-709e-4087-b965-c1301e5b166b", "skapad": "2026-03-17T21:00:01", "objekttypnr": 2621, "objekttyp": "Odlingsmarksgräns", "vattenytaid": null, "hojd_over_havet": null, "reglerat_vatten": null }, "geometry": { "type": "LineString", "coordinates": [ [ 14.628660220321425, 61.133187727376338 ], [ 14.628710556691319, 61.133432852454945 ], [ 14.629484973645022, 61.133858145311059 ], [ 14.629839637331646, 61.13414647828948 ], [ 14.630000314220842, 61.134390046228035 ], [ 14.631325129590897, 61.134711791675123 ], [ 14.631447661898552, 61.134673395184116 ], [ 14.63154904236748, 61.13453477527117 ] ] } },
{ "type": "Feature", "properties": { "objektidentitet": "37794b99-e41d-4c9b-88eb-08f632269969", "skapad": "2026-03-17T21:00:01", "objekttypnr": 2619, "objekttyp": "Bebyggelseområdesgräns", "vattenytaid": null, "hojd_over_havet": null, "reglerat_vatten": null }, "geometry": { "type": "LineString", "coordinates": [ [ 14.633664073045566, 61.133470415156282 ], [ 14.633073036068353, 61.133473877101473 ] ] } },
{ "type": "Feature", "properties": { "objektidentitet": "396c0ba9-44b1-438d-9c4d-0d6a3ca7f88f", "skapad": "2026-03-17T21:00:01", "objekttypnr": 2619, "objekttyp": "Bebyggelseområdesgräns", "vattenytaid": null, "hojd_over_havet": null, "reglerat_vatten": null }, "geometry": { "type": "LineString", "coordinates": [ [ 14.633073036068353, 61.133473877101473 ], [ 14.632581288461092, 61.133465288732076 ], [ 14.632557469335469, 61.133506611698245 ] ] } },
{ "type": "Feature", "properties": { "objektidentitet": "b4603100-5231-4735-b7cd-e918d0d4bd50", "skapad": "2026-03-17T21:00:01", "objekttypnr": 2621, "objekttyp": "Odlingsmarksgräns", "vattenytaid": null, "hojd_over_havet": null, "reglerat_vatten": null }, "geometry": { "type": "LineString", "coordinates": [ [ 14.632557469335469, 61.133506611698245 ], [ 14.632246250481966, 61.133510847714511 ], [ 14.632154503360132, 61.133552892847497 ], [ 14.631847966619427, 61.134135968004543 ], [ 14.631894382481354, 61.134394727617575 ] ] } },
{ "type": "Feature", "properties": { "objektidentitet": "b30df564-f8db-41a5-88b6-27919db2b34b", "skapad": "2026-03-17T21:00:01", "objekttypnr": 2619, "objekttyp": "Bebyggelseområdesgräns", "vattenytaid": null, "hojd_over_havet": null, "reglerat_vatten": null }, "geometry": { "type": "LineString", "coordinates": [ [ 14.632557469335469, 61.133506611698245 ], [ 14.632624692313904, 61.134007846686636 ], [ 14.63342339888405, 61.134017249039857 ], [ 14.633663165801233, 61.134279898400045 ], [ 14.63363668697921, 61.134305646995607 ], [ 14.633083009590802, 61.134429315423617 ] ] } },
{ "type": "Feature", "properties": { "objektidentitet": "d4f41095-7d35-4eb8-9b86-2baa73daf9cf", "skapad": "2026-03-17T21:00:01", "objekttypnr": 2621, "objekttyp": "Odlingsmarksgräns", "vattenytaid": null, "hojd_over_havet": null, "reglerat_vatten": null }, "geometry": { "type": "LineString", "coordinates": [ [ 14.628651247287461, 61.133952128896908 ], [ 14.629167318758395, 61.134236866397494 ], [ 14.629095545968893, 61.134050721134855 ], [ 14.628652973833489, 61.133805049917896 ] ] } },
{ "type": "Feature", "properties": { "objektidentitet": "06f03145-34a2-4610-9bbe-093443e0c4a4", "skapad": "2026-03-17T21:00:01", "objekttypnr": 2622, "objekttyp": "Öppen markgräns", "vattenytaid": null, "hojd_over_havet": null, "reglerat_vatten": null }, "geometry": { "type": "LineString", "coordinates": [ [ 14.631894382481354, 61.134394727617575 ], [ 14.63154904236748, 61.13453477527117 ] ] } },
{ "type": "Feature", "properties": { "objektidentitet": "8d5b27be-610c-4fa3-89ef-feffa4e36106", "skapad": "2026-03-17T21:00:01", "objekttypnr": 2621, "objekttyp": "Odlingsmarksgräns", "vattenytaid": null, "hojd_over_havet": null, "reglerat_vatten": null }, "geometry": { "type": "LineString", "coordinates": [ [ 14.631894382481354, 61.134394727617575 ], [ 14.631989767811296, 61.134519033569084 ], [ 14.63208495599047, 61.134537409726612 ], [ 14.632304843485697, 61.134522484744565 ], [ 14.632527400996107, 61.134431156509514 ], [ 14.632982091947479, 61.134402234009173 ], [ 14.633083009590802, 61.134429315423617 ] ] } },
{ "type": "Feature", "properties": { "objektidentitet": "a32e17c3-8fb9-4bf1-bc9e-239ea12bfd5a", "skapad": "2026-03-17T21:00:01", "objekttypnr": 2619, "objekttyp": "Bebyggelseområdesgräns", "vattenytaid": null, "hojd_over_havet": null, "reglerat_vatten": null }, "geometry": { "type": "LineString", "coordinates": [ [ 14.633083009590802, 61.134429315423617 ], [ 14.633413910654314, 61.134739857681339 ], [ 14.634183651232028, 61.134591912229546 ], [ 14.634393910362576, 61.134754548210047 ], [ 14.63512536929902, 61.134604142109858 ], [ 14.635537930825082, 61.134971549344627 ], [ 14.634434991396372, 61.135259913288131 ], [ 14.632844421642972, 61.135620366728574 ], [ 14.632610239599787, 61.135954110083894 ], [ 14.632167586388933, 61.136070050182752 ], [ 14.632155756702067, 61.13634481124825 ], [ 14.630835576050053, 61.136648751350513 ], [ 14.630946009021446, 61.136740877732841 ], [ 14.631478231862966, 61.137015684974173 ], [ 14.632050657263026, 61.136914608190907 ], [ 14.63268077484376, 61.137595330890477 ], [ 14.634305077354991, 61.137501315382487 ], [ 14.634708501112572, 61.137459688603073 ], [ 14.636580556601496, 61.137062495975186 ], [ 14.638224006786409, 61.13664821913919 ], [ 14.638924287009413, 61.136991381491008 ], [ 14.639422521820583, 61.136789344444672 ], [ 14.639764301675033, 61.136367534251029 ] ] } },
{ "type": "Feature", "properties": { "objektidentitet": "d7110759-8b84-407e-b025-4469b0885ba2", "skapad": "2026-03-17T21:00:01", "objekttypnr": 2621, "objekttyp": "Odlingsmarksgräns", "vattenytaid": null, "hojd_over_havet": null, "reglerat_vatten": null }, "geometry": { "type": "LineString", "coordinates": [ [ 14.628636672127429, 61.13519367761873 ], [ 14.62938656146428, 61.135630368009757 ], [ 14.62975359283524, 61.136096316335532 ], [ 14.63003436252283, 61.136119358434861 ], [ 14.62998090284408, 61.136244776040314 ], [ 14.630047490665014, 61.136328936711656 ], [ 14.631905583613452, 61.135862354051639 ], [ 14.63204047400718, 61.135671771485875 ], [ 14.631583950404577, 61.13516128925216 ], [ 14.630889078470394, 61.134883641637437 ], [ 14.629823310780337, 61.134676915288445 ], [ 14.630304029285739, 61.134969856311301 ], [ 14.628639442137468, 61.134957729869804 ] ] } },
{ "type": "Feature", "properties": { "objektidentitet": "b38cfb75-9ac9-4b58-a07a-bee14a59aa7b", "skapad": "2026-03-17T21:00:01", "objekttypnr": 2620, "objekttyp": "Industri- och handelsbebyggelsegräns", "vattenytaid": null, "hojd_over_havet": null, "reglerat_vatten": null }, "geometry": { "type": "LineString", "coordinates": [ [ 14.63925398051742, 61.13596123910505 ], [ 14.642529578693514, 61.134911501179879 ], [ 14.643570843563678, 61.13548152052676 ] ] } },
{ "type": "Feature", "properties": { "objektidentitet": "c4d017c0-6b33-4a8a-9122-cc784370f052", "skapad": "2026-03-17T21:00:01", "objekttypnr": 2622, "objekttyp": "Öppen markgräns", "vattenytaid": null, "hojd_over_havet": null, "reglerat_vatten": null }, "geometry": { "type": "LineString", "coordinates": [ [ 14.643570843563678, 61.13548152052676 ], [ 14.643256503739096, 61.135637436007116 ], [ 14.644294786168739, 61.136408248378316 ], [ 14.644093432496254, 61.136531262806649 ], [ 14.642836335664585, 61.13697924747315 ], [ 14.642165739323337, 61.136605165707202 ], [ 14.641606146333089, 61.136727542611695 ], [ 14.640623985414626, 61.136683361330938 ], [ 14.640036935951322, 61.136313297498184 ], [ 14.639764301675033, 61.136367534251029 ] ] } },
{ "type": "Feature", "properties": { "objektidentitet": "915d1b50-9117-4293-9813-f5f21ac591a7", "skapad": "2026-03-17T21:00:01", "objekttypnr": 2619, "objekttyp": "Bebyggelseområdesgräns", "vattenytaid": null, "hojd_over_havet": null, "reglerat_vatten": null }, "geometry": { "type": "LineString", "coordinates": [ [ 14.639764301675033, 61.136367534251029 ], [ 14.63925398051742, 61.13596123910505 ] ] } },
{ "type": "Feature", "properties": { "objektidentitet": "b94fef31-5374-4e35-b7d7-c5e14194e7e0", "skapad": "2026-03-17T21:00:01", "objekttypnr": 2620, "objekttyp": "Industri- och handelsbebyggelsegräns", "vattenytaid": null, "hojd_over_havet": null, "reglerat_vatten": null }, "geometry": { "type": "LineString", "coordinates": [ [ 14.647495263674189, 61.137429734199955 ], [ 14.64618484444193, 61.13691509960519 ], [ 14.645079118950333, 61.136421790731042 ], [ 14.644970606875031, 61.136343560607095 ], [ 14.644892593127404, 61.136344047151375 ], [ 14.643784532634356, 61.137004792822538 ], [ 14.643364946861048, 61.137285761680488 ], [ 14.643212898510418, 61.137435667493264 ], [ 14.643036513560912, 61.137866074432687 ], [ 14.643275741215671, 61.138270141455031 ] ] } },
{ "type": "Feature", "properties": { "objektidentitet": "7514b488-f9e0-4576-a47f-84d5a75b79f8", "skapad": "2026-03-17T21:00:01", "objekttypnr": 2622, "objekttyp": "Öppen markgräns", "vattenytaid": null, "hojd_over_havet": null, "reglerat_vatten": null }, "geometry": { "type": "LineString", "coordinates": [ [ 14.640919017393882, 61.137306109935096 ], [ 14.640207889060575, 61.137612088231919 ], [ 14.640150630082946, 61.137829926398261 ], [ 14.639870011986009, 61.138078637576278 ], [ 14.639891819353744, 61.138228131265834 ], [ 14.639347325871178, 61.138342171664036 ], [ 14.638828942193177, 61.137863905573319 ], [ 14.639797046768473, 61.137366403687544 ], [ 14.640593121436249, 61.137039797463451 ], [ 14.640919017393882, 61.137306109935096 ] ] } },
{ "type": "Feature", "properties": { "objektidentitet": "c39e4a43-ff7a-4fd0-88e8-8b5429c9c8d4", "skapad": "2026-03-17T21:00:01", "objekttypnr": 2622, "objekttyp": "Öppen markgräns", "vattenytaid": null, "hojd_over_havet": null, "reglerat_vatten": null }, "geometry": { "type": "LineString", "coordinates": [ [ 14.652395330852125, 61.136117123530823 ], [ 14.652794109407532, 61.136163278893207 ], [ 14.653062279869621, 61.13621584943661 ], [ 14.653817865141997, 61.136433108520123 ], [ 14.653764329676251, 61.136794535031953 ], [ 14.653625900637749, 61.13706205175373 ], [ 14.653283365529445, 61.137106476465391 ], [ 14.65263768130456, 61.137156218536028 ], [ 14.65225899931853, 61.136900760799172 ], [ 14.651861977472658, 61.136977658231537 ], [ 14.651470362316525, 61.137141716326987 ], [ 14.651398842386209, 61.137285742580616 ], [ 14.651411702352933, 61.137684175127021 ], [ 14.651152947240421, 61.137842837606534 ], [ 14.650769812013591, 61.13782623681869 ], [ 14.650497176137332, 61.137719801169297 ], [ 14.650577061016334, 61.137415740539595 ], [ 14.65071987044788, 61.137006281211164 ], [ 14.651142357453836, 61.136605811519061 ], [ 14.651592062050691, 61.136388539829369 ], [ 14.652173410357449, 61.13611582611555 ], [ 14.652395330852125, 61.136117123530823 ] ] } },
{ "type": "Feature", "properties": { "objektidentitet": "cc6a2b7e-e69b-4399-81bf-671d6f937519", "skapad": "2026-03-17T21:00:01", "objekttypnr": 2621, "objekttyp": "Odlingsmarksgräns", "vattenytaid": null, "hojd_over_havet": null, "reglerat_vatten": null }, "geometry": { "type": "LineString", "coordinates": [ [ 14.663098766076567, 61.136903548130846 ], [ 14.664227212390667, 61.136771389424453 ], [ 14.664263493482009, 61.136416533084692 ], [ 14.664126553615594, 61.13615886215414 ], [ 14.662512885493911, 61.136317183836141 ], [ 14.661464931003602, 61.136356923532212 ], [ 14.661653188243143, 61.136840777313722 ], [ 14.662102299262209, 61.13679948838481 ], [ 14.662196077343804, 61.136901728361792 ], [ 14.663098766076567, 61.136903548130846 ] ] } },
{ "type": "Feature", "properties": { "objektidentitet": "65bdd793-2e50-43f1-816d-256945fc9344", "skapad": "2026-03-17T21:00:01", "objekttypnr": 2622, "objekttyp": "Öppen markgräns", "vattenytaid": null, "hojd_over_havet": null, "reglerat_vatten": null }, "geometry": { "type": "LineString", "coordinates": [ [ 14.660302964875065, 61.137466541252856 ], [ 14.660364369716214, 61.137307887002478 ], [ 14.660748944259076, 61.137297494924425 ], [ 14.660921738931572, 61.137250220000318 ], [ 14.660752417017486, 61.137087997540036 ], [ 14.660461482221731, 61.13699880048619 ], [ 14.659801743007478, 61.13712902746289 ], [ 14.659556602033089, 61.137298684063516 ], [ 14.658678944512049, 61.137676189346955 ] ] } },
{ "type": "Feature", "properties": { "objektidentitet": "12839e43-313b-4cbe-99f9-383fd0209de9", "skapad": "2026-03-17T21:00:01", "objekttypnr": 2622, "objekttyp": "Öppen markgräns", "vattenytaid": null, "hojd_over_havet": null, "reglerat_vatten": null }, "geometry": { "type": "LineString", "coordinates": [ [ 14.66674142687963, 61.137596039579314 ], [ 14.667402815894656, 61.137932251626061 ], [ 14.667603230419635, 61.138000346913373 ], [ 14.667591689541899, 61.138038321343544 ], [ 14.667026778354352, 61.138240719665625 ], [ 14.666724580831971, 61.138169114159787 ], [ 14.66633683903278, 61.138538771098432 ], [ 14.666334152787799, 61.138599768762859 ], [ 14.666649803018194, 61.138699114028633 ], [ 14.666876957929839, 61.138633632536184 ], [ 14.66715154234906, 61.138703796580209 ], [ 14.667034247115939, 61.138935359585552 ], [ 14.665281054625186, 61.138701256600172 ], [ 14.66551049586594, 61.138054614139975 ], [ 14.665357889664545, 61.137605149100317 ], [ 14.664762997943528, 61.137525695372872 ], [ 14.664976265223537, 61.137408704124944 ], [ 14.665480286561399, 61.137264142560205 ], [ 14.66674142687963, 61.137596039579314 ] ] } },
{ "type": "Feature", "properties": { "objektidentitet": "88b9c955-5e86-4b7c-8bac-ff3c00b95c30", "skapad": "2026-03-17T21:00:01", "objekttypnr": 2622, "objekttyp": "Öppen markgräns", "vattenytaid": null, "hojd_over_havet": null, "reglerat_vatten": null }, "geometry": { "type": "LineString", "coordinates": [ [ 14.656337893443421, 61.137927613085751 ], [ 14.656090412301769, 61.137582649440951 ], [ 14.655550208112583, 61.137425196138508 ], [ 14.655059642134498, 61.137468979405035 ], [ 14.654753516576942, 61.137498399909838 ], [ 14.654149114647895, 61.13781237275883 ], [ 14.6538224264229, 61.138026879077245 ], [ 14.654362744462578, 61.139292210060333 ], [ 14.654808286562037, 61.13938459775801 ], [ 14.654914309821265, 61.139663458268863 ] ] } },
{ "type": "Feature", "properties": { "objektidentitet": "8455ca6e-542c-44bf-b4cd-946a2d5f3d2b", "skapad": "2026-03-17T21:00:01", "objekttypnr": 2621, "objekttyp": "Odlingsmarksgräns", "vattenytaid": null, "hojd_over_havet": null, "reglerat_vatten": null }, "geometry": { "type": "LineString", "coordinates": [ [ 14.660302964875065, 61.137466541252856 ], [ 14.658678944512049, 61.137676189346955 ] ] } },
{ "type": "Feature", "properties": { "objektidentitet": "143626ed-3c39-4efd-a903-67bd6f6f8fcd", "skapad": "2026-03-17T21:00:01", "objekttypnr": 2621, "objekttyp": "Odlingsmarksgräns", "vattenytaid": null, "hojd_over_havet": null, "reglerat_vatten": null }, "geometry": { "type": "LineString", "coordinates": [ [ 14.657865150337063, 61.140166561755464 ], [ 14.6582672720552, 61.140048002436117 ], [ 14.658145631903588, 61.139706026832513 ], [ 14.658363700605742, 61.13951953409024 ], [ 14.660076911759361, 61.139302006918754 ], [ 14.660551360920254, 61.138737443297423 ], [ 14.660221483359248, 61.138090375054297 ], [ 14.66029007339664, 61.137714152843394 ], [ 14.660302964875065, 61.137466541252856 ] ] } },
{ "type": "Feature", "properties": { "objektidentitet": "e1a5361c-5386-40a2-83d1-a5b76a728169", "skapad": "2026-03-17T21:00:01", "objekttypnr": 2621, "objekttyp": "Odlingsmarksgräns", "vattenytaid": null, "hojd_over_havet": null, "reglerat_vatten": null }, "geometry": { "type": "LineString", "coordinates": [ [ 14.658678944512049, 61.137676189346955 ], [ 14.658265603748651, 61.137809983925699 ], [ 14.656875475467666, 61.137935925988998 ], [ 14.656337893443421, 61.137927613085751 ] ] } },
{ "type": "Feature", "properties": { "objektidentitet": "3b52b95a-92f3-49ca-bdaf-5d0417be3a91", "skapad": "2026-03-17T21:00:01", "objekttypnr": 2621, "objekttyp": "Odlingsmarksgräns", "vattenytaid": null, "hojd_over_havet": null, "reglerat_vatten": null }, "geometry": { "type": "LineString", "coordinates": [ [ 14.656337893443421, 61.137927613085751 ], [ 14.655279710631209, 61.137891524082534 ], [ 14.65489048149672, 61.137924315474812 ], [ 14.655115163990281, 61.139035865205933 ], [ 14.655387858218718, 61.139224627009384 ], [ 14.656663557595076, 61.139779878988236 ], [ 14.657865150337063, 61.140166561755464 ] ] } },
{ "type": "Feature", "properties": { "objektidentitet": "b0dad958-d59c-48ba-b192-315fca2d07a2", "skapad": "2026-03-17T21:00:01", "objekttypnr": 2622, "objekttyp": "Öppen markgräns", "vattenytaid": null, "hojd_over_havet": null, "reglerat_vatten": null }, "geometry": { "type": "LineString", "coordinates": [ [ 14.661868873971054, 61.138870973947917 ], [ 14.662927400120001, 61.139059787471531 ], [ 14.662493574299603, 61.139493052337066 ], [ 14.662246985132033, 61.139556251343116 ], [ 14.661124235087282, 61.139495079666482 ], [ 14.660862759805612, 61.139408363416372 ], [ 14.660876368500475, 61.139176626443756 ], [ 14.661216394809282, 61.138965269833683 ], [ 14.661868873971054, 61.138870973947917 ] ] } },
{ "type": "Feature", "properties": { "objektidentitet": "e16e9b40-9772-4afb-8ec2-aa0c917d38c0", "skapad": "2026-03-17T21:00:01", "objekttypnr": 2621, "objekttyp": "Odlingsmarksgräns", "vattenytaid": null, "hojd_over_havet": null, "reglerat_vatten": null }, "geometry": { "type": "LineString", "coordinates": [ [ 14.654914309821265, 61.139663458268863 ], [ 14.654816862312586, 61.139805229660631 ], [ 14.654906081702414, 61.140233716755446 ], [ 14.655080950343187, 61.140659243635767 ], [ 14.655386982630521, 61.141082581509949 ], [ 14.654992387133234, 61.141419823815276 ], [ 14.653990004891336, 61.141343368441348 ], [ 14.653974948759327, 61.140908328326184 ], [ 14.653577410998354, 61.140556790795721 ], [ 14.652602537101043, 61.140432040877613 ], [ 14.652533947040077, 61.139049901865093 ], [ 14.652419046422169, 61.138997939454029 ], [ 14.651668276396652, 61.138893509409023 ], [ 14.651473665769359, 61.13903606969167 ], [ 14.651285657749273, 61.139313969206647 ], [ 14.651097184404582, 61.139889607307637 ], [ 14.651078400167927, 61.140457683588643 ], [ 14.650883612895498, 61.140694168427061 ], [ 14.648774721414698, 61.141426929882783 ], [ 14.648910014332955, 61.14162465790492 ], [ 14.64858120700292, 61.141733962068159 ], [ 14.648435004977205, 61.141744194169007 ], [ 14.648370627684722, 61.141691309145472 ] ] } },
{ "type": "Feature", "properties": { "objektidentitet": "277cd98e-6577-4d25-862d-ff5c3a4388d3", "skapad": "2026-03-17T21:00:01", "objekttypnr": 2622, "objekttyp": "Öppen markgräns", "vattenytaid": null, "hojd_over_havet": null, "reglerat_vatten": null }, "geometry": { "type": "LineString", "coordinates": [ [ 14.664681860392255, 61.140761489369716 ], [ 14.664788419598038, 61.140924826137656 ], [ 14.665140218164566, 61.141112866191712 ], [ 14.665611577842188, 61.141080409896603 ], [ 14.666163448513799, 61.140919193636876 ], [ 14.666296666487872, 61.140366184473251 ], [ 14.665704257932155, 61.14031197777151 ], [ 14.66522438017317, 61.140583519020637 ], [ 14.665066520547063, 61.140592528142172 ], [ 14.664987495232202, 61.140557839728793 ], [ 14.664641489088899, 61.1401937500179 ], [ 14.664741647310041, 61.139902596646039 ], [ 14.665103659778879, 61.139801918219788 ], [ 14.665285842870592, 61.139394651063483 ], [ 14.664897908804212, 61.139344770888009 ], [ 14.664466793033185, 61.139908136989931 ], [ 14.663308706047857, 61.14060038486992 ], [ 14.663537011850011, 61.140676536861463 ], [ 14.66362947007068, 61.140527250483842 ], [ 14.663853374040356, 61.140390284941368 ], [ 14.664681860392255, 61.140761489369716 ] ] } },
{ "type": "Feature", "properties": { "objektidentitet": "51148090-c286-4804-8af8-4cc8a747e1c4", "skapad": "2026-03-17T21:00:01", "objekttypnr": 2621, "objekttyp": "Odlingsmarksgräns", "vattenytaid": null, "hojd_over_havet": null, "reglerat_vatten": null }, "geometry": { "type": "LineString", "coordinates": [ [ 14.657461618519061, 61.140279559160263 ], [ 14.655569827847936, 61.13969735886019 ], [ 14.655203566813286, 61.139638223015403 ], [ 14.654914309821265, 61.139663458268863 ] ] } },
{ "type": "Feature", "properties": { "objektidentitet": "83b7e2bb-9c4e-4f67-b7e7-d3bf26b607bd", "skapad": "2026-03-17T21:00:01", "objekttypnr": 2621, "objekttyp": "Odlingsmarksgräns", "vattenytaid": null, "hojd_over_havet": null, "reglerat_vatten": null }, "geometry": { "type": "LineString", "coordinates": [ [ 14.661579294880926, 61.14013713490727 ], [ 14.660740507800481, 61.13994855676583 ], [ 14.660574542569181, 61.140122920348446 ], [ 14.660495456704039, 61.140409302595735 ] ] } },
{ "type": "Feature", "properties": { "objektidentitet": "0f6137a8-6d4c-4455-9180-81c49fe8f210", "skapad": "2026-03-17T21:00:01", "objekttypnr": 2621, "objekttyp": "Odlingsmarksgräns", "vattenytaid": null, "hojd_over_havet": null, "reglerat_vatten": null }, "geometry": { "type": "LineString", "coordinates": [ [ 14.662400514479467, 61.141716549724634 ], [ 14.664776940136742, 61.141953491914258 ], [ 14.664921126557847, 61.14156515534728 ], [ 14.664611736158641, 61.141447767139496 ], [ 14.664043353164134, 61.141217710829117 ], [ 14.663095025587928, 61.141180681005416 ], [ 14.662778762577389, 61.141139250714389 ], [ 14.661585783862952, 61.14096252534943 ], [ 14.661579294880926, 61.14013713490727 ] ] } },
{ "type": "Feature", "properties": { "objektidentitet": "e5da1564-9ea2-4d31-8600-d8fe3a1054e3", "skapad": "2026-03-17T21:00:01", "objekttypnr": 2622, "objekttyp": "Öppen markgräns", "vattenytaid": null, "hojd_over_havet": null, "reglerat_vatten": null }, "geometry": { "type": "LineString", "coordinates": [ [ 14.657461618519061, 61.140279559160263 ], [ 14.657865150337063, 61.140166561755464 ] ] } },
{ "type": "Feature", "properties": { "objektidentitet": "3c0c969c-1695-4fd4-ba80-3b560a35cd5f", "skapad": "2026-03-17T21:00:01", "objekttypnr": 2621, "objekttyp": "Odlingsmarksgräns", "vattenytaid": null, "hojd_over_havet": null, "reglerat_vatten": null }, "geometry": { "type": "LineString", "coordinates": [ [ 14.647214625197922, 61.142065961100428 ], [ 14.6473553686253, 61.142267251288231 ], [ 14.647459005159584, 61.142523613185269 ], [ 14.648129304459362, 61.143059761491742 ], [ 14.649641172669334, 61.142810258468991 ], [ 14.648909882710875, 61.142262144575753 ], [ 14.649161545011204, 61.14218460965278 ], [ 14.650778154793803, 61.141665393752739 ], [ 14.650990016640739, 61.141445723768911 ], [ 14.651344884576346, 61.141308039228903 ], [ 14.651577596118136, 61.141270402074369 ], [ 14.652000590260059, 61.14131750172244 ], [ 14.652592967905669, 61.141509388929293 ], [ 14.653991815837861, 61.141940001986789 ], [ 14.655879964272224, 61.14206612435872 ], [ 14.656233903922441, 61.1421218425169 ], [ 14.656432342996199, 61.142019864747461 ], [ 14.656620727455286, 61.14202617838756 ], [ 14.65658847296381, 61.141779395465726 ], [ 14.65655299915414, 61.141487051210028 ], [ 14.656517381724528, 61.14114474479257 ], [ 14.656440921626228, 61.14070541942008 ], [ 14.656237518503955, 61.140591656732198 ], [ 14.657461618519061, 61.140279559160263 ] ] } },
{ "type": "Feature", "properties": { "objektidentitet": "f2f63087-1918-4791-9e6c-da46b66076ba", "skapad": "2026-03-17T21:00:01", "objekttypnr": 2622, "objekttyp": "Öppen markgräns", "vattenytaid": null, "hojd_over_havet": null, "reglerat_vatten": null }, "geometry": { "type": "LineString", "coordinates": [ [ 14.660495456704039, 61.140409302595735 ], [ 14.660337009656795, 61.140336337342767 ], [ 14.659703656808698, 61.140284326854157 ], [ 14.659384107261362, 61.140457907606255 ], [ 14.6594499867476, 61.140776345678169 ], [ 14.660207728211647, 61.140791555456701 ], [ 14.660219577034988, 61.140934996613446 ], [ 14.659979222673028, 61.141097393951682 ], [ 14.658089389309993, 61.140380306414613 ], [ 14.657915338075865, 61.140383825848659 ], [ 14.658573624480216, 61.141232930126044 ], [ 14.658718329946041, 61.141248979161681 ], [ 14.659539475057386, 61.141408464512629 ], [ 14.660485573176894, 61.141649964940591 ], [ 14.661522620695139, 61.142022825179382 ], [ 14.661940025236332, 61.142087790397717 ], [ 14.662155311387242, 61.141936944356722 ], [ 14.662400514479467, 61.141716549724634 ] ] } },
{ "type": "Feature", "properties": { "objektidentitet": "d10cf92f-0cae-4a50-9ca3-a904abd8d979", "skapad": "2026-03-17T21:00:01", "objekttypnr": 2621, "objekttyp": "Odlingsmarksgräns", "vattenytaid": null, "hojd_over_havet": null, "reglerat_vatten": null }, "geometry": { "type": "LineString", "coordinates": [ [ 14.660495456704039, 61.140409302595735 ], [ 14.660857232770702, 61.141231274499653 ], [ 14.662648448745962, 61.141302501466491 ], [ 14.662400514479467, 61.141716549724634 ] ] } },
{ "type": "Feature", "properties": { "objektidentitet": "bed821df-5e42-4d7c-8a87-e1167505507c", "skapad": "2026-03-17T21:00:01", "objekttypnr": 2622, "objekttyp": "Öppen markgräns", "vattenytaid": null, "hojd_over_havet": null, "reglerat_vatten": null }, "geometry": { "type": "LineString", "coordinates": [ [ 14.658348195972897, 61.144573359761537 ], [ 14.658346831171762, 61.144569047148352 ], [ 14.658441501177904, 61.144465906622671 ], [ 14.658369099622394, 61.144419622798196 ], [ 14.658295683841926, 61.144388114069052 ], [ 14.658013712655562, 61.143935145222727 ], [ 14.65856442959547, 61.143575933292453 ], [ 14.658956101146735, 61.143400264684828 ], [ 14.659678969888754, 61.143044391067328 ], [ 14.659342453201395, 61.142514590393226 ], [ 14.659052201093409, 61.142099461945065 ], [ 14.658422187142735, 61.142180594893617 ], [ 14.65852104238312, 61.14242532780483 ], [ 14.657369520000547, 61.14271398928593 ], [ 14.657704198132336, 61.142942351720691 ], [ 14.657759239160436, 61.143267505222973 ], [ 14.657288658816649, 61.143447073442118 ], [ 14.656482314834497, 61.142582935808555 ], [ 14.655196345063448, 61.142681895682252 ], [ 14.653916751233972, 61.142864470101493 ], [ 14.653636163520257, 61.143061964234136 ], [ 14.654122400397133, 61.143318527473546 ], [ 14.65478984199375, 61.143471597220092 ], [ 14.656042630117106, 61.143651524024321 ], [ 14.655934835512713, 61.143770610002157 ] ] } },
{ "type": "Feature", "properties": { "objektidentitet": "1ab22929-6f29-4203-948a-d163e1af8ae4", "skapad": "2026-03-17T21:00:01", "objekttypnr": 2621, "objekttyp": "Odlingsmarksgräns", "vattenytaid": null, "hojd_over_havet": null, "reglerat_vatten": null }, "geometry": { "type": "LineString", "coordinates": [ [ 14.655934835512713, 61.143770610002157 ], [ 14.652971265748464, 61.143238586801495 ], [ 14.651145201561011, 61.142782667803935 ], [ 14.65096336303448, 61.142847646946294 ] ] } },
{ "type": "Feature", "properties": { "objektidentitet": "2f7a5b67-0ec9-440c-88c5-c894f31ed9b3", "skapad": "2026-03-17T21:00:01", "objekttypnr": 2621, "objekttyp": "Odlingsmarksgräns", "vattenytaid": null, "hojd_over_havet": null, "reglerat_vatten": null }, "geometry": { "type": "LineString", "coordinates": [ [ 14.65096336303448, 61.142847646946294 ], [ 14.650884454568448, 61.143196904604274 ], [ 14.651354338187183, 61.143405269806074 ], [ 14.652495398399175, 61.143717651333382 ], [ 14.653753720252991, 61.144134869909159 ], [ 14.654426077490449, 61.144227048610105 ], [ 14.655040602096765, 61.144210113062577 ] ] } },
{ "type": "Feature", "properties": { "objektidentitet": "09f0692c-fa1c-4e02-85d7-c908eacc0fee", "skapad": "2026-03-17T21:00:01", "objekttypnr": 2622, "objekttyp": "Öppen markgräns", "vattenytaid": null, "hojd_over_havet": null, "reglerat_vatten": null }, "geometry": { "type": "LineString", "coordinates": [ [ 14.66539931907645, 61.143285272522988 ], [ 14.665111407138252, 61.143126784540215 ], [ 14.664899473714412, 61.14321245561397 ], [ 14.665301547518625, 61.143706735673355 ], [ 14.666606689253497, 61.144425604187738 ], [ 14.666714810570257, 61.144226123603026 ], [ 14.666494604949243, 61.143493289165392 ], [ 14.666010854950622, 61.143425903042406 ], [ 14.66539931907645, 61.143285272522988 ] ] } },
{ "type": "Feature", "properties": { "objektidentitet": "e8192631-759e-4ef7-b64d-da42d0cc69a1", "skapad": "2026-03-17T21:00:01", "objekttypnr": 2621, "objekttyp": "Odlingsmarksgräns", "vattenytaid": null, "hojd_over_havet": null, "reglerat_vatten": null }, "geometry": { "type": "LineString", "coordinates": [ [ 14.655040602096765, 61.144210113062577 ], [ 14.655934835512713, 61.143770610002157 ] ] } },
{ "type": "Feature", "properties": { "objektidentitet": "7b3d7a7a-d0b3-484f-b8e3-a4c30bc58338", "skapad": "2026-03-17T21:00:01", "objekttypnr": 2621, "objekttyp": "Odlingsmarksgräns", "vattenytaid": null, "hojd_over_havet": null, "reglerat_vatten": null }, "geometry": { "type": "LineString", "coordinates": [ [ 14.658348195972897, 61.144573359761537 ], [ 14.658326395169262, 61.144564318159773 ], [ 14.658377128489933, 61.14471312731488 ], [ 14.658345030241648, 61.14475807007809 ], [ 14.658169170414222, 61.144796050983665 ], [ 14.658027360807871, 61.144752931479886 ], [ 14.657416667226347, 61.143930286352557 ], [ 14.656130170963625, 61.144276170463506 ], [ 14.657162073588742, 61.144902332544696 ], [ 14.657439937104234, 61.145116941051946 ], [ 14.657525705231789, 61.145266791000189 ] ] } },
{ "type": "Feature", "properties": { "objektidentitet": "7c63a425-7f5e-4c49-acaa-cb7f0d853ac1", "skapad": "2026-03-17T21:00:01", "objekttypnr": 2622, "objekttyp": "Öppen markgräns", "vattenytaid": null, "hojd_over_havet": null, "reglerat_vatten": null }, "geometry": { "type": "LineString", "coordinates": [ [ 14.655040602096765, 61.144210113062577 ], [ 14.654876537536973, 61.144578062961166 ] ] } },
{ "type": "Feature", "properties": { "objektidentitet": "cb1f5cf3-884b-486c-9bab-7db7f4ab5aef", "skapad": "2026-03-17T21:00:01", "objekttypnr": 2621, "objekttyp": "Odlingsmarksgräns", "vattenytaid": null, "hojd_over_havet": null, "reglerat_vatten": null }, "geometry": { "type": "LineString", "coordinates": [ [ 14.655688699621491, 61.144378077395437 ], [ 14.655489116341682, 61.144349926756867 ], [ 14.655261257761474, 61.144371791039454 ], [ 14.65518007750641, 61.144419022895327 ], [ 14.655205316076554, 61.144489132010442 ], [ 14.655521820170817, 61.144589017074658 ], [ 14.655742076485572, 61.144784458613771 ] ] } },
{ "type": "Feature", "properties": { "objektidentitet": "8376fbe1-ab8f-4058-a6e4-5b544dcaf24d", "skapad": "2026-03-17T21:00:01", "objekttypnr": 2621, "objekttyp": "Odlingsmarksgräns", "vattenytaid": null, "hojd_over_havet": null, "reglerat_vatten": null }, "geometry": { "type": "LineString", "coordinates": [ [ 14.655964124620725, 61.144941775543025 ], [ 14.656160361576527, 61.144931267337093 ], [ 14.65637474567634, 61.144838703050667 ], [ 14.65642754796121, 61.144768936138838 ], [ 14.656364255141018, 61.144675989697745 ], [ 14.656211240803216, 61.144580616100868 ], [ 14.655925945750674, 61.14444931791747 ], [ 14.655688699621491, 61.144378077395437 ] ] } },
{ "type": "Feature", "properties": { "objektidentitet": "3c5eaaa3-39ca-4728-8335-d2d67ced1212", "skapad": "2026-03-17T21:00:01", "objekttypnr": 2621, "objekttyp": "Odlingsmarksgräns", "vattenytaid": null, "hojd_over_havet": null, "reglerat_vatten": null }, "geometry": { "type": "LineString", "coordinates": [ [ 14.655516840282118, 61.144899501519753 ], [ 14.654876537536973, 61.144578062961166 ] ] } },
{ "type": "Feature", "properties": { "objektidentitet": "0c215cce-dadd-4ffc-b9b4-f527fc5b4e7d", "skapad": "2026-03-17T21:00:01", "objekttypnr": 2621, "objekttyp": "Odlingsmarksgräns", "vattenytaid": null, "hojd_over_havet": null, "reglerat_vatten": null }, "geometry": { "type": "LineString", "coordinates": [ [ 14.654876537536973, 61.144578062961166 ], [ 14.653783054992905, 61.145204595858182 ] ] } },
{ "type": "Feature", "properties": { "objektidentitet": "3d893024-6388-4db3-9cae-4fc41e02577e", "skapad": "2026-03-17T21:00:01", "objekttypnr": 2622, "objekttyp": "Öppen markgräns", "vattenytaid": null, "hojd_over_havet": null, "reglerat_vatten": null }, "geometry": { "type": "LineString", "coordinates": [ [ 14.655516840282118, 61.144899501519753 ], [ 14.655742076485572, 61.144784458613771 ] ] } },
{ "type": "Feature", "properties": { "objektidentitet": "a1bc07b9-a134-4eec-b809-e728507d1a78", "skapad": "2026-03-17T21:00:01", "objekttypnr": 2621, "objekttyp": "Odlingsmarksgräns", "vattenytaid": null, "hojd_over_havet": null, "reglerat_vatten": null }, "geometry": { "type": "LineString", "coordinates": [ [ 14.655742076485572, 61.144784458613771 ], [ 14.655964124620725, 61.144941775543025 ] ] } },
{ "type": "Feature", "properties": { "objektidentitet": "fcf24ece-dd8d-4246-8f21-79276e2e2fcc", "skapad": "2026-03-17T21:00:01", "objekttypnr": 2621, "objekttyp": "Odlingsmarksgräns", "vattenytaid": null, "hojd_over_havet": null, "reglerat_vatten": null }, "geometry": { "type": "LineString", "coordinates": [ [ 14.653994304735917, 61.145292328534033 ], [ 14.654434127911756, 61.145174649011715 ], [ 14.655361335973916, 61.14504292986912 ], [ 14.655501439043018, 61.144976536648066 ], [ 14.655516840282118, 61.144899501519753 ] ] } },
{ "type": "Feature", "properties": { "objektidentitet": "1026eb8d-44c9-42bb-8174-dbe9b51aa0da", "skapad": "2026-03-17T21:00:01", "objekttypnr": 2622, "objekttyp": "Öppen markgräns", "vattenytaid": null, "hojd_over_havet": null, "reglerat_vatten": null }, "geometry": { "type": "LineString", "coordinates": [ [ 14.655964124620725, 61.144941775543025 ], [ 14.656038977421808, 61.145278166390561 ], [ 14.656432616091871, 61.145482001505599 ], [ 14.656700277202534, 61.145471243107103 ], [ 14.657525705231789, 61.145266791000189 ] ] } },
{ "type": "Feature", "properties": { "objektidentitet": "4aec750f-6a88-4cdf-8796-cf0321205cd4", "skapad": "2026-03-17T21:00:01", "objekttypnr": 2621, "objekttyp": "Odlingsmarksgräns", "vattenytaid": null, "hojd_over_havet": null, "reglerat_vatten": null }, "geometry": { "type": "LineString", "coordinates": [ [ 14.653783054992905, 61.145204595858182 ], [ 14.653994304735917, 61.145292328534033 ] ] } },
{ "type": "Feature", "properties": { "objektidentitet": "adc313a7-4805-492c-a679-155f9530d84b", "skapad": "2026-03-17T21:00:01", "objekttypnr": 2614, "objekttyp": "Strandlinje, vattendragsyta", "vattenytaid": null, "hojd_over_havet": null, "reglerat_vatten": null }, "geometry": { "type": "LineString", "coordinates": [ [ 14.641426705247589, 61.146382164336707 ], [ 14.641079595379017, 61.14611229616925 ], [ 14.640982519126409, 61.145967154869716 ], [ 14.640900595582961, 61.14584368120375 ], [ 14.640770322966407, 61.145785653201813 ], [ 14.640519901065774, 61.1457219729622 ] ] } },
{ "type": "Feature", "properties": { "objektidentitet": "85568bdc-295d-47f4-af23-dcf3806a5723", "skapad": "2026-03-17T21:00:01", "objekttypnr": 2622, "objekttyp": "Öppen markgräns", "vattenytaid": null, "hojd_over_havet": null, "reglerat_vatten": null }, "geometry": { "type": "LineString", "coordinates": [ [ 14.642958794335723, 61.146058354156146 ], [ 14.642751098160437, 61.14590494121137 ], [ 14.642135164496112, 61.145754013060738 ], [ 14.641627199405781, 61.14570069644622 ], [ 14.640602192424083, 61.145636417680841 ], [ 14.640519901065774, 61.1457219729622 ] ] } },
{ "type": "Feature", "properties": { "objektidentitet": "54a1dd71-4cc4-4717-a2a1-315d8f5e9dee", "skapad": "2026-03-17T21:00:01", "objekttypnr": 2617, "objekttyp": "Stängning", "vattenytaid": null, "hojd_over_havet": null, "reglerat_vatten": null }, "geometry": { "type": "LineString", "coordinates": [ [ 14.641426705247589, 61.146382164336707 ], [ 14.641178087363174, 61.146460133008453 ] ] } },
{ "type": "Feature", "properties": { "objektidentitet": "2ac2284f-0524-46d8-a0e3-00eee700c94b", "skapad": "2026-03-17T21:00:01", "objekttypnr": 2613, "objekttyp": "Strandlinje, sjö", "vattenytaid": null, "hojd_over_havet": null, "reglerat_vatten": null }, "geometry": { "type": "LineString", "coordinates": [ [ 14.642958794335723, 61.146058354156146 ], [ 14.642787830120957, 61.146029021620812 ], [ 14.642430211891446, 61.146084888857771 ], [ 14.641426705247589, 61.146382164336707 ] ] } },
{ "type": "Feature", "properties": { "objektidentitet": "df94d3cf-8bcc-4660-8fd0-d8a7018be166", "skapad": "2026-03-17T21:00:01", "objekttypnr": 2622, "objekttyp": "Öppen markgräns", "vattenytaid": null, "hojd_over_havet": null, "reglerat_vatten": null }, "geometry": { "type": "LineString", "coordinates": [ [ 14.644851107607352, 61.138871273879133 ], [ 14.644004421624492, 61.138789092664858 ], [ 14.643702780681249, 61.13866068824418 ], [ 14.643222081115939, 61.138664583799127 ], [ 14.643139944393752, 61.138779813006359 ], [ 14.643630570840848, 61.139132811688995 ], [ 14.643049441806131, 61.139295636938265 ], [ 14.642898447083464, 61.139277202114293 ], [ 14.642493011217606, 61.139546687142634 ], [ 14.641825419235186, 61.139667028893705 ], [ 14.641577018689077, 61.13951428701813 ], [ 14.641860512926351, 61.138875422324858 ], [ 14.64210113283735, 61.13878492512822 ], [ 14.642332566045209, 61.138429440979259 ], [ 14.641790708696519, 61.137957031588968 ], [ 14.64226263783352, 61.137831180981841 ], [ 14.642848123108411, 61.138254092498414 ], [ 14.643275741215671, 61.138270141455031 ] ] } },
{ "type": "Feature", "properties": { "objektidentitet": "d4e6c487-bc88-42ca-abf3-6e322c3d0d71", "skapad": "2026-03-17T21:00:01", "objekttypnr": 2620, "objekttyp": "Industri- och handelsbebyggelsegräns", "vattenytaid": null, "hojd_over_havet": null, "reglerat_vatten": null }, "geometry": { "type": "LineString", "coordinates": [ [ 14.643275741215671, 61.138270141455031 ], [ 14.644385198695561, 61.138517392773558 ], [ 14.644397516313445, 61.138632493652949 ], [ 14.644851107607352, 61.138871273879133 ] ] } },
{ "type": "Feature", "properties": { "objektidentitet": "1466b38b-a2a6-4071-b59a-42483443bef0", "skapad": "2026-03-17T21:00:01", "objekttypnr": 2622, "objekttyp": "Öppen markgräns", "vattenytaid": null, "hojd_over_havet": null, "reglerat_vatten": null }, "geometry": { "type": "LineString", "coordinates": [ [ 14.64523285263863, 61.140681447786527 ], [ 14.645640319116442, 61.140924422518523 ], [ 14.646344267282453, 61.14077919839027 ], [ 14.646210706214104, 61.140977896482134 ], [ 14.645738071241773, 61.141134121856815 ], [ 14.645095928311308, 61.141341442732575 ], [ 14.644578618316334, 61.141289306541807 ], [ 14.644191219244345, 61.14150136795849 ], [ 14.64464652918298, 61.141717950891447 ], [ 14.645591945057093, 61.141996156312985 ], [ 14.646072164603988, 61.142056253767805 ] ] } },
{ "type": "Feature", "properties": { "objektidentitet": "3634b043-1d29-4bbe-8d6f-bfff4ac8c000", "skapad": "2026-03-17T21:00:01", "objekttypnr": 2621, "objekttyp": "Odlingsmarksgräns", "vattenytaid": null, "hojd_over_havet": null, "reglerat_vatten": null }, "geometry": { "type": "LineString", "coordinates": [ [ 14.645035516126121, 61.140123462191376 ], [ 14.644450792955121, 61.139835220785493 ], [ 14.644282113274475, 61.139848360928617 ], [ 14.644288406013519, 61.139913017549993 ], [ 14.64523285263863, 61.140681447786527 ] ] } },
{ "type": "Feature", "properties": { "objektidentitet": "9f3a5535-192d-4662-81e1-6f8bae3f0b12", "skapad": "2026-03-17T21:00:01", "objekttypnr": 2620, "objekttyp": "Industri- och handelsbebyggelsegräns", "vattenytaid": null, "hojd_over_havet": null, "reglerat_vatten": null }, "geometry": { "type": "LineString", "coordinates": [ [ 14.644851107607352, 61.138871273879133 ], [ 14.645089563975606, 61.138995990736866 ] ] } },
{ "type": "Feature", "properties": { "objektidentitet": "a3650638-ebdd-49a8-8a02-9762056953e2", "skapad": "2026-03-17T21:00:01", "objekttypnr": 2622, "objekttyp": "Öppen markgräns", "vattenytaid": null, "hojd_over_havet": null, "reglerat_vatten": null }, "geometry": { "type": "LineString", "coordinates": [ [ 14.645089563975606, 61.138995990736866 ], [ 14.644894755271114, 61.139371793794282 ], [ 14.645529266245095, 61.139651410313277 ], [ 14.645705241305659, 61.139721296581371 ], [ 14.645843103938894, 61.139718694620271 ], [ 14.646034380467199, 61.139536550535922 ], [ 14.646335752340578, 61.139373394807969 ], [ 14.647125694443663, 61.139458429964741 ], [ 14.647587621256262, 61.139320369697558 ], [ 14.646930530070202, 61.138916469128219 ], [ 14.64707125763276, 61.138856523131842 ] ] } },
{ "type": "Feature", "properties": { "objektidentitet": "52781a7b-4ab2-4b51-aa69-b642a0ed1ba3", "skapad": "2026-03-17T21:00:01", "objekttypnr": 2621, "objekttyp": "Odlingsmarksgräns", "vattenytaid": null, "hojd_over_havet": null, "reglerat_vatten": null }, "geometry": { "type": "LineString", "coordinates": [ [ 14.645727047035303, 61.140369210338207 ], [ 14.645035516126121, 61.140123462191376 ] ] } },
{ "type": "Feature", "properties": { "objektidentitet": "4d58764b-151b-478e-920d-217acc4c79c8", "skapad": "2026-03-17T21:00:01", "objekttypnr": 2620, "objekttyp": "Industri- och handelsbebyggelsegräns", "vattenytaid": null, "hojd_over_havet": null, "reglerat_vatten": null }, "geometry": { "type": "LineString", "coordinates": [ [ 14.645089563975606, 61.138995990736866 ], [ 14.645749756225779, 61.139084607964008 ], [ 14.645880194226043, 61.139119585778673 ], [ 14.646870056933171, 61.138764128272648 ], [ 14.646925087900318, 61.138765178745587 ], [ 14.64707125763276, 61.138856523131842 ] ] } },
{ "type": "Feature", "properties": { "objektidentitet": "524a7f94-dbf9-435f-acb7-94932bc0c2e8", "skapad": "2026-03-17T21:00:01", "objekttypnr": 2621, "objekttyp": "Odlingsmarksgräns", "vattenytaid": null, "hojd_over_havet": null, "reglerat_vatten": null }, "geometry": { "type": "LineString", "coordinates": [ [ 14.64523285263863, 61.140681447786527 ], [ 14.645727047035303, 61.140369210338207 ] ] } },
{ "type": "Feature", "properties": { "objektidentitet": "687d93d0-65e0-4e01-b691-652759aca30e", "skapad": "2026-03-17T21:00:01", "objekttypnr": 2621, "objekttyp": "Odlingsmarksgräns", "vattenytaid": null, "hojd_over_havet": null, "reglerat_vatten": null }, "geometry": { "type": "LineString", "coordinates": [ [ 14.646650798884179, 61.142046723012584 ], [ 14.645854801524376, 61.141385599455369 ], [ 14.645428512108879, 61.141730865052402 ], [ 14.646072164603988, 61.142056253767805 ] ] } },
{ "type": "Feature", "properties": { "objektidentitet": "b3d6d459-3163-4134-8ade-5b8d2902505e", "skapad": "2026-03-17T21:00:01", "objekttypnr": 2622, "objekttyp": "Öppen markgräns", "vattenytaid": null, "hojd_over_havet": null, "reglerat_vatten": null }, "geometry": { "type": "LineString", "coordinates": [ [ 14.648370627684722, 61.141691309145472 ], [ 14.647834232198152, 61.141250684267135 ], [ 14.647432712645355, 61.141015470551125 ], [ 14.64643741460883, 61.140573894931173 ], [ 14.646561992778933, 61.140454168998509 ], [ 14.647904403010827, 61.140431085088721 ], [ 14.647900888160196, 61.140112911398894 ], [ 14.64748541954669, 61.139682537947039 ], [ 14.646226393945433, 61.139565566130415 ], [ 14.645927123724729, 61.140282245256628 ], [ 14.645727047035303, 61.140369210338207 ] ] } },
{ "type": "Feature", "properties": { "objektidentitet": "bf35a083-4e55-4088-9fef-88f8af09f079", "skapad": "2026-03-17T21:00:01", "objekttypnr": 2621, "objekttyp": "Odlingsmarksgräns", "vattenytaid": null, "hojd_over_havet": null, "reglerat_vatten": null }, "geometry": { "type": "LineString", "coordinates": [ [ 14.646072164603988, 61.142056253767805 ], [ 14.646650798884179, 61.142046723012584 ] ] } },
{ "type": "Feature", "properties": { "objektidentitet": "34dfb95c-b558-4b63-a17f-b3a8045f1ef5", "skapad": "2026-03-17T21:00:01", "objekttypnr": 2622, "objekttyp": "Öppen markgräns", "vattenytaid": null, "hojd_over_havet": null, "reglerat_vatten": null }, "geometry": { "type": "LineString", "coordinates": [ [ 14.646650798884179, 61.142046723012584 ], [ 14.647214625197922, 61.142065961100428 ] ] } },
{ "type": "Feature", "properties": { "objektidentitet": "9b73f71d-5696-42bf-8fb0-63b4e223e1da", "skapad": "2026-03-17T21:00:01", "objekttypnr": 2620, "objekttyp": "Industri- och handelsbebyggelsegräns", "vattenytaid": null, "hojd_over_havet": null, "reglerat_vatten": null }, "geometry": { "type": "LineString", "coordinates": [ [ 14.64707125763276, 61.138856523131842 ], [ 14.647744035996967, 61.139264234931318 ], [ 14.648147636299759, 61.139465876034116 ], [ 14.648907557197774, 61.139768292125808 ], [ 14.649465736899261, 61.139954987280085 ], [ 14.650282183968606, 61.140182774781067 ], [ 14.651067991846181, 61.139258311373254 ], [ 14.651027024699511, 61.138861135207634 ], [ 14.650985551644832, 61.138819523961907 ], [ 14.649905622780341, 61.138288049041179 ], [ 14.649438085597483, 61.138081794230018 ], [ 14.647495263674189, 61.137429734199955 ] ] } },
{ "type": "Feature", "properties": { "objektidentitet": "42b67765-6264-4551-b3f3-c9d4024e1f34", "skapad": "2026-03-17T21:00:01", "objekttypnr": 2621, "objekttyp": "Odlingsmarksgräns", "vattenytaid": null, "hojd_over_havet": null, "reglerat_vatten": null }, "geometry": { "type": "LineString", "coordinates": [ [ 14.648370627684722, 61.141691309145472 ], [ 14.648362690192466, 61.141745397837589 ], [ 14.648300815695242, 61.141781435685935 ], [ 14.648295587149589, 61.141777310191969 ], [ 14.647214625197922, 61.142065961100428 ] ] } },
{ "type": "Feature", "properties": { "objektidentitet": "fd8679b5-c0df-4941-bf44-5f4813f8369c", "skapad": "2026-03-17T21:00:01", "objekttypnr": 2613, "objekttyp": "Strandlinje, sjö", "vattenytaid": null, "hojd_over_havet": null, "reglerat_vatten": null }, "geometry": { "type": "LineString", "coordinates": [ [ 14.648464185716502, 61.147693124050193 ], [ 14.648304306061743, 61.147693040770015 ], [ 14.64780643876302, 61.147474905513626 ], [ 14.647215489649104, 61.146869555430591 ], [ 14.646823163865708, 61.146683329205842 ], [ 14.646162278616323, 61.146562548537254 ], [ 14.645648568903281, 61.146567569671184 ], [ 14.645158298199899, 61.146521503849705 ], [ 14.644592644668252, 61.14638354817842 ], [ 14.642958794335723, 61.146058354156146 ] ] } },
{ "type": "Feature", "properties": { "objektidentitet": "dab45ea5-b428-447e-b5de-5de9d59883b2", "skapad": "2026-03-17T21:00:01", "objekttypnr": 2617, "objekttyp": "Stängning", "vattenytaid": null, "hojd_over_havet": null, "reglerat_vatten": null }, "geometry": { "type": "LineString", "coordinates": [ [ 14.649043639714892, 61.148136030119737 ], [ 14.648464185716502, 61.147693124050193 ] ] } },
{ "type": "Feature", "properties": { "objektidentitet": "e132d867-ba05-4252-88d8-67827a7d4f37", "skapad": "2026-03-17T21:00:01", "objekttypnr": 2614, "objekttyp": "Strandlinje, vattendragsyta", "vattenytaid": null, "hojd_over_havet": null, "reglerat_vatten": null }, "geometry": { "type": "LineString", "coordinates": [ [ 14.645403467839211, 61.151324532757116 ], [ 14.646185691154079, 61.150960438314037 ], [ 14.646541986683973, 61.150827806373727 ], [ 14.646968338583777, 61.150693156991586 ], [ 14.647864861288769, 61.150486659629522 ], [ 14.648248032196994, 61.150373467389315 ], [ 14.648527300018401, 61.150256790240775 ], [ 14.648780822641848, 61.150112950680899 ], [ 14.649070288249757, 61.149852052479979 ], [ 14.649154033052861, 61.149688002867819 ], [ 14.649162904991629, 61.149526326897828 ], [ 14.649047822049804, 61.149315508155432 ], [ 14.64885846739182, 61.149111786721456 ], [ 14.648543878096486, 61.148880923207606 ] ] } },
{ "type": "Feature", "properties": { "objektidentitet": "2c9f29be-e6ad-432f-a6a1-6f2181f28ac2", "skapad": "2026-03-17T21:00:01", "objekttypnr": 2622, "objekttyp": "Öppen markgräns", "vattenytaid": null, "hojd_over_havet": null, "reglerat_vatten": null }, "geometry": { "type": "LineString", "coordinates": [ [ 14.642548158998961, 61.149934576520735 ], [ 14.643015998207764, 61.14979002964288 ], [ 14.643114317363624, 61.149798988348884 ], [ 14.643682760988012, 61.150028836243344 ], [ 14.643822572007386, 61.15033711573934 ], [ 14.64419788892461, 61.150468981193711 ], [ 14.644555487386842, 61.150676733351588 ], [ 14.644375142755919, 61.15116678852857 ], [ 14.643683980126236, 61.151512806539969 ], [ 14.64289187592501, 61.151621289748036 ], [ 14.64276002125111, 61.151700826352105 ], [ 14.64297857214472, 61.151783109742269 ], [ 14.643611334666936, 61.151861016696998 ], [ 14.643824389622482, 61.151991154131551 ] ] } },
{ "type": "Feature", "properties": { "objektidentitet": "4ea1aa4e-1778-4389-abfe-610095712356", "skapad": "2026-03-17T21:00:01", "objekttypnr": 2614, "objekttyp": "Strandlinje, vattendragsyta", "vattenytaid": null, "hojd_over_havet": null, "reglerat_vatten": null }, "geometry": { "type": "LineString", "coordinates": [ [ 14.647421430916395, 61.149288244260653 ], [ 14.647821415378296, 61.149397180797891 ], [ 14.647948662779243, 61.149454125812177 ], [ 14.648109936363774, 61.149575090081996 ], [ 14.64839018310467, 61.149703877730232 ], [ 14.648380994806573, 61.149818455291168 ], [ 14.648240239088858, 61.149960270980159 ], [ 14.648049585717811, 61.15006688042174 ], [ 14.647822533564948, 61.150143938967481 ], [ 14.646546909155342, 61.150507168500958 ], [ 14.646144465808863, 61.150663506543765 ], [ 14.645532834053844, 61.150980752788222 ], [ 14.644615574467121, 61.151320518440038 ], [ 14.644414539672622, 61.151428280486627 ], [ 14.644196071281939, 61.15159768314264 ], [ 14.643824389622482, 61.151991154131551 ] ] } },
{ "type": "Feature", "properties": { "objektidentitet": "f44d47fe-bca2-493b-aaac-5079181611ce", "skapad": "2026-03-17T21:00:01", "objekttypnr": 2614, "objekttyp": "Strandlinje, vattendragsyta", "vattenytaid": null, "hojd_over_havet": null, "reglerat_vatten": null }, "geometry": { "type": "LineString", "coordinates": [ [ 14.644473061083913, 61.152358129772466 ], [ 14.644346396230498, 61.15225885278425 ], [ 14.644292452603766, 61.15216405815093 ], [ 14.644292290291473, 61.151995212536818 ], [ 14.644826514287452, 61.15159096243314 ], [ 14.645403467839211, 61.151324532757116 ] ] } },
{ "type": "Feature", "properties": { "objektidentitet": "08e18b3d-a12e-4db6-acd1-9f3195cd7a4c", "skapad": "2026-03-17T21:00:01", "objekttypnr": 2622, "objekttyp": "Öppen markgräns", "vattenytaid": null, "hojd_over_havet": null, "reglerat_vatten": null }, "geometry": { "type": "LineString", "coordinates": [ [ 14.645403467839211, 61.151324532757116 ], [ 14.645786049480547, 61.151552457224767 ], [ 14.646509237875019, 61.151344195619288 ], [ 14.646594376937513, 61.151719986103693 ], [ 14.645836150061067, 61.151959066981895 ], [ 14.645785512015518, 61.152336540502048 ], [ 14.645466347811853, 61.152413309107502 ], [ 14.644802244592423, 61.152274423292944 ], [ 14.644473061083913, 61.152358129772466 ] ] } },
{ "type": "Feature", "properties": { "objektidentitet": "f29b3310-7fb9-45d0-965d-a15841619104", "skapad": "2026-03-17T21:00:01", "objekttypnr": 2614, "objekttyp": "Strandlinje, vattendragsyta", "vattenytaid": null, "hojd_over_havet": null, "reglerat_vatten": null }, "geometry": { "type": "LineString", "coordinates": [ [ 14.643824389622482, 61.151991154131551 ], [ 14.643833184763555, 61.152122369588859 ], [ 14.64401147904743, 61.152360005230044 ], [ 14.644548378229288, 61.152723230214427 ] ] } },
{ "type": "Feature", "properties": { "objektidentitet": "b44abc84-b69f-4fe3-8bc1-38c3853078b4", "skapad": "2026-03-17T21:00:01", "objekttypnr": 2621, "objekttyp": "Odlingsmarksgräns", "vattenytaid": null, "hojd_over_havet": null, "reglerat_vatten": null }, "geometry": { "type": "LineString", "coordinates": [ [ 14.649396232774405, 61.151477339359076 ], [ 14.648919124710689, 61.151130332171725 ], [ 14.64793830301681, 61.151418584320979 ], [ 14.647022897310835, 61.151761548962178 ], [ 14.646905495029573, 61.151893629340798 ], [ 14.647072425583513, 61.152067794097185 ], [ 14.646789859783592, 61.152233289826 ], [ 14.647048264237444, 61.152679271511708 ], [ 14.647226731445581, 61.15279234518939 ], [ 14.648644602236972, 61.153253101365053 ], [ 14.649188922854572, 61.153131221091449 ], [ 14.649790796465329, 61.152625345570954 ], [ 14.649843688207227, 61.152524814579692 ], [ 14.649024454022873, 61.151744946655477 ], [ 14.64905747707315, 61.151662050427944 ], [ 14.649396232774405, 61.151477339359076 ] ] } },
{ "type": "Feature", "properties": { "objektidentitet": "2d3afbc5-00a7-4b03-a086-dd67d7c5f84d", "skapad": "2026-03-17T21:00:01", "objekttypnr": 2622, "objekttyp": "Öppen markgräns", "vattenytaid": null, "hojd_over_havet": null, "reglerat_vatten": null }, "geometry": { "type": "LineString", "coordinates": [ [ 14.642112803937778, 61.153389078836398 ], [ 14.642574040542158, 61.153305726823561 ], [ 14.642638996519619, 61.15309176005011 ], [ 14.643482422817032, 61.152864035745189 ], [ 14.644548378229288, 61.152723230214427 ] ] } },
{ "type": "Feature", "properties": { "objektidentitet": "33ba66b2-a081-420b-8ae9-f257a3ded7c6", "skapad": "2026-03-17T21:00:01", "objekttypnr": 2621, "objekttyp": "Odlingsmarksgräns", "vattenytaid": null, "hojd_over_havet": null, "reglerat_vatten": null }, "geometry": { "type": "LineString", "coordinates": [ [ 14.642274197293085, 61.153458230449921 ], [ 14.642112803937778, 61.153389078836398 ] ] } },
{ "type": "Feature", "properties": { "objektidentitet": "584589fc-fbbb-4ad6-a6dd-051c1c66b58f", "skapad": "2026-03-17T21:00:01", "objekttypnr": 2614, "objekttyp": "Strandlinje, vattendragsyta", "vattenytaid": null, "hojd_over_havet": null, "reglerat_vatten": null }, "geometry": { "type": "LineString", "coordinates": [ [ 14.644548378229288, 61.152723230214427 ], [ 14.644987957512937, 61.153216941331969 ], [ 14.645047659185753, 61.153365141895499 ], [ 14.645069559880659, 61.153583898233393 ] ] } },
{ "type": "Feature", "properties": { "objektidentitet": "4c3eefde-8a7d-4045-9063-73e6ada2f993", "skapad": "2026-03-17T21:00:01", "objekttypnr": 2622, "objekttyp": "Öppen markgräns", "vattenytaid": null, "hojd_over_havet": null, "reglerat_vatten": null }, "geometry": { "type": "LineString", "coordinates": [ [ 14.645069559880659, 61.153583898233393 ], [ 14.644866047025916, 61.153567132767172 ], [ 14.644806431144128, 61.153298899296445 ], [ 14.644515777942084, 61.153115949954881 ], [ 14.64423338255297, 61.153125622328709 ], [ 14.643740652522716, 61.153270781086704 ], [ 14.644488643544554, 61.153914615183567 ], [ 14.644548950238393, 61.154065115690898 ] ] } },
{ "type": "Feature", "properties": { "objektidentitet": "3c7efc4a-e9a9-4b20-8b2f-3b19f1a3fc35", "skapad": "2026-03-17T21:00:01", "objekttypnr": 2614, "objekttyp": "Strandlinje, vattendragsyta", "vattenytaid": null, "hojd_over_havet": null, "reglerat_vatten": null }, "geometry": { "type": "LineString", "coordinates": [ [ 14.645069559880659, 61.153583898233393 ], [ 14.645097570147064, 61.153658972191778 ], [ 14.645435085904776, 61.154067439627639 ] ] } },
{ "type": "Feature", "properties": { "objektidentitet": "31471ec5-d0a3-4873-9dca-b87b90668891", "skapad": "2026-03-17T21:00:01", "objekttypnr": 2614, "objekttyp": "Strandlinje, vattendragsyta", "vattenytaid": null, "hojd_over_havet": null, "reglerat_vatten": null }, "geometry": { "type": "LineString", "coordinates": [ [ 14.6460611365252, 61.1540690779809 ], [ 14.64566049740688, 61.153584584443244 ], [ 14.645421764349321, 61.153045579123862 ], [ 14.645318227492927, 61.152896312335734 ], [ 14.645178041682327, 61.152773047965816 ], [ 14.644473061083913, 61.152358129772466 ] ] } },
{ "type": "Feature", "properties": { "objektidentitet": "38b00835-3af5-4540-9764-0d73c7a8c8d1", "skapad": "2026-03-17T21:00:01", "objekttypnr": 2617, "objekttyp": "Stängning", "vattenytaid": null, "hojd_over_havet": null, "reglerat_vatten": null }, "geometry": { "type": "LineString", "coordinates": [ [ 14.647421430916395, 61.149288244260653 ], [ 14.648543878096486, 61.148880923207606 ] ] } },
{ "type": "Feature", "properties": { "objektidentitet": "1c5e5e2a-9d83-458d-a712-38067bb2a8c1", "skapad": "2026-03-17T21:00:01", "objekttypnr": 2613, "objekttyp": "Strandlinje, sjö", "vattenytaid": null, "hojd_over_havet": null, "reglerat_vatten": null }, "geometry": { "type": "LineString", "coordinates": [ [ 14.64065552383782, 61.147471415949084 ], [ 14.64081724191642, 61.147502513526895 ], [ 14.640886265476517, 61.147566546815582 ], [ 14.640792434039593, 61.148047768402215 ], [ 14.640823680018604, 61.148322347470582 ], [ 14.641000537178481, 61.148429113822644 ], [ 14.641466932675446, 61.14891668674295 ], [ 14.641894473895057, 61.149142425248996 ], [ 14.642391872609194, 61.149307118306972 ], [ 14.642937156781315, 61.149416794223328 ], [ 14.643849563561442, 61.149492968477325 ], [ 14.644952190941648, 61.149480648123188 ], [ 14.646095646398287, 61.14932586683512 ], [ 14.646891853069235, 61.149281351520905 ], [ 14.647079206520223, 61.149232300621087 ], [ 14.647421430916395, 61.149288244260653 ] ] } },
{ "type": "Feature", "properties": { "objektidentitet": "1e936c32-5742-4dc2-ab56-2923f5025169", "skapad": "2026-03-17T21:00:01", "objekttypnr": 2614, "objekttyp": "Strandlinje, vattendragsyta", "vattenytaid": null, "hojd_over_havet": null, "reglerat_vatten": null }, "geometry": { "type": "LineString", "coordinates": [ [ 14.650266853936456, 61.147250071287061 ], [ 14.649727378427571, 61.147366662440909 ], [ 14.649255551298868, 61.147521716943253 ], [ 14.648464185716502, 61.147693124050193 ] ] } },
{ "type": "Feature", "properties": { "objektidentitet": "5ffc9bb7-3ca7-4805-a81b-bb5b5ac5c4a1", "skapad": "2026-03-17T21:00:01", "objekttypnr": 2622, "objekttyp": "Öppen markgräns", "vattenytaid": null, "hojd_over_havet": null, "reglerat_vatten": null }, "geometry": { "type": "LineString", "coordinates": [ [ 14.634142728485001, 61.137780167348318 ], [ 14.634309182707899, 61.138146849471369 ], [ 14.634232878028662, 61.138272126404239 ], [ 14.634007843756036, 61.138408699020609 ], [ 14.633380788624626, 61.138482002350486 ], [ 14.632870713128245, 61.137871474313812 ], [ 14.633766582415491, 61.137654717391932 ], [ 14.634142728485001, 61.137780167348318 ] ] } },
{ "type": "Feature", "properties": { "objektidentitet": "392934fe-e9e5-43b6-9467-699e38cb5f24", "skapad": "2026-03-17T21:00:01", "objekttypnr": 2620, "objekttyp": "Industri- och handelsbebyggelsegräns", "vattenytaid": null, "hojd_over_havet": null, "reglerat_vatten": null }, "geometry": { "type": "LineString", "coordinates": [ [ 14.637275875526672, 61.138392935151714 ], [ 14.635958339602993, 61.138767300272626 ], [ 14.635603709812383, 61.138868064337281 ], [ 14.636224460249682, 61.139376990181468 ], [ 14.635193602523724, 61.139774239757372 ], [ 14.636998987522874, 61.140171712432483 ], [ 14.641899831120497, 61.13869786439421 ], [ 14.641989348359409, 61.138598725821758 ], [ 14.641514348003867, 61.13838328462213 ], [ 14.639348930800812, 61.13898150422245 ], [ 14.638092218472803, 61.138169149106957 ], [ 14.637275875526672, 61.138392935151714 ] ] } },
{ "type": "Feature", "properties": { "objektidentitet": "65a1c9e4-7e99-4f49-ba8b-1a93a6a30ad6", "skapad": "2026-03-17T21:00:01", "objekttypnr": 2614, "objekttyp": "Strandlinje, vattendragsyta", "vattenytaid": null, "hojd_over_havet": null, "reglerat_vatten": null }, "geometry": { "type": "LineString", "coordinates": [ [ 14.632530229031753, 61.139922592262828 ], [ 14.631646348177744, 61.139846831564576 ], [ 14.630628961323673, 61.13955986555559 ], [ 14.629709887118226, 61.139131787082569 ], [ 14.62923908600915, 61.138867142726575 ], [ 14.628599042429052, 61.138398549626288 ] ] } },
{ "type": "Feature", "properties": { "objektidentitet": "a305b0fc-c967-4bf9-bcf2-fbbc880b381f", "skapad": "2026-03-17T21:00:01", "objekttypnr": 2614, "objekttyp": "Strandlinje, vattendragsyta", "vattenytaid": null, "hojd_over_havet": null, "reglerat_vatten": null }, "geometry": { "type": "LineString", "coordinates": [ [ 14.628591563149588, 61.139035460720372 ], [ 14.629068193218981, 61.139306371998408 ], [ 14.6302789156146, 61.139831817213292 ], [ 14.630527739501762, 61.13991210315892 ], [ 14.631742741407743, 61.140142670659749 ], [ 14.632249155241064, 61.140286776964601 ], [ 14.632494716587946, 61.14048395052928 ], [ 14.632566715693713, 61.140613606280112 ] ] } },
{ "type": "Feature", "properties": { "objektidentitet": "66d9a400-8129-4023-8e30-76497ff01e64", "skapad": "2026-03-17T21:00:01", "objekttypnr": 2614, "objekttyp": "Strandlinje, vattendragsyta", "vattenytaid": null, "hojd_over_havet": null, "reglerat_vatten": null }, "geometry": { "type": "LineString", "coordinates": [ [ 14.632566715693713, 61.140613606280112 ], [ 14.632512245435331, 61.14066156153271 ], [ 14.632427059170473, 61.140680632429792 ], [ 14.63215990857087, 61.140663010387861 ], [ 14.630344994321126, 61.140168405660845 ], [ 14.629894883837613, 61.14001762297498 ], [ 14.62954158566839, 61.13987184399457 ], [ 14.628587139727388, 61.139412131020563 ] ] } },
{ "type": "Feature", "properties": { "objektidentitet": "f8001ab9-3f34-46a7-a6ab-6e8c0bc82ac3", "skapad": "2026-03-17T21:00:01", "objekttypnr": 2622, "objekttyp": "Öppen markgräns", "vattenytaid": null, "hojd_over_havet": null, "reglerat_vatten": null }, "geometry": { "type": "LineString", "coordinates": [ [ 14.640160062001801, 61.139751177118676 ], [ 14.640135326944046, 61.140048097307037 ], [ 14.640225358990454, 61.140325679293916 ], [ 14.639908081521419, 61.14099161748986 ], [ 14.639876569388667, 61.141133149806059 ], [ 14.640423386826635, 61.14124673662441 ], [ 14.640864307304751, 61.1412510946789 ], [ 14.64098091907813, 61.141190624132292 ], [ 14.641091349353834, 61.140954782901645 ], [ 14.641246199098358, 61.140943414501578 ], [ 14.641531394103669, 61.140824693406394 ], [ 14.641856092966071, 61.140197214205273 ], [ 14.64141670522277, 61.139785441171782 ], [ 14.640451965546356, 61.1396494621371 ], [ 14.640160062001801, 61.139751177118676 ] ] } },
{ "type": "Feature", "properties": { "objektidentitet": "6df98a8d-f00d-4744-8892-9cf2a98d62a0", "skapad": "2026-03-17T21:00:01", "objekttypnr": 2614, "objekttyp": "Strandlinje, vattendragsyta", "vattenytaid": null, "hojd_over_havet": null, "reglerat_vatten": null }, "geometry": { "type": "LineString", "coordinates": [ [ 14.633594979918573, 61.140156918441555 ], [ 14.633303161582715, 61.140085589343059 ], [ 14.633215420074421, 61.140041728538236 ], [ 14.632735798438413, 61.139944463598944 ], [ 14.632530229031753, 61.139922592262828 ] ] } },
{ "type": "Feature", "properties": { "objektidentitet": "01595bfd-79ea-4157-b976-4ea9b839bca1", "skapad": "2026-03-17T21:00:01", "objekttypnr": 2622, "objekttyp": "Öppen markgräns", "vattenytaid": null, "hojd_over_havet": null, "reglerat_vatten": null }, "geometry": { "type": "LineString", "coordinates": [ [ 14.632530229031753, 61.139922592262828 ], [ 14.634273851599476, 61.139931993181783 ], [ 14.635066305162466, 61.14015830861576 ], [ 14.635719239759164, 61.140417201630306 ] ] } },
{ "type": "Feature", "properties": { "objektidentitet": "1f96f615-c01c-40c2-b8ef-e6351c86b2a2", "skapad": "2026-03-17T21:00:01", "objekttypnr": 2614, "objekttyp": "Strandlinje, vattendragsyta", "vattenytaid": null, "hojd_over_havet": null, "reglerat_vatten": null }, "geometry": { "type": "LineString", "coordinates": [ [ 14.628581046662671, 61.139930960422127 ], [ 14.62947215357315, 61.140304142430935 ], [ 14.630086106363587, 61.140600707566989 ], [ 14.631553231745151, 61.140999446532263 ], [ 14.631581252036778, 61.141050840050333 ], [ 14.631596345329053, 61.141190028258897 ], [ 14.631463952622832, 61.141340908157474 ], [ 14.631455827992998, 61.141520145913674 ], [ 14.631342565521859, 61.141546519626168 ], [ 14.631168253013433, 61.141498354395168 ], [ 14.631143479570062, 61.141531648471464 ], [ 14.631173877910376, 61.141579780777839 ], [ 14.632165550981862, 61.142240822924663 ], [ 14.632780741525284, 61.142498576689221 ], [ 14.632929348191269, 61.142517142055929 ], [ 14.633080107080252, 61.142412663229599 ], [ 14.63317037300064, 61.142373943978015 ], [ 14.633257533600142, 61.142349931230775 ], [ 14.633274675026051, 61.142329203061358 ], [ 14.633313274809119, 61.14231264494272 ], [ 14.633295327800784, 61.142300350451997 ], [ 14.633341166719548, 61.142180046237108 ], [ 14.633390649902424, 61.142168284580904 ], [ 14.633518935638408, 61.142169359462422 ], [ 14.633586690199779, 61.142119464651437 ], [ 14.633737986885892, 61.142085255592136 ], [ 14.633802456209358, 61.142089658682252 ], [ 14.634111922408225, 61.142224902652416 ], [ 14.634318442128722, 61.142379582908497 ], [ 14.634382529261099, 61.142515096712295 ], [ 14.634403402024553, 61.14268721269643 ], [ 14.634352945229463, 61.143123667468416 ], [ 14.634474774306963, 61.143334966123334 ], [ 14.634626139521213, 61.143509050646159 ], [ 14.634671384593572, 61.143689016433029 ], [ 14.634802747407525, 61.143922731330143 ], [ 14.635079556493373, 61.144351629822872 ], [ 14.635278379429842, 61.144577786961598 ], [ 14.635623188573319, 61.144881995188285 ], [ 14.635917512596684, 61.145088414951431 ], [ 14.636073685812169, 61.145114044799733 ], [ 14.636183211706118, 61.145162971988505 ], [ 14.63658215853774, 61.145414102706887 ], [ 14.636655623979919, 61.145501034658757 ], [ 14.637302097505019, 61.145890232797207 ], [ 14.637434505468812, 61.145946187064794 ], [ 14.637368761439992, 61.145725058178051 ], [ 14.637422769491758, 61.145633297062112 ], [ 14.637494378695648, 61.145592379410836 ], [ 14.639450072741509, 61.14592180127179 ] ] } },
{ "type": "Feature", "properties": { "objektidentitet": "a3462d14-4765-402c-8db8-e8b0445392ba", "skapad": "2026-03-17T21:00:01", "objekttypnr": 2614, "objekttyp": "Strandlinje, vattendragsyta", "vattenytaid": null, "hojd_over_havet": null, "reglerat_vatten": null }, "geometry": { "type": "LineString", "coordinates": [ [ 14.635719239759164, 61.140417201630306 ], [ 14.635455361276536, 61.140560423228585 ], [ 14.635363308569824, 61.14057600311795 ], [ 14.635242373664292, 61.140562928861364 ], [ 14.635154552997379, 61.140523961593274 ], [ 14.635131721207662, 61.140439302040733 ], [ 14.63472429270832, 61.140293803860388 ], [ 14.634494102843838, 61.140094440464921 ], [ 14.634235554705729, 61.140007752338676 ], [ 14.634054694568102, 61.139989747484577 ], [ 14.633930457095939, 61.13999908081091 ], [ 14.633662391838877, 61.140149039050321 ], [ 14.633594979918573, 61.140156918441555 ] ] } },
{ "type": "Feature", "properties": { "objektidentitet": "0363ba12-f584-4002-887b-2a12f37cd4ac", "skapad": "2026-03-17T21:00:01", "objekttypnr": 2614, "objekttyp": "Strandlinje, vattendragsyta", "vattenytaid": null, "hojd_over_havet": null, "reglerat_vatten": null }, "geometry": { "type": "LineString", "coordinates": [ [ 14.640519901065774, 61.1457219729622 ], [ 14.640247279037389, 61.145671744890535 ], [ 14.638911938896939, 61.145503006285367 ], [ 14.637318801564462, 61.145217723090731 ], [ 14.636897709006419, 61.14507354169006 ], [ 14.636378844612612, 61.144743776119682 ], [ 14.636125433895078, 61.144416742826493 ], [ 14.635913052882337, 61.14402555607019 ], [ 14.635781959258265, 61.143656457723971 ], [ 14.635788628691511, 61.143461208276264 ], [ 14.635704498567478, 61.143186575005181 ], [ 14.63570807429199, 61.143047087438497 ], [ 14.635941277746694, 61.142690397884735 ], [ 14.635839079689202, 61.142034958205748 ], [ 14.636067017288275, 61.141994650370364 ], [ 14.636157280609497, 61.142020291400215 ], [ 14.63623413680377, 61.142003808175488 ], [ 14.636155794435483, 61.141802413782543 ], [ 14.636210967396583, 61.141733415024888 ], [ 14.636421090159757, 61.141767556639067 ], [ 14.636461743889441, 61.141853251253288 ], [ 14.636384810439818, 61.141918492900601 ], [ 14.636377065249965, 61.141954069086509 ], [ 14.636408263923624, 61.141972090728594 ], [ 14.636507164144192, 61.141975067723216 ], [ 14.636594526058742, 61.142018889451712 ], [ 14.636880998607932, 61.142334734758478 ], [ 14.637067634699111, 61.142376704087397 ], [ 14.637470222389572, 61.142289980152334 ], [ 14.637485456570365, 61.14224097505933 ], [ 14.637433108134106, 61.142206306082606 ], [ 14.637058657200248, 61.142166958171984 ], [ 14.6369517559668, 61.142153878161572 ], [ 14.636836280556787, 61.142120880194319 ], [ 14.636793566508755, 61.142085087470889 ], [ 14.636740114235776, 61.141727869628021 ], [ 14.636688694111806, 61.141643277187661 ], [ 14.636545585039592, 61.141535976165962 ], [ 14.636581358593983, 61.141519481310873 ], [ 14.636790495292177, 61.141516487592632 ], [ 14.636904454929098, 61.141390161240828 ], [ 14.63696043663516, 61.141336265091681 ], [ 14.637116817105811, 61.141330956664675 ], [ 14.637227036539377, 61.141366992735513 ], [ 14.637618104839602, 61.141673366964383 ], [ 14.637773929082813, 61.141737858725271 ], [ 14.637974958761705, 61.141807175771724 ], [ 14.638092678552727, 61.141830698203158 ], [ 14.638138883687422, 61.141816313638436 ], [ 14.63820077971741, 61.141729107106052 ], [ 14.638200133961176, 61.141361858919467 ], [ 14.638311171534667, 61.141381682638041 ], [ 14.638542275463545, 61.14152675307546 ], [ 14.638706144402873, 61.141578058812257 ], [ 14.638859805294061, 61.141724789378912 ], [ 14.638890243414407, 61.141928245113114 ], [ 14.638963776484465, 61.142082303046422 ], [ 14.638941060631591, 61.142266278537733 ], [ 14.638866435953556, 61.142372035569252 ], [ 14.639021388537923, 61.142446677561708 ], [ 14.639095847664898, 61.142366793953855 ], [ 14.639212638750459, 61.14236128764842 ], [ 14.639242608635016, 61.141777351974142 ], [ 14.639105705303077, 61.141416761282088 ], [ 14.638998928169284, 61.141344178082932 ], [ 14.638737612248239, 61.141177526011468 ], [ 14.638420051226165, 61.140958400161395 ], [ 14.638339183968823, 61.140892349967338 ], [ 14.638322010702352, 61.140807418690073 ], [ 14.638336709237858, 61.140743347484133 ], [ 14.638404627279428, 61.140665233390358 ], [ 14.638512259133806, 61.140550613801061 ], [ 14.638645893832122, 61.140489329057019 ], [ 14.638749080509248, 61.140493869066965 ], [ 14.63886694665846, 61.140583880969061 ], [ 14.6389508639026, 61.140574750072787 ], [ 14.639034759268574, 61.140453647635994 ], [ 14.63925863728576, 61.14026639301354 ], [ 14.639382827074687, 61.140192800613811 ], [ 14.639348299335731, 61.140132862351415 ], [ 14.63926908965739, 61.140121770341992 ], [ 14.639152347494045, 61.140140007072937 ], [ 14.638798632785896, 61.140335812298964 ], [ 14.638156171563008, 61.140552149070736 ], [ 14.637967848834014, 61.140582062231282 ], [ 14.63753071027479, 61.140583989430603 ], [ 14.637136690881691, 61.140532828360534 ], [ 14.635818549840486, 61.140411597232763 ], [ 14.635719239759164, 61.140417201630306 ] ] } },
{ "type": "Feature", "properties": { "objektidentitet": "0dbe6af6-f077-4627-b737-63eaed8f15a4", "skapad": "2026-03-17T21:00:01", "objekttypnr": 2617, "objekttyp": "Stängning", "vattenytaid": null, "hojd_over_havet": null, "reglerat_vatten": null }, "geometry": { "type": "LineString", "coordinates": [ [ 14.633594979918573, 61.140156918441555 ], [ 14.633370224556531, 61.140405776471844 ] ] } },
{ "type": "Feature", "properties": { "objektidentitet": "fd4a3c8b-aee5-4b5d-a23b-f5652a93e3a0", "skapad": "2026-03-17T21:00:01", "objekttypnr": 2614, "objekttyp": "Strandlinje, vattendragsyta", "vattenytaid": null, "hojd_over_havet": null, "reglerat_vatten": null }, "geometry": { "type": "LineString", "coordinates": [ [ 14.633113373625953, 61.140534621150636 ], [ 14.633018191427659, 61.140339688169405 ], [ 14.633370224556531, 61.140405776471844 ] ] } },
{ "type": "Feature", "properties": { "objektidentitet": "cc798d9a-821f-454d-9be1-6eb7b00ea0be", "skapad": "2026-03-17T21:00:01", "objekttypnr": 2614, "objekttyp": "Strandlinje, vattendragsyta", "vattenytaid": null, "hojd_over_havet": null, "reglerat_vatten": null }, "geometry": { "type": "LineString", "coordinates": [ [ 14.633370224556531, 61.140405776471844 ], [ 14.633422173785359, 61.140430974157091 ], [ 14.633356079150488, 61.140488549521109 ], [ 14.633893033389636, 61.140812692827332 ], [ 14.633910958164552, 61.140846120996329 ], [ 14.633838845024908, 61.140831624077563 ], [ 14.633292893889163, 61.140516245494972 ], [ 14.633158242102187, 61.140544232400629 ], [ 14.633113373625953, 61.140534621150636 ] ] } },
{ "type": "Feature", "properties": { "objektidentitet": "681ac2b5-ce2f-49d4-86e7-76b998b872fe", "skapad": "2026-03-17T21:00:01", "objekttypnr": 2617, "objekttyp": "Stängning", "vattenytaid": null, "hojd_over_havet": null, "reglerat_vatten": null }, "geometry": { "type": "LineString", "coordinates": [ [ 14.633113373625953, 61.140534621150636 ], [ 14.632566715693713, 61.140613606280112 ] ] } },
{ "type": "Feature", "properties": { "objektidentitet": "a8d0a9a2-f00a-48da-82e4-a818144d9585", "skapad": "2026-03-17T21:00:01", "objekttypnr": 2621, "objekttyp": "Odlingsmarksgräns", "vattenytaid": null, "hojd_over_havet": null, "reglerat_vatten": null }, "geometry": { "type": "LineString", "coordinates": [ [ 14.629713896431243, 61.14152545503962 ], [ 14.629014138392264, 61.140990462812582 ], [ 14.628570718858356, 61.140810336450329 ] ] } },
{ "type": "Feature", "properties": { "objektidentitet": "e9eee4a4-ca8b-449f-8b73-d91ddd397269", "skapad": "2026-03-17T21:00:01", "objekttypnr": 2614, "objekttyp": "Strandlinje, vattendragsyta", "vattenytaid": null, "hojd_over_havet": null, "reglerat_vatten": null }, "geometry": { "type": "LineString", "coordinates": [ [ 14.633219843637523, 61.142150332998611 ], [ 14.633149225538277, 61.142261305059144 ], [ 14.633144260587885, 61.142303460313634 ], [ 14.632901232348395, 61.142265686988885 ], [ 14.632524139977296, 61.142104032520635 ], [ 14.632344550572395, 61.142006126631529 ], [ 14.632311711750155, 61.14193771609704 ], [ 14.632421812999981, 61.141903737955253 ], [ 14.632406851202276, 61.141834397611653 ], [ 14.632278061812412, 61.141838419916517 ], [ 14.632192474803235, 61.14180224017754 ], [ 14.632178662816472, 61.141769801622509 ], [ 14.632249001686775, 61.14174213464846 ], [ 14.632471251344329, 61.141748816413177 ], [ 14.632464687598443, 61.141802207657562 ], [ 14.632670712362168, 61.141798708820886 ], [ 14.632655816749216, 61.141651683784971 ], [ 14.632203852240711, 61.141532999368046 ], [ 14.631939737954706, 61.141435796632543 ], [ 14.631978699435194, 61.141335476697606 ], [ 14.632217688893361, 61.141173655001865 ], [ 14.632620596616455, 61.141209484447216 ], [ 14.633107535069378, 61.141423678448248 ], [ 14.633336887073087, 61.141467932377509 ], [ 14.634050015052546, 61.141551300269974 ], [ 14.634251291645811, 61.141601698286181 ], [ 14.634362927158335, 61.141666065513938 ], [ 14.634394823014144, 61.141790710095847 ], [ 14.634324049452911, 61.141820783109566 ], [ 14.634224491131899, 61.141824975840038 ], [ 14.633748656887848, 61.141781349499226 ], [ 14.633219843637523, 61.142150332998611 ] ] } },
{ "type": "Feature", "properties": { "objektidentitet": "ef37e91a-9436-49cb-a064-c65c4d0dc168", "skapad": "2026-03-17T21:00:01", "objekttypnr": 2622, "objekttyp": "Öppen markgräns", "vattenytaid": null, "hojd_over_havet": null, "reglerat_vatten": null }, "geometry": { "type": "LineString", "coordinates": [ [ 14.629713896431243, 61.14152545503962 ], [ 14.6303410196738, 61.141417245223963 ], [ 14.630696979586011, 61.141837849181535 ], [ 14.630527627360795, 61.141977090772706 ], [ 14.629687404151632, 61.142163759358809 ] ] } },
{ "type": "Feature", "properties": { "objektidentitet": "37f8a512-409f-461f-b145-82ed1f450202", "skapad": "2026-03-17T21:00:01", "objekttypnr": 2621, "objekttyp": "Odlingsmarksgräns", "vattenytaid": null, "hojd_over_havet": null, "reglerat_vatten": null }, "geometry": { "type": "LineString", "coordinates": [ [ 14.629687404151632, 61.142163759358809 ], [ 14.629283331612012, 61.141651429304012 ], [ 14.629713896431243, 61.14152545503962 ] ] } },
{ "type": "Feature", "properties": { "objektidentitet": "35340a24-2ffc-440f-a02d-05f3d60a9a5a", "skapad": "2026-03-17T21:00:01", "objekttypnr": 2621, "objekttyp": "Odlingsmarksgräns", "vattenytaid": null, "hojd_over_havet": null, "reglerat_vatten": null }, "geometry": { "type": "LineString", "coordinates": [ [ 14.631375408234296, 61.143244304965336 ], [ 14.630388319735596, 61.142730003039141 ], [ 14.63023559643767, 61.142660097368953 ], [ 14.630021489405463, 61.142496690661176 ], [ 14.629687404151632, 61.142163759358809 ] ] } },
{ "type": "Feature", "properties": { "objektidentitet": "17236033-1b4e-420d-8274-628d2fea3509", "skapad": "2026-03-17T21:00:01", "objekttypnr": 2622, "objekttyp": "Öppen markgräns", "vattenytaid": null, "hojd_over_havet": null, "reglerat_vatten": null }, "geometry": { "type": "LineString", "coordinates": [ [ 14.632778174981206, 61.142993085683322 ], [ 14.633196323086324, 61.142911569965996 ], [ 14.633422342424964, 61.142933432895447 ], [ 14.633498407447819, 61.143209850232687 ], [ 14.6345440497851, 61.143833349991674 ] ] } },
{ "type": "Feature", "properties": { "objektidentitet": "9e72ce47-eb95-43d6-9191-7d8f8a9ef03a", "skapad": "2026-03-17T21:00:01", "objekttypnr": 2621, "objekttyp": "Odlingsmarksgräns", "vattenytaid": null, "hojd_over_havet": null, "reglerat_vatten": null }, "geometry": { "type": "LineString", "coordinates": [ [ 14.632778174981206, 61.142993085683322 ], [ 14.632652844912432, 61.143025065732971 ], [ 14.632568488842219, 61.143181535582336 ], [ 14.633184720294471, 61.143553165025885 ], [ 14.63360264718988, 61.143762169326614 ] ] } },
{ "type": "Feature", "properties": { "objektidentitet": "32b0e6ba-9bc7-475c-be6d-ff1fc62f432d", "skapad": "2026-03-17T21:00:01", "objekttypnr": 2621, "objekttyp": "Odlingsmarksgräns", "vattenytaid": null, "hojd_over_havet": null, "reglerat_vatten": null }, "geometry": { "type": "LineString", "coordinates": [ [ 14.63360264718988, 61.143762169326614 ], [ 14.633752858761314, 61.143798271811761 ], [ 14.633838250359048, 61.143799032476728 ], [ 14.633873394093891, 61.143781126998874 ], [ 14.633880129885982, 61.143712707486614 ], [ 14.633765202328169, 61.143577648519916 ], [ 14.633630276656708, 61.143464665590351 ], [ 14.632778174981206, 61.142993085683322 ] ] } },
{ "type": "Feature", "properties": { "objektidentitet": "b3acae5b-4e9f-4ae8-8880-0a66f96d22ee", "skapad": "2026-03-17T21:00:01", "objekttypnr": 2622, "objekttyp": "Öppen markgräns", "vattenytaid": null, "hojd_over_havet": null, "reglerat_vatten": null }, "geometry": { "type": "LineString", "coordinates": [ [ 14.631375408234296, 61.143244304965336 ], [ 14.631782873372941, 61.143093527554129 ], [ 14.632084237305987, 61.143069631329872 ], [ 14.632584801806246, 61.143435194057211 ], [ 14.633282179436167, 61.143876181338491 ], [ 14.63360264718988, 61.143762169326614 ] ] } },
{ "type": "Feature", "properties": { "objektidentitet": "b11a3e5e-ac4e-4853-a33d-4e5adfb1f6a2", "skapad": "2026-03-17T21:00:01", "objekttypnr": 2621, "objekttyp": "Odlingsmarksgräns", "vattenytaid": null, "hojd_over_havet": null, "reglerat_vatten": null }, "geometry": { "type": "LineString", "coordinates": [ [ 14.6345440497851, 61.143833349991674 ], [ 14.63452318986748, 61.144002247098271 ], [ 14.634426391993426, 61.144035383131225 ], [ 14.634295044256399, 61.144035028270196 ], [ 14.634203331958044, 61.143997791876494 ], [ 14.634206476119919, 61.143990905367168 ], [ 14.634057958911804, 61.143904586418302 ], [ 14.633904635996641, 61.143957472856179 ], [ 14.633748271751443, 61.144224786009893 ], [ 14.633462122638507, 61.144135409412428 ], [ 14.632524260037767, 61.144284878503534 ], [ 14.631803329039396, 61.143877705411391 ], [ 14.631540520315736, 61.143701958691729 ], [ 14.631714385627408, 61.143598253355499 ], [ 14.631375408234296, 61.143244304965336 ] ] } },
{ "type": "Feature", "properties": { "objektidentitet": "52aea3f2-a219-444c-acc4-584dba832177", "skapad": "2026-03-17T21:00:01", "objekttypnr": 2621, "objekttyp": "Odlingsmarksgräns", "vattenytaid": null, "hojd_over_havet": null, "reglerat_vatten": null }, "geometry": { "type": "LineString", "coordinates": [ [ 14.63476392865482, 61.145964934516527 ], [ 14.634585617699376, 61.145932303733453 ], [ 14.634226084656056, 61.145006115401159 ], [ 14.634568109495651, 61.144901469241525 ], [ 14.635240989969352, 61.144849938396717 ], [ 14.634548113387845, 61.144073140423473 ], [ 14.634547056397922, 61.143835144741075 ], [ 14.6345440497851, 61.143833349991674 ] ] } },
{ "type": "Feature", "properties": { "objektidentitet": "82dcb426-44f7-4500-a7d3-3c6ed688c2c8", "skapad": "2026-03-17T21:00:01", "objekttypnr": 2621, "objekttyp": "Odlingsmarksgräns", "vattenytaid": null, "hojd_over_havet": null, "reglerat_vatten": null }, "geometry": { "type": "LineString", "coordinates": [ [ 14.629904809045138, 61.144193735345148 ], [ 14.630206589571552, 61.144586280102857 ], [ 14.629251411740354, 61.144809683189401 ], [ 14.628620402891444, 61.144344410753867 ], [ 14.629755302591972, 61.144053209455244 ], [ 14.629904809045138, 61.144193735345148 ] ] } },
{ "type": "Feature", "properties": { "objektidentitet": "e98898f9-d571-41c2-ac25-51b75d0b0664", "skapad": "2026-03-17T21:00:01", "objekttypnr": 2621, "objekttyp": "Odlingsmarksgräns", "vattenytaid": null, "hojd_over_havet": null, "reglerat_vatten": null }, "geometry": { "type": "LineString", "coordinates": [ [ 14.62851616303446, 61.145454635370619 ], [ 14.62884202568487, 61.145371227611541 ], [ 14.629906553142268, 61.144987333805538 ], [ 14.630197302135652, 61.144800716722855 ], [ 14.630927435556002, 61.144677325618353 ], [ 14.631226245892387, 61.145066439561937 ], [ 14.630031765791303, 61.145364726179537 ], [ 14.630122384305549, 61.145824063391764 ], [ 14.629531062961242, 61.145985815233352 ], [ 14.629333948019745, 61.145911424212272 ], [ 14.628790080938952, 61.146049296010915 ], [ 14.629001963233131, 61.146232862906828 ], [ 14.628938832206673, 61.146321094213022 ], [ 14.628783812846958, 61.146342709801182 ], [ 14.628776564268231, 61.146335166399943 ], [ 14.628505252819004, 61.146383225396278 ] ] } },
{ "type": "Feature", "properties": { "objektidentitet": "6c014a52-ff7a-486e-b9f5-31978618a01c", "skapad": "2026-03-17T21:00:01", "objekttypnr": 2622, "objekttyp": "Öppen markgräns", "vattenytaid": null, "hojd_over_havet": null, "reglerat_vatten": null }, "geometry": { "type": "LineString", "coordinates": [ [ 14.63476392865482, 61.145964934516527 ], [ 14.634789749263222, 61.145763757765323 ], [ 14.63484350472087, 61.145712217392351 ], [ 14.63527548785747, 61.145688343081865 ], [ 14.63605825508524, 61.145993146055318 ], [ 14.636746947709558, 61.145973682967309 ], [ 14.637315155020286, 61.146257837318863 ], [ 14.637424171977901, 61.146356526096625 ] ] } },
{ "type": "Feature", "properties": { "objektidentitet": "e818e1e7-1938-4145-8b32-eca233d729c8", "skapad": "2026-03-17T21:00:01", "objekttypnr": 2622, "objekttyp": "Öppen markgräns", "vattenytaid": null, "hojd_over_havet": null, "reglerat_vatten": null }, "geometry": { "type": "LineString", "coordinates": [ [ 14.653783054992905, 61.145204595858182 ], [ 14.65351374760875, 61.145169081805818 ], [ 14.653121022352568, 61.145161719740379 ], [ 14.6527485683203, 61.145299229003626 ], [ 14.652056628727436, 61.145293663285905 ], [ 14.651607464807881, 61.145218009973455 ], [ 14.651218059999872, 61.145790284575952 ], [ 14.651655472299025, 61.146171180958966 ], [ 14.652118093748294, 61.146169578715046 ], [ 14.652335335698845, 61.146053748836238 ], [ 14.652251005731404, 61.14593729669717 ], [ 14.652875398652366, 61.145632011320302 ], [ 14.653351807008679, 61.145619074418065 ], [ 14.653994304735917, 61.145292328534033 ] ] } },
{ "type": "Feature", "properties": { "objektidentitet": "8fc813b8-a487-48f6-bd98-9aad28f2cad3", "skapad": "2026-03-17T21:00:01", "objekttypnr": 2614, "objekttyp": "Strandlinje, vattendragsyta", "vattenytaid": null, "hojd_over_havet": null, "reglerat_vatten": null }, "geometry": { "type": "LineString", "coordinates": [ [ 14.656949542993514, 61.147080633427954 ], [ 14.657000530472425, 61.147002027481626 ], [ 14.657017327449465, 61.146792662848625 ], [ 14.656702522657552, 61.146152304391563 ], [ 14.656565674727199, 61.145959814594072 ], [ 14.656449411616455, 61.145833758303141 ], [ 14.656222969665256, 61.145671439392316 ], [ 14.656010587285927, 61.145570931892713 ], [ 14.655649212503871, 61.145461022598212 ], [ 14.655184592603133, 61.145398215931202 ], [ 14.654900771001898, 61.145397124572781 ], [ 14.654589439340677, 61.145430212463964 ], [ 14.654188117028275, 61.145524172907734 ], [ 14.653629312148341, 61.145793388653942 ], [ 14.653205483379399, 61.146206206762656 ], [ 14.652684446391362, 61.146701369977933 ], [ 14.652567462986653, 61.146782309655535 ], [ 14.652311828850268, 61.146895842039434 ], [ 14.651794864312093, 61.147039154272697 ] ] } },
{ "type": "Feature", "properties": { "objektidentitet": "e51f2b3a-4275-4ce9-974f-98af996128ad", "skapad": "2026-03-17T21:00:01", "objekttypnr": 2614, "objekttyp": "Strandlinje, vattendragsyta", "vattenytaid": null, "hojd_over_havet": null, "reglerat_vatten": null }, "geometry": { "type": "LineString", "coordinates": [ [ 14.652806836509111, 61.147161553667644 ], [ 14.653076011103357, 61.147039670157014 ], [ 14.653202310829407, 61.146951014783831 ], [ 14.653349225066993, 61.146767750134998 ], [ 14.65379814638885, 61.146350534012861 ], [ 14.653952911514837, 61.14612314502051 ], [ 14.654140507518154, 61.145943925000367 ], [ 14.654642133503991, 61.145726210451841 ], [ 14.655248532863238, 61.145681996486317 ], [ 14.655395006786682, 61.145702838882798 ], [ 14.655574492474285, 61.145772667393729 ], [ 14.655710039231103, 61.14589297360336 ], [ 14.65576179517771, 61.146885259520147 ], [ 14.655870431579411, 61.147259873830201 ] ] } },
{ "type": "Feature", "properties": { "objektidentitet": "0ce8c01e-4fb2-4576-8ccf-4cb75fbe2452", "skapad": "2026-03-17T21:00:01", "objekttypnr": 2622, "objekttyp": "Öppen markgräns", "vattenytaid": null, "hojd_over_havet": null, "reglerat_vatten": null }, "geometry": { "type": "LineString", "coordinates": [ [ 14.650266853936456, 61.147250071287061 ], [ 14.651178001309269, 61.146575954444899 ], [ 14.651344788107203, 61.146601028213503 ], [ 14.651794864312093, 61.147039154272697 ] ] } },
{ "type": "Feature", "properties": { "objektidentitet": "3f8cdf94-fd0e-4976-b34c-6ca872a97e47", "skapad": "2026-03-17T21:00:01", "objekttypnr": 2621, "objekttyp": "Odlingsmarksgräns", "vattenytaid": null, "hojd_over_havet": null, "reglerat_vatten": null }, "geometry": { "type": "LineString", "coordinates": [ [ 14.661890977647294, 61.147151037438022 ], [ 14.663009423006907, 61.146684925616974 ] ] } },
{ "type": "Feature", "properties": { "objektidentitet": "06a36cd3-83a0-4415-a1cf-00b0e5abb168", "skapad": "2026-03-17T21:00:01", "objekttypnr": 2622, "objekttyp": "Öppen markgräns", "vattenytaid": null, "hojd_over_havet": null, "reglerat_vatten": null }, "geometry": { "type": "LineString", "coordinates": [ [ 14.658802635945019, 61.146882033347936 ], [ 14.65812837729051, 61.1467617802425 ], [ 14.65743581471463, 61.146776395619831 ], [ 14.657394215614142, 61.147024113433162 ], [ 14.656949542993514, 61.147080633427954 ] ] } },
{ "type": "Feature", "properties": { "objektidentitet": "ee41dc0f-897a-4f7f-84fa-f0e0c9df9625", "skapad": "2026-03-17T21:00:01", "objekttypnr": 2614, "objekttyp": "Strandlinje, vattendragsyta", "vattenytaid": null, "hojd_over_havet": null, "reglerat_vatten": null }, "geometry": { "type": "LineString", "coordinates": [ [ 14.651794864312093, 61.147039154272697 ], [ 14.651689810605204, 61.147065422275702 ], [ 14.651195031685495, 61.147103237442153 ], [ 14.650760166372526, 61.147150264035318 ], [ 14.650266853936456, 61.147250071287061 ] ] } },
{ "type": "Feature", "properties": { "objektidentitet": "eda8501d-dcf6-4860-9c44-a94463410c5f", "skapad": "2026-03-17T21:00:01", "objekttypnr": 2614, "objekttyp": "Strandlinje, vattendragsyta", "vattenytaid": null, "hojd_over_havet": null, "reglerat_vatten": null }, "geometry": { "type": "LineString", "coordinates": [ [ 14.656791737448344, 61.147144765651333 ], [ 14.656949542993514, 61.147080633427954 ] ] } },
{ "type": "Feature", "properties": { "objektidentitet": "351c01b6-48d8-4457-8876-270adb5fe627", "skapad": "2026-03-17T21:00:01", "objekttypnr": 2621, "objekttyp": "Odlingsmarksgräns", "vattenytaid": null, "hojd_over_havet": null, "reglerat_vatten": null }, "geometry": { "type": "LineString", "coordinates": [ [ 14.654019709977057, 61.147198981611893 ], [ 14.653827782342944, 61.147123310850979 ], [ 14.653315575671344, 61.147234518466114 ], [ 14.653107930969236, 61.147257373696313 ], [ 14.653802296181963, 61.147847762738564 ], [ 14.653986807865294, 61.147757891101854 ], [ 14.65412479021321, 61.147421468736518 ], [ 14.654019709977057, 61.147198981611893 ] ] } },
{ "type": "Feature", "properties": { "objektidentitet": "428f663f-cdbc-46f3-8c20-8a14d8970723", "skapad": "2026-03-17T21:00:01", "objekttypnr": 2617, "objekttyp": "Stängning", "vattenytaid": null, "hojd_over_havet": null, "reglerat_vatten": null }, "geometry": { "type": "LineString", "coordinates": [ [ 14.656791737448344, 61.147144765651333 ], [ 14.655870431579411, 61.147259873830201 ] ] } },
{ "type": "Feature", "properties": { "objektidentitet": "160e587d-0627-4195-9fdc-526238fe3990", "skapad": "2026-03-17T21:00:01", "objekttypnr": 2614, "objekttyp": "Strandlinje, vattendragsyta", "vattenytaid": null, "hojd_over_havet": null, "reglerat_vatten": null }, "geometry": { "type": "LineString", "coordinates": [ [ 14.656973315321427, 61.147483338817949 ], [ 14.656966026042729, 61.14724778801493 ], [ 14.65684023850552, 61.147240502372725 ], [ 14.656791737448344, 61.147144765651333 ] ] } },
{ "type": "Feature", "properties": { "objektidentitet": "1283c36d-5784-4c8f-a9eb-6e8e8cdd7c4c", "skapad": "2026-03-17T21:00:01", "objekttypnr": 2614, "objekttyp": "Strandlinje, vattendragsyta", "vattenytaid": null, "hojd_over_havet": null, "reglerat_vatten": null }, "geometry": { "type": "LineString", "coordinates": [ [ 14.649043639714892, 61.148136030119737 ], [ 14.649172925703423, 61.148087678654242 ], [ 14.649678581335737, 61.147978489783341 ], [ 14.65058522212415, 61.14773537138322 ], [ 14.65151076585342, 61.147542149390894 ], [ 14.652390129152192, 61.147315961524114 ], [ 14.652806836509111, 61.147161553667644 ] ] } },
{ "type": "Feature", "properties": { "objektidentitet": "bbf61d33-b88e-49a8-81e6-7e3bdd0cdc45", "skapad": "2026-03-17T21:00:01", "objekttypnr": 2622, "objekttyp": "Öppen markgräns", "vattenytaid": null, "hojd_over_havet": null, "reglerat_vatten": null }, "geometry": { "type": "LineString", "coordinates": [ [ 14.65696664761675, 61.149048061733779 ], [ 14.656168996191942, 61.150047151603211 ], [ 14.655498229767108, 61.149411919034414 ], [ 14.652806836509111, 61.147161553667644 ] ] } },
{ "type": "Feature", "properties": { "objektidentitet": "b957d813-53e9-4b37-b3c7-030e8496a52d", "skapad": "2026-03-17T21:00:01", "objekttypnr": 2614, "objekttyp": "Strandlinje, vattendragsyta", "vattenytaid": null, "hojd_over_havet": null, "reglerat_vatten": null }, "geometry": { "type": "LineString", "coordinates": [ [ 14.655870431579411, 61.147259873830201 ], [ 14.655951452109521, 61.14760687429105 ], [ 14.655939814435069, 61.147752823475358 ], [ 14.655890042958543, 61.148192115190312 ], [ 14.655898852485088, 61.148323105769776 ], [ 14.65598048387309, 61.148416224463077 ], [ 14.656562098888719, 61.148819843813904 ], [ 14.65696664761675, 61.149048061733779 ] ] } },
{ "type": "Feature", "properties": { "objektidentitet": "bdbcd5cf-8848-42f5-8045-577bf611d62c", "skapad": "2026-03-17T21:00:01", "objekttypnr": 2613, "objekttyp": "Strandlinje, sjö", "vattenytaid": null, "hojd_over_havet": null, "reglerat_vatten": null }, "geometry": { "type": "LineString", "coordinates": [ [ 14.648543878096486, 61.148880923207606 ], [ 14.648725139317383, 61.148791247545688 ], [ 14.648780794964299, 61.148739302776811 ], [ 14.64878449716608, 61.148482951432747 ], [ 14.649122669421665, 61.148235736025292 ], [ 14.649043639714892, 61.148136030119737 ] ] } },
{ "type": "Feature", "properties": { "objektidentitet": "27f5e089-17ff-47ef-8c11-a133b1138bbb", "skapad": "2026-03-17T21:00:01", "objekttypnr": 2614, "objekttyp": "Strandlinje, vattendragsyta", "vattenytaid": null, "hojd_over_havet": null, "reglerat_vatten": null }, "geometry": { "type": "LineString", "coordinates": [ [ 14.659903819835355, 61.150671197680651 ], [ 14.659878439795126, 61.150892535267765 ] ] } },
{ "type": "Feature", "properties": { "objektidentitet": "11865b4d-e113-4a6a-bcfc-11ce34989e30", "skapad": "2026-03-17T21:00:01", "objekttypnr": 2614, "objekttyp": "Strandlinje, vattendragsyta", "vattenytaid": null, "hojd_over_havet": null, "reglerat_vatten": null }, "geometry": { "type": "LineString", "coordinates": [ [ 14.659878439795126, 61.150892535267765 ], [ 14.659376224386941, 61.151250348067478 ], [ 14.659092337313197, 61.151557095528503 ], [ 14.658641121757631, 61.151902501075874 ], [ 14.658288398087723, 61.152230763709255 ], [ 14.658310903082228, 61.152355602951872 ], [ 14.658325806836999, 61.152406805031553 ], [ 14.658308643030859, 61.152523428015982 ], [ 14.658116025145016, 61.152847748911469 ], [ 14.658218722499489, 61.153238290752192 ], [ 14.658276878971511, 61.153681239885323 ], [ 14.658212861806568, 61.153952117647719 ], [ 14.658085070885788, 61.154067419814503 ], [ 14.658104765154711, 61.154100032113618 ] ] } },
{ "type": "Feature", "properties": { "objektidentitet": "170d2913-8107-4b3a-ab74-fffb3dcfe4f5", "skapad": "2026-03-17T21:00:01", "objekttypnr": 2622, "objekttyp": "Öppen markgräns", "vattenytaid": null, "hojd_over_havet": null, "reglerat_vatten": null }, "geometry": { "type": "LineString", "coordinates": [ [ 14.654778479394945, 61.154091590112017 ], [ 14.654048905975712, 61.153823248783866 ], [ 14.654119496241194, 61.153075471536646 ], [ 14.654441419231009, 61.152352423557303 ], [ 14.655231355437497, 61.151996161061014 ], [ 14.655333711572798, 61.151859016714816 ], [ 14.655828303608361, 61.151725285306824 ], [ 14.656320651609986, 61.151667722541198 ], [ 14.656488424474411, 61.151760476245265 ], [ 14.656266325428875, 61.152332704328771 ], [ 14.656392929404724, 61.152782884813973 ], [ 14.656803523714647, 61.153126159677029 ], [ 14.657100534576442, 61.153510569219407 ], [ 14.657093715156998, 61.1537709705064 ], [ 14.65675618094477, 61.154096619303907 ] ] } },
{ "type": "Feature", "properties": { "objektidentitet": "73da744f-8e83-44bd-8b1f-3a456aefae03", "skapad": "2026-03-17T21:00:01", "objekttypnr": 2614, "objekttyp": "Strandlinje, vattendragsyta", "vattenytaid": null, "hojd_over_havet": null, "reglerat_vatten": null }, "geometry": { "type": "LineString", "coordinates": [ [ 14.659713361271651, 61.154104085354291 ], [ 14.659747973452092, 61.153995469321337 ], [ 14.659712831121738, 61.153587277787672 ], [ 14.659625908203793, 61.153436393932814 ], [ 14.659250122200714, 61.153054485204443 ], [ 14.659226491727125, 61.152937121871503 ], [ 14.659196001496177, 61.152694402389955 ], [ 14.659185981089097, 61.152596806741116 ], [ 14.659235877325743, 61.152474951112985 ], [ 14.659498786037434, 61.152051905959368 ] ] } },
{ "type": "Feature", "properties": { "objektidentitet": "01cf5ccc-ce55-43ad-9306-c0a29be819f7", "skapad": "2026-03-17T21:00:01", "objekttypnr": 2621, "objekttyp": "Odlingsmarksgräns", "vattenytaid": null, "hojd_over_havet": null, "reglerat_vatten": null }, "geometry": { "type": "LineString", "coordinates": [ [ 14.667123781488939, 61.153349119606744 ], [ 14.667209398124196, 61.153539237281109 ], [ 14.666907597166357, 61.153631199459461 ], [ 14.666778411067542, 61.154121661073262 ] ] } },
{ "type": "Feature", "properties": { "objektidentitet": "5a0ca92b-6fdc-4fb8-bef3-fe5e5782e5b6", "skapad": "2026-03-17T21:00:01", "objekttypnr": 2622, "objekttyp": "Öppen markgräns", "vattenytaid": null, "hojd_over_havet": null, "reglerat_vatten": null }, "geometry": { "type": "LineString", "coordinates": [ [ 14.664336809613078, 61.154115628801051 ], [ 14.664166685890285, 61.153819406599169 ], [ 14.663789249497002, 61.153573088900721 ], [ 14.663193866750474, 61.153496195499393 ], [ 14.662652027479258, 61.153503222652844 ], [ 14.662069626563561, 61.153465382944709 ], [ 14.661715344159674, 61.153510464256101 ], [ 14.661467024064615, 61.153629490367642 ], [ 14.661140753590807, 61.153965960410027 ], [ 14.661063822926018, 61.154107473402988 ] ] } },
{ "type": "Feature", "properties": { "objektidentitet": "fb63fd49-204f-4854-a6c7-c5500d9e04b8", "skapad": "2026-03-17T21:00:01", "objekttypnr": 2613, "objekttyp": "Strandlinje, sjö", "vattenytaid": null, "hojd_over_havet": null, "reglerat_vatten": null }, "geometry": { "type": "LineString", "coordinates": [ [ 14.663321770712029, 61.154113108064323 ], [ 14.663281380288568, 61.15406763374061 ], [ 14.663071409507102, 61.153928718679445 ], [ 14.66218115139667, 61.153597975959485 ], [ 14.662037702825108, 61.153655264158338 ], [ 14.661485284828924, 61.154108528011363 ] ] } },
{ "type": "Feature", "properties": { "objektidentitet": "2bf06e42-99db-4edd-b823-afe9bacf97c1", "skapad": "2026-03-17T21:00:01", "objekttypnr": 2614, "objekttyp": "Strandlinje, vattendragsyta", "vattenytaid": null, "hojd_over_havet": null, "reglerat_vatten": null }, "geometry": { "type": "LineString", "coordinates": [ [ 14.639450072741509, 61.14592180127179 ], [ 14.64007878210475, 61.14603961134069 ], [ 14.640424328433818, 61.146251750719102 ], [ 14.640690988686975, 61.146304000462635 ], [ 14.640886882914417, 61.146251308909562 ], [ 14.641178087363174, 61.146460133008453 ] ] } },
{ "type": "Feature", "properties": { "objektidentitet": "754bc74e-27b5-4535-be9d-027dd930d75a", "skapad": "2026-03-17T21:00:01", "objekttypnr": 2622, "objekttyp": "Öppen markgräns", "vattenytaid": null, "hojd_over_havet": null, "reglerat_vatten": null }, "geometry": { "type": "LineString", "coordinates": [ [ 14.638612014805625, 61.14770050238775 ], [ 14.63907181346627, 61.147775706314611 ], [ 14.63946247908461, 61.147526428496569 ], [ 14.639516455952105, 61.147350804791976 ], [ 14.638996643410781, 61.146976445344663 ], [ 14.63945051352985, 61.14671063725784 ], [ 14.639880420783989, 61.146485038261879 ], [ 14.639918739356235, 61.146276397470388 ], [ 14.639450072741509, 61.14592180127179 ] ] } },
{ "type": "Feature", "properties": { "objektidentitet": "7ed6ec9d-ae9d-406c-a7d0-636fb985ad2e", "skapad": "2026-03-17T21:00:01", "objekttypnr": 2621, "objekttyp": "Odlingsmarksgräns", "vattenytaid": null, "hojd_over_havet": null, "reglerat_vatten": null }, "geometry": { "type": "LineString", "coordinates": [ [ 14.636528846159656, 61.146487337173546 ], [ 14.63610986612275, 61.146142316493702 ], [ 14.635853747921699, 61.146033498865819 ], [ 14.635036533330277, 61.14619796191613 ], [ 14.63476392865482, 61.145964934516527 ] ] } },
{ "type": "Feature", "properties": { "objektidentitet": "7c372b04-e34a-4630-b542-fc9b61a595e1", "skapad": "2026-03-17T21:00:01", "objekttypnr": 2621, "objekttyp": "Odlingsmarksgräns", "vattenytaid": null, "hojd_over_havet": null, "reglerat_vatten": null }, "geometry": { "type": "LineString", "coordinates": [ [ 14.637424171977901, 61.146356526096625 ], [ 14.63730479576739, 61.146356143229376 ] ] } },
{ "type": "Feature", "properties": { "objektidentitet": "4f0753b7-3978-4fc9-a81a-73a66b746b17", "skapad": "2026-03-17T21:00:01", "objekttypnr": 2622, "objekttyp": "Öppen markgräns", "vattenytaid": null, "hojd_over_havet": null, "reglerat_vatten": null }, "geometry": { "type": "LineString", "coordinates": [ [ 14.63730479576739, 61.146356143229376 ], [ 14.636528846159656, 61.146487337173546 ] ] } },
{ "type": "Feature", "properties": { "objektidentitet": "1007ce5a-d1c0-49ac-913f-3ae305a7357e", "skapad": "2026-03-17T21:00:01", "objekttypnr": 2621, "objekttyp": "Odlingsmarksgräns", "vattenytaid": null, "hojd_over_havet": null, "reglerat_vatten": null }, "geometry": { "type": "LineString", "coordinates": [ [ 14.63730479576739, 61.146356143229376 ], [ 14.637289203474454, 61.146747049192264 ], [ 14.637350165880681, 61.14683458451281 ], [ 14.637640072263869, 61.147065973991346 ], [ 14.637688652822163, 61.147088144438655 ], [ 14.637795584944055, 61.147087021013448 ], [ 14.638288380071753, 61.147024309295141 ], [ 14.638325430422297, 61.146982715266802 ], [ 14.638121087426308, 61.146865610471323 ], [ 14.637877238292253, 61.146613750111577 ], [ 14.637773943353906, 61.146547235529688 ], [ 14.637559455713117, 61.146456721608452 ], [ 14.637424171977901, 61.146356526096625 ] ] } },
{ "type": "Feature", "properties": { "objektidentitet": "cac0bcfa-bd01-4ded-886c-41df8586c23b", "skapad": "2026-03-17T21:00:01", "objekttypnr": 2613, "objekttyp": "Strandlinje, sjö", "vattenytaid": null, "hojd_over_havet": null, "reglerat_vatten": null }, "geometry": { "type": "LineString", "coordinates": [ [ 14.641178087363174, 61.146460133008453 ], [ 14.640892256977383, 61.146612204181395 ], [ 14.639864377242272, 61.147334197320234 ], [ 14.639985862635019, 61.147389482443273 ], [ 14.64065552383782, 61.147471415949084 ] ] } },
{ "type": "Feature", "properties": { "objektidentitet": "775402a7-5be3-4af3-8ad8-6be935f0f5e8", "skapad": "2026-03-17T21:00:01", "objekttypnr": 2621, "objekttyp": "Odlingsmarksgräns", "vattenytaid": null, "hojd_over_havet": null, "reglerat_vatten": null }, "geometry": { "type": "LineString", "coordinates": [ [ 14.636779805861988, 61.147136253568917 ], [ 14.636528846159656, 61.146487337173546 ] ] } },
{ "type": "Feature", "properties": { "objektidentitet": "19800984-0d1f-42b3-a315-c5fea0bedf18", "skapad": "2026-03-17T21:00:01", "objekttypnr": 2621, "objekttyp": "Odlingsmarksgräns", "vattenytaid": null, "hojd_over_havet": null, "reglerat_vatten": null }, "geometry": { "type": "LineString", "coordinates": [ [ 14.631864445095353, 61.147653040979904 ], [ 14.631890501492883, 61.147656676066916 ], [ 14.631880515807751, 61.147659162683496 ], [ 14.631747837166357, 61.147727149870519 ], [ 14.631673685809488, 61.147726912209521 ], [ 14.629741869767262, 61.147401995370814 ], [ 14.629742192116774, 61.147422052757854 ], [ 14.629633546644655, 61.147404392230214 ], [ 14.629558216449071, 61.147384336150658 ], [ 14.629545789356442, 61.147352646372013 ], [ 14.629183590968504, 61.14727786595892 ], [ 14.629122341246481, 61.147238833106918 ], [ 14.629133442124092, 61.147163440934129 ], [ 14.629181509778126, 61.147135373414457 ], [ 14.629197558269533, 61.147138586521194 ], [ 14.629260301913634, 61.147089802377785 ], [ 14.629260176312451, 61.147089443118595 ], [ 14.62932341230575, 61.147052510795753 ], [ 14.629479516011052, 61.147048000545624 ], [ 14.62957962251984, 61.147092005489981 ], [ 14.629588394819917, 61.147112211487602 ], [ 14.630611411054554, 61.146897591946193 ], [ 14.631050381008874, 61.147126691056762 ], [ 14.633063377322527, 61.146666574161415 ], [ 14.633947681144925, 61.146510788829055 ], [ 14.634516398613505, 61.14700177768146 ], [ 14.631864445095353, 61.147653040979904 ] ] } },
{ "type": "Feature", "properties": { "objektidentitet": "91c7b014-a229-4d95-bd07-144749573c07", "skapad": "2026-03-17T21:00:01", "objekttypnr": 2621, "objekttyp": "Odlingsmarksgräns", "vattenytaid": null, "hojd_over_havet": null, "reglerat_vatten": null }, "geometry": { "type": "LineString", "coordinates": [ [ 14.63673174851438, 61.147547164421759 ], [ 14.636052728287602, 61.147643180473416 ], [ 14.635966984005346, 61.147623773137695 ], [ 14.635795047332859, 61.147441635771237 ], [ 14.635572112163192, 61.146878531229099 ], [ 14.635727344283065, 61.14672217859647 ], [ 14.635857276296344, 61.146733517064447 ], [ 14.636324347886529, 61.147203333686214 ], [ 14.636779805861988, 61.147136253568917 ] ] } },
{ "type": "Feature", "properties": { "objektidentitet": "bcbf3bf7-d0c4-4d7e-a18b-e0e79f9a6136", "skapad": "2026-03-17T21:00:01", "objekttypnr": 2622, "objekttyp": "Öppen markgräns", "vattenytaid": null, "hojd_over_havet": null, "reglerat_vatten": null }, "geometry": { "type": "LineString", "coordinates": [ [ 14.63673174851438, 61.147547164421759 ], [ 14.636779805861988, 61.147136253568917 ] ] } },
{ "type": "Feature", "properties": { "objektidentitet": "36235c2f-b663-43ee-85a7-d4883e5949d9", "skapad": "2026-03-17T21:00:01", "objekttypnr": 2622, "objekttyp": "Öppen markgräns", "vattenytaid": null, "hojd_over_havet": null, "reglerat_vatten": null }, "geometry": { "type": "LineString", "coordinates": [ [ 14.64065552383782, 61.147471415949084 ], [ 14.640343627095012, 61.147738817474689 ], [ 14.639903096112814, 61.147858684849048 ], [ 14.639709447304625, 61.147918715704797 ], [ 14.639733464316082, 61.148111191976369 ] ] } },
{ "type": "Feature", "properties": { "objektidentitet": "d3d3c192-2b53-4457-9e93-b80ee29128bc", "skapad": "2026-03-17T21:00:01", "objekttypnr": 2621, "objekttyp": "Odlingsmarksgräns", "vattenytaid": null, "hojd_over_havet": null, "reglerat_vatten": null }, "geometry": { "type": "LineString", "coordinates": [ [ 14.638612014805625, 61.14770050238775 ], [ 14.638159858054829, 61.147569636742674 ], [ 14.637334343476832, 61.147545180313848 ], [ 14.636765131690106, 61.147847642264033 ], [ 14.636695301161062, 61.147809218619663 ], [ 14.63673174851438, 61.147547164421759 ] ] } },
{ "type": "Feature", "properties": { "objektidentitet": "d9dbb059-f255-4c36-b90a-2c069938675b", "skapad": "2026-03-17T21:00:01", "objekttypnr": 2621, "objekttyp": "Odlingsmarksgräns", "vattenytaid": null, "hojd_over_havet": null, "reglerat_vatten": null }, "geometry": { "type": "LineString", "coordinates": [ [ 14.639733464316082, 61.148111191976369 ], [ 14.639395359001311, 61.148315263770321 ], [ 14.639284987906281, 61.148296717891029 ], [ 14.638424398945579, 61.147957296173111 ], [ 14.638612014805625, 61.14770050238775 ] ] } },
{ "type": "Feature", "properties": { "objektidentitet": "bdeca88a-e2c5-4522-9b7c-7bfef4303ed9", "skapad": "2026-03-17T21:00:01", "objekttypnr": 2621, "objekttyp": "Odlingsmarksgräns", "vattenytaid": null, "hojd_over_havet": null, "reglerat_vatten": null }, "geometry": { "type": "LineString", "coordinates": [ [ 14.638361666247844, 61.15127193040999 ], [ 14.638927959004384, 61.152029309949768 ], [ 14.639112128786284, 61.15213795660074 ], [ 14.639663507447226, 61.15195261563904 ], [ 14.639891966039485, 61.151536465329315 ], [ 14.640085746258896, 61.151442336563591 ], [ 14.63907978668237, 61.149511531831045 ], [ 14.638920025352469, 61.149427091448935 ], [ 14.638725977026237, 61.149551957662084 ], [ 14.638453926411934, 61.149527125879523 ], [ 14.637377207595176, 61.149296631347511 ], [ 14.637192979132008, 61.148604218283516 ], [ 14.636441641000864, 61.148435134201812 ], [ 14.636469764605259, 61.149113698347513 ], [ 14.635998091664083, 61.14915866633887 ], [ 14.635988223539997, 61.149168703938038 ], [ 14.635961471486565, 61.149172088531628 ], [ 14.63579063628927, 61.149143546465609 ], [ 14.63575322458048, 61.149106367418149 ], [ 14.635715882371157, 61.148739092592194 ], [ 14.634500137352283, 61.148710470752867 ], [ 14.634502655272623, 61.148233989458589 ], [ 14.634436254616263, 61.148191497895588 ], [ 14.63442961727405, 61.148190384593121 ], [ 14.634348850002183, 61.14812123474664 ], [ 14.634409507115201, 61.148051569363084 ], [ 14.634538066418306, 61.148026239884594 ], [ 14.636441801670456, 61.148291929773308 ], [ 14.638355606226018, 61.148777952894726 ], [ 14.638875856518837, 61.148956554641948 ], [ 14.641651142978812, 61.1500747091523 ], [ 14.639870078656225, 61.150422935322972 ], [ 14.640045180500097, 61.150665038644235 ], [ 14.640442122515275, 61.150901931569173 ], [ 14.641185265050366, 61.150924444729142 ], [ 14.64164017263411, 61.150806478407453 ], [ 14.642192143763632, 61.151130017134555 ], [ 14.642279505940566, 61.151237487900133 ], [ 14.642410838833346, 61.151328834024476 ], [ 14.642989030932004, 61.151115315040464 ], [ 14.643206045381492, 61.150958147279539 ], [ 14.643079217233019, 61.150867577111718 ], [ 14.642680874507887, 61.150997790550207 ], [ 14.642313357953167, 61.15072985614102 ], [ 14.641997893752682, 61.150264079679268 ], [ 14.642548158998961, 61.149934576520735 ] ] } },
{ "type": "Feature", "properties": { "objektidentitet": "c3d6e44d-4d76-443b-84a9-58162b67ff34", "skapad": "2026-03-17T21:00:01", "objekttypnr": 2621, "objekttyp": "Odlingsmarksgräns", "vattenytaid": null, "hojd_over_havet": null, "reglerat_vatten": null }, "geometry": { "type": "LineString", "coordinates": [ [ 14.628466182845159, 61.149708031792308 ], [ 14.628730880195665, 61.149700435657152 ], [ 14.629203276124496, 61.150290701587146 ], [ 14.629235646983551, 61.150434049114175 ], [ 14.62850441769789, 61.150458591554766 ], [ 14.628505788193376, 61.150664474422797 ], [ 14.628516559978651, 61.150735877651236 ], [ 14.628454018992727, 61.150742995804556 ] ] } },
{ "type": "Feature", "properties": { "objektidentitet": "37908434-d272-4fcb-845b-db1f063204ba", "skapad": "2026-03-17T21:00:01", "objekttypnr": 2621, "objekttyp": "Odlingsmarksgräns", "vattenytaid": null, "hojd_over_havet": null, "reglerat_vatten": null }, "geometry": { "type": "LineString", "coordinates": [ [ 14.636944761231319, 61.151773327204936 ], [ 14.636893215594538, 61.1515445514909 ], [ 14.637739314492263, 61.151036645897783 ], [ 14.63786793933053, 61.15091719036149 ], [ 14.638527741415357, 61.150798382176212 ], [ 14.63871434894607, 61.15114000992952 ], [ 14.638361666247844, 61.15127193040999 ] ] } },
{ "type": "Feature", "properties": { "objektidentitet": "b9261ace-948c-401c-984b-785a254c8aa2", "skapad": "2026-03-17T21:00:01", "objekttypnr": 2622, "objekttyp": "Öppen markgräns", "vattenytaid": null, "hojd_over_havet": null, "reglerat_vatten": null }, "geometry": { "type": "LineString", "coordinates": [ [ 14.638361666247844, 61.15127193040999 ], [ 14.636944761231319, 61.151773327204936 ] ] } },
{ "type": "Feature", "properties": { "objektidentitet": "1d6872a1-4b48-4e02-9d38-a83a0642f78b", "skapad": "2026-03-17T21:00:01", "objekttypnr": 2621, "objekttyp": "Odlingsmarksgräns", "vattenytaid": null, "hojd_over_havet": null, "reglerat_vatten": null }, "geometry": { "type": "LineString", "coordinates": [ [ 14.637651672875252, 61.152616189739632 ], [ 14.636944761231319, 61.151773327204936 ] ] } },
{ "type": "Feature", "properties": { "objektidentitet": "10c0a9f9-66f2-4e16-9e4d-a1842eda7c5c", "skapad": "2026-03-17T21:00:01", "objekttypnr": 2621, "objekttyp": "Odlingsmarksgräns", "vattenytaid": null, "hojd_over_havet": null, "reglerat_vatten": null }, "geometry": { "type": "LineString", "coordinates": [ [ 14.638696306151227, 61.152882767869059 ], [ 14.638384028760237, 61.152488724374116 ], [ 14.637719729736348, 61.152701759891315 ] ] } },
{ "type": "Feature", "properties": { "objektidentitet": "f4317623-2f11-4392-aa61-b3d06b586a97", "skapad": "2026-03-17T21:00:01", "objekttypnr": 2622, "objekttyp": "Öppen markgräns", "vattenytaid": null, "hojd_over_havet": null, "reglerat_vatten": null }, "geometry": { "type": "LineString", "coordinates": [ [ 14.637651672875252, 61.152616189739632 ], [ 14.637719729736348, 61.152701759891315 ] ] } },
{ "type": "Feature", "properties": { "objektidentitet": "5bc72efb-2956-4158-8248-93283aa89fc1", "skapad": "2026-03-17T21:00:01", "objekttypnr": 2621, "objekttyp": "Odlingsmarksgräns", "vattenytaid": null, "hojd_over_havet": null, "reglerat_vatten": null }, "geometry": { "type": "LineString", "coordinates": [ [ 14.636054449457776, 61.152771844276451 ], [ 14.636683448268981, 61.152947936642974 ], [ 14.637194784928228, 61.152789799578699 ], [ 14.637651672875252, 61.152616189739632 ] ] } },
{ "type": "Feature", "properties": { "objektidentitet": "4c2b30f1-79e2-4f66-a2d5-7c661675f42c", "skapad": "2026-03-17T21:00:01", "objekttypnr": 2621, "objekttyp": "Odlingsmarksgräns", "vattenytaid": null, "hojd_over_havet": null, "reglerat_vatten": null }, "geometry": { "type": "LineString", "coordinates": [ [ 14.635552236051385, 61.152889134648362 ], [ 14.636054449457776, 61.152771844276451 ] ] } },
{ "type": "Feature", "properties": { "objektidentitet": "8b5b45ea-e6bb-4271-96f2-c66447b1b3b2", "skapad": "2026-03-17T21:00:01", "objekttypnr": 2621, "objekttyp": "Odlingsmarksgräns", "vattenytaid": null, "hojd_over_havet": null, "reglerat_vatten": null }, "geometry": { "type": "LineString", "coordinates": [ [ 14.635010147617486, 61.153064455996052 ], [ 14.633856476991006, 61.151611470500988 ], [ 14.634479870309246, 61.151554314666576 ], [ 14.6349123366707, 61.152027983492559 ], [ 14.634942938020416, 61.152075980596635 ], [ 14.635552236051385, 61.152889134648362 ] ] } },
{ "type": "Feature", "properties": { "objektidentitet": "a87c30d3-6282-49d7-84b4-c84620aedad5", "skapad": "2026-03-17T21:00:01", "objekttypnr": 2621, "objekttyp": "Odlingsmarksgräns", "vattenytaid": null, "hojd_over_havet": null, "reglerat_vatten": null }, "geometry": { "type": "LineString", "coordinates": [ [ 14.637719729736348, 61.152701759891315 ], [ 14.638032757876466, 61.153088103959789 ], [ 14.638696306151227, 61.152882767869059 ] ] } },
{ "type": "Feature", "properties": { "objektidentitet": "591d0992-268d-43a5-ab37-c3d9f165b1df", "skapad": "2026-03-17T21:00:01", "objekttypnr": 2621, "objekttyp": "Odlingsmarksgräns", "vattenytaid": null, "hojd_over_havet": null, "reglerat_vatten": null }, "geometry": { "type": "LineString", "coordinates": [ [ 14.642231948280022, 61.152770482641166 ], [ 14.642048548923052, 61.152369408574195 ], [ 14.640985925961269, 61.152493315920694 ], [ 14.640866272179819, 61.152569291980562 ], [ 14.641299311598514, 61.153131453538791 ], [ 14.641991882942625, 61.15302244734022 ], [ 14.641932469763656, 61.1528369615096 ], [ 14.642231948280022, 61.152770482641166 ] ] } },
{ "type": "Feature", "properties": { "objektidentitet": "de88e408-d466-4e60-affd-8a8573103de2", "skapad": "2026-03-17T21:00:01", "objekttypnr": 2621, "objekttyp": "Odlingsmarksgräns", "vattenytaid": null, "hojd_over_havet": null, "reglerat_vatten": null }, "geometry": { "type": "LineString", "coordinates": [ [ 14.628446815777611, 61.151355846042279 ], [ 14.629455601450102, 61.151331094351548 ], [ 14.629545536572214, 61.151500706707282 ], [ 14.630056487876679, 61.151862320683961 ], [ 14.630379278503769, 61.151903952754445 ], [ 14.632147660770308, 61.152898069868641 ], [ 14.632341584116205, 61.152757591161532 ], [ 14.632533221359211, 61.152331001847358 ], [ 14.632763074335294, 61.152231729510561 ], [ 14.634282676122458, 61.153774207482506 ] ] } },
{ "type": "Feature", "properties": { "objektidentitet": "9e743122-cf0a-4628-a3ab-c39655a2c0c2", "skapad": "2026-03-17T21:00:01", "objekttypnr": 2621, "objekttyp": "Odlingsmarksgräns", "vattenytaid": null, "hojd_over_havet": null, "reglerat_vatten": null }, "geometry": { "type": "LineString", "coordinates": [ [ 14.634282676122458, 61.153774207482506 ], [ 14.634874822879945, 61.153583681151424 ], [ 14.634586565475617, 61.153203007740316 ], [ 14.635010147617486, 61.153064455996052 ] ] } },
{ "type": "Feature", "properties": { "objektidentitet": "7631160b-373a-4fdd-8ca9-fadb6793b1f7", "skapad": "2026-03-17T21:00:01", "objekttypnr": 2622, "objekttyp": "Öppen markgräns", "vattenytaid": null, "hojd_over_havet": null, "reglerat_vatten": null }, "geometry": { "type": "LineString", "coordinates": [ [ 14.638696306151227, 61.152882767869059 ], [ 14.63921547762971, 61.152719221478115 ], [ 14.639378438493811, 61.152814595761193 ], [ 14.639139984846837, 61.152884301525916 ], [ 14.638250429665373, 61.153328141623717 ], [ 14.638588465806896, 61.153606673779564 ], [ 14.638554920539724, 61.153958504894575 ], [ 14.638406477500643, 61.153970982801688 ], [ 14.638224269900915, 61.153884964427604 ], [ 14.637552463177478, 61.153619139321115 ], [ 14.637020174399666, 61.153748322081881 ], [ 14.636922396495889, 61.15372851517678 ], [ 14.636387493763367, 61.153265701210437 ], [ 14.636054449457776, 61.152771844276451 ] ] } },
{ "type": "Feature", "properties": { "objektidentitet": "8f8247c4-2ac0-4b65-b6df-484f01ff2947", "skapad": "2026-03-17T21:00:01", "objekttypnr": 2622, "objekttyp": "Öppen markgräns", "vattenytaid": null, "hojd_over_havet": null, "reglerat_vatten": null }, "geometry": { "type": "LineString", "coordinates": [ [ 14.630633318146089, 61.154027860383842 ], [ 14.630704147340337, 61.153736454579331 ], [ 14.630861841356557, 61.153504709863661 ], [ 14.630008843126395, 61.153199658366809 ], [ 14.630450537446499, 61.152951749016651 ], [ 14.630465957629049, 61.152703869203449 ], [ 14.630296281331509, 61.152586155815548 ], [ 14.62967661543561, 61.152497170584915 ], [ 14.629458822171047, 61.152305230764057 ], [ 14.629460480222768, 61.152052833219614 ], [ 14.628972788673753, 61.151517416894656 ], [ 14.628444778159192, 61.15152920183742 ] ] } },
{ "type": "Feature", "properties": { "objektidentitet": "bc8c642d-1728-4af3-8d5c-aed866871fdb", "skapad": "2026-03-17T21:00:01", "objekttypnr": 2622, "objekttyp": "Öppen markgräns", "vattenytaid": null, "hojd_over_havet": null, "reglerat_vatten": null }, "geometry": { "type": "LineString", "coordinates": [ [ 14.630864010641996, 61.154028489661542 ], [ 14.630822255056398, 61.15396076392566 ], [ 14.63101136265513, 61.153872614717578 ], [ 14.631337149476273, 61.153847188440544 ], [ 14.631678745659041, 61.154030708930762 ] ] } },
{ "type": "Feature", "properties": { "objektidentitet": "1b90e5b8-676e-485a-8cd4-f8a4c4f096c7", "skapad": "2026-03-17T21:00:01", "objekttypnr": 2622, "objekttyp": "Öppen markgräns", "vattenytaid": null, "hojd_over_havet": null, "reglerat_vatten": null }, "geometry": { "type": "LineString", "coordinates": [ [ 14.633731496624492, 61.154036278707849 ], [ 14.633548239416536, 61.153998596436857 ], [ 14.632949338541682, 61.153609447323895 ], [ 14.633567985201479, 61.153430005175338 ], [ 14.634120880880744, 61.153840645933663 ], [ 14.634249568533122, 61.153830364071347 ], [ 14.634282676122458, 61.153774207482506 ] ] } },
{ "type": "Feature", "properties": { "objektidentitet": "e6f12bc6-9cd9-4f89-a14b-de99729e5451", "skapad": "2026-03-17T21:00:01", "objekttypnr": 2622, "objekttyp": "Öppen markgräns", "vattenytaid": null, "hojd_over_havet": null, "reglerat_vatten": null }, "geometry": { "type": "LineString", "coordinates": [ [ 14.635010147617486, 61.153064455996052 ], [ 14.63553300860338, 61.153691410879766 ], [ 14.634648805805742, 61.154038757600517 ] ] } },
{ "type": "Feature", "properties": { "objektidentitet": "4bc7c158-8d09-4be4-8c43-b68582ee0d16", "skapad": "2026-03-17T21:00:01", "objekttypnr": 2622, "objekttyp": "Öppen markgräns", "vattenytaid": null, "hojd_over_havet": null, "reglerat_vatten": null }, "geometry": { "type": "LineString", "coordinates": [ [ 14.635552236051385, 61.152889134648362 ], [ 14.635846105441637, 61.15328656488191 ], [ 14.63646299529761, 61.153650441040448 ], [ 14.63640888609345, 61.154043496550813 ] ] } },
{ "type": "Feature", "properties": { "objektidentitet": "cad827cb-6f4f-49e9-aca4-f97d0b940dbd", "skapad": "2026-03-17T21:00:01", "objekttypnr": 2621, "objekttyp": "Odlingsmarksgräns", "vattenytaid": null, "hojd_over_havet": null, "reglerat_vatten": null }, "geometry": { "type": "LineString", "coordinates": [ [ 14.642112803937778, 61.153389078836398 ], [ 14.641897898266333, 61.15312036186895 ], [ 14.641088990525883, 61.153161672013347 ], [ 14.640437492404967, 61.153166002940942 ], [ 14.640196745192043, 61.153184189818425 ], [ 14.640130959359968, 61.153166068390718 ], [ 14.64012877199475, 61.153134640288634 ], [ 14.640120056092538, 61.153149529058894 ], [ 14.639944128018321, 61.153187486179966 ], [ 14.639861962222408, 61.153167175509196 ], [ 14.639860090977209, 61.153165078688815 ], [ 14.63967946258856, 61.153111709609036 ], [ 14.639580989935688, 61.15312029072544 ], [ 14.638952713049125, 61.153456702202625 ], [ 14.638792735302134, 61.153595987988709 ], [ 14.638847128220513, 61.153689259672284 ], [ 14.639248869442833, 61.15384191203961 ], [ 14.639534559539323, 61.153878018786749 ], [ 14.639716865045589, 61.153915016690938 ], [ 14.639634017501665, 61.154052120707028 ] ] } },
{ "type": "Feature", "properties": { "objektidentitet": "0ebb1368-7506-4ab0-9a73-f9d14bf314a4", "skapad": "2026-03-17T21:00:01", "objekttypnr": 2621, "objekttyp": "Odlingsmarksgräns", "vattenytaid": null, "hojd_over_havet": null, "reglerat_vatten": null }, "geometry": { "type": "LineString", "coordinates": [ [ 14.641707096775624, 61.154057623648939 ], [ 14.6417612817266, 61.153894676304255 ], [ 14.642356961008247, 61.153673844427502 ], [ 14.642274197293085, 61.153458230449921 ] ] } },
{ "type": "Feature", "properties": { "objektidentitet": "f4b15c12-be90-4ac1-ae5e-8b0834047300", "skapad": "2026-03-17T21:00:01", "objekttypnr": 2622, "objekttyp": "Öppen markgräns", "vattenytaid": null, "hojd_over_havet": null, "reglerat_vatten": null }, "geometry": { "type": "LineString", "coordinates": [ [ 14.641999917504377, 61.154058398375888 ], [ 14.642026804210495, 61.15402866313724 ], [ 14.642645549114986, 61.153951715148914 ], [ 14.642947102651281, 61.154060900041252 ] ] } },
{ "type": "Feature", "properties": { "objektidentitet": "5e664dad-cfaf-4773-a795-292ff6f45ff7", "skapad": "2026-03-17T21:00:01", "objekttypnr": 2622, "objekttyp": "Öppen markgräns", "vattenytaid": null, "hojd_over_havet": null, "reglerat_vatten": null }, "geometry": { "type": "LineString", "coordinates": [ [ 14.643184242838696, 61.15406152532848 ], [ 14.643319747591038, 61.153932620076247 ], [ 14.643258649183645, 61.153798501503914 ], [ 14.642607230767119, 61.153431530432428 ], [ 14.642506578184442, 61.153406144744686 ], [ 14.642274197293085, 61.153458230449921 ] ] } },
{ "type": "Feature", "properties": { "objektidentitet": "d84418ea-3eaa-4fd2-aa86-7b8964a2b016", "skapad": "2026-03-17T21:00:01", "objekttypnr": 2621, "objekttyp": "Odlingsmarksgräns", "vattenytaid": null, "hojd_over_havet": null, "reglerat_vatten": null }, "geometry": { "type": "LineString", "coordinates": [ [ 14.642548158998961, 61.149934576520735 ], [ 14.642159667745178, 61.149567848244068 ], [ 14.641153834842454, 61.149158320391258 ], [ 14.640593211956187, 61.148663475748506 ], [ 14.640515559570828, 61.14854945791587 ], [ 14.640212156601855, 61.148297991661032 ], [ 14.640068170715455, 61.148242808297411 ], [ 14.639733464316082, 61.148111191976369 ] ] } },
{ "type": "Feature", "properties": { "objektidentitet": "6c185c9b-9f62-43be-86ed-998d7519cdf9", "skapad": "2025-12-17T01:00:01", "objekttypnr": 2622, "objekttyp": "Öppen markgräns", "vattenytaid": null, "hojd_over_havet": null, "reglerat_vatten": null }, "geometry": { "type": "LineString", "coordinates": [ [ 14.630633318146089, 61.154027860383842 ], [ 14.630569318322816, 61.154291202030777 ], [ 14.630336403442005, 61.15437716600843 ], [ 14.630067762882859, 61.154392906324084 ], [ 14.629891364933551, 61.154286881299633 ], [ 14.629706306690831, 61.1542794892489 ], [ 14.629510326480201, 61.154449396417931 ], [ 14.629461575258846, 61.154604497980337 ] ] } },
{ "type": "Feature", "properties": { "objektidentitet": "702a9990-ca61-475d-988e-5490409f8918", "skapad": "2025-12-17T01:00:01", "objekttypnr": 2622, "objekttyp": "Öppen markgräns", "vattenytaid": null, "hojd_over_havet": null, "reglerat_vatten": null }, "geometry": { "type": "LineString", "coordinates": [ [ 14.631678745659041, 61.154030708930762 ], [ 14.631706182941402, 61.15404545305686 ], [ 14.631787004963696, 61.154566825289578 ], [ 14.631160791014159, 61.154509871191273 ], [ 14.630864010641996, 61.154028489661542 ] ] } },
{ "type": "Feature", "properties": { "objektidentitet": "c8008f41-1ba2-474c-812d-14f60cff1350", "skapad": "2025-12-17T01:00:01", "objekttypnr": 2622, "objekttyp": "Öppen markgräns", "vattenytaid": null, "hojd_over_havet": null, "reglerat_vatten": null }, "geometry": { "type": "LineString", "coordinates": [ [ 14.634648805805742, 61.154038757600517 ], [ 14.634520041808505, 61.154089340821329 ], [ 14.634117233732109, 61.15411559923291 ], [ 14.633731496624492, 61.154036278707849 ] ] } },
{ "type": "Feature", "properties": { "objektidentitet": "5844f9d9-f185-4110-acb3-b4cde9af32d5", "skapad": "2025-12-17T01:00:01", "objekttypnr": 2622, "objekttyp": "Öppen markgräns", "vattenytaid": null, "hojd_over_havet": null, "reglerat_vatten": null }, "geometry": { "type": "LineString", "coordinates": [ [ 14.635473563421305, 61.154620820789006 ], [ 14.636390255765777, 61.154178759783832 ], [ 14.63640888609345, 61.154043496550813 ] ] } },
{ "type": "Feature", "properties": { "objektidentitet": "05103479-a336-4d6f-803c-37996a2c422b", "skapad": "2025-12-17T01:00:01", "objekttypnr": 2621, "objekttyp": "Odlingsmarksgräns", "vattenytaid": null, "hojd_over_havet": null, "reglerat_vatten": null }, "geometry": { "type": "MultiLineString", "coordinates": [ [ [ 14.639634017501665, 61.154052120707028 ], [ 14.639436126637698, 61.154379642189831 ], [ 14.639348667342839, 61.154464779083526 ], [ 14.639181677270891, 61.154630755342779 ] ], [ [ 14.63890313319877, 61.154630012613026 ], [ 14.638077850564192, 61.154483365010535 ], [ 14.637461436751998, 61.154188330290459 ], [ 14.63657134300434, 61.154623772478324 ] ] ] } },
{ "type": "Feature", "properties": { "objektidentitet": "f53b0f9a-00bf-4373-8aee-04efc65b4479", "skapad": "2025-12-17T01:00:01", "objekttypnr": 2621, "objekttyp": "Odlingsmarksgräns", "vattenytaid": null, "hojd_over_havet": null, "reglerat_vatten": null }, "geometry": { "type": "LineString", "coordinates": [ [ 14.641518370647985, 61.154636963495783 ], [ 14.64153403534613, 61.154578110683595 ] ] } },
{ "type": "Feature", "properties": { "objektidentitet": "fabaf23d-d39d-42c4-8cd0-4f0708853268", "skapad": "2025-12-17T01:00:01", "objekttypnr": 2621, "objekttyp": "Odlingsmarksgräns", "vattenytaid": null, "hojd_over_havet": null, "reglerat_vatten": null }, "geometry": { "type": "LineString", "coordinates": [ [ 14.64153403534613, 61.154578110683595 ], [ 14.641707096775624, 61.154057623648939 ] ] } },
{ "type": "Feature", "properties": { "objektidentitet": "9a833227-6106-4791-b042-93d0412ec227", "skapad": "2025-12-17T01:00:01", "objekttypnr": 2622, "objekttyp": "Öppen markgräns", "vattenytaid": null, "hojd_over_havet": null, "reglerat_vatten": null }, "geometry": { "type": "MultiLineString", "coordinates": [ [ [ 14.641999917504377, 61.154058398375888 ], [ 14.641971939576456, 61.154089333497595 ], [ 14.642312050635718, 61.154532909787243 ], [ 14.642129749690122, 61.154638581156824 ] ], [ [ 14.641768727101427, 61.154637626253219 ], [ 14.64153403534613, 61.154578110683595 ] ] ] } },
{ "type": "Feature", "properties": { "objektidentitet": "86bdf1b9-b4b7-4e3b-9518-aba28259e1b3", "skapad": "2025-12-17T01:00:01", "objekttypnr": 2622, "objekttyp": "Öppen markgräns", "vattenytaid": null, "hojd_over_havet": null, "reglerat_vatten": null }, "geometry": { "type": "LineString", "coordinates": [ [ 14.643184242838696, 61.15406152532848 ], [ 14.643119353969878, 61.154123265100424 ], [ 14.642947102651281, 61.154060900041252 ] ] } },
{ "type": "Feature", "properties": { "objektidentitet": "ca9fe764-cdf1-42b5-9112-d10ad5c1459b", "skapad": "2025-12-17T01:00:01", "objekttypnr": 2622, "objekttyp": "Öppen markgräns", "vattenytaid": null, "hojd_over_havet": null, "reglerat_vatten": null }, "geometry": { "type": "LineString", "coordinates": [ [ 14.644930118597001, 61.154645955422502 ], [ 14.644726132937336, 61.154507234070678 ], [ 14.644548950238393, 61.154065115690898 ] ] } },
{ "type": "Feature", "properties": { "objektidentitet": "46109acc-5789-478c-837e-ae6a45effb02", "skapad": "2025-12-17T01:00:01", "objekttypnr": 2614, "objekttyp": "Strandlinje, vattendragsyta", "vattenytaid": null, "hojd_over_havet": null, "reglerat_vatten": null }, "geometry": { "type": "LineString", "coordinates": [ [ 14.645435085904776, 61.154067439627639 ], [ 14.645689652558923, 61.154341605527016 ], [ 14.645908035224107, 61.154512548399879 ], [ 14.646149414178904, 61.154649148113393 ] ] } },
{ "type": "Feature", "properties": { "objektidentitet": "ee84028e-fcbb-4aa2-ab3e-31ee3bb778df", "skapad": "2025-12-17T01:00:01", "objekttypnr": 2614, "objekttyp": "Strandlinje, vattendragsyta", "vattenytaid": null, "hojd_over_havet": null, "reglerat_vatten": null }, "geometry": { "type": "LineString", "coordinates": [ [ 14.646878760474859, 61.154651052636268 ], [ 14.64644202487283, 61.154372032127121 ], [ 14.6460611365252, 61.1540690779809 ] ] } }
]
}
