{
"type": "FeatureCollection",
"name": "orsa_stackmora_3_12_topografi_byggnadsverk_2km",
"crs": { "type": "name", "properties": { "name": "urn:ogc:def:crs:OGC:1.3:CRS84" } },
"features": [
{ "type": "Feature", "properties": { "objektidentitet": "979fae6e-4acb-4dee-a3d7-5aaa4bdbb517", "skapad": "2026-03-17T21:00:01", "objekttypnr": 2066, "objekttyp": "Komplementbyggnad", "hojd": null, "rotation": null }, "geometry": { "type": "Polygon", "coordinates": [ [ [ 14.63172113418428, 61.147050249149402 ], [ 14.631859589747567, 61.147187815765214 ], [ 14.632403030240031, 61.147060003395374 ], [ 14.6326035580444, 61.147259145990972 ], [ 14.633062918099384, 61.147151087159763 ], [ 14.632723892154592, 61.146814370774315 ], [ 14.63172113418428, 61.147050249149402 ] ] ] } },
{ "type": "Feature", "properties": { "objektidentitet": "ced45a1e-d9a6-4134-80ab-2ba8ca2ddf7c", "skapad": "2026-03-17T21:00:01", "objekttypnr": 2066, "objekttyp": "Komplementbyggnad", "hojd": null, "rotation": null }, "geometry": { "type": "Polygon", "coordinates": [ [ [ 14.631730246294314, 61.147376276235534 ], [ 14.631888980977104, 61.147562306314171 ], [ 14.63252780721184, 61.147434977220676 ], [ 14.632369050803032, 61.14724893879324 ], [ 14.631730246294314, 61.147376276235534 ] ] ] } },
{ "type": "Feature", "properties": { "objektidentitet": "74c0298f-c06c-4863-9953-168c075620ab", "skapad": "2026-03-17T21:00:01", "objekttypnr": 2062, "objekttyp": "Industri", "hojd": null, "rotation": null }, "geometry": { "type": "Polygon", "coordinates": [ [ [ 14.686550192353296, 61.132257216178822 ], [ 14.686601072886326, 61.13245317575447 ], [ 14.687066725052878, 61.132424932113324 ], [ 14.687015823071821, 61.132228963625536 ], [ 14.686550192353296, 61.132257216178822 ] ] ] } },
{ "type": "Feature", "properties": { "objektidentitet": "d49cfa6c-fd8e-45c3-a119-d1cd235f2ff5", "skapad": "2026-03-17T21:00:01", "objekttypnr": 2066, "objekttyp": "Komplementbyggnad", "hojd": null, "rotation": null }, "geometry": { "type": "Polygon", "coordinates": [ [ [ 14.673525403010501, 61.129716650714016 ], [ 14.67379776129529, 61.129964260460966 ], [ 14.674447943220876, 61.129791854316707 ], [ 14.674157321216619, 61.12954528850198 ], [ 14.673525403010501, 61.129716650714016 ] ] ] } },
{ "type": "Feature", "properties": { "objektidentitet": "d1378108-2e62-4168-8882-ec9e0286e505", "skapad": "2026-03-17T21:00:01", "objekttypnr": 2066, "objekttyp": "Komplementbyggnad", "hojd": null, "rotation": null }, "geometry": { "type": "Polygon", "coordinates": [ [ [ 14.656300701060346, 61.117664808406509 ], [ 14.655827348004351, 61.117623339026665 ], [ 14.655804641994539, 61.117683953694829 ], [ 14.656162749020812, 61.117715335114589 ], [ 14.656122153826013, 61.117823756098247 ], [ 14.655795534349654, 61.118057318651815 ], [ 14.655661038098087, 61.11802705312865 ], [ 14.655609737868174, 61.118080421299432 ], [ 14.655899478488776, 61.118175156651262 ], [ 14.656217945179876, 61.117947310033117 ], [ 14.656334569811818, 61.117635734308983 ], [ 14.656571407055617, 61.11765792754202 ], [ 14.65659399161275, 61.117601532306658 ], [ 14.65633568633006, 61.117577336557382 ], [ 14.656300701060346, 61.117664808406509 ] ] ] } },
{ "type": "Feature", "properties": { "objektidentitet": "ce350864-9f3e-4896-9f23-7400194e129a", "skapad": "2026-03-17T21:00:01", "objekttypnr": 2062, "objekttyp": "Industri", "hojd": null, "rotation": null }, "geometry": { "type": "Polygon", "coordinates": [ [ [ 14.635915939204732, 61.126000079868525 ], [ 14.636097357553872, 61.126293595596813 ], [ 14.636488611824042, 61.126237018698525 ], [ 14.636307190163382, 61.125943503763708 ], [ 14.635915939204732, 61.126000079868525 ] ] ] } },
{ "type": "Feature", "properties": { "objektidentitet": "76140d62-db90-42d0-bec1-ed7166c8adff", "skapad": "2026-03-17T21:00:01", "objekttypnr": 2062, "objekttyp": "Industri", "hojd": null, "rotation": null }, "geometry": { "type": "Polygon", "coordinates": [ [ [ 14.640928570256271, 61.133646183428823 ], [ 14.641434516918906, 61.133981652820026 ], [ 14.642983946089412, 61.1334352748583 ], [ 14.64247799187571, 61.133099820269315 ], [ 14.640928570256271, 61.133646183428823 ] ] ] } },
{ "type": "Feature", "properties": { "objektidentitet": "ac7b2e00-cbea-456c-852d-295f4d9b854a", "skapad": "2026-03-17T21:00:01", "objekttypnr": 2062, "objekttyp": "Industri", "hojd": null, "rotation": null }, "geometry": { "type": "Polygon", "coordinates": [ [ [ 14.637239900701838, 61.133503571212515 ], [ 14.637486388212881, 61.133700675698819 ], [ 14.637066041950273, 61.133823532574013 ], [ 14.637459906441636, 61.134138507063113 ], [ 14.637572487707706, 61.134105617733688 ], [ 14.63849717339388, 61.13484509857193 ], [ 14.638814652013123, 61.134752280936027 ], [ 14.638200099221367, 61.134260934627875 ], [ 14.638576219690949, 61.134151000911665 ], [ 14.638346152486783, 61.133967023301189 ], [ 14.638684748660273, 61.133868049613504 ], [ 14.637964238880411, 61.133291857242661 ], [ 14.637239900701838, 61.133503571212515 ] ] ] } },
{ "type": "Feature", "properties": { "objektidentitet": "cb6cfd5b-99b8-4e35-995a-02c047d07d90", "skapad": "2026-03-17T21:00:01", "objekttypnr": 2062, "objekttyp": "Industri", "hojd": null, "rotation": null }, "geometry": { "type": "Polygon", "coordinates": [ [ [ 14.63940780808427, 61.13491350642051 ], [ 14.640480917346979, 61.135544001357452 ], [ 14.640866115259044, 61.135390758545505 ], [ 14.639792948068893, 61.134760257458119 ], [ 14.63940780808427, 61.13491350642051 ] ] ] } },
{ "type": "Feature", "properties": { "objektidentitet": "8e9d7db8-2b65-49ce-a594-bb174e97d1c8", "skapad": "2026-03-17T21:00:01", "objekttypnr": 2062, "objekttyp": "Industri", "hojd": null, "rotation": null }, "geometry": { "type": "Polygon", "coordinates": [ [ [ 14.63628293222798, 61.138998148846049 ], [ 14.63696694921137, 61.139547470761613 ], [ 14.638702445133926, 61.139042409070861 ], [ 14.638018446195792, 61.138493077887986 ], [ 14.63628293222798, 61.138998148846049 ] ] ] } },
{ "type": "Feature", "properties": { "objektidentitet": "ef25727b-9d91-48d3-9b1c-d6b4b42a8e95", "skapad": "2026-03-17T21:00:01", "objekttypnr": 2066, "objekttyp": "Komplementbyggnad", "hojd": null, "rotation": null }, "geometry": { "type": "Polygon", "coordinates": [ [ [ 14.677664927847507, 61.132272969870705 ], [ 14.677700971637423, 61.132398134304815 ], [ 14.67714518693462, 61.132439301219904 ], [ 14.676480278692612, 61.132575450593997 ], [ 14.676559081271703, 61.132671162975051 ], [ 14.676588744593623, 61.132695383925807 ], [ 14.67730629064261, 61.132548415949465 ], [ 14.677817576211845, 61.132510544985173 ], [ 14.677745059697635, 61.13226763921103 ], [ 14.677664927847507, 61.132272969870705 ] ] ] } },
{ "type": "Feature", "properties": { "objektidentitet": "71799d8b-1411-4ad8-91a5-b515239bf13b", "skapad": "2025-12-17T01:00:01", "objekttypnr": 2063, "objekttyp": "Samhällsfunktion", "hojd": null, "rotation": null }, "geometry": { "type": "Polygon", "coordinates": [ [ [ 14.626733268866039, 61.125426401371286 ], [ 14.62653973550079, 61.125015911816284 ], [ 14.626534660886442, 61.125445907827967 ], [ 14.626733268866039, 61.125426401371286 ] ] ] } },
{ "type": "Feature", "properties": { "objektidentitet": "859d6e0b-410c-473a-a675-1166fcdcd0c5", "skapad": "2025-12-17T01:00:01", "objekttypnr": 2062, "objekttyp": "Industri", "hojd": null, "rotation": null }, "geometry": { "type": "Polygon", "coordinates": [ [ [ 14.62894161529513, 61.12314568593704 ], [ 14.62889503472981, 61.123038919431075 ], [ 14.627677631797338, 61.123163068433605 ], [ 14.627945810633726, 61.123743577415958 ], [ 14.629365018589278, 61.123598719403347 ], [ 14.629285555431988, 61.123416592697609 ], [ 14.630037985032482, 61.123339854010098 ], [ 14.629821901388365, 61.122948834707806 ], [ 14.62894161529513, 61.12314568593704 ] ] ] } },
{ "type": "Feature", "properties": { "objektidentitet": "53e021ff-7731-486a-a635-e1bdfcf6eba3", "skapad": "2026-03-17T21:00:01", "objekttypnr": 2045, "objekttyp": "Byggnad, storleksklass 1", "hojd": null, "rotation": 322.64 }, "geometry": { "type": "Point", "coordinates": [ 14.673963478444804, 61.127738862904245 ] } },
{ "type": "Feature", "properties": { "objektidentitet": "03354cad-cb2c-406c-8fa5-5a26ea6b475d", "skapad": "2026-03-17T21:00:01", "objekttypnr": 2045, "objekttyp": "Byggnad, storleksklass 1", "hojd": null, "rotation": 327.85 }, "geometry": { "type": "Point", "coordinates": [ 14.674831007780998, 61.128020474816914 ] } },
{ "type": "Feature", "properties": { "objektidentitet": "ab97e344-82f8-4104-91c6-eff62a6cf9ab", "skapad": "2026-03-17T21:00:01", "objekttypnr": 2045, "objekttyp": "Byggnad, storleksklass 1", "hojd": null, "rotation": 349.0 }, "geometry": { "type": "Point", "coordinates": [ 14.676758995337631, 61.128131311433286 ] } },
{ "type": "Feature", "properties": { "objektidentitet": "afaaa6aa-8924-43d3-865c-ce6ffed81296", "skapad": "2026-03-17T21:00:01", "objekttypnr": 2045, "objekttyp": "Byggnad, storleksklass 1", "hojd": null, "rotation": 3.63 }, "geometry": { "type": "Point", "coordinates": [ 14.677441512238136, 61.128330901307024 ] } },
{ "type": "Feature", "properties": { "objektidentitet": "c475c62c-1c7e-42b0-ae93-6178d45a215d", "skapad": "2026-03-17T21:00:01", "objekttypnr": 2045, "objekttyp": "Byggnad, storleksklass 1", "hojd": null, "rotation": 55.85 }, "geometry": { "type": "Point", "coordinates": [ 14.673322021400759, 61.128467148862079 ] } },
{ "type": "Feature", "properties": { "objektidentitet": "6c2a2eb6-e2cb-4adb-8c09-60c1ef205339", "skapad": "2026-03-17T21:00:01", "objekttypnr": 2045, "objekttyp": "Byggnad, storleksklass 1", "hojd": null, "rotation": 56.22 }, "geometry": { "type": "Point", "coordinates": [ 14.675043621620716, 61.128488648902533 ] } },
{ "type": "Feature", "properties": { "objektidentitet": "53b3801d-a925-4dde-b659-c0082c01c885", "skapad": "2026-03-17T21:00:01", "objekttypnr": 2045, "objekttyp": "Byggnad, storleksklass 1", "hojd": null, "rotation": 61.43 }, "geometry": { "type": "Point", "coordinates": [ 14.678575074107766, 61.12909180217536 ] } },
{ "type": "Feature", "properties": { "objektidentitet": "58d0d24b-6e27-4569-8523-c3d29538fe31", "skapad": "2026-03-17T21:00:01", "objekttypnr": 2045, "objekttyp": "Byggnad, storleksklass 1", "hojd": null, "rotation": 60.22 }, "geometry": { "type": "Point", "coordinates": [ 14.676013547685239, 61.129230576229688 ] } },
{ "type": "Feature", "properties": { "objektidentitet": "dcefdd9d-fd3e-4de2-badd-e83739db1332", "skapad": "2026-03-17T21:00:01", "objekttypnr": 2045, "objekttyp": "Byggnad, storleksklass 1", "hojd": null, "rotation": 329.64 }, "geometry": { "type": "Point", "coordinates": [ 14.674688408912834, 61.129223850021532 ] } },
{ "type": "Feature", "properties": { "objektidentitet": "36295354-d866-4c4f-956d-19af1d6d5939", "skapad": "2026-03-17T21:00:01", "objekttypnr": 2047, "objekttyp": "Byggnad, storleksklass 3", "hojd": null, "rotation": 331.18 }, "geometry": { "type": "Point", "coordinates": [ 14.6748666480522, 61.129565390620776 ] } },
{ "type": "Feature", "properties": { "objektidentitet": "2dca4184-e93d-4694-9a12-a043488ccef4", "skapad": "2026-03-17T21:00:01", "objekttypnr": 2045, "objekttyp": "Byggnad, storleksklass 1", "hojd": null, "rotation": 309.97 }, "geometry": { "type": "Point", "coordinates": [ 14.680673850048315, 61.129648907291603 ] } },
{ "type": "Feature", "properties": { "objektidentitet": "80b0997b-9107-406d-ad96-49ce82ee87a3", "skapad": "2026-03-17T21:00:01", "objekttypnr": 2045, "objekttyp": "Byggnad, storleksklass 1", "hojd": null, "rotation": 308.27 }, "geometry": { "type": "Point", "coordinates": [ 14.67971678210586, 61.129753938686825 ] } },
{ "type": "Feature", "properties": { "objektidentitet": "9dfc42ae-0952-4c17-b74e-2775ecd904b3", "skapad": "2026-03-17T21:00:01", "objekttypnr": 2045, "objekttyp": "Byggnad, storleksklass 1", "hojd": null, "rotation": 57.03 }, "geometry": { "type": "Point", "coordinates": [ 14.676657695644085, 61.129813071214066 ] } },
{ "type": "Feature", "properties": { "objektidentitet": "98cd5c1c-d0de-44d0-a27d-f8fce8cfd9c8", "skapad": "2026-03-17T21:00:01", "objekttypnr": 2045, "objekttyp": "Byggnad, storleksklass 1", "hojd": null, "rotation": 32.7 }, "geometry": { "type": "Point", "coordinates": [ 14.6791272908954, 61.130145177426087 ] } },
{ "type": "Feature", "properties": { "objektidentitet": "95b1ccc3-b273-41a4-91e7-faf6b4529b36", "skapad": "2026-03-17T21:00:01", "objekttypnr": 2045, "objekttyp": "Byggnad, storleksklass 1", "hojd": null, "rotation": 56.84 }, "geometry": { "type": "Point", "coordinates": [ 14.677225148682981, 61.130206900095487 ] } },
{ "type": "Feature", "properties": { "objektidentitet": "97bf19d1-aeaa-4100-a903-1831805836a9", "skapad": "2026-03-17T21:00:01", "objekttypnr": 2045, "objekttyp": "Byggnad, storleksklass 1", "hojd": null, "rotation": 303.74 }, "geometry": { "type": "Point", "coordinates": [ 14.680602594908626, 61.1302744474254 ] } },
{ "type": "Feature", "properties": { "objektidentitet": "34584a18-ac3e-405d-800f-db3ece9d3dca", "skapad": "2026-03-17T21:00:01", "objekttypnr": 2045, "objekttyp": "Byggnad, storleksklass 1", "hojd": null, "rotation": 48.84 }, "geometry": { "type": "Point", "coordinates": [ 14.677762439778125, 61.130444656267422 ] } },
{ "type": "Feature", "properties": { "objektidentitet": "2222e5b1-88de-446c-a2d7-8a7799f72c31", "skapad": "2026-03-17T21:00:01", "objekttypnr": 2045, "objekttyp": "Byggnad, storleksklass 1", "hojd": null, "rotation": 209.43 }, "geometry": { "type": "Point", "coordinates": [ 14.680415919212432, 61.130575957135491 ] } },
{ "type": "Feature", "properties": { "objektidentitet": "3c198f93-ce9a-4df3-a0d9-7b3ad21b0f2c", "skapad": "2026-03-17T21:00:01", "objekttypnr": 2045, "objekttyp": "Byggnad, storleksklass 1", "hojd": null, "rotation": 25.86 }, "geometry": { "type": "Point", "coordinates": [ 14.680984067029602, 61.13061043485132 ] } },
{ "type": "Feature", "properties": { "objektidentitet": "b080f78d-051e-4bc1-b0f3-2d271f3a7763", "skapad": "2026-03-17T21:00:01", "objekttypnr": 2045, "objekttyp": "Byggnad, storleksklass 1", "hojd": null, "rotation": 325.02 }, "geometry": { "type": "Point", "coordinates": [ 14.675786826010517, 61.127890750147564 ] } },
{ "type": "Feature", "properties": { "objektidentitet": "a7216773-338e-4882-9bad-2964a3b6b247", "skapad": "2026-03-17T21:00:01", "objekttypnr": 2045, "objekttyp": "Byggnad, storleksklass 1", "hojd": null, "rotation": 297.59 }, "geometry": { "type": "Point", "coordinates": [ 14.681604990426891, 61.128509331112291 ] } },
{ "type": "Feature", "properties": { "objektidentitet": "a4e18499-ab54-4cc8-8e59-6ee308c5a88d", "skapad": "2026-03-17T21:00:01", "objekttypnr": 2045, "objekttyp": "Byggnad, storleksklass 1", "hojd": null, "rotation": 28.05 }, "geometry": { "type": "Point", "coordinates": [ 14.67658466759686, 61.128575529891364 ] } },
{ "type": "Feature", "properties": { "objektidentitet": "ebdb56cb-b541-48c6-86f3-0f06789882cc", "skapad": "2026-03-17T21:00:01", "objekttypnr": 2046, "objekttyp": "Byggnad, storleksklass 2", "hojd": null, "rotation": 58.78 }, "geometry": { "type": "Point", "coordinates": [ 14.676579725089807, 61.129137161108744 ] } },
{ "type": "Feature", "properties": { "objektidentitet": "09b879bc-3b7e-4598-9154-c3df61b54679", "skapad": "2026-03-17T21:00:01", "objekttypnr": 2046, "objekttyp": "Byggnad, storleksklass 2", "hojd": null, "rotation": 61.68 }, "geometry": { "type": "Point", "coordinates": [ 14.683099593953227, 61.128456621292429 ] } },
{ "type": "Feature", "properties": { "objektidentitet": "8128588f-0683-462c-8c6d-63cbfda00840", "skapad": "2026-03-17T21:00:01", "objekttypnr": 2045, "objekttyp": "Byggnad, storleksklass 1", "hojd": null, "rotation": 54.12 }, "geometry": { "type": "Point", "coordinates": [ 14.675832053066733, 61.12744083663658 ] } },
{ "type": "Feature", "properties": { "objektidentitet": "8ca26608-691d-4409-b9a7-3fd9977f527a", "skapad": "2026-03-17T21:00:01", "objekttypnr": 2045, "objekttyp": "Byggnad, storleksklass 1", "hojd": null, "rotation": 138.09 }, "geometry": { "type": "Point", "coordinates": [ 14.674955310039126, 61.127395442067233 ] } },
{ "type": "Feature", "properties": { "objektidentitet": "61cfb835-e454-40fe-a91a-1c9b392fa1c6", "skapad": "2026-03-17T21:00:01", "objekttypnr": 2045, "objekttyp": "Byggnad, storleksklass 1", "hojd": null, "rotation": 6.24 }, "geometry": { "type": "Point", "coordinates": [ 14.68157687376373, 61.132332499582382 ] } },
{ "type": "Feature", "properties": { "objektidentitet": "02205a37-4303-418e-8d84-a8aa95ff259d", "skapad": "2026-03-17T21:00:01", "objekttypnr": 2045, "objekttyp": "Byggnad, storleksklass 1", "hojd": null, "rotation": 25.78 }, "geometry": { "type": "Point", "coordinates": [ 14.682379454869414, 61.129630262019987 ] } },
{ "type": "Feature", "properties": { "objektidentitet": "ef81185f-ccff-4e69-b8c9-3165c95e2ea7", "skapad": "2026-03-17T21:00:01", "objekttypnr": 2045, "objekttyp": "Byggnad, storleksklass 1", "hojd": null, "rotation": 37.12 }, "geometry": { "type": "Point", "coordinates": [ 14.682656619414947, 61.131763608002608 ] } },
{ "type": "Feature", "properties": { "objektidentitet": "7959b402-74ee-4108-939c-c4c71d811260", "skapad": "2026-03-17T21:00:01", "objekttypnr": 2045, "objekttyp": "Byggnad, storleksklass 1", "hojd": null, "rotation": 279.97 }, "geometry": { "type": "Point", "coordinates": [ 14.682713645497868, 61.132825286123882 ] } },
{ "type": "Feature", "properties": { "objektidentitet": "0964f5fa-81b9-4ccb-94e9-6683dcb5e6d8", "skapad": "2026-03-17T21:00:01", "objekttypnr": 2045, "objekttyp": "Byggnad, storleksklass 1", "hojd": null, "rotation": 32.85 }, "geometry": { "type": "Point", "coordinates": [ 14.682775150488441, 61.129333827662272 ] } },
{ "type": "Feature", "properties": { "objektidentitet": "f3f38939-3062-4183-8caf-7804bd44b514", "skapad": "2026-03-17T21:00:01", "objekttypnr": 2045, "objekttyp": "Byggnad, storleksklass 1", "hojd": null, "rotation": 297.1 }, "geometry": { "type": "Point", "coordinates": [ 14.68288566814655, 61.133303111035893 ] } },
{ "type": "Feature", "properties": { "objektidentitet": "8cab5d15-85cb-4f38-98f1-bc08a342cd46", "skapad": "2026-03-17T21:00:01", "objekttypnr": 2045, "objekttyp": "Byggnad, storleksklass 1", "hojd": null, "rotation": 127.61 }, "geometry": { "type": "Point", "coordinates": [ 14.68292742092242, 61.131339933978538 ] } },
{ "type": "Feature", "properties": { "objektidentitet": "d697760e-80fa-4240-b62c-39ced550c379", "skapad": "2026-03-17T21:00:01", "objekttypnr": 2045, "objekttyp": "Byggnad, storleksklass 1", "hojd": null, "rotation": 311.52 }, "geometry": { "type": "Point", "coordinates": [ 14.682977398216863, 61.130300735654899 ] } },
{ "type": "Feature", "properties": { "objektidentitet": "65958cbb-d2fc-4bfa-9c22-ba12597e0994", "skapad": "2026-03-17T21:00:01", "objekttypnr": 2045, "objekttyp": "Byggnad, storleksklass 1", "hojd": null, "rotation": 46.92 }, "geometry": { "type": "Point", "coordinates": [ 14.683075933816868, 61.130778001996269 ] } },
{ "type": "Feature", "properties": { "objektidentitet": "7de2f646-7415-43a6-b8c0-4edbc96d6456", "skapad": "2026-03-17T21:00:01", "objekttypnr": 2045, "objekttyp": "Byggnad, storleksklass 1", "hojd": null, "rotation": 56.43 }, "geometry": { "type": "Point", "coordinates": [ 14.683523150265174, 61.129437261976094 ] } },
{ "type": "Feature", "properties": { "objektidentitet": "9695256e-c020-41df-8798-531217746da4", "skapad": "2026-03-17T21:00:01", "objekttypnr": 2045, "objekttyp": "Byggnad, storleksklass 1", "hojd": null, "rotation": 51.02 }, "geometry": { "type": "Point", "coordinates": [ 14.683846410044326, 61.130138744428848 ] } },
{ "type": "Feature", "properties": { "objektidentitet": "38b86cab-e327-4924-94c4-b09125acf269", "skapad": "2026-03-17T21:00:01", "objekttypnr": 2045, "objekttyp": "Byggnad, storleksklass 1", "hojd": null, "rotation": 89.81 }, "geometry": { "type": "Point", "coordinates": [ 14.684481380025478, 61.132825029898363 ] } },
{ "type": "Feature", "properties": { "objektidentitet": "b11ba090-2659-4570-9edc-bf09db8c6b10", "skapad": "2026-03-17T21:00:01", "objekttypnr": 2045, "objekttyp": "Byggnad, storleksklass 1", "hojd": null, "rotation": 340.77 }, "geometry": { "type": "Point", "coordinates": [ 14.685271745348675, 61.131868346757855 ] } },
{ "type": "Feature", "properties": { "objektidentitet": "5b9b3923-4f4b-40ee-8018-3b7e210ffc75", "skapad": "2026-03-17T21:00:01", "objekttypnr": 2045, "objekttyp": "Byggnad, storleksklass 1", "hojd": null, "rotation": 354.44 }, "geometry": { "type": "Point", "coordinates": [ 14.685603016540483, 61.130949906417122 ] } },
{ "type": "Feature", "properties": { "objektidentitet": "0e5fdb6a-cecf-47fa-b746-f43a9c009d88", "skapad": "2026-03-17T21:00:01", "objekttypnr": 2045, "objekttyp": "Byggnad, storleksklass 1", "hojd": null, "rotation": 81.58 }, "geometry": { "type": "Point", "coordinates": [ 14.686516360290389, 61.131716090722442 ] } },
{ "type": "Feature", "properties": { "objektidentitet": "bc6d9926-8444-45cc-bde7-2cc8b9d20440", "skapad": "2026-03-17T21:00:01", "objekttypnr": 2045, "objekttyp": "Byggnad, storleksklass 1", "hojd": null, "rotation": 79.42 }, "geometry": { "type": "Point", "coordinates": [ 14.686554128757878, 61.132015435088178 ] } },
{ "type": "Feature", "properties": { "objektidentitet": "c719542f-c125-4824-b8fa-daeff5ba913b", "skapad": "2026-03-17T21:00:01", "objekttypnr": 2045, "objekttyp": "Byggnad, storleksklass 1", "hojd": null, "rotation": 71.26 }, "geometry": { "type": "Point", "coordinates": [ 14.687107839232338, 61.131984872470468 ] } },
{ "type": "Feature", "properties": { "objektidentitet": "25fe39f1-4805-4ded-ae1f-12f3a58ac6d1", "skapad": "2026-03-17T21:00:01", "objekttypnr": 2045, "objekttyp": "Byggnad, storleksklass 1", "hojd": null, "rotation": 84.62 }, "geometry": { "type": "Point", "coordinates": [ 14.688713107373619, 61.132488468114232 ] } },
{ "type": "Feature", "properties": { "objektidentitet": "8b544068-110f-4624-9c39-a3d47631d375", "skapad": "2026-03-17T21:00:01", "objekttypnr": 2045, "objekttyp": "Byggnad, storleksklass 1", "hojd": null, "rotation": 51.41 }, "geometry": { "type": "Point", "coordinates": [ 14.688849967978735, 61.131321255934218 ] } },
{ "type": "Feature", "properties": { "objektidentitet": "b553b5c4-76b0-4db3-92cd-33d354c78a8e", "skapad": "2026-03-17T21:00:01", "objekttypnr": 2045, "objekttyp": "Byggnad, storleksklass 1", "hojd": null, "rotation": 35.41 }, "geometry": { "type": "Point", "coordinates": [ 14.6827204181398, 61.13225736639491 ] } },
{ "type": "Feature", "properties": { "objektidentitet": "114f54aa-8e06-457e-9395-aa7ad784c43f", "skapad": "2026-03-17T21:00:01", "objekttypnr": 2045, "objekttyp": "Byggnad, storleksklass 1", "hojd": null, "rotation": 324.02 }, "geometry": { "type": "Point", "coordinates": [ 14.683602933578989, 61.130409053579754 ] } },
{ "type": "Feature", "properties": { "objektidentitet": "5893f142-5fc5-4aec-810e-1e84c829ef32", "skapad": "2026-03-17T21:00:01", "objekttypnr": 2045, "objekttyp": "Byggnad, storleksklass 1", "hojd": null, "rotation": 88.23 }, "geometry": { "type": "Point", "coordinates": [ 14.684248456493753, 61.131314752371118 ] } },
{ "type": "Feature", "properties": { "objektidentitet": "0421b350-0600-4e58-8a31-7db0f95adb48", "skapad": "2026-03-17T21:00:01", "objekttypnr": 2045, "objekttyp": "Byggnad, storleksklass 1", "hojd": null, "rotation": 354.35 }, "geometry": { "type": "Point", "coordinates": [ 14.685229811098534, 61.13245920381879 ] } },
{ "type": "Feature", "properties": { "objektidentitet": "30da4a8a-ae35-40fb-b475-4f6421dac381", "skapad": "2026-03-17T21:00:01", "objekttypnr": 2045, "objekttyp": "Byggnad, storleksklass 1", "hojd": null, "rotation": 357.33 }, "geometry": { "type": "Point", "coordinates": [ 14.683482627863141, 61.132799426642165 ] } },
{ "type": "Feature", "properties": { "objektidentitet": "1bb689ba-e5fd-4788-b50c-c25bb32329c7", "skapad": "2026-03-17T21:00:01", "objekttypnr": 2045, "objekttyp": "Byggnad, storleksklass 1", "hojd": null, "rotation": 329.1 }, "geometry": { "type": "Point", "coordinates": [ 14.690835938724188, 61.133875934372163 ] } },
{ "type": "Feature", "properties": { "objektidentitet": "9d3dd470-8193-4ad4-8f2e-3dc82b5b9870", "skapad": "2026-03-17T21:00:01", "objekttypnr": 2045, "objekttyp": "Byggnad, storleksklass 1", "hojd": null, "rotation": 134.36 }, "geometry": { "type": "Point", "coordinates": [ 14.683872692075447, 61.129654426265695 ] } },
{ "type": "Feature", "properties": { "objektidentitet": "3f6173a9-5999-49d6-8bd9-cf9d6c86f0a2", "skapad": "2026-03-17T21:00:01", "objekttypnr": 2045, "objekttyp": "Byggnad, storleksklass 1", "hojd": null, "rotation": 61.9 }, "geometry": { "type": "Point", "coordinates": [ 14.683271855868924, 61.129978816643153 ] } },
{ "type": "Feature", "properties": { "objektidentitet": "9624c84f-5667-4612-9f7c-28eed82d4389", "skapad": "2026-03-17T21:00:01", "objekttypnr": 2045, "objekttyp": "Byggnad, storleksklass 1", "hojd": null, "rotation": 355.57 }, "geometry": { "type": "Point", "coordinates": [ 14.685773978431371, 61.132401493501192 ] } },
{ "type": "Feature", "properties": { "objektidentitet": "89258e63-dcc4-43a5-a8db-7d0e4eedea6d", "skapad": "2026-03-17T21:00:01", "objekttypnr": 2045, "objekttyp": "Byggnad, storleksklass 1", "hojd": null, "rotation": 85.6 }, "geometry": { "type": "Point", "coordinates": [ 14.683110034370594, 61.132446669488928 ] } },
{ "type": "Feature", "properties": { "objektidentitet": "911511e3-b6b3-4c2e-97ba-c5fd4635f018", "skapad": "2026-03-17T21:00:01", "objekttypnr": 2045, "objekttyp": "Byggnad, storleksklass 1", "hojd": null, "rotation": 349.51 }, "geometry": { "type": "Point", "coordinates": [ 14.695847250108338, 61.134776955513708 ] } },
{ "type": "Feature", "properties": { "objektidentitet": "9f9da283-e1c4-47a7-8baf-827b78b5f2f4", "skapad": "2026-03-17T21:00:01", "objekttypnr": 2045, "objekttyp": "Byggnad, storleksklass 1", "hojd": null, "rotation": 84.16 }, "geometry": { "type": "Point", "coordinates": [ 14.684174659133358, 61.132281615103167 ] } },
{ "type": "Feature", "properties": { "objektidentitet": "93cbbe51-940d-4744-be11-4c3a72c4f550", "skapad": "2026-03-17T21:00:01", "objekttypnr": 2045, "objekttyp": "Byggnad, storleksklass 1", "hojd": null, "rotation": 274.17 }, "geometry": { "type": "Point", "coordinates": [ 14.68103918201605, 61.131128521550636 ] } },
{ "type": "Feature", "properties": { "objektidentitet": "a50bc4cf-5958-4dcd-b4f8-536852e689a0", "skapad": "2026-03-17T21:00:01", "objekttypnr": 2045, "objekttyp": "Byggnad, storleksklass 1", "hojd": null, "rotation": 16.61 }, "geometry": { "type": "Point", "coordinates": [ 14.679924172342457, 61.131207397688634 ] } },
{ "type": "Feature", "properties": { "objektidentitet": "98174c87-1688-4bb8-a359-cb99c75819e1", "skapad": "2026-03-17T21:00:01", "objekttypnr": 2045, "objekttyp": "Byggnad, storleksklass 1", "hojd": null, "rotation": 305.61 }, "geometry": { "type": "Point", "coordinates": [ 14.673823936667374, 61.13127002029934 ] } },
{ "type": "Feature", "properties": { "objektidentitet": "b0d69f52-4a21-41e6-8bec-82e8d8521538", "skapad": "2026-03-17T21:00:01", "objekttypnr": 2045, "objekttyp": "Byggnad, storleksklass 1", "hojd": null, "rotation": 293.54 }, "geometry": { "type": "Point", "coordinates": [ 14.675741680135742, 61.131310657900229 ] } },
{ "type": "Feature", "properties": { "objektidentitet": "2369096d-ea2e-48f8-a4c7-1caf7be1b50c", "skapad": "2026-03-17T21:00:01", "objekttypnr": 2045, "objekttyp": "Byggnad, storleksklass 1", "hojd": null, "rotation": 87.88 }, "geometry": { "type": "Point", "coordinates": [ 14.677260430708831, 61.131381820027102 ] } },
{ "type": "Feature", "properties": { "objektidentitet": "0c59caa0-40b3-4b8a-bc45-665ba2288376", "skapad": "2026-03-17T21:00:01", "objekttypnr": 2045, "objekttyp": "Byggnad, storleksklass 1", "hojd": null, "rotation": 18.07 }, "geometry": { "type": "Point", "coordinates": [ 14.676493620984795, 61.131425012564449 ] } },
{ "type": "Feature", "properties": { "objektidentitet": "c1737468-eb39-4bcd-bec9-3bcdaf781997", "skapad": "2026-03-17T21:00:01", "objekttypnr": 2045, "objekttyp": "Byggnad, storleksklass 1", "hojd": null, "rotation": 279.52 }, "geometry": { "type": "Point", "coordinates": [ 14.678469608254371, 61.131446601106404 ] } },
{ "type": "Feature", "properties": { "objektidentitet": "398157c1-a171-460a-a64e-efcb90a07423", "skapad": "2026-03-17T21:00:01", "objekttypnr": 2045, "objekttyp": "Byggnad, storleksklass 1", "hojd": null, "rotation": 5.75 }, "geometry": { "type": "Point", "coordinates": [ 14.674433751881843, 61.131537223184075 ] } },
{ "type": "Feature", "properties": { "objektidentitet": "54d27473-1e93-4502-b431-07122b5f8a08", "skapad": "2026-03-17T21:00:01", "objekttypnr": 2045, "objekttyp": "Byggnad, storleksklass 1", "hojd": null, "rotation": 9.24 }, "geometry": { "type": "Point", "coordinates": [ 14.675298497491903, 61.131632104588654 ] } },
{ "type": "Feature", "properties": { "objektidentitet": "a9192cf7-fdac-4d6a-b4b1-be018aba6445", "skapad": "2026-03-17T21:00:01", "objekttypnr": 2045, "objekttyp": "Byggnad, storleksklass 1", "hojd": null, "rotation": 283.37 }, "geometry": { "type": "Point", "coordinates": [ 14.680899268445961, 61.131645878761148 ] } },
{ "type": "Feature", "properties": { "objektidentitet": "2cc757e9-9478-49f6-8cea-36e28574cb79", "skapad": "2026-03-17T21:00:01", "objekttypnr": 2045, "objekttyp": "Byggnad, storleksklass 1", "hojd": null, "rotation": 15.05 }, "geometry": { "type": "Point", "coordinates": [ 14.676022550601473, 61.131640196631977 ] } },
{ "type": "Feature", "properties": { "objektidentitet": "21362a08-9d06-4007-b791-47e721a6e765", "skapad": "2026-03-17T21:00:01", "objekttypnr": 2045, "objekttyp": "Byggnad, storleksklass 1", "hojd": null, "rotation": 282.36 }, "geometry": { "type": "Point", "coordinates": [ 14.678995571328331, 61.131682134615573 ] } },
{ "type": "Feature", "properties": { "objektidentitet": "f8f50177-74a3-43ab-84e5-794df18e407f", "skapad": "2026-03-17T21:00:01", "objekttypnr": 2045, "objekttyp": "Byggnad, storleksklass 1", "hojd": null, "rotation": 82.97 }, "geometry": { "type": "Point", "coordinates": [ 14.677276579860354, 61.131731616004501 ] } },
{ "type": "Feature", "properties": { "objektidentitet": "aaa1fdcf-0668-49fb-b53d-7d98ad73db1a", "skapad": "2026-03-17T21:00:01", "objekttypnr": 2045, "objekttyp": "Byggnad, storleksklass 1", "hojd": null, "rotation": 259.26 }, "geometry": { "type": "Point", "coordinates": [ 14.679559551739276, 61.131755913412043 ] } },
{ "type": "Feature", "properties": { "objektidentitet": "06801d49-ac4b-480d-b847-04bfb74275d1", "skapad": "2026-03-17T21:00:01", "objekttypnr": 2045, "objekttyp": "Byggnad, storleksklass 1", "hojd": null, "rotation": 191.35 }, "geometry": { "type": "Point", "coordinates": [ 14.678143322630264, 61.131901592537211 ] } },
{ "type": "Feature", "properties": { "objektidentitet": "c6e5ba86-15e8-40fa-85d1-e2f270ad3187", "skapad": "2026-03-17T21:00:01", "objekttypnr": 2045, "objekttyp": "Byggnad, storleksklass 1", "hojd": null, "rotation": 280.01 }, "geometry": { "type": "Point", "coordinates": [ 14.67943310384762, 61.132048416136058 ] } },
{ "type": "Feature", "properties": { "objektidentitet": "9184be48-10eb-4240-a736-b57be6427bbc", "skapad": "2026-03-17T21:00:01", "objekttypnr": 2045, "objekttyp": "Byggnad, storleksklass 1", "hojd": null, "rotation": 182.4 }, "geometry": { "type": "Point", "coordinates": [ 14.680937368620055, 61.132181359788667 ] } },
{ "type": "Feature", "properties": { "objektidentitet": "737c2971-96de-4e59-a808-e82ce5400bfc", "skapad": "2026-03-17T21:00:01", "objekttypnr": 2045, "objekttyp": "Byggnad, storleksklass 1", "hojd": null, "rotation": 351.33 }, "geometry": { "type": "Point", "coordinates": [ 14.678102191379965, 61.132362100925988 ] } },
{ "type": "Feature", "properties": { "objektidentitet": "facf6d5d-0a99-4bd8-9208-4f93df10481a", "skapad": "2026-03-17T21:00:01", "objekttypnr": 2045, "objekttyp": "Byggnad, storleksklass 1", "hojd": null, "rotation": 39.24 }, "geometry": { "type": "Point", "coordinates": [ 14.680617445326495, 61.132654426607431 ] } },
{ "type": "Feature", "properties": { "objektidentitet": "a43b839a-a6c1-40a4-99ff-2a760e22b11d", "skapad": "2026-03-17T21:00:01", "objekttypnr": 2045, "objekttyp": "Byggnad, storleksklass 1", "hojd": null, "rotation": 151.41 }, "geometry": { "type": "Point", "coordinates": [ 14.67537121274418, 61.132684172906167 ] } },
{ "type": "Feature", "properties": { "objektidentitet": "57171271-d555-4e62-8bea-5563cb90b401", "skapad": "2026-03-17T21:00:01", "objekttypnr": 2045, "objekttyp": "Byggnad, storleksklass 1", "hojd": null, "rotation": 351.52 }, "geometry": { "type": "Point", "coordinates": [ 14.678439374789097, 61.132729691005224 ] } },
{ "type": "Feature", "properties": { "objektidentitet": "47180808-11f7-48d6-bf71-cc511062d4a4", "skapad": "2026-03-17T21:00:01", "objekttypnr": 2045, "objekttyp": "Byggnad, storleksklass 1", "hojd": null, "rotation": 354.9 }, "geometry": { "type": "Point", "coordinates": [ 14.679072368576614, 61.132832616113291 ] } },
{ "type": "Feature", "properties": { "objektidentitet": "9e344504-3f56-4d56-81d7-244ccc21e712", "skapad": "2026-03-17T21:00:01", "objekttypnr": 2045, "objekttyp": "Byggnad, storleksklass 1", "hojd": null, "rotation": 59.04 }, "geometry": { "type": "Point", "coordinates": [ 14.674637635359508, 61.132877705006223 ] } },
{ "type": "Feature", "properties": { "objektidentitet": "b7d44f3d-b88f-47fb-a900-44bc7f83ba8c", "skapad": "2026-03-17T21:00:01", "objekttypnr": 2045, "objekttyp": "Byggnad, storleksklass 1", "hojd": null, "rotation": 79.64 }, "geometry": { "type": "Point", "coordinates": [ 14.67732674390332, 61.132987829479937 ] } },
{ "type": "Feature", "properties": { "objektidentitet": "9718b59e-a601-41f0-8a0b-25b8b224ee8d", "skapad": "2026-03-17T21:00:01", "objekttypnr": 2045, "objekttyp": "Byggnad, storleksklass 1", "hojd": null, "rotation": 336.67 }, "geometry": { "type": "Point", "coordinates": [ 14.676848784112163, 61.133419490871233 ] } },
{ "type": "Feature", "properties": { "objektidentitet": "9a479569-239c-4f39-8385-81098644a58f", "skapad": "2026-03-17T21:00:01", "objekttypnr": 2045, "objekttyp": "Byggnad, storleksklass 1", "hojd": null, "rotation": 52.67 }, "geometry": { "type": "Point", "coordinates": [ 14.681080187802475, 61.133516067409147 ] } },
{ "type": "Feature", "properties": { "objektidentitet": "06499e56-d5ce-4287-8088-ce3b66659181", "skapad": "2026-03-17T21:00:01", "objekttypnr": 2045, "objekttyp": "Byggnad, storleksklass 1", "hojd": null, "rotation": 279.66 }, "geometry": { "type": "Point", "coordinates": [ 14.673469274934293, 61.133599147981641 ] } },
{ "type": "Feature", "properties": { "objektidentitet": "66ed9d47-b6f1-4da6-b28c-0f60ac73141c", "skapad": "2026-03-17T21:00:01", "objekttypnr": 2045, "objekttyp": "Byggnad, storleksklass 1", "hojd": null, "rotation": 287.93 }, "geometry": { "type": "Point", "coordinates": [ 14.680563630226395, 61.133975527010321 ] } },
{ "type": "Feature", "properties": { "objektidentitet": "b172b7cc-dd24-41c3-8cb4-d47db9e67756", "skapad": "2026-03-17T21:00:01", "objekttypnr": 2045, "objekttyp": "Byggnad, storleksklass 1", "hojd": null, "rotation": 68.48 }, "geometry": { "type": "Point", "coordinates": [ 14.673850132438314, 61.133978678531285 ] } },
{ "type": "Feature", "properties": { "objektidentitet": "b79fe147-8a5a-4de2-891d-2a6b18dd06ba", "skapad": "2026-03-17T21:00:01", "objekttypnr": 2045, "objekttyp": "Byggnad, storleksklass 1", "hojd": null, "rotation": 13.47 }, "geometry": { "type": "Point", "coordinates": [ 14.681051974074149, 61.134240787973873 ] } },
{ "type": "Feature", "properties": { "objektidentitet": "98b95c98-1d9a-4a45-ad45-d660880cef52", "skapad": "2026-03-17T21:00:01", "objekttypnr": 2045, "objekttyp": "Byggnad, storleksklass 1", "hojd": null, "rotation": 281.09 }, "geometry": { "type": "Point", "coordinates": [ 14.679830388095645, 61.134315901978468 ] } },
{ "type": "Feature", "properties": { "objektidentitet": "67fcc23e-9fe3-4675-b9b1-37c73994558a", "skapad": "2026-03-17T21:00:01", "objekttypnr": 2045, "objekttyp": "Byggnad, storleksklass 1", "hojd": null, "rotation": 19.28 }, "geometry": { "type": "Point", "coordinates": [ 14.68040979527099, 61.134365446600498 ] } },
{ "type": "Feature", "properties": { "objektidentitet": "dc75c3ff-a6a7-4eea-90ab-64134334dc83", "skapad": "2026-03-17T21:00:01", "objekttypnr": 2045, "objekttyp": "Byggnad, storleksklass 1", "hojd": null, "rotation": 32.12 }, "geometry": { "type": "Point", "coordinates": [ 14.696921644319136, 61.134676732099969 ] } },
{ "type": "Feature", "properties": { "objektidentitet": "995ad27f-de96-4a0c-8e4f-34cc886c4ce8", "skapad": "2026-03-17T21:00:01", "objekttypnr": 2045, "objekttyp": "Byggnad, storleksklass 1", "hojd": null, "rotation": 28.62 }, "geometry": { "type": "Point", "coordinates": [ 14.702896938707362, 61.135065686645248 ] } },
{ "type": "Feature", "properties": { "objektidentitet": "f320fa4a-8862-4c49-94c2-3c05f805fd33", "skapad": "2026-03-17T21:00:01", "objekttypnr": 2045, "objekttyp": "Byggnad, storleksklass 1", "hojd": null, "rotation": 31.74 }, "geometry": { "type": "Point", "coordinates": [ 14.699640925282496, 61.135100307911394 ] } },
{ "type": "Feature", "properties": { "objektidentitet": "42ae4802-cc31-43db-9729-71a9d539dced", "skapad": "2026-03-17T21:00:01", "objekttypnr": 2045, "objekttyp": "Byggnad, storleksklass 1", "hojd": null, "rotation": 44.84 }, "geometry": { "type": "Point", "coordinates": [ 14.697293755053737, 61.135451899695518 ] } },
{ "type": "Feature", "properties": { "objektidentitet": "4db03765-2929-497a-bd51-951e6460ab66", "skapad": "2026-03-17T21:00:01", "objekttypnr": 2045, "objekttyp": "Byggnad, storleksklass 1", "hojd": null, "rotation": 331.72 }, "geometry": { "type": "Point", "coordinates": [ 14.701302958516479, 61.135458654696421 ] } },
{ "type": "Feature", "properties": { "objektidentitet": "9aa19054-aa97-41c0-a491-dfeef44dc488", "skapad": "2026-03-17T21:00:01", "objekttypnr": 2045, "objekttyp": "Byggnad, storleksklass 1", "hojd": null, "rotation": 290.67 }, "geometry": { "type": "Point", "coordinates": [ 14.702308629415636, 61.135556538053024 ] } },
{ "type": "Feature", "properties": { "objektidentitet": "264a5e5b-e206-4a41-acef-6eb2086379ae", "skapad": "2026-03-17T21:00:01", "objekttypnr": 2045, "objekttyp": "Byggnad, storleksklass 1", "hojd": null, "rotation": 334.7 }, "geometry": { "type": "Point", "coordinates": [ 14.701143178492678, 61.135810330013783 ] } },
{ "type": "Feature", "properties": { "objektidentitet": "4d418020-948b-467d-8a77-01d2e4605879", "skapad": "2026-03-17T21:00:01", "objekttypnr": 2045, "objekttyp": "Byggnad, storleksklass 1", "hojd": null, "rotation": 63.8 }, "geometry": { "type": "Point", "coordinates": [ 14.701343283323636, 61.136049257789708 ] } },
{ "type": "Feature", "properties": { "objektidentitet": "8be36594-efcb-4888-b389-9bf4dd203e14", "skapad": "2026-03-17T21:00:01", "objekttypnr": 2045, "objekttyp": "Byggnad, storleksklass 1", "hojd": null, "rotation": 42.72 }, "geometry": { "type": "Point", "coordinates": [ 14.697810829634664, 61.136202081571653 ] } },
{ "type": "Feature", "properties": { "objektidentitet": "0f3417dc-0944-4a2f-be10-2f7d263b9638", "skapad": "2026-03-17T21:00:01", "objekttypnr": 2045, "objekttyp": "Byggnad, storleksklass 1", "hojd": null, "rotation": 88.8 }, "geometry": { "type": "Point", "coordinates": [ 14.702511563502442, 61.135908042837798 ] } },
{ "type": "Feature", "properties": { "objektidentitet": "d902893f-a05f-4ef5-8cbf-6c7e8d04241a", "skapad": "2026-03-17T21:00:01", "objekttypnr": 2045, "objekttyp": "Byggnad, storleksklass 1", "hojd": null, "rotation": 17.19 }, "geometry": { "type": "Point", "coordinates": [ 14.698679224077903, 61.136299038912128 ] } },
{ "type": "Feature", "properties": { "objektidentitet": "8cf18874-54ae-4d3e-9260-452061f08a02", "skapad": "2026-03-17T21:00:01", "objekttypnr": 2045, "objekttyp": "Byggnad, storleksklass 1", "hojd": null, "rotation": 43.06 }, "geometry": { "type": "Point", "coordinates": [ 14.696977903980951, 61.135014144816388 ] } },
{ "type": "Feature", "properties": { "objektidentitet": "651cce43-4346-44a7-9312-84466cce3e75", "skapad": "2026-03-17T21:00:01", "objekttypnr": 2045, "objekttyp": "Byggnad, storleksklass 1", "hojd": null, "rotation": 70.57 }, "geometry": { "type": "Point", "coordinates": [ 14.636104841815389, 61.122320626769181 ] } },
{ "type": "Feature", "properties": { "objektidentitet": "ba90a4f9-3c9b-4a50-9daf-7014f5573feb", "skapad": "2026-03-17T21:00:01", "objekttypnr": 2045, "objekttyp": "Byggnad, storleksklass 1", "hojd": null, "rotation": 346.02 }, "geometry": { "type": "Point", "coordinates": [ 14.634066595136266, 61.122967422335684 ] } },
{ "type": "Feature", "properties": { "objektidentitet": "089a6dcd-dc5b-4fd3-996d-cdba7590f999", "skapad": "2026-03-17T21:00:01", "objekttypnr": 2045, "objekttyp": "Byggnad, storleksklass 1", "hojd": null, "rotation": 355.03 }, "geometry": { "type": "Point", "coordinates": [ 14.635354084322408, 61.124003556740959 ] } },
{ "type": "Feature", "properties": { "objektidentitet": "24b23fc2-10af-4dcb-b83d-fc084ed036d4", "skapad": "2026-03-17T21:00:01", "objekttypnr": 2045, "objekttyp": "Byggnad, storleksklass 1", "hojd": null, "rotation": 345.18 }, "geometry": { "type": "Point", "coordinates": [ 14.636228646936665, 61.127894444967751 ] } },
{ "type": "Feature", "properties": { "objektidentitet": "7cd4a50f-9dd7-4fda-8f29-f2828ddeec52", "skapad": "2026-03-17T21:00:01", "objekttypnr": 2047, "objekttyp": "Byggnad, storleksklass 3", "hojd": null, "rotation": 85.74 }, "geometry": { "type": "Point", "coordinates": [ 14.632237565277734, 61.133258143272371 ] } },
{ "type": "Feature", "properties": { "objektidentitet": "4523525e-25c9-4b77-b62f-04e67ed38385", "skapad": "2026-03-17T21:00:01", "objekttypnr": 2045, "objekttyp": "Byggnad, storleksklass 1", "hojd": null, "rotation": 13.93 }, "geometry": { "type": "Point", "coordinates": [ 14.631322158836094, 61.134367672408537 ] } },
{ "type": "Feature", "properties": { "objektidentitet": "822b7ef6-b97f-496b-afd7-681bad6379da", "skapad": "2026-03-17T21:00:01", "objekttypnr": 2045, "objekttyp": "Byggnad, storleksklass 1", "hojd": null, "rotation": 83.2 }, "geometry": { "type": "Point", "coordinates": [ 14.630652639379393, 61.132844266410437 ] } },
{ "type": "Feature", "properties": { "objektidentitet": "b65b54d0-453e-4bf3-8dbd-f2e663dadf3d", "skapad": "2026-03-17T21:00:01", "objekttypnr": 2045, "objekttyp": "Byggnad, storleksklass 1", "hojd": null, "rotation": 76.79 }, "geometry": { "type": "Point", "coordinates": [ 14.636003071287101, 61.121844715947432 ] } },
{ "type": "Feature", "properties": { "objektidentitet": "e3e8962f-3b77-4990-99d0-2807579d25e3", "skapad": "2026-03-17T21:00:01", "objekttypnr": 2045, "objekttyp": "Byggnad, storleksklass 1", "hojd": null, "rotation": 353.98 }, "geometry": { "type": "Point", "coordinates": [ 14.635152802854822, 61.123616976036381 ] } },
{ "type": "Feature", "properties": { "objektidentitet": "c6bbde9b-c5ed-40ba-a073-5a0e61dde0a0", "skapad": "2026-03-17T21:00:01", "objekttypnr": 2045, "objekttyp": "Byggnad, storleksklass 1", "hojd": null, "rotation": 76.71 }, "geometry": { "type": "Point", "coordinates": [ 14.636311299356018, 61.125623104908847 ] } },
{ "type": "Feature", "properties": { "objektidentitet": "65d5acd3-1a9b-4501-b81f-14d4e9debc39", "skapad": "2026-03-17T21:00:01", "objekttypnr": 2045, "objekttyp": "Byggnad, storleksklass 1", "hojd": null, "rotation": 80.46 }, "geometry": { "type": "Point", "coordinates": [ 14.63153958542406, 61.133596342285998 ] } },
{ "type": "Feature", "properties": { "objektidentitet": "a2b2de53-256f-4109-9e09-c034cc9bb38a", "skapad": "2026-03-17T21:00:01", "objekttypnr": 2045, "objekttyp": "Byggnad, storleksklass 1", "hojd": null, "rotation": 82.33 }, "geometry": { "type": "Point", "coordinates": [ 14.634077128965952, 61.122138248324156 ] } },
{ "type": "Feature", "properties": { "objektidentitet": "f9417bfd-135d-4ad2-8197-e73bc64121a1", "skapad": "2026-03-17T21:00:01", "objekttypnr": 2045, "objekttyp": "Byggnad, storleksklass 1", "hojd": null, "rotation": 53.77 }, "geometry": { "type": "Point", "coordinates": [ 14.635764258492854, 61.127150234910992 ] } },
{ "type": "Feature", "properties": { "objektidentitet": "627f48d6-f2b4-438a-b945-6108661cfe22", "skapad": "2026-03-17T21:00:01", "objekttypnr": 2045, "objekttyp": "Byggnad, storleksklass 1", "hojd": null, "rotation": 71.75 }, "geometry": { "type": "Point", "coordinates": [ 14.635917547078101, 61.125092353487808 ] } },
{ "type": "Feature", "properties": { "objektidentitet": "85506987-5247-4767-9bf0-497bf46acc0f", "skapad": "2026-03-17T21:00:01", "objekttypnr": 2045, "objekttyp": "Byggnad, storleksklass 1", "hojd": null, "rotation": 334.83 }, "geometry": { "type": "Point", "coordinates": [ 14.635621732619489, 61.122447260510718 ] } },
{ "type": "Feature", "properties": { "objektidentitet": "7bb58c37-ca5c-464b-be37-4edba86ff593", "skapad": "2026-03-17T21:00:01", "objekttypnr": 2045, "objekttyp": "Byggnad, storleksklass 1", "hojd": null, "rotation": 72.69 }, "geometry": { "type": "Point", "coordinates": [ 14.636359051075793, 61.12642036595112 ] } },
{ "type": "Feature", "properties": { "objektidentitet": "8b876349-c58e-468b-aaec-635f264b0165", "skapad": "2026-03-17T21:00:01", "objekttypnr": 2045, "objekttyp": "Byggnad, storleksklass 1", "hojd": null, "rotation": 67.44 }, "geometry": { "type": "Point", "coordinates": [ 14.634033955504727, 61.137710375937104 ] } },
{ "type": "Feature", "properties": { "objektidentitet": "36d816c1-d1af-4594-8c7e-7ceecc704505", "skapad": "2026-03-17T21:00:01", "objekttypnr": 2045, "objekttyp": "Byggnad, storleksklass 1", "hojd": null, "rotation": 293.85 }, "geometry": { "type": "Point", "coordinates": [ 14.6499082432144, 61.120415760109466 ] } },
{ "type": "Feature", "properties": { "objektidentitet": "c1c6864f-6220-4aa7-81b0-43cb82898329", "skapad": "2026-03-17T21:00:01", "objekttypnr": 2045, "objekttyp": "Byggnad, storleksklass 1", "hojd": null, "rotation": 294.36 }, "geometry": { "type": "Point", "coordinates": [ 14.648441711096222, 61.121246868068539 ] } },
{ "type": "Feature", "properties": { "objektidentitet": "73ed8f17-b8d8-48e8-8637-21c7d221cd53", "skapad": "2026-03-17T21:00:01", "objekttypnr": 2045, "objekttyp": "Byggnad, storleksklass 1", "hojd": null, "rotation": 21.24 }, "geometry": { "type": "Point", "coordinates": [ 14.650325121565247, 61.121473125450137 ] } },
{ "type": "Feature", "properties": { "objektidentitet": "4d01ef55-8c9c-4a35-96d8-400068dc874b", "skapad": "2026-03-17T21:00:01", "objekttypnr": 2045, "objekttyp": "Byggnad, storleksklass 1", "hojd": null, "rotation": 14.9 }, "geometry": { "type": "Point", "coordinates": [ 14.649566376319179, 61.122008152984087 ] } },
{ "type": "Feature", "properties": { "objektidentitet": "5532b64a-2f56-4942-b9a0-526baeb80b48", "skapad": "2026-03-17T21:00:01", "objekttypnr": 2045, "objekttyp": "Byggnad, storleksklass 1", "hojd": null, "rotation": 23.94 }, "geometry": { "type": "Point", "coordinates": [ 14.648869354409921, 61.11655401541158 ] } },
{ "type": "Feature", "properties": { "objektidentitet": "66784c60-cab1-44d0-94e6-9510d433290f", "skapad": "2026-03-17T21:00:01", "objekttypnr": 2045, "objekttyp": "Byggnad, storleksklass 1", "hojd": null, "rotation": 34.48 }, "geometry": { "type": "Point", "coordinates": [ 14.648627846487903, 61.121599956352071 ] } },
{ "type": "Feature", "properties": { "objektidentitet": "8cb88fff-5080-4b9e-9e55-88fb7f0719c7", "skapad": "2026-03-17T21:00:01", "objekttypnr": 2045, "objekttyp": "Byggnad, storleksklass 1", "hojd": null, "rotation": 81.44 }, "geometry": { "type": "Point", "coordinates": [ 14.651360295591633, 61.119092685199732 ] } },
{ "type": "Feature", "properties": { "objektidentitet": "8346914f-eb3d-47b5-9eb2-b017a8be0912", "skapad": "2026-03-17T21:00:01", "objekttypnr": 2045, "objekttyp": "Byggnad, storleksklass 1", "hojd": null, "rotation": 7.84 }, "geometry": { "type": "Point", "coordinates": [ 14.647902978736337, 61.122453712937762 ] } },
{ "type": "Feature", "properties": { "objektidentitet": "e212c471-b0d7-4fcb-a74b-2477e704d566", "skapad": "2026-03-17T21:00:01", "objekttypnr": 2045, "objekttyp": "Byggnad, storleksklass 1", "hojd": null, "rotation": 22.26 }, "geometry": { "type": "Point", "coordinates": [ 14.651954809064353, 61.118788898054682 ] } },
{ "type": "Feature", "properties": { "objektidentitet": "1e03c9b7-4055-42c3-9fa2-c09a7f6156c3", "skapad": "2026-03-17T21:00:01", "objekttypnr": 2045, "objekttyp": "Byggnad, storleksklass 1", "hojd": null, "rotation": 298.58 }, "geometry": { "type": "Point", "coordinates": [ 14.65081877295715, 61.11958510519942 ] } },
{ "type": "Feature", "properties": { "objektidentitet": "54acdb35-7c8a-4d0d-9652-f7bc76e8e685", "skapad": "2026-03-17T21:00:01", "objekttypnr": 2045, "objekttyp": "Byggnad, storleksklass 1", "hojd": null, "rotation": 11.04 }, "geometry": { "type": "Point", "coordinates": [ 14.647647373018314, 61.122695897663405 ] } },
{ "type": "Feature", "properties": { "objektidentitet": "955da0c8-9826-44cb-9663-98c9a267114d", "skapad": "2026-03-17T21:00:01", "objekttypnr": 2045, "objekttyp": "Byggnad, storleksklass 1", "hojd": null, "rotation": 5.41 }, "geometry": { "type": "Point", "coordinates": [ 14.648086952656955, 61.123194934639059 ] } },
{ "type": "Feature", "properties": { "objektidentitet": "ae81d9cc-12af-4fa2-9aaa-58fa019cdf4f", "skapad": "2026-03-17T21:00:01", "objekttypnr": 2045, "objekttyp": "Byggnad, storleksklass 1", "hojd": null, "rotation": 295.9 }, "geometry": { "type": "Point", "coordinates": [ 14.653135364356062, 61.117122169755667 ] } },
{ "type": "Feature", "properties": { "objektidentitet": "dcd549f7-5ccd-4189-b7a1-8f39baabd5d5", "skapad": "2026-03-17T21:00:01", "objekttypnr": 2047, "objekttyp": "Byggnad, storleksklass 3", "hojd": null, "rotation": 0.07 }, "geometry": { "type": "Point", "coordinates": [ 14.66186574732126, 61.118060356991478 ] } },
{ "type": "Feature", "properties": { "objektidentitet": "0417756f-f0bc-4ae1-8bd2-4d8d70a8f54e", "skapad": "2026-03-17T21:00:01", "objekttypnr": 2045, "objekttyp": "Byggnad, storleksklass 1", "hojd": null, "rotation": 5.36 }, "geometry": { "type": "Point", "coordinates": [ 14.661583903850186, 61.118327658266146 ] } },
{ "type": "Feature", "properties": { "objektidentitet": "fa215c45-a219-47c9-9d17-53dc4bef29ec", "skapad": "2026-03-17T21:00:01", "objekttypnr": 2045, "objekttyp": "Byggnad, storleksklass 1", "hojd": null, "rotation": 272.44 }, "geometry": { "type": "Point", "coordinates": [ 14.659470680245583, 61.118450118258501 ] } },
{ "type": "Feature", "properties": { "objektidentitet": "61ce817e-533f-4398-a416-207f4ebe8a4c", "skapad": "2026-03-17T21:00:01", "objekttypnr": 2045, "objekttyp": "Byggnad, storleksklass 1", "hojd": null, "rotation": 9.67 }, "geometry": { "type": "Point", "coordinates": [ 14.660257577986894, 61.118616041113427 ] } },
{ "type": "Feature", "properties": { "objektidentitet": "23db4373-664a-44d4-a7bb-263f069d43f0", "skapad": "2026-03-17T21:00:01", "objekttypnr": 2045, "objekttyp": "Byggnad, storleksklass 1", "hojd": null, "rotation": 343.27 }, "geometry": { "type": "Point", "coordinates": [ 14.65876614808503, 61.118847595708822 ] } },
{ "type": "Feature", "properties": { "objektidentitet": "0cba6798-deed-4327-91ad-81f2ae9dbec2", "skapad": "2026-03-17T21:00:01", "objekttypnr": 2045, "objekttyp": "Byggnad, storleksklass 1", "hojd": null, "rotation": 274.5 }, "geometry": { "type": "Point", "coordinates": [ 14.661534067227311, 61.119020873494009 ] } },
{ "type": "Feature", "properties": { "objektidentitet": "f9683938-bbb2-46aa-b03e-d9c248a62231", "skapad": "2026-03-17T21:00:01", "objekttypnr": 2045, "objekttyp": "Byggnad, storleksklass 1", "hojd": null, "rotation": 356.31 }, "geometry": { "type": "Point", "coordinates": [ 14.660661037170678, 61.119412705154282 ] } },
{ "type": "Feature", "properties": { "objektidentitet": "f55e6c99-a08d-4022-8f3a-cdeb7f1661a5", "skapad": "2026-03-17T21:00:01", "objekttypnr": 2045, "objekttyp": "Byggnad, storleksklass 1", "hojd": null, "rotation": 84.4 }, "geometry": { "type": "Point", "coordinates": [ 14.658083383676615, 61.119645634791169 ] } },
{ "type": "Feature", "properties": { "objektidentitet": "4bf9a4b7-3938-4d39-b5bf-96233d6295c0", "skapad": "2026-03-17T21:00:01", "objekttypnr": 2045, "objekttyp": "Byggnad, storleksklass 1", "hojd": null, "rotation": 340.99 }, "geometry": { "type": "Point", "coordinates": [ 14.658212168146527, 61.119935872329762 ] } },
{ "type": "Feature", "properties": { "objektidentitet": "3e1af7f8-f31a-445b-b8f5-bddb8999216e", "skapad": "2026-03-17T21:00:01", "objekttypnr": 2045, "objekttyp": "Byggnad, storleksklass 1", "hojd": null, "rotation": 76.98 }, "geometry": { "type": "Point", "coordinates": [ 14.659629048487194, 61.120087184472787 ] } },
{ "type": "Feature", "properties": { "objektidentitet": "8bfe0012-d78c-4668-9c8d-528d479c9dbc", "skapad": "2026-03-17T21:00:01", "objekttypnr": 2045, "objekttyp": "Byggnad, storleksklass 1", "hojd": null, "rotation": 353.11 }, "geometry": { "type": "Point", "coordinates": [ 14.659971908093056, 61.121057005773238 ] } },
{ "type": "Feature", "properties": { "objektidentitet": "f03c1010-5953-446a-8b1a-686444434051", "skapad": "2026-03-17T21:00:01", "objekttypnr": 2045, "objekttyp": "Byggnad, storleksklass 1", "hojd": null, "rotation": 273.52 }, "geometry": { "type": "Point", "coordinates": [ 14.659389689286717, 61.121187380380434 ] } },
{ "type": "Feature", "properties": { "objektidentitet": "0a1ea301-481b-4ff4-a624-988bd3bd8ef1", "skapad": "2026-03-17T21:00:01", "objekttypnr": 2045, "objekttyp": "Byggnad, storleksklass 1", "hojd": null, "rotation": 68.62 }, "geometry": { "type": "Point", "coordinates": [ 14.658673522255656, 61.121456660777888 ] } },
{ "type": "Feature", "properties": { "objektidentitet": "98ae5a23-16b2-4b96-a96b-d3abdc351bf9", "skapad": "2026-03-17T21:00:01", "objekttypnr": 2045, "objekttyp": "Byggnad, storleksklass 1", "hojd": null, "rotation": 357.69 }, "geometry": { "type": "Point", "coordinates": [ 14.661495738306845, 61.121754598299198 ] } },
{ "type": "Feature", "properties": { "objektidentitet": "81f761d3-4b1e-49c5-87b9-fa05b2a6c3e2", "skapad": "2026-03-17T21:00:01", "objekttypnr": 2045, "objekttyp": "Byggnad, storleksklass 1", "hojd": null, "rotation": 87.1 }, "geometry": { "type": "Point", "coordinates": [ 14.65950908782084, 61.121861781425338 ] } },
{ "type": "Feature", "properties": { "objektidentitet": "ba25db9d-8f52-450a-9be2-9d48e5ff6b0a", "skapad": "2026-03-17T21:00:01", "objekttypnr": 2045, "objekttyp": "Byggnad, storleksklass 1", "hojd": null, "rotation": 346.91 }, "geometry": { "type": "Point", "coordinates": [ 14.660125865995239, 61.122795509222492 ] } },
{ "type": "Feature", "properties": { "objektidentitet": "75101774-5442-4a0d-b303-7e20908547b9", "skapad": "2026-03-17T21:00:01", "objekttypnr": 2045, "objekttyp": "Byggnad, storleksklass 1", "hojd": null, "rotation": 214.12 }, "geometry": { "type": "Point", "coordinates": [ 14.665002050919872, 61.123280507674359 ] } },
{ "type": "Feature", "properties": { "objektidentitet": "602bdc17-bc2a-4885-bf43-cd3932a697c9", "skapad": "2026-03-17T21:00:01", "objekttypnr": 2045, "objekttyp": "Byggnad, storleksklass 1", "hojd": null, "rotation": 351.39 }, "geometry": { "type": "Point", "coordinates": [ 14.65937102779448, 61.123416303736612 ] } },
{ "type": "Feature", "properties": { "objektidentitet": "6f6a69b1-dac4-400a-9806-876dfea30f78", "skapad": "2026-03-17T21:00:01", "objekttypnr": 2045, "objekttyp": "Byggnad, storleksklass 1", "hojd": null, "rotation": 29.77 }, "geometry": { "type": "Point", "coordinates": [ 14.666679307564131, 61.123807061319852 ] } },
{ "type": "Feature", "properties": { "objektidentitet": "a66811af-34a7-4b7f-9cbf-adbc7db5c489", "skapad": "2026-03-17T21:00:01", "objekttypnr": 2045, "objekttyp": "Byggnad, storleksklass 1", "hojd": null, "rotation": 318.39 }, "geometry": { "type": "Point", "coordinates": [ 14.663539188997557, 61.124032226391073 ] } },
{ "type": "Feature", "properties": { "objektidentitet": "15a3432b-e01c-45ca-b83e-8d4a4185845d", "skapad": "2026-03-17T21:00:01", "objekttypnr": 2045, "objekttyp": "Byggnad, storleksklass 1", "hojd": null, "rotation": 130.64 }, "geometry": { "type": "Point", "coordinates": [ 14.666338751908423, 61.12470025119287 ] } },
{ "type": "Feature", "properties": { "objektidentitet": "7bd3cc3d-63dd-48b1-8614-740dc43e0ebb", "skapad": "2026-03-17T21:00:01", "objekttypnr": 2045, "objekttyp": "Byggnad, storleksklass 1", "hojd": null, "rotation": 32.06 }, "geometry": { "type": "Point", "coordinates": [ 14.663109364186402, 61.122997396158489 ] } },
{ "type": "Feature", "properties": { "objektidentitet": "0fd382f5-b30b-416d-acc6-f38841e6ffbf", "skapad": "2026-03-17T21:00:01", "objekttypnr": 2045, "objekttyp": "Byggnad, storleksklass 1", "hojd": null, "rotation": 66.29 }, "geometry": { "type": "Point", "coordinates": [ 14.660187966487722, 61.121693017474712 ] } },
{ "type": "Feature", "properties": { "objektidentitet": "29bf5dbe-5d55-4e8d-af89-d2734ec58e78", "skapad": "2026-03-17T21:00:01", "objekttypnr": 2045, "objekttyp": "Byggnad, storleksklass 1", "hojd": null, "rotation": 33.81 }, "geometry": { "type": "Point", "coordinates": [ 14.665973853518215, 61.123789699926782 ] } },
{ "type": "Feature", "properties": { "objektidentitet": "ec04900d-a990-479f-bfcf-c89af37764ac", "skapad": "2026-03-17T21:00:01", "objekttypnr": 2045, "objekttyp": "Byggnad, storleksklass 1", "hojd": null, "rotation": 357.78 }, "geometry": { "type": "Point", "coordinates": [ 14.661567041979392, 61.119394442849845 ] } },
{ "type": "Feature", "properties": { "objektidentitet": "5274f9e7-6e57-480a-bf4f-2c1048347af4", "skapad": "2026-03-17T21:00:01", "objekttypnr": 2045, "objekttyp": "Byggnad, storleksklass 1", "hojd": null, "rotation": 332.59 }, "geometry": { "type": "Point", "coordinates": [ 14.664453921980945, 61.124433804928699 ] } },
{ "type": "Feature", "properties": { "objektidentitet": "6dccc610-3855-4136-91d0-f8d7fa1d3bef", "skapad": "2026-03-17T21:00:01", "objekttypnr": 2045, "objekttyp": "Byggnad, storleksklass 1", "hojd": null, "rotation": 85.7 }, "geometry": { "type": "Point", "coordinates": [ 14.662652126442806, 61.119765800872536 ] } },
{ "type": "Feature", "properties": { "objektidentitet": "d66283a2-1f10-4514-8d1f-f6a2871643ac", "skapad": "2026-03-17T21:00:01", "objekttypnr": 2045, "objekttyp": "Byggnad, storleksklass 1", "hojd": null, "rotation": 69.12 }, "geometry": { "type": "Point", "coordinates": [ 14.658142221099663, 61.120220822531614 ] } },
{ "type": "Feature", "properties": { "objektidentitet": "cec6ce43-11ff-4c5f-a126-d23a20593e59", "skapad": "2026-03-17T21:00:01", "objekttypnr": 2045, "objekttyp": "Byggnad, storleksklass 1", "hojd": null, "rotation": 35.51 }, "geometry": { "type": "Point", "coordinates": [ 14.665435220949075, 61.123617108016141 ] } },
{ "type": "Feature", "properties": { "objektidentitet": "749d103f-c186-4e57-9725-a33492451cc5", "skapad": "2026-03-17T21:00:01", "objekttypnr": 2045, "objekttyp": "Byggnad, storleksklass 1", "hojd": null, "rotation": 6.57 }, "geometry": { "type": "Point", "coordinates": [ 14.667093361093848, 61.118806256423873 ] } },
{ "type": "Feature", "properties": { "objektidentitet": "872464a4-ec9e-42f2-b5e1-cad6b3144b55", "skapad": "2026-03-17T21:00:01", "objekttypnr": 2045, "objekttyp": "Byggnad, storleksklass 1", "hojd": null, "rotation": 354.5 }, "geometry": { "type": "Point", "coordinates": [ 14.659014116753562, 61.119739432493965 ] } },
{ "type": "Feature", "properties": { "objektidentitet": "c7cf3e39-a028-43ce-a57c-c4afafd0b572", "skapad": "2026-03-17T21:00:01", "objekttypnr": 2045, "objekttyp": "Byggnad, storleksklass 1", "hojd": null, "rotation": 356.58 }, "geometry": { "type": "Point", "coordinates": [ 14.662764217767698, 61.119505103854785 ] } },
{ "type": "Feature", "properties": { "objektidentitet": "f8bc163a-0882-478e-9299-5bcc1c71be50", "skapad": "2026-03-17T21:00:01", "objekttypnr": 2045, "objekttyp": "Byggnad, storleksklass 1", "hojd": null, "rotation": 342.83 }, "geometry": { "type": "Point", "coordinates": [ 14.659856682837306, 61.120782883523844 ] } },
{ "type": "Feature", "properties": { "objektidentitet": "f72bc3bb-7784-4635-8775-e25af52c9645", "skapad": "2026-03-17T21:00:01", "objekttypnr": 2045, "objekttyp": "Byggnad, storleksklass 1", "hojd": null, "rotation": 176.62 }, "geometry": { "type": "Point", "coordinates": [ 14.661387137357561, 61.119784204917273 ] } },
{ "type": "Feature", "properties": { "objektidentitet": "aa547025-e56c-4ea4-861f-9a6c07881996", "skapad": "2026-03-17T21:00:01", "objekttypnr": 2045, "objekttyp": "Byggnad, storleksklass 1", "hojd": null, "rotation": 16.95 }, "geometry": { "type": "Point", "coordinates": [ 14.659617834392634, 61.119599148360209 ] } },
{ "type": "Feature", "properties": { "objektidentitet": "f5d4897a-6e96-44b5-87b8-f72e63e878d4", "skapad": "2026-03-17T21:00:01", "objekttypnr": 2045, "objekttyp": "Byggnad, storleksklass 1", "hojd": null, "rotation": 86.17 }, "geometry": { "type": "Point", "coordinates": [ 14.659658600244212, 61.123143464135765 ] } },
{ "type": "Feature", "properties": { "objektidentitet": "039a16c9-0f5f-422b-b2ad-f4b0f1e3d3e8", "skapad": "2026-03-17T21:00:01", "objekttypnr": 2045, "objekttyp": "Byggnad, storleksklass 1", "hojd": null, "rotation": 302.31 }, "geometry": { "type": "Point", "coordinates": [ 14.662864584477438, 61.123345494049374 ] } },
{ "type": "Feature", "properties": { "objektidentitet": "9c43c12a-e332-406b-b777-f32a41d1ebd0", "skapad": "2026-03-17T21:00:01", "objekttypnr": 2045, "objekttyp": "Byggnad, storleksklass 1", "hojd": null, "rotation": 337.04 }, "geometry": { "type": "Point", "coordinates": [ 14.660536012308977, 61.120301501849717 ] } },
{ "type": "Feature", "properties": { "objektidentitet": "ffb09cf5-374f-461b-97e6-acb04637c905", "skapad": "2026-03-17T21:00:01", "objekttypnr": 2045, "objekttyp": "Byggnad, storleksklass 1", "hojd": null, "rotation": 83.61 }, "geometry": { "type": "Point", "coordinates": [ 14.658767717682808, 61.120602586221459 ] } },
{ "type": "Feature", "properties": { "objektidentitet": "09427622-19ae-4485-8772-b44371a4eb5e", "skapad": "2026-03-17T21:00:01", "objekttypnr": 2045, "objekttyp": "Byggnad, storleksklass 1", "hojd": null, "rotation": 358.78 }, "geometry": { "type": "Point", "coordinates": [ 14.637477691286847, 61.122206846723486 ] } },
{ "type": "Feature", "properties": { "objektidentitet": "c2a1f5cd-d5e5-41d3-9ef7-321c1e76bc32", "skapad": "2026-03-17T21:00:01", "objekttypnr": 2045, "objekttyp": "Byggnad, storleksklass 1", "hojd": null, "rotation": 274.11 }, "geometry": { "type": "Point", "coordinates": [ 14.638255727615197, 61.12285876363061 ] } },
{ "type": "Feature", "properties": { "objektidentitet": "2c8644c8-ab71-4889-a7ec-a9a604bce91f", "skapad": "2026-03-17T21:00:01", "objekttypnr": 2045, "objekttyp": "Byggnad, storleksklass 1", "hojd": null, "rotation": 270.01 }, "geometry": { "type": "Point", "coordinates": [ 14.637529375173935, 61.123004845945218 ] } },
{ "type": "Feature", "properties": { "objektidentitet": "dac4801c-ce54-4ed5-973d-448f4c1e583f", "skapad": "2026-03-17T21:00:01", "objekttypnr": 2045, "objekttyp": "Byggnad, storleksklass 1", "hojd": null, "rotation": 275.09 }, "geometry": { "type": "Point", "coordinates": [ 14.63687316772409, 61.123586950698524 ] } },
{ "type": "Feature", "properties": { "objektidentitet": "25cb91e7-95cf-45cb-9e1a-778a69bd3399", "skapad": "2026-03-17T21:00:01", "objekttypnr": 2045, "objekttyp": "Byggnad, storleksklass 1", "hojd": null, "rotation": 355.45 }, "geometry": { "type": "Point", "coordinates": [ 14.636879188839485, 61.124136320728184 ] } },
{ "type": "Feature", "properties": { "objektidentitet": "df6e7c12-e7cb-49c6-823b-f342813883a8", "skapad": "2026-03-17T21:00:01", "objekttypnr": 2045, "objekttyp": "Byggnad, storleksklass 1", "hojd": null, "rotation": 250.37 }, "geometry": { "type": "Point", "coordinates": [ 14.63659521134065, 61.124417614781258 ] } },
{ "type": "Feature", "properties": { "objektidentitet": "13ade25e-30a9-4bcf-9e47-5ed52b3fe5cd", "skapad": "2026-03-17T21:00:01", "objekttypnr": 2045, "objekttyp": "Byggnad, storleksklass 1", "hojd": null, "rotation": 66.19 }, "geometry": { "type": "Point", "coordinates": [ 14.637204781035708, 61.12511272570832 ] } },
{ "type": "Feature", "properties": { "objektidentitet": "caae862e-41d3-46e9-9db9-a7c237a4b0bb", "skapad": "2026-03-17T21:00:01", "objekttypnr": 2045, "objekttyp": "Byggnad, storleksklass 1", "hojd": null, "rotation": 346.75 }, "geometry": { "type": "Point", "coordinates": [ 14.637865012898789, 61.126117947402143 ] } },
{ "type": "Feature", "properties": { "objektidentitet": "59dacbdc-68a2-418e-88fb-64bc0a00d32c", "skapad": "2026-03-17T21:00:01", "objekttypnr": 2045, "objekttyp": "Byggnad, storleksklass 1", "hojd": null, "rotation": 343.38 }, "geometry": { "type": "Point", "coordinates": [ 14.636701939207116, 61.126673483542298 ] } },
{ "type": "Feature", "properties": { "objektidentitet": "95d6f188-fe01-4b7d-a14a-3b568ae57f71", "skapad": "2026-03-17T21:00:01", "objekttypnr": 2045, "objekttyp": "Byggnad, storleksklass 1", "hojd": null, "rotation": 73.57 }, "geometry": { "type": "Point", "coordinates": [ 14.637053643538492, 61.126896467551724 ] } },
{ "type": "Feature", "properties": { "objektidentitet": "adb3efe0-e376-44c1-b7f6-1f19d677af0a", "skapad": "2026-03-17T21:00:01", "objekttypnr": 2045, "objekttyp": "Byggnad, storleksklass 1", "hojd": null, "rotation": 347.2 }, "geometry": { "type": "Point", "coordinates": [ 14.637935839463557, 61.127006251170521 ] } },
{ "type": "Feature", "properties": { "objektidentitet": "fa6eac01-2f0b-4214-8bbb-8d24694ca31c", "skapad": "2026-03-17T21:00:01", "objekttypnr": 2045, "objekttyp": "Byggnad, storleksklass 1", "hojd": null, "rotation": 347.03 }, "geometry": { "type": "Point", "coordinates": [ 14.641234949704801, 61.130486443263145 ] } },
{ "type": "Feature", "properties": { "objektidentitet": "a676c30d-a69a-4eaa-8cd0-d2d1ce30d9f1", "skapad": "2026-03-17T21:00:01", "objekttypnr": 2045, "objekttyp": "Byggnad, storleksklass 1", "hojd": null, "rotation": 345.21 }, "geometry": { "type": "Point", "coordinates": [ 14.642698230082601, 61.13114227606048 ] } },
{ "type": "Feature", "properties": { "objektidentitet": "8f0703db-64f1-4088-9f5c-b72369b59593", "skapad": "2026-03-17T21:00:01", "objekttypnr": 2045, "objekttyp": "Byggnad, storleksklass 1", "hojd": null, "rotation": 74.08 }, "geometry": { "type": "Point", "coordinates": [ 14.639829296067429, 61.13118135405518 ] } },
{ "type": "Feature", "properties": { "objektidentitet": "7be9add8-1d6e-419b-b3f6-2da8cac38ecb", "skapad": "2026-03-17T21:00:01", "objekttypnr": 2045, "objekttyp": "Byggnad, storleksklass 1", "hojd": null, "rotation": 73.72 }, "geometry": { "type": "Point", "coordinates": [ 14.641362983235977, 61.131308145769907 ] } },
{ "type": "Feature", "properties": { "objektidentitet": "7548ab44-84df-4fc0-a244-76534f9afb99", "skapad": "2026-03-17T21:00:01", "objekttypnr": 2045, "objekttyp": "Byggnad, storleksklass 1", "hojd": null, "rotation": 41.32 }, "geometry": { "type": "Point", "coordinates": [ 14.637187344184831, 61.131534288104284 ] } },
{ "type": "Feature", "properties": { "objektidentitet": "107cac53-865c-4b4a-9085-aa4414f59707", "skapad": "2026-03-17T21:00:01", "objekttypnr": 2045, "objekttyp": "Byggnad, storleksklass 1", "hojd": null, "rotation": 60.26 }, "geometry": { "type": "Point", "coordinates": [ 14.643453907698111, 61.138501969184844 ] } },
{ "type": "Feature", "properties": { "objektidentitet": "c78449ec-d26a-4a01-bac0-8d8e1604129a", "skapad": "2026-03-17T21:00:01", "objekttypnr": 2045, "objekttyp": "Byggnad, storleksklass 1", "hojd": null, "rotation": 41.42 }, "geometry": { "type": "Point", "coordinates": [ 14.646113732429319, 61.139946577281655 ] } },
{ "type": "Feature", "properties": { "objektidentitet": "9a8bb0a7-26a1-43ad-9abe-c9f43790679a", "skapad": "2026-03-17T21:00:01", "objekttypnr": 2045, "objekttyp": "Byggnad, storleksklass 1", "hojd": null, "rotation": 285.07 }, "geometry": { "type": "Point", "coordinates": [ 14.638130879590877, 61.131782313609996 ] } },
{ "type": "Feature", "properties": { "objektidentitet": "5b4ca6d9-931e-4d5d-ab74-100ed9b46b2e", "skapad": "2026-03-17T21:00:01", "objekttypnr": 2045, "objekttyp": "Byggnad, storleksklass 1", "hojd": null, "rotation": 306.06 }, "geometry": { "type": "Point", "coordinates": [ 14.647207309710419, 61.124833988427291 ] } },
{ "type": "Feature", "properties": { "objektidentitet": "ecebef3d-a853-4329-9aec-7a4cbc3f94b1", "skapad": "2026-03-17T21:00:01", "objekttypnr": 2045, "objekttyp": "Byggnad, storleksklass 1", "hojd": null, "rotation": 87.65 }, "geometry": { "type": "Point", "coordinates": [ 14.637410668810677, 61.123289044281151 ] } },
{ "type": "Feature", "properties": { "objektidentitet": "ffd9d23b-7946-4ffc-9116-fc170b27c067", "skapad": "2026-03-17T21:00:01", "objekttypnr": 2045, "objekttyp": "Byggnad, storleksklass 1", "hojd": null, "rotation": 59.08 }, "geometry": { "type": "Point", "coordinates": [ 14.642358499849539, 61.13902305981896 ] } },
{ "type": "Feature", "properties": { "objektidentitet": "440fe19d-cd06-4a2b-8e36-b789b11dd661", "skapad": "2026-03-17T21:00:01", "objekttypnr": 2045, "objekttyp": "Byggnad, storleksklass 1", "hojd": null, "rotation": 89.18 }, "geometry": { "type": "Point", "coordinates": [ 14.637891147313585, 61.123600479836696 ] } },
{ "type": "Feature", "properties": { "objektidentitet": "18921751-4ac5-456f-9972-d25dbaab4da1", "skapad": "2026-03-17T21:00:01", "objekttypnr": 2045, "objekttyp": "Byggnad, storleksklass 1", "hojd": null, "rotation": 79.74 }, "geometry": { "type": "Point", "coordinates": [ 14.637457289335575, 61.121840990034208 ] } },
{ "type": "Feature", "properties": { "objektidentitet": "7f599563-dca4-4feb-8e11-8ccbb1c129c7", "skapad": "2026-03-17T21:00:01", "objekttypnr": 2045, "objekttyp": "Byggnad, storleksklass 1", "hojd": null, "rotation": 79.24 }, "geometry": { "type": "Point", "coordinates": [ 14.636877246617084, 61.121634748605743 ] } },
{ "type": "Feature", "properties": { "objektidentitet": "1d807697-8d8a-4b12-a4f9-b07c89fa93e0", "skapad": "2026-03-17T21:00:01", "objekttypnr": 2045, "objekttyp": "Byggnad, storleksklass 1", "hojd": null, "rotation": 317.3 }, "geometry": { "type": "Point", "coordinates": [ 14.6403104227876, 61.137436458564451 ] } },
{ "type": "Feature", "properties": { "objektidentitet": "9ca570d8-19d2-4a40-a25d-7444190307b1", "skapad": "2026-03-17T21:00:01", "objekttypnr": 2045, "objekttyp": "Byggnad, storleksklass 1", "hojd": null, "rotation": 73.25 }, "geometry": { "type": "Point", "coordinates": [ 14.637614257511871, 61.126418419391733 ] } },
{ "type": "Feature", "properties": { "objektidentitet": "eed3f044-3fb0-4826-b61c-44b50644a898", "skapad": "2026-03-17T21:00:01", "objekttypnr": 2045, "objekttyp": "Byggnad, storleksklass 1", "hojd": null, "rotation": 71.49 }, "geometry": { "type": "Point", "coordinates": [ 14.640017967327955, 61.130681665403841 ] } },
{ "type": "Feature", "properties": { "objektidentitet": "5a695c7f-10b8-4556-9f5d-3a256498e5c7", "skapad": "2026-03-17T21:00:01", "objekttypnr": 2045, "objekttyp": "Byggnad, storleksklass 1", "hojd": null, "rotation": 345.2 }, "geometry": { "type": "Point", "coordinates": [ 14.638589822105988, 61.127033056827457 ] } },
{ "type": "Feature", "properties": { "objektidentitet": "fc8ec997-83b6-44b7-aad2-db4ccd4a8835", "skapad": "2026-03-17T21:00:01", "objekttypnr": 2045, "objekttyp": "Byggnad, storleksklass 1", "hojd": null, "rotation": 7.82 }, "geometry": { "type": "Point", "coordinates": [ 14.646681990664893, 61.121946827875611 ] } },
{ "type": "Feature", "properties": { "objektidentitet": "0d375041-a965-4fc6-90c4-adb23310ee6b", "skapad": "2026-03-17T21:00:01", "objekttypnr": 2045, "objekttyp": "Byggnad, storleksklass 1", "hojd": null, "rotation": 348.46 }, "geometry": { "type": "Point", "coordinates": [ 14.639076134188212, 61.131213660181245 ] } },
{ "type": "Feature", "properties": { "objektidentitet": "a6861602-a1da-4609-a740-0d54c58afc21", "skapad": "2026-03-17T21:00:01", "objekttypnr": 2045, "objekttyp": "Byggnad, storleksklass 1", "hojd": null, "rotation": 271.22 }, "geometry": { "type": "Point", "coordinates": [ 14.637422399077181, 61.122508192317461 ] } },
{ "type": "Feature", "properties": { "objektidentitet": "da2c22e5-1c2f-46f3-9876-998c765a698f", "skapad": "2026-03-17T21:00:01", "objekttypnr": 2045, "objekttyp": "Byggnad, storleksklass 1", "hojd": null, "rotation": 76.59 }, "geometry": { "type": "Point", "coordinates": [ 14.637660340656568, 61.125842084978451 ] } },
{ "type": "Feature", "properties": { "objektidentitet": "f58fb0e2-6a93-4cd8-9f5d-86168fab0e7e", "skapad": "2026-03-17T21:00:01", "objekttypnr": 2045, "objekttyp": "Byggnad, storleksklass 1", "hojd": null, "rotation": 64.56 }, "geometry": { "type": "Point", "coordinates": [ 14.639541508434334, 61.137959731535105 ] } },
{ "type": "Feature", "properties": { "objektidentitet": "159138cb-85b3-48b1-8e28-3bebabe26801", "skapad": "2026-03-17T21:00:01", "objekttypnr": 2045, "objekttyp": "Byggnad, storleksklass 1", "hojd": null, "rotation": 297.0 }, "geometry": { "type": "Point", "coordinates": [ 14.647267537046254, 61.139811510892883 ] } },
{ "type": "Feature", "properties": { "objektidentitet": "5a14f414-f05c-47a2-b21d-73bfd3656af4", "skapad": "2026-03-17T21:00:01", "objekttypnr": 2045, "objekttyp": "Byggnad, storleksklass 1", "hojd": null, "rotation": 329.72 }, "geometry": { "type": "Point", "coordinates": [ 14.647009995219674, 61.123640652066676 ] } },
{ "type": "Feature", "properties": { "objektidentitet": "d9f14d99-d727-442c-88cd-1e9191242c5e", "skapad": "2026-03-17T21:00:01", "objekttypnr": 2045, "objekttyp": "Byggnad, storleksklass 1", "hojd": null, "rotation": 303.08 }, "geometry": { "type": "Point", "coordinates": [ 14.64681412292491, 61.125203396879542 ] } },
{ "type": "Feature", "properties": { "objektidentitet": "9961bd43-8f3c-4b5a-aedd-b54a85acb97d", "skapad": "2026-03-17T21:00:01", "objekttypnr": 2045, "objekttyp": "Byggnad, storleksklass 1", "hojd": null, "rotation": 86.93 }, "geometry": { "type": "Point", "coordinates": [ 14.636569434843217, 61.123224238416725 ] } },
{ "type": "Feature", "properties": { "objektidentitet": "5393517c-3ded-4936-a246-22ac52e644ee", "skapad": "2026-03-17T21:00:01", "objekttypnr": 2045, "objekttyp": "Byggnad, storleksklass 1", "hojd": null, "rotation": 45.35 }, "geometry": { "type": "Point", "coordinates": [ 14.646895072264535, 61.141072738796012 ] } },
{ "type": "Feature", "properties": { "objektidentitet": "a72068b2-bc5a-4049-9556-2ff9021fc731", "skapad": "2026-03-17T21:00:01", "objekttypnr": 2045, "objekttyp": "Byggnad, storleksklass 1", "hojd": null, "rotation": 48.09 }, "geometry": { "type": "Point", "coordinates": [ 14.646300616818362, 61.141002353617985 ] } },
{ "type": "Feature", "properties": { "objektidentitet": "c9565af3-13df-4d0e-b25f-0b0ab394478b", "skapad": "2026-03-17T21:00:01", "objekttypnr": 2045, "objekttyp": "Byggnad, storleksklass 1", "hojd": null, "rotation": 51.52 }, "geometry": { "type": "Point", "coordinates": [ 14.645849728713355, 61.140646200776381 ] } },
{ "type": "Feature", "properties": { "objektidentitet": "018d6601-58cb-41da-8c4f-4be124f6288d", "skapad": "2026-03-17T21:00:01", "objekttypnr": 2045, "objekttyp": "Byggnad, storleksklass 1", "hojd": null, "rotation": 89.19 }, "geometry": { "type": "Point", "coordinates": [ 14.647638804130995, 61.140313610481954 ] } },
{ "type": "Feature", "properties": { "objektidentitet": "67bb08af-ea25-43a1-9b3e-34eb1e7bf32a", "skapad": "2026-03-17T21:00:01", "objekttypnr": 2045, "objekttyp": "Byggnad, storleksklass 1", "hojd": null, "rotation": 310.94 }, "geometry": { "type": "Point", "coordinates": [ 14.646940595208594, 61.140285584405838 ] } },
{ "type": "Feature", "properties": { "objektidentitet": "439e076d-e0f5-44c0-be4a-b15da03843d9", "skapad": "2026-03-17T21:00:01", "objekttypnr": 2045, "objekttyp": "Byggnad, storleksklass 1", "hojd": null, "rotation": 68.33 }, "geometry": { "type": "Point", "coordinates": [ 14.646977478309486, 61.135018074407853 ] } },
{ "type": "Feature", "properties": { "objektidentitet": "34da7d52-0a27-4a0c-a751-4439cb5aac08", "skapad": "2026-03-17T21:00:01", "objekttypnr": 2045, "objekttyp": "Byggnad, storleksklass 1", "hojd": null, "rotation": 17.73 }, "geometry": { "type": "Point", "coordinates": [ 14.64829802821119, 61.124887149320926 ] } },
{ "type": "Feature", "properties": { "objektidentitet": "e47b516e-59b3-4905-a498-6d285dd6a08d", "skapad": "2026-03-17T21:00:01", "objekttypnr": 2045, "objekttyp": "Byggnad, storleksklass 1", "hojd": null, "rotation": 33.03 }, "geometry": { "type": "Point", "coordinates": [ 14.649288722755657, 61.125856067777583 ] } },
{ "type": "Feature", "properties": { "objektidentitet": "7846c986-f093-4ee8-8934-057b0873afd5", "skapad": "2026-03-17T21:00:01", "objekttypnr": 2045, "objekttyp": "Byggnad, storleksklass 1", "hojd": null, "rotation": 304.77 }, "geometry": { "type": "Point", "coordinates": [ 14.650251085471519, 61.125463714253677 ] } },
{ "type": "Feature", "properties": { "objektidentitet": "db5172ad-7b32-485e-afea-ce7c1a81608b", "skapad": "2026-03-17T21:00:01", "objekttypnr": 2045, "objekttyp": "Byggnad, storleksklass 1", "hojd": null, "rotation": 303.5 }, "geometry": { "type": "Point", "coordinates": [ 14.651137191338035, 61.125808614236853 ] } },
{ "type": "Feature", "properties": { "objektidentitet": "d267357e-ab79-4d02-883a-19f4c5e0bb86", "skapad": "2026-03-17T21:00:01", "objekttypnr": 2045, "objekttyp": "Byggnad, storleksklass 1", "hojd": null, "rotation": 26.36 }, "geometry": { "type": "Point", "coordinates": [ 14.653222716371756, 61.127482406134845 ] } },
{ "type": "Feature", "properties": { "objektidentitet": "5cc813fe-1e95-48a9-afa2-1e43824e6f6c", "skapad": "2026-03-17T21:00:01", "objekttypnr": 2045, "objekttyp": "Byggnad, storleksklass 1", "hojd": null, "rotation": 340.56 }, "geometry": { "type": "Point", "coordinates": [ 14.658485774107517, 61.128231230380329 ] } },
{ "type": "Feature", "properties": { "objektidentitet": "ad0cdbef-7017-4594-9126-97f98fe2c373", "skapad": "2026-03-17T21:00:01", "objekttypnr": 2045, "objekttyp": "Byggnad, storleksklass 1", "hojd": null, "rotation": 350.58 }, "geometry": { "type": "Point", "coordinates": [ 14.658603628500964, 61.128497100935377 ] } },
{ "type": "Feature", "properties": { "objektidentitet": "6e7ee82a-0434-43a1-8eec-d0edfc10341f", "skapad": "2026-03-17T21:00:01", "objekttypnr": 2045, "objekttyp": "Byggnad, storleksklass 1", "hojd": null, "rotation": 353.26 }, "geometry": { "type": "Point", "coordinates": [ 14.659786450611838, 61.128642585320904 ] } },
{ "type": "Feature", "properties": { "objektidentitet": "df3dc32e-cab2-46fa-9d91-3eae29efaa54", "skapad": "2026-03-17T21:00:01", "objekttypnr": 2045, "objekttyp": "Byggnad, storleksklass 1", "hojd": null, "rotation": 32.1 }, "geometry": { "type": "Point", "coordinates": [ 14.660211783553782, 61.131653637947352 ] } },
{ "type": "Feature", "properties": { "objektidentitet": "f8861299-47c0-4f04-ad3a-d259bde07240", "skapad": "2026-03-17T21:00:01", "objekttypnr": 2045, "objekttyp": "Byggnad, storleksklass 1", "hojd": null, "rotation": 325.24 }, "geometry": { "type": "Point", "coordinates": [ 14.661393630071549, 61.132909840595133 ] } },
{ "type": "Feature", "properties": { "objektidentitet": "e5e25b9d-99aa-4b6d-9b54-043287b9c6cf", "skapad": "2026-03-17T21:00:01", "objekttypnr": 2045, "objekttyp": "Byggnad, storleksklass 1", "hojd": null, "rotation": 48.81 }, "geometry": { "type": "Point", "coordinates": [ 14.66161572551305, 61.130827040694967 ] } },
{ "type": "Feature", "properties": { "objektidentitet": "10079920-340d-4ed6-b5fc-a9a2714942c7", "skapad": "2026-03-17T21:00:01", "objekttypnr": 2045, "objekttyp": "Byggnad, storleksklass 1", "hojd": null, "rotation": 280.7 }, "geometry": { "type": "Point", "coordinates": [ 14.661635209535795, 61.129347213113157 ] } },
{ "type": "Feature", "properties": { "objektidentitet": "7f8f0775-392d-4ebe-93e1-5a2a46a06d69", "skapad": "2026-03-17T21:00:01", "objekttypnr": 2045, "objekttyp": "Byggnad, storleksklass 1", "hojd": null, "rotation": 337.88 }, "geometry": { "type": "Point", "coordinates": [ 14.661634953815852, 61.133368968079125 ] } },
{ "type": "Feature", "properties": { "objektidentitet": "71140c4f-ac0f-412f-85fe-e15e7cfc7a77", "skapad": "2026-03-17T21:00:01", "objekttypnr": 2045, "objekttyp": "Byggnad, storleksklass 1", "hojd": null, "rotation": 348.15 }, "geometry": { "type": "Point", "coordinates": [ 14.66177474508296, 61.133634791538796 ] } },
{ "type": "Feature", "properties": { "objektidentitet": "7f0e8775-1198-469a-85d9-28c9fba9b873", "skapad": "2026-03-17T21:00:01", "objekttypnr": 2045, "objekttyp": "Byggnad, storleksklass 1", "hojd": null, "rotation": 49.98 }, "geometry": { "type": "Point", "coordinates": [ 14.66185433151599, 61.13229315769911 ] } },
{ "type": "Feature", "properties": { "objektidentitet": "e912fabc-0a19-4f3c-9bd4-39c138949e8f", "skapad": "2026-03-17T21:00:01", "objekttypnr": 2045, "objekttyp": "Byggnad, storleksklass 1", "hojd": null, "rotation": 44.99 }, "geometry": { "type": "Point", "coordinates": [ 14.662119267458939, 61.128542448408723 ] } },
{ "type": "Feature", "properties": { "objektidentitet": "8aaeb200-8227-45e5-8bbc-1cfdc3ce0d21", "skapad": "2026-03-17T21:00:01", "objekttypnr": 2045, "objekttyp": "Byggnad, storleksklass 1", "hojd": null, "rotation": 321.46 }, "geometry": { "type": "Point", "coordinates": [ 14.661522407281389, 61.129874979345928 ] } },
{ "type": "Feature", "properties": { "objektidentitet": "e6d3dd93-3c38-404b-ac08-6c1f4cf49062", "skapad": "2026-03-17T21:00:01", "objekttypnr": 2045, "objekttyp": "Byggnad, storleksklass 1", "hojd": null, "rotation": 86.95 }, "geometry": { "type": "Point", "coordinates": [ 14.648094412707987, 61.123977964629162 ] } },
{ "type": "Feature", "properties": { "objektidentitet": "7ea546a2-253d-4394-be4c-52351fa86021", "skapad": "2026-03-17T21:00:01", "objekttypnr": 2045, "objekttyp": "Byggnad, storleksklass 1", "hojd": null, "rotation": 40.38 }, "geometry": { "type": "Point", "coordinates": [ 14.661365766600603, 61.131686489837939 ] } },
{ "type": "Feature", "properties": { "objektidentitet": "a0235a91-06a2-4e45-a80c-0eba9caf9f0d", "skapad": "2026-03-17T21:00:01", "objekttypnr": 2045, "objekttyp": "Byggnad, storleksklass 1", "hojd": null, "rotation": 279.01 }, "geometry": { "type": "Point", "coordinates": [ 14.659064395525631, 61.129294801814495 ] } },
{ "type": "Feature", "properties": { "objektidentitet": "d3c6f899-c953-46ea-8e89-2d4dc1a8d823", "skapad": "2026-03-17T21:00:01", "objekttypnr": 2045, "objekttyp": "Byggnad, storleksklass 1", "hojd": null, "rotation": 78.88 }, "geometry": { "type": "Point", "coordinates": [ 14.653696797595593, 61.12975529685469 ] } },
{ "type": "Feature", "properties": { "objektidentitet": "1e67bd6d-54c9-416d-b614-20cfea6f285c", "skapad": "2026-03-17T21:00:01", "objekttypnr": 2045, "objekttyp": "Byggnad, storleksklass 1", "hojd": null, "rotation": 267.95 }, "geometry": { "type": "Point", "coordinates": [ 14.658114147242328, 61.129118602199583 ] } },
{ "type": "Feature", "properties": { "objektidentitet": "ffec05f3-e890-48d5-a046-42dbb539f69f", "skapad": "2026-03-17T21:00:01", "objekttypnr": 2045, "objekttyp": "Byggnad, storleksklass 1", "hojd": null, "rotation": 9.24 }, "geometry": { "type": "Point", "coordinates": [ 14.661633459169789, 61.12894323380803 ] } },
{ "type": "Feature", "properties": { "objektidentitet": "40ef4fb0-ef23-49a6-9be9-8b2efae7510f", "skapad": "2026-03-17T21:00:01", "objekttypnr": 2045, "objekttyp": "Byggnad, storleksklass 1", "hojd": null, "rotation": 9.05 }, "geometry": { "type": "Point", "coordinates": [ 14.656894836143174, 61.128289968924399 ] } },
{ "type": "Feature", "properties": { "objektidentitet": "0ff8dade-3d5e-4e9e-b7f8-ea31ac3233aa", "skapad": "2026-03-17T21:00:01", "objekttypnr": 2045, "objekttyp": "Byggnad, storleksklass 1", "hojd": null, "rotation": 46.75 }, "geometry": { "type": "Point", "coordinates": [ 14.656059909161511, 61.127975824963876 ] } },
{ "type": "Feature", "properties": { "objektidentitet": "1cd64faf-70bb-4bc2-a301-7db7f2db76aa", "skapad": "2026-03-17T21:00:01", "objekttypnr": 2045, "objekttyp": "Byggnad, storleksklass 1", "hojd": null, "rotation": 148.85 }, "geometry": { "type": "Point", "coordinates": [ 14.655233929131301, 61.128612243026538 ] } },
{ "type": "Feature", "properties": { "objektidentitet": "3fb1a59b-00b3-48b9-8aaa-1b51cc4d7e11", "skapad": "2026-03-17T21:00:01", "objekttypnr": 2045, "objekttyp": "Byggnad, storleksklass 1", "hojd": null, "rotation": 36.39 }, "geometry": { "type": "Point", "coordinates": [ 14.660871738194663, 61.131082006225952 ] } },
{ "type": "Feature", "properties": { "objektidentitet": "e4eee0f1-9ca6-4310-bc85-9e62e28357bb", "skapad": "2026-03-17T21:00:01", "objekttypnr": 2045, "objekttyp": "Byggnad, storleksklass 1", "hojd": null, "rotation": 276.08 }, "geometry": { "type": "Point", "coordinates": [ 14.657197393932393, 61.128560869709965 ] } },
{ "type": "Feature", "properties": { "objektidentitet": "2a3d050d-a12e-4625-a2b5-7baaf7369f56", "skapad": "2026-03-17T21:00:01", "objekttypnr": 2045, "objekttyp": "Byggnad, storleksklass 1", "hojd": null, "rotation": 57.96 }, "geometry": { "type": "Point", "coordinates": [ 14.672638297332007, 61.126545447019851 ] } },
{ "type": "Feature", "properties": { "objektidentitet": "7156fe3d-48ee-481a-898d-7d953d1b2314", "skapad": "2026-03-17T21:00:01", "objekttypnr": 2045, "objekttyp": "Byggnad, storleksklass 1", "hojd": null, "rotation": 62.4 }, "geometry": { "type": "Point", "coordinates": [ 14.673111238743507, 61.127089227570323 ] } },
{ "type": "Feature", "properties": { "objektidentitet": "bfd6bff9-93fa-4a51-9c22-03c5221333d5", "skapad": "2026-03-17T21:00:01", "objekttypnr": 2045, "objekttyp": "Byggnad, storleksklass 1", "hojd": null, "rotation": 331.34 }, "geometry": { "type": "Point", "coordinates": [ 14.671773280027056, 61.127165630307708 ] } },
{ "type": "Feature", "properties": { "objektidentitet": "9bed6606-6352-4dab-9c11-5b51629d76ea", "skapad": "2026-03-17T21:00:01", "objekttypnr": 2045, "objekttyp": "Byggnad, storleksklass 1", "hojd": null, "rotation": 332.47 }, "geometry": { "type": "Point", "coordinates": [ 14.671058919314005, 61.127349394778399 ] } },
{ "type": "Feature", "properties": { "objektidentitet": "3512889d-13dd-4d3f-9401-d5546c13dfc9", "skapad": "2026-03-17T21:00:01", "objekttypnr": 2045, "objekttyp": "Byggnad, storleksklass 1", "hojd": null, "rotation": 59.19 }, "geometry": { "type": "Point", "coordinates": [ 14.67213481788054, 61.127399104098124 ] } },
{ "type": "Feature", "properties": { "objektidentitet": "75fbdec8-322d-4efe-92f5-fb65de56cba2", "skapad": "2026-03-17T21:00:01", "objekttypnr": 2045, "objekttyp": "Byggnad, storleksklass 1", "hojd": null, "rotation": 62.36 }, "geometry": { "type": "Point", "coordinates": [ 14.671330758721693, 61.127587734121768 ] } },
{ "type": "Feature", "properties": { "objektidentitet": "2a131fe0-f06e-4490-8c70-ceba13d23291", "skapad": "2026-03-17T21:00:01", "objekttypnr": 2045, "objekttyp": "Byggnad, storleksklass 1", "hojd": null, "rotation": 272.25 }, "geometry": { "type": "Point", "coordinates": [ 14.670696618789172, 61.127660923433403 ] } },
{ "type": "Feature", "properties": { "objektidentitet": "1c3cdaed-7484-4a95-919d-cbe45a615dda", "skapad": "2026-03-17T21:00:01", "objekttypnr": 2045, "objekttyp": "Byggnad, storleksklass 1", "hojd": null, "rotation": 54.65 }, "geometry": { "type": "Point", "coordinates": [ 14.672061857088936, 61.127727407644848 ] } },
{ "type": "Feature", "properties": { "objektidentitet": "a2c3e57d-cd6a-4ef8-a087-279fc4fd8f20", "skapad": "2026-03-17T21:00:01", "objekttypnr": 2045, "objekttyp": "Byggnad, storleksklass 1", "hojd": null, "rotation": 325.06 }, "geometry": { "type": "Point", "coordinates": [ 14.672522340876494, 61.127889997958917 ] } },
{ "type": "Feature", "properties": { "objektidentitet": "53a2caba-24e3-4747-a378-4e798225ee67", "skapad": "2026-03-17T21:00:01", "objekttypnr": 2045, "objekttyp": "Byggnad, storleksklass 1", "hojd": null, "rotation": 56.71 }, "geometry": { "type": "Point", "coordinates": [ 14.672869099313553, 61.1281286143983 ] } },
{ "type": "Feature", "properties": { "objektidentitet": "7d6da5fd-79a4-4c73-bed0-8e8de3a1241d", "skapad": "2026-03-17T21:00:01", "objekttypnr": 2047, "objekttyp": "Byggnad, storleksklass 3", "hojd": null, "rotation": 37.75 }, "geometry": { "type": "Point", "coordinates": [ 14.662887543975726, 61.128468457348383 ] } },
{ "type": "Feature", "properties": { "objektidentitet": "327aaaed-c63c-41e9-97db-ed92587ac56b", "skapad": "2026-03-17T21:00:01", "objekttypnr": 2045, "objekttyp": "Byggnad, storleksklass 1", "hojd": null, "rotation": 349.11 }, "geometry": { "type": "Point", "coordinates": [ 14.662433469196721, 61.128904419204694 ] } },
{ "type": "Feature", "properties": { "objektidentitet": "e55de802-9407-4e54-87a0-4021cbbd51a6", "skapad": "2026-03-17T21:00:01", "objekttypnr": 2045, "objekttyp": "Byggnad, storleksklass 1", "hojd": null, "rotation": 69.86 }, "geometry": { "type": "Point", "coordinates": [ 14.66358736477118, 61.128990383097779 ] } },
{ "type": "Feature", "properties": { "objektidentitet": "02a8cd94-2ac5-446f-b06f-1f97039ff12f", "skapad": "2026-03-17T21:00:01", "objekttypnr": 2045, "objekttyp": "Byggnad, storleksklass 1", "hojd": null, "rotation": 292.95 }, "geometry": { "type": "Point", "coordinates": [ 14.662510556109652, 61.129650434710115 ] } },
{ "type": "Feature", "properties": { "objektidentitet": "4a0c377f-f454-4aa4-ac28-ba5e11dd5095", "skapad": "2026-03-17T21:00:01", "objekttypnr": 2045, "objekttyp": "Byggnad, storleksklass 1", "hojd": null, "rotation": 50.73 }, "geometry": { "type": "Point", "coordinates": [ 14.665306587680053, 61.129677526578902 ] } },
{ "type": "Feature", "properties": { "objektidentitet": "4ed29eba-4bb8-4048-bab0-f7e8d60f3ce1", "skapad": "2026-03-17T21:00:01", "objekttypnr": 2045, "objekttyp": "Byggnad, storleksklass 1", "hojd": null, "rotation": 316.46 }, "geometry": { "type": "Point", "coordinates": [ 14.66595734819561, 61.129742527263815 ] } },
{ "type": "Feature", "properties": { "objektidentitet": "3f185648-2588-4974-8024-5255616350a1", "skapad": "2026-03-17T21:00:01", "objekttypnr": 2045, "objekttyp": "Byggnad, storleksklass 1", "hojd": null, "rotation": 50.38 }, "geometry": { "type": "Point", "coordinates": [ 14.663714888955035, 61.12975333858504 ] } },
{ "type": "Feature", "properties": { "objektidentitet": "ec2565b7-2bbd-4749-9851-35ccc15dce76", "skapad": "2026-03-17T21:00:01", "objekttypnr": 2045, "objekttyp": "Byggnad, storleksklass 1", "hojd": null, "rotation": 310.46 }, "geometry": { "type": "Point", "coordinates": [ 14.66656533441078, 61.130176012521297 ] } },
{ "type": "Feature", "properties": { "objektidentitet": "6229f166-2925-4b91-be58-1a56c8d269b2", "skapad": "2026-03-17T21:00:01", "objekttypnr": 2047, "objekttyp": "Byggnad, storleksklass 3", "hojd": null, "rotation": 142.96 }, "geometry": { "type": "Point", "coordinates": [ 14.663447612614359, 61.13017347318609 ] } },
{ "type": "Feature", "properties": { "objektidentitet": "68150a35-0702-41a6-8165-be9fe433d36c", "skapad": "2026-03-17T21:00:01", "objekttypnr": 2045, "objekttyp": "Byggnad, storleksklass 1", "hojd": null, "rotation": 29.04 }, "geometry": { "type": "Point", "coordinates": [ 14.665503102590955, 61.130175859342565 ] } },
{ "type": "Feature", "properties": { "objektidentitet": "f535b1cb-6b18-48e5-8afb-1758f709d6e7", "skapad": "2026-03-17T21:00:01", "objekttypnr": 2045, "objekttyp": "Byggnad, storleksklass 1", "hojd": null, "rotation": 64.64 }, "geometry": { "type": "Point", "coordinates": [ 14.664298866743211, 61.130261254262578 ] } },
{ "type": "Feature", "properties": { "objektidentitet": "a17df952-f6c8-4ca2-a538-d5f5c81e23cb", "skapad": "2026-03-17T21:00:01", "objekttypnr": 2045, "objekttyp": "Byggnad, storleksklass 1", "hojd": null, "rotation": 318.59 }, "geometry": { "type": "Point", "coordinates": [ 14.662407459047932, 61.130475687758036 ] } },
{ "type": "Feature", "properties": { "objektidentitet": "23c5260c-d5d6-412f-aae9-c1d2e6ce042f", "skapad": "2026-03-17T21:00:01", "objekttypnr": 2045, "objekttyp": "Byggnad, storleksklass 1", "hojd": null, "rotation": 41.65 }, "geometry": { "type": "Point", "coordinates": [ 14.663125978145796, 61.130496888619938 ] } },
{ "type": "Feature", "properties": { "objektidentitet": "b1a4418e-1f59-4343-8c39-939bf2f2bb13", "skapad": "2026-03-17T21:00:01", "objekttypnr": 2045, "objekttyp": "Byggnad, storleksklass 1", "hojd": null, "rotation": 305.86 }, "geometry": { "type": "Point", "coordinates": [ 14.666440087396211, 61.130521663863362 ] } },
{ "type": "Feature", "properties": { "objektidentitet": "7e2c3802-9dd2-4fbe-839c-8a962a6528ae", "skapad": "2026-03-17T21:00:01", "objekttypnr": 2045, "objekttyp": "Byggnad, storleksklass 1", "hojd": null, "rotation": 307.35 }, "geometry": { "type": "Point", "coordinates": [ 14.664863153513069, 61.130589706142082 ] } },
{ "type": "Feature", "properties": { "objektidentitet": "2959c857-6bcd-4836-94ce-7dc8340ed407", "skapad": "2026-03-17T21:00:01", "objekttypnr": 2045, "objekttyp": "Byggnad, storleksklass 1", "hojd": null, "rotation": 57.79 }, "geometry": { "type": "Point", "coordinates": [ 14.666424832232613, 61.130945477760292 ] } },
{ "type": "Feature", "properties": { "objektidentitet": "fd915ac1-fa77-400d-bbd7-cd96adecccba", "skapad": "2026-03-17T21:00:01", "objekttypnr": 2045, "objekttyp": "Byggnad, storleksklass 1", "hojd": null, "rotation": 47.16 }, "geometry": { "type": "Point", "coordinates": [ 14.665817137025932, 61.130998249134038 ] } },
{ "type": "Feature", "properties": { "objektidentitet": "add573b0-fa83-45b2-9b30-d6f2ff39066b", "skapad": "2026-03-17T21:00:01", "objekttypnr": 2045, "objekttyp": "Byggnad, storleksklass 1", "hojd": null, "rotation": 49.01 }, "geometry": { "type": "Point", "coordinates": [ 14.663180623171247, 61.131364712541895 ] } },
{ "type": "Feature", "properties": { "objektidentitet": "aca0fb24-9e48-48e4-bd16-e80ed20bafa2", "skapad": "2026-03-17T21:00:01", "objekttypnr": 2045, "objekttyp": "Byggnad, storleksklass 1", "hojd": null, "rotation": 324.82 }, "geometry": { "type": "Point", "coordinates": [ 14.664166692029777, 61.131502046247348 ] } },
{ "type": "Feature", "properties": { "objektidentitet": "255fe641-8946-4c3b-85f5-d42d03744c80", "skapad": "2026-03-17T21:00:01", "objekttypnr": 2045, "objekttyp": "Byggnad, storleksklass 1", "hojd": null, "rotation": 45.97 }, "geometry": { "type": "Point", "coordinates": [ 14.663632824103919, 61.131769183736573 ] } },
{ "type": "Feature", "properties": { "objektidentitet": "d9ffb469-8188-410a-9a1d-cae40687cb63", "skapad": "2026-03-17T21:00:01", "objekttypnr": 2045, "objekttyp": "Byggnad, storleksklass 1", "hojd": null, "rotation": 298.79 }, "geometry": { "type": "Point", "coordinates": [ 14.669956638227017, 61.132292497340629 ] } },
{ "type": "Feature", "properties": { "objektidentitet": "2411a73a-251f-44ae-8740-125a4de7793e", "skapad": "2026-03-17T21:00:01", "objekttypnr": 2046, "objekttyp": "Byggnad, storleksklass 2", "hojd": null, "rotation": 306.66 }, "geometry": { "type": "Point", "coordinates": [ 14.668955045563701, 61.132434521174893 ] } },
{ "type": "Feature", "properties": { "objektidentitet": "156a3cf5-528c-4a69-ae52-6fdc822d566b", "skapad": "2026-03-17T21:00:01", "objekttypnr": 2045, "objekttyp": "Byggnad, storleksklass 1", "hojd": null, "rotation": 314.34 }, "geometry": { "type": "Point", "coordinates": [ 14.663056969314999, 61.132487744451574 ] } },
{ "type": "Feature", "properties": { "objektidentitet": "5338972c-5d4a-418a-a613-3e84b858aa54", "skapad": "2026-03-17T21:00:01", "objekttypnr": 2045, "objekttyp": "Byggnad, storleksklass 1", "hojd": null, "rotation": 219.07 }, "geometry": { "type": "Point", "coordinates": [ 14.669482488741812, 61.132528515669883 ] } },
{ "type": "Feature", "properties": { "objektidentitet": "0922fe8b-2237-4104-be0b-000975872741", "skapad": "2026-03-17T21:00:01", "objekttypnr": 2045, "objekttyp": "Byggnad, storleksklass 1", "hojd": null, "rotation": 332.63 }, "geometry": { "type": "Point", "coordinates": [ 14.672954254255941, 61.13305318487582 ] } },
{ "type": "Feature", "properties": { "objektidentitet": "63d5d989-618f-4c6a-b410-c48ca657ad9e", "skapad": "2026-03-17T21:00:01", "objekttypnr": 2045, "objekttyp": "Byggnad, storleksklass 1", "hojd": null, "rotation": 311.02 }, "geometry": { "type": "Point", "coordinates": [ 14.669498012764047, 61.133145014890005 ] } },
{ "type": "Feature", "properties": { "objektidentitet": "4805fdb0-754f-43c7-ad4b-32ea876f7d06", "skapad": "2026-03-17T21:00:01", "objekttypnr": 2045, "objekttyp": "Byggnad, storleksklass 1", "hojd": null, "rotation": 44.37 }, "geometry": { "type": "Point", "coordinates": [ 14.670109341863933, 61.133204718680297 ] } },
{ "type": "Feature", "properties": { "objektidentitet": "73b72d23-9daf-4625-866d-727514865584", "skapad": "2026-03-17T21:00:01", "objekttypnr": 2045, "objekttyp": "Byggnad, storleksklass 1", "hojd": null, "rotation": 85.61 }, "geometry": { "type": "Point", "coordinates": [ 14.670786244591765, 61.133220543408214 ] } },
{ "type": "Feature", "properties": { "objektidentitet": "e2508b2a-d0e0-4aba-9521-02fb5780894a", "skapad": "2026-03-17T21:00:01", "objekttypnr": 2045, "objekttyp": "Byggnad, storleksklass 1", "hojd": null, "rotation": 89.08 }, "geometry": { "type": "Point", "coordinates": [ 14.672434581564875, 61.133279218780153 ] } },
{ "type": "Feature", "properties": { "objektidentitet": "37a56351-7008-4b22-a357-0bea2862e6b3", "skapad": "2026-03-17T21:00:01", "objekttypnr": 2045, "objekttyp": "Byggnad, storleksklass 1", "hojd": null, "rotation": 289.21 }, "geometry": { "type": "Point", "coordinates": [ 14.667475507972027, 61.133324696940242 ] } },
{ "type": "Feature", "properties": { "objektidentitet": "ddce7b16-b192-46fc-aead-53f644c616e7", "skapad": "2026-03-17T21:00:01", "objekttypnr": 2045, "objekttyp": "Byggnad, storleksklass 1", "hojd": null, "rotation": 314.64 }, "geometry": { "type": "Point", "coordinates": [ 14.667236243842364, 61.133637847351046 ] } },
{ "type": "Feature", "properties": { "objektidentitet": "7dbdc6a4-2712-4b8d-9997-379c52731cd0", "skapad": "2026-03-17T21:00:01", "objekttypnr": 2045, "objekttyp": "Byggnad, storleksklass 1", "hojd": null, "rotation": 54.88 }, "geometry": { "type": "Point", "coordinates": [ 14.671617660312137, 61.134048755413154 ] } },
{ "type": "Feature", "properties": { "objektidentitet": "a7030712-255c-4650-ad12-877749de3a15", "skapad": "2026-03-17T21:00:01", "objekttypnr": 2045, "objekttyp": "Byggnad, storleksklass 1", "hojd": null, "rotation": 4.02 }, "geometry": { "type": "Point", "coordinates": [ 14.670661840852134, 61.134169751407349 ] } },
{ "type": "Feature", "properties": { "objektidentitet": "17787181-c3e4-4cef-a2b7-95f59781f13d", "skapad": "2026-03-17T21:00:01", "objekttypnr": 2045, "objekttyp": "Byggnad, storleksklass 1", "hojd": null, "rotation": 70.25 }, "geometry": { "type": "Point", "coordinates": [ 14.66497413475348, 61.134543557706145 ] } },
{ "type": "Feature", "properties": { "objektidentitet": "10292f6f-3a72-4c25-904c-7c45ad1d8a8a", "skapad": "2026-03-17T21:00:01", "objekttypnr": 2045, "objekttyp": "Byggnad, storleksklass 1", "hojd": null, "rotation": 46.76 }, "geometry": { "type": "Point", "coordinates": [ 14.670574262502013, 61.134584689956526 ] } },
{ "type": "Feature", "properties": { "objektidentitet": "63c27780-bb61-470c-beef-ff0d45d36096", "skapad": "2026-03-17T21:00:01", "objekttypnr": 2045, "objekttyp": "Byggnad, storleksklass 1", "hojd": null, "rotation": 300.07 }, "geometry": { "type": "Point", "coordinates": [ 14.670818217681234, 61.135060128691549 ] } },
{ "type": "Feature", "properties": { "objektidentitet": "83ed36eb-8e09-41fe-b4f3-2530dc16a1f6", "skapad": "2026-03-17T21:00:01", "objekttypnr": 2045, "objekttyp": "Byggnad, storleksklass 1", "hojd": null, "rotation": 358.01 }, "geometry": { "type": "Point", "coordinates": [ 14.670904234247915, 61.135382335842223 ] } },
{ "type": "Feature", "properties": { "objektidentitet": "15a5c55e-899a-4aab-87cb-6a73b16915a6", "skapad": "2026-03-17T21:00:01", "objekttypnr": 2045, "objekttyp": "Byggnad, storleksklass 1", "hojd": null, "rotation": 76.09 }, "geometry": { "type": "Point", "coordinates": [ 14.663700258857073, 61.135590459785547 ] } },
{ "type": "Feature", "properties": { "objektidentitet": "62acf70c-96d1-4aff-b435-94bd5fa4c441", "skapad": "2026-03-17T21:00:01", "objekttypnr": 2045, "objekttyp": "Byggnad, storleksklass 1", "hojd": null, "rotation": 311.09 }, "geometry": { "type": "Point", "coordinates": [ 14.66918221994918, 61.135732284385846 ] } },
{ "type": "Feature", "properties": { "objektidentitet": "659f19a4-8483-4010-b016-97a73701bf53", "skapad": "2026-03-17T21:00:01", "objekttypnr": 2045, "objekttyp": "Byggnad, storleksklass 1", "hojd": null, "rotation": 42.63 }, "geometry": { "type": "Point", "coordinates": [ 14.66889477504864, 61.135954347489132 ] } },
{ "type": "Feature", "properties": { "objektidentitet": "7fdf9439-98c2-4430-99c5-aa2924bd6213", "skapad": "2026-03-17T21:00:01", "objekttypnr": 2045, "objekttyp": "Byggnad, storleksklass 1", "hojd": null, "rotation": 39.51 }, "geometry": { "type": "Point", "coordinates": [ 14.666343457422826, 61.137719536043548 ] } },
{ "type": "Feature", "properties": { "objektidentitet": "e66db410-84be-4a94-81d6-13c34310aad1", "skapad": "2026-03-17T21:00:01", "objekttypnr": 2045, "objekttyp": "Byggnad, storleksklass 1", "hojd": null, "rotation": 33.34 }, "geometry": { "type": "Point", "coordinates": [ 14.662299604356823, 61.139018082414353 ] } },
{ "type": "Feature", "properties": { "objektidentitet": "0f6d38d9-809c-4f46-82e5-9ffcc88e34b3", "skapad": "2025-12-17T01:00:01", "objekttypnr": 2045, "objekttyp": "Byggnad, storleksklass 1", "hojd": null, "rotation": 67.87 }, "geometry": { "type": "Point", "coordinates": [ 14.626787254974701, 61.140523544265683 ] } },
{ "type": "Feature", "properties": { "objektidentitet": "c350af95-a80e-4c85-bfdb-c9533ad10b54", "skapad": "2026-03-17T21:00:01", "objekttypnr": 2045, "objekttyp": "Byggnad, storleksklass 1", "hojd": null, "rotation": 23.54 }, "geometry": { "type": "Point", "coordinates": [ 14.653841942863847, 61.1172024102408 ] } },
{ "type": "Feature", "properties": { "objektidentitet": "a158f757-90e2-4a4e-a646-34ce4700af00", "skapad": "2026-03-17T21:00:01", "objekttypnr": 2045, "objekttyp": "Byggnad, storleksklass 1", "hojd": null, "rotation": 305.1 }, "geometry": { "type": "Point", "coordinates": [ 14.653947322547694, 61.117524131275466 ] } },
{ "type": "Feature", "properties": { "objektidentitet": "5c8fd9ea-5286-46bc-b9e7-a65baf1138d4", "skapad": "2026-03-17T21:00:01", "objekttypnr": 2045, "objekttyp": "Byggnad, storleksklass 1", "hojd": null, "rotation": 289.0 }, "geometry": { "type": "Point", "coordinates": [ 14.655343747141488, 61.117454473486099 ] } },
{ "type": "Feature", "properties": { "objektidentitet": "48bf1351-2997-43a2-b4d8-4b3e54cf8e8b", "skapad": "2026-03-17T21:00:01", "objekttypnr": 2045, "objekttyp": "Byggnad, storleksklass 1", "hojd": null, "rotation": 295.28 }, "geometry": { "type": "Point", "coordinates": [ 14.655432381558157, 61.117771410494022 ] } },
{ "type": "Feature", "properties": { "objektidentitet": "b9aa327e-d742-480a-be64-eefd8b9e7273", "skapad": "2026-03-17T21:00:01", "objekttypnr": 2045, "objekttyp": "Byggnad, storleksklass 1", "hojd": null, "rotation": 16.23 }, "geometry": { "type": "Point", "coordinates": [ 14.655465168401989, 61.116753955133944 ] } },
{ "type": "Feature", "properties": { "objektidentitet": "5c2efb9b-4104-4da3-9407-9ef50ac6c23a", "skapad": "2026-03-17T21:00:01", "objekttypnr": 2045, "objekttyp": "Byggnad, storleksklass 1", "hojd": null, "rotation": 24.64 }, "geometry": { "type": "Point", "coordinates": [ 14.655558100490003, 61.118021494144628 ] } },
{ "type": "Feature", "properties": { "objektidentitet": "db54b0a7-0b7f-48db-adc3-cc8ce567a5e1", "skapad": "2026-03-17T21:00:01", "objekttypnr": 2045, "objekttyp": "Byggnad, storleksklass 1", "hojd": null, "rotation": 273.47 }, "geometry": { "type": "Point", "coordinates": [ 14.655586212658912, 61.115746429373672 ] } },
{ "type": "Feature", "properties": { "objektidentitet": "f00e5468-adaa-478e-ac6d-7b4d961398dc", "skapad": "2026-03-17T21:00:01", "objekttypnr": 2045, "objekttyp": "Byggnad, storleksklass 1", "hojd": null, "rotation": 6.66 }, "geometry": { "type": "Point", "coordinates": [ 14.656053191109256, 61.116387423149526 ] } },
{ "type": "Feature", "properties": { "objektidentitet": "3efb4e3e-d65b-43a4-9494-1a92ca66a95b", "skapad": "2026-03-17T21:00:01", "objekttypnr": 2045, "objekttyp": "Byggnad, storleksklass 1", "hojd": null, "rotation": 345.65 }, "geometry": { "type": "Point", "coordinates": [ 14.656101888691232, 61.118976790517614 ] } },
{ "type": "Feature", "properties": { "objektidentitet": "e48eb7a6-0c6d-48bf-a40e-05adcd4b8485", "skapad": "2026-03-17T21:00:01", "objekttypnr": 2045, "objekttyp": "Byggnad, storleksklass 1", "hojd": null, "rotation": 278.57 }, "geometry": { "type": "Point", "coordinates": [ 14.656216728404377, 61.117280119084825 ] } },
{ "type": "Feature", "properties": { "objektidentitet": "7aaeefa0-ab9a-4285-b437-6c7f5e290304", "skapad": "2026-03-17T21:00:01", "objekttypnr": 2045, "objekttyp": "Byggnad, storleksklass 1", "hojd": null, "rotation": 275.6 }, "geometry": { "type": "Point", "coordinates": [ 14.656778233640319, 61.117189154324372 ] } },
{ "type": "Feature", "properties": { "objektidentitet": "3df158c8-403b-426a-acfc-e6acd339f2cb", "skapad": "2026-03-17T21:00:01", "objekttypnr": 2045, "objekttyp": "Byggnad, storleksklass 1", "hojd": null, "rotation": 5.62 }, "geometry": { "type": "Point", "coordinates": [ 14.65678045390249, 61.117446518455928 ] } },
{ "type": "Feature", "properties": { "objektidentitet": "b479bdb5-1766-4fc4-b2af-19a005f96716", "skapad": "2026-03-17T21:00:01", "objekttypnr": 2045, "objekttyp": "Byggnad, storleksklass 1", "hojd": null, "rotation": 86.52 }, "geometry": { "type": "Point", "coordinates": [ 14.656886986789669, 61.116907903258252 ] } },
{ "type": "Feature", "properties": { "objektidentitet": "d8671e29-6e43-4ebe-97ce-d28b338692ca", "skapad": "2026-03-17T21:00:01", "objekttypnr": 2047, "objekttyp": "Byggnad, storleksklass 3", "hojd": null, "rotation": 275.62 }, "geometry": { "type": "Point", "coordinates": [ 14.657064264465037, 61.115897439363593 ] } },
{ "type": "Feature", "properties": { "objektidentitet": "70e88ac8-50e0-4637-b14c-5bb15d361ed0", "skapad": "2026-03-17T21:00:01", "objekttypnr": 2045, "objekttyp": "Byggnad, storleksklass 1", "hojd": null, "rotation": 279.14 }, "geometry": { "type": "Point", "coordinates": [ 14.657422728661064, 61.116616018245168 ] } },
{ "type": "Feature", "properties": { "objektidentitet": "d6fe5841-aff4-44e3-8778-7afdc22948c9", "skapad": "2026-03-17T21:00:01", "objekttypnr": 2045, "objekttyp": "Byggnad, storleksklass 1", "hojd": null, "rotation": 183.77 }, "geometry": { "type": "Point", "coordinates": [ 14.657559173239953, 61.116886066798131 ] } },
{ "type": "Feature", "properties": { "objektidentitet": "220d9c1d-9830-4cd1-8a14-b953144d01d2", "skapad": "2026-03-17T21:00:01", "objekttypnr": 2045, "objekttyp": "Byggnad, storleksklass 1", "hojd": null, "rotation": 349.07 }, "geometry": { "type": "Point", "coordinates": [ 14.657961596786516, 61.11646666189467 ] } },
{ "type": "Feature", "properties": { "objektidentitet": "b3c960c9-0265-468c-92bd-4e915725dd14", "skapad": "2026-03-17T21:00:01", "objekttypnr": 2045, "objekttyp": "Byggnad, storleksklass 1", "hojd": null, "rotation": 163.15 }, "geometry": { "type": "Point", "coordinates": [ 14.658572536271391, 61.115720253206376 ] } },
{ "type": "Feature", "properties": { "objektidentitet": "6d10e35e-05b0-407d-900a-d4d2604ddb52", "skapad": "2026-03-17T21:00:01", "objekttypnr": 2045, "objekttyp": "Byggnad, storleksklass 1", "hojd": null, "rotation": 334.63 }, "geometry": { "type": "Point", "coordinates": [ 14.658815114383488, 61.116241696562653 ] } },
{ "type": "Feature", "properties": { "objektidentitet": "4961b5a4-a0ef-4135-8501-f9cc0b2acbbb", "skapad": "2026-03-17T21:00:01", "objekttypnr": 2045, "objekttyp": "Byggnad, storleksklass 1", "hojd": null, "rotation": 337.36 }, "geometry": { "type": "Point", "coordinates": [ 14.658942725682172, 61.11757891660644 ] } },
{ "type": "Feature", "properties": { "objektidentitet": "86fe7bea-798e-4f06-aecb-46fa3aa82478", "skapad": "2026-03-17T21:00:01", "objekttypnr": 2045, "objekttyp": "Byggnad, storleksklass 1", "hojd": null, "rotation": 21.6 }, "geometry": { "type": "Point", "coordinates": [ 14.659566947161318, 61.115724959336021 ] } },
{ "type": "Feature", "properties": { "objektidentitet": "b0845a7f-3adc-4443-af35-7c5ba1dc5f40", "skapad": "2026-03-17T21:00:01", "objekttypnr": 2045, "objekttyp": "Byggnad, storleksklass 1", "hojd": null, "rotation": 73.36 }, "geometry": { "type": "Point", "coordinates": [ 14.659568239502056, 61.116213931345051 ] } },
{ "type": "Feature", "properties": { "objektidentitet": "6903e0f1-af0e-4195-9492-00922e054025", "skapad": "2026-03-17T21:00:01", "objekttypnr": 2045, "objekttyp": "Byggnad, storleksklass 1", "hojd": null, "rotation": 291.35 }, "geometry": { "type": "Point", "coordinates": [ 14.659952969325623, 61.115947584156672 ] } },
{ "type": "Feature", "properties": { "objektidentitet": "51fc7bae-100c-4838-a7f5-5949dfffdd09", "skapad": "2026-03-17T21:00:01", "objekttypnr": 2045, "objekttyp": "Byggnad, storleksklass 1", "hojd": null, "rotation": 3.26 }, "geometry": { "type": "Point", "coordinates": [ 14.660432954583507, 61.115616304923307 ] } },
{ "type": "Feature", "properties": { "objektidentitet": "b0cbb5e8-5296-427a-ad61-19987f046a23", "skapad": "2026-03-17T21:00:01", "objekttypnr": 2045, "objekttyp": "Byggnad, storleksklass 1", "hojd": null, "rotation": 63.9 }, "geometry": { "type": "Point", "coordinates": [ 14.66053605993592, 61.116704497737814 ] } },
{ "type": "Feature", "properties": { "objektidentitet": "dd500869-5d4a-42f3-98e7-8f5b9d810d67", "skapad": "2026-03-17T21:00:01", "objekttypnr": 2045, "objekttyp": "Byggnad, storleksklass 1", "hojd": null, "rotation": 2.81 }, "geometry": { "type": "Point", "coordinates": [ 14.660556644435076, 61.115899327362008 ] } },
{ "type": "Feature", "properties": { "objektidentitet": "b84d9dff-011e-4ca0-ab5f-5d8dd1ecc402", "skapad": "2026-03-17T21:00:01", "objekttypnr": 2045, "objekttyp": "Byggnad, storleksklass 1", "hojd": null, "rotation": 4.1 }, "geometry": { "type": "Point", "coordinates": [ 14.661281547345761, 61.117635985353601 ] } },
{ "type": "Feature", "properties": { "objektidentitet": "eb75fcfb-f68c-4b13-9a5b-a6aff63e6bf4", "skapad": "2026-03-17T21:00:01", "objekttypnr": 2045, "objekttyp": "Byggnad, storleksklass 1", "hojd": null, "rotation": 270.55 }, "geometry": { "type": "Point", "coordinates": [ 14.66144029213261, 61.117169212452318 ] } },
{ "type": "Feature", "properties": { "objektidentitet": "cd81aeab-c2a8-4c2c-b701-c79a1ab80fbb", "skapad": "2026-03-17T21:00:01", "objekttypnr": 2045, "objekttyp": "Byggnad, storleksklass 1", "hojd": null, "rotation": 16.67 }, "geometry": { "type": "Point", "coordinates": [ 14.661896797221802, 61.118617885946485 ] } },
{ "type": "Feature", "properties": { "objektidentitet": "878d6acd-af1b-407d-bcbe-fad52d394724", "skapad": "2026-03-17T21:00:01", "objekttypnr": 2045, "objekttyp": "Byggnad, storleksklass 1", "hojd": null, "rotation": 84.49 }, "geometry": { "type": "Point", "coordinates": [ 14.662130447677582, 61.117569598860761 ] } },
{ "type": "Feature", "properties": { "objektidentitet": "b2478a7c-fea1-435c-af34-dce13407eb8b", "skapad": "2026-03-17T21:00:01", "objekttypnr": 2045, "objekttyp": "Byggnad, storleksklass 1", "hojd": null, "rotation": 359.25 }, "geometry": { "type": "Point", "coordinates": [ 14.662755821876971, 61.116638551303154 ] } },
{ "type": "Feature", "properties": { "objektidentitet": "fabf2bdb-5577-48d9-bd10-37164e5b6a43", "skapad": "2025-12-17T01:00:01", "objekttypnr": 2045, "objekttyp": "Byggnad, storleksklass 1", "hojd": null, "rotation": 354.93 }, "geometry": { "type": "Point", "coordinates": [ 14.626239233998895, 61.152647420121511 ] } },
{ "type": "Feature", "properties": { "objektidentitet": "846cd4e7-0f98-43c9-944e-252b9751cba2", "skapad": "2025-12-17T01:00:01", "objekttypnr": 2045, "objekttyp": "Byggnad, storleksklass 1", "hojd": null, "rotation": 82.69 }, "geometry": { "type": "Point", "coordinates": [ 14.626353517494682, 61.152191043794467 ] } },
{ "type": "Feature", "properties": { "objektidentitet": "9d37854c-1ca0-4471-8c62-0980024f4e56", "skapad": "2025-12-17T01:00:01", "objekttypnr": 2047, "objekttyp": "Byggnad, storleksklass 3", "hojd": null, "rotation": 21.87 }, "geometry": { "type": "Point", "coordinates": [ 14.626599245697298, 61.147121020039734 ] } },
{ "type": "Feature", "properties": { "objektidentitet": "9cf2f482-90e3-47a7-bac3-56269993e7a5", "skapad": "2026-03-17T21:00:01", "objekttypnr": 2045, "objekttyp": "Byggnad, storleksklass 1", "hojd": null, "rotation": 62.53 }, "geometry": { "type": "Point", "coordinates": [ 14.628855538835145, 61.14562833537542 ] } },
{ "type": "Feature", "properties": { "objektidentitet": "dbc15930-7788-4b0e-a779-8b43aabe079f", "skapad": "2026-03-17T21:00:01", "objekttypnr": 2045, "objekttyp": "Byggnad, storleksklass 1", "hojd": null, "rotation": 331.77 }, "geometry": { "type": "Point", "coordinates": [ 14.629035946948724, 61.144381255079296 ] } },
{ "type": "Feature", "properties": { "objektidentitet": "6e0b84da-b0d3-4ee0-abc5-dfc8b64f22ef", "skapad": "2026-03-17T21:00:01", "objekttypnr": 2045, "objekttyp": "Byggnad, storleksklass 1", "hojd": null, "rotation": 150.33 }, "geometry": { "type": "Point", "coordinates": [ 14.629323544366136, 61.145488558530523 ] } },
{ "type": "Feature", "properties": { "objektidentitet": "80f529e1-94fe-42ab-85e5-db23c31f374e", "skapad": "2026-03-17T21:00:01", "objekttypnr": 2045, "objekttyp": "Byggnad, storleksklass 1", "hojd": null, "rotation": 339.48 }, "geometry": { "type": "Point", "coordinates": [ 14.629995158603295, 61.141785135772153 ] } },
{ "type": "Feature", "properties": { "objektidentitet": "09c339f5-2232-4410-8a73-353f7d67891d", "skapad": "2026-03-17T21:00:01", "objekttypnr": 2045, "objekttyp": "Byggnad, storleksklass 1", "hojd": null, "rotation": 329.59 }, "geometry": { "type": "Point", "coordinates": [ 14.632038089050425, 61.143713978243639 ] } },
{ "type": "Feature", "properties": { "objektidentitet": "4cb26224-2047-4800-890b-59df97fd4489", "skapad": "2026-03-17T21:00:01", "objekttypnr": 2045, "objekttyp": "Byggnad, storleksklass 1", "hojd": null, "rotation": 331.16 }, "geometry": { "type": "Point", "coordinates": [ 14.63345855142585, 61.153805214223112 ] } },
{ "type": "Feature", "properties": { "objektidentitet": "54521188-2451-4098-a467-646c9b759b1d", "skapad": "2026-03-17T21:00:01", "objekttypnr": 2045, "objekttyp": "Byggnad, storleksklass 1", "hojd": null, "rotation": 70.85 }, "geometry": { "type": "Point", "coordinates": [ 14.634913021977237, 61.153335916060527 ] } },
{ "type": "Feature", "properties": { "objektidentitet": "88b8ea1e-3f97-47e2-afbb-6f0bad2d06df", "skapad": "2026-03-17T21:00:01", "objekttypnr": 2045, "objekttyp": "Byggnad, storleksklass 1", "hojd": null, "rotation": 72.94 }, "geometry": { "type": "Point", "coordinates": [ 14.636052279427821, 61.152979665661597 ] } },
{ "type": "Feature", "properties": { "objektidentitet": "28b935cb-c12f-49b9-bbc3-59bb7260399e", "skapad": "2026-03-17T21:00:01", "objekttypnr": 2045, "objekttyp": "Byggnad, storleksklass 1", "hojd": null, "rotation": 50.62 }, "geometry": { "type": "Point", "coordinates": [ 14.636889542092064, 61.153218012355985 ] } },
{ "type": "Feature", "properties": { "objektidentitet": "4ed104ae-2865-45cf-a06b-ea09d1c7ec93", "skapad": "2026-03-17T21:00:01", "objekttypnr": 2045, "objekttyp": "Byggnad, storleksklass 1", "hojd": null, "rotation": 47.76 }, "geometry": { "type": "Point", "coordinates": [ 14.637543362168573, 61.153777680687327 ] } },
{ "type": "Feature", "properties": { "objektidentitet": "5e1568f5-373c-420d-9909-42940cdf95ca", "skapad": "2026-03-17T21:00:01", "objekttypnr": 2045, "objekttyp": "Byggnad, storleksklass 1", "hojd": null, "rotation": 337.11 }, "geometry": { "type": "Point", "coordinates": [ 14.642316456571747, 61.15302384402159 ] } },
{ "type": "Feature", "properties": { "objektidentitet": "dc4afe49-fbee-4a43-bf00-3aa5f38dbf76", "skapad": "2026-03-17T21:00:01", "objekttypnr": 2045, "objekttyp": "Byggnad, storleksklass 1", "hojd": null, "rotation": 340.21 }, "geometry": { "type": "Point", "coordinates": [ 14.644916118519395, 61.153705988943003 ] } },
{ "type": "Feature", "properties": { "objektidentitet": "61dd4744-1c61-4969-bb25-1a9714f48c27", "skapad": "2026-03-17T21:00:01", "objekttypnr": 2045, "objekttyp": "Byggnad, storleksklass 1", "hojd": null, "rotation": 310.76 }, "geometry": { "type": "Point", "coordinates": [ 14.645154211788524, 61.141352602208464 ] } },
{ "type": "Feature", "properties": { "objektidentitet": "e6ec65f2-efc0-4d31-984d-7d70f706e4ac", "skapad": "2025-12-17T01:00:01", "objekttypnr": 2045, "objekttyp": "Byggnad, storleksklass 1", "hojd": null, "rotation": 18.34 }, "geometry": { "type": "Point", "coordinates": [ 14.626277693174293, 61.150496040140126 ] } },
{ "type": "Feature", "properties": { "objektidentitet": "d8f793f1-c544-44c1-8201-2bab1287a1c0", "skapad": "2026-03-17T21:00:01", "objekttypnr": 2045, "objekttyp": "Byggnad, storleksklass 1", "hojd": null, "rotation": 348.63 }, "geometry": { "type": "Point", "coordinates": [ 14.652279847989009, 61.145452937561906 ] } },
{ "type": "Feature", "properties": { "objektidentitet": "7c051b65-bb08-4fa4-9098-21cb015f9915", "skapad": "2026-03-17T21:00:01", "objekttypnr": 2045, "objekttyp": "Byggnad, storleksklass 1", "hojd": null, "rotation": 35.8 }, "geometry": { "type": "Point", "coordinates": [ 14.652670757047389, 61.14637500085621 ] } },
{ "type": "Feature", "properties": { "objektidentitet": "7ad48f50-4e5b-4c3a-acec-449945504e9e", "skapad": "2026-03-17T21:00:01", "objekttypnr": 2045, "objekttyp": "Byggnad, storleksklass 1", "hojd": null, "rotation": 317.15 }, "geometry": { "type": "Point", "coordinates": [ 14.653147183736149, 61.145392893083432 ] } },
{ "type": "Feature", "properties": { "objektidentitet": "36ff51b1-4ab7-474c-805e-56808dc791a7", "skapad": "2026-03-17T21:00:01", "objekttypnr": 2045, "objekttyp": "Byggnad, storleksklass 1", "hojd": null, "rotation": 321.24 }, "geometry": { "type": "Point", "coordinates": [ 14.653345927965379, 61.145089665343527 ] } },
{ "type": "Feature", "properties": { "objektidentitet": "dd524bb8-c567-4f88-94e0-6d8f004f8033", "skapad": "2026-03-17T21:00:01", "objekttypnr": 2045, "objekttyp": "Byggnad, storleksklass 1", "hojd": null, "rotation": 270.48 }, "geometry": { "type": "Point", "coordinates": [ 14.654938621151016, 61.153178813705317 ] } },
{ "type": "Feature", "properties": { "objektidentitet": "f1a51fa3-c8f3-41fa-89af-520bd617e55b", "skapad": "2026-03-17T21:00:01", "objekttypnr": 2047, "objekttyp": "Byggnad, storleksklass 3", "hojd": null, "rotation": 284.61 }, "geometry": { "type": "Point", "coordinates": [ 14.65529012866468, 61.142885428058953 ] } },
{ "type": "Feature", "properties": { "objektidentitet": "75370930-8db7-40ee-8efb-39b68c54d1ae", "skapad": "2026-03-17T21:00:01", "objekttypnr": 2046, "objekttyp": "Byggnad, storleksklass 2", "hojd": null, "rotation": 76.93 }, "geometry": { "type": "Point", "coordinates": [ 14.655450423248741, 61.147002579165409 ] } },
{ "type": "Feature", "properties": { "objektidentitet": "b3d4fd19-9314-4cb9-a5d9-c3dba2434857", "skapad": "2026-03-17T21:00:01", "objekttypnr": 2045, "objekttyp": "Byggnad, storleksklass 1", "hojd": null, "rotation": 349.69 }, "geometry": { "type": "Point", "coordinates": [ 14.655405881780364, 61.153896018478285 ] } },
{ "type": "Feature", "properties": { "objektidentitet": "29b41e6d-f159-4422-b2b4-54d334a41dc4", "skapad": "2026-03-17T21:00:01", "objekttypnr": 2046, "objekttyp": "Byggnad, storleksklass 2", "hojd": null, "rotation": 15.44 }, "geometry": { "type": "Point", "coordinates": [ 14.655570842848634, 61.143384581184691 ] } },
{ "type": "Feature", "properties": { "objektidentitet": "d558f7fe-e477-48df-a1ec-b7b04bda8d72", "skapad": "2026-03-17T21:00:01", "objekttypnr": 2045, "objekttyp": "Byggnad, storleksklass 1", "hojd": null, "rotation": 52.97 }, "geometry": { "type": "Point", "coordinates": [ 14.656439862884289, 61.145285145893489 ] } },
{ "type": "Feature", "properties": { "objektidentitet": "0c65d655-0e5d-4279-87d6-39106fee5906", "skapad": "2026-03-17T21:00:01", "objekttypnr": 2045, "objekttyp": "Byggnad, storleksklass 1", "hojd": null, "rotation": 342.56 }, "geometry": { "type": "Point", "coordinates": [ 14.657748659077507, 61.147194816213919 ] } },
{ "type": "Feature", "properties": { "objektidentitet": "6c2b9a5b-e074-40a4-8d38-ad1027e888dd", "skapad": "2026-03-17T21:00:01", "objekttypnr": 2045, "objekttyp": "Byggnad, storleksklass 1", "hojd": null, "rotation": 71.9 }, "geometry": { "type": "Point", "coordinates": [ 14.658657575889505, 61.14239026379547 ] } },
{ "type": "Feature", "properties": { "objektidentitet": "57649f98-289a-4c93-b7ff-d2a5a0e92412", "skapad": "2026-03-17T21:00:01", "objekttypnr": 2045, "objekttyp": "Byggnad, storleksklass 1", "hojd": null, "rotation": 312.49 }, "geometry": { "type": "Point", "coordinates": [ 14.658799811859197, 61.143097004799543 ] } },
{ "type": "Feature", "properties": { "objektidentitet": "c4d609f0-975e-40fd-85b2-5150f2ff8d6b", "skapad": "2026-03-17T21:00:01", "objekttypnr": 2045, "objekttyp": "Byggnad, storleksklass 1", "hojd": null, "rotation": 43.23 }, "geometry": { "type": "Point", "coordinates": [ 14.659201706113421, 61.142926873746134 ] } },
{ "type": "Feature", "properties": { "objektidentitet": "427f313d-9daf-4b7e-bd83-531b36b892b2", "skapad": "2026-03-17T21:00:01", "objekttypnr": 2047, "objekttyp": "Byggnad, storleksklass 3", "hojd": null, "rotation": 342.93 }, "geometry": { "type": "Point", "coordinates": [ 14.661059457426514, 61.147471332177638 ] } },
{ "type": "Feature", "properties": { "objektidentitet": "c28654c6-b411-4820-95af-f62289f2a629", "skapad": "2026-03-17T21:00:01", "objekttypnr": 2045, "objekttyp": "Byggnad, storleksklass 1", "hojd": null, "rotation": 41.96 }, "geometry": { "type": "Point", "coordinates": [ 14.661608827342837, 61.141429769742309 ] } },
{ "type": "Feature", "properties": { "objektidentitet": "9107145f-d975-4fcb-8ab2-ee21ff0cef55", "skapad": "2026-03-17T21:00:01", "objekttypnr": 2045, "objekttyp": "Byggnad, storleksklass 1", "hojd": null, "rotation": 329.57 }, "geometry": { "type": "Point", "coordinates": [ 14.662032787146529, 61.148123614646259 ] } },
{ "type": "Feature", "properties": { "objektidentitet": "0dd84d22-7df5-43b0-8ec4-3a9221d63e2c", "skapad": "2026-03-17T21:00:01", "objekttypnr": 2045, "objekttyp": "Byggnad, storleksklass 1", "hojd": null, "rotation": 70.22 }, "geometry": { "type": "Point", "coordinates": [ 14.664753252862081, 61.150207059778275 ] } },
{ "type": "Feature", "properties": { "objektidentitet": "49c3357c-4b15-4694-b63c-59a021d792c0", "skapad": "2026-03-17T21:00:01", "objekttypnr": 2045, "objekttyp": "Byggnad, storleksklass 1", "hojd": null, "rotation": 43.38 }, "geometry": { "type": "Point", "coordinates": [ 14.6664135471752, 61.152405449189246 ] } },
{ "type": "Feature", "properties": { "objektidentitet": "de537592-6715-4db2-9828-3b4675a07b4f", "skapad": "2026-03-17T21:00:01", "objekttypnr": 2045, "objekttyp": "Byggnad, storleksklass 1", "hojd": null, "rotation": 56.74 }, "geometry": { "type": "Point", "coordinates": [ 14.667195577968943, 61.15278198099098 ] } },
{ "type": "Feature", "properties": { "objektidentitet": "70cbcd7f-4180-4fda-b452-e8738ef39e53", "skapad": "2026-03-17T21:00:01", "objekttypnr": 2045, "objekttyp": "Byggnad, storleksklass 1", "hojd": null, "rotation": 325.76 }, "geometry": { "type": "Point", "coordinates": [ 14.667541728680513, 61.153001575455185 ] } },
{ "type": "Feature", "properties": { "objektidentitet": "8b0a74b6-ae94-4bf8-b0a8-9649b7cabe68", "skapad": "2026-03-17T21:00:01", "objekttypnr": 2045, "objekttyp": "Byggnad, storleksklass 1", "hojd": null, "rotation": 308.77 }, "geometry": { "type": "Point", "coordinates": [ 14.671747207521717, 61.153677873288139 ] } },
{ "type": "Feature", "properties": { "objektidentitet": "54e2728f-bf28-4b71-8389-bc4f5d270bde", "skapad": "2026-03-17T21:00:01", "objekttypnr": 2045, "objekttyp": "Byggnad, storleksklass 1", "hojd": null, "rotation": 57.66 }, "geometry": { "type": "Point", "coordinates": [ 14.651373877337395, 61.146798048954267 ] } },
{ "type": "Feature", "properties": { "objektidentitet": "249cf0d4-bc7c-4a05-b11c-9f30e08f29b0", "skapad": "2026-03-17T21:00:01", "objekttypnr": 2045, "objekttyp": "Byggnad, storleksklass 1", "hojd": null, "rotation": 69.95 }, "geometry": { "type": "Point", "coordinates": [ 14.657351149979588, 61.145718821361953 ] } },
{ "type": "Feature", "properties": { "objektidentitet": "190e38c2-625e-411a-8122-d580ad823ae0", "skapad": "2026-03-17T21:00:01", "objekttypnr": 2045, "objekttyp": "Byggnad, storleksklass 1", "hojd": null, "rotation": 62.58 }, "geometry": { "type": "Point", "coordinates": [ 14.658417263289914, 61.147828847145711 ] } },
{ "type": "Feature", "properties": { "objektidentitet": "86b40480-34b5-4c66-a3a2-97cb96e5e41d", "skapad": "2026-03-17T21:00:01", "objekttypnr": 2047, "objekttyp": "Byggnad, storleksklass 3", "hojd": null, "rotation": 47.59 }, "geometry": { "type": "Point", "coordinates": [ 14.655748837990549, 61.148737193026385 ] } },
{ "type": "Feature", "properties": { "objektidentitet": "069c1dcc-5786-4b51-a3cf-3869d5b566ec", "skapad": "2026-03-17T21:00:01", "objekttypnr": 2045, "objekttyp": "Byggnad, storleksklass 1", "hojd": null, "rotation": 87.65 }, "geometry": { "type": "Point", "coordinates": [ 14.655160036904638, 61.146352008536368 ] } },
{ "type": "Feature", "properties": { "objektidentitet": "1216aad7-5e1f-475d-bcaf-bd018e9a6c3a", "skapad": "2026-03-17T21:00:01", "objekttypnr": 2045, "objekttyp": "Byggnad, storleksklass 1", "hojd": null, "rotation": 28.3 }, "geometry": { "type": "Point", "coordinates": [ 14.661652132040594, 61.153240290511356 ] } },
{ "type": "Feature", "properties": { "objektidentitet": "8b6ef696-ed69-4d0b-aa49-09a33cbb6435", "skapad": "2026-03-17T21:00:01", "objekttypnr": 2045, "objekttyp": "Byggnad, storleksklass 1", "hojd": null, "rotation": 24.36 }, "geometry": { "type": "Point", "coordinates": [ 14.668265461495711, 61.153885049844448 ] } },
{ "type": "Feature", "properties": { "objektidentitet": "3b0af0e3-5861-44d9-a927-e55e5e99ea6c", "skapad": "2026-03-17T21:00:01", "objekttypnr": 2045, "objekttyp": "Byggnad, storleksklass 1", "hojd": null, "rotation": 319.36 }, "geometry": { "type": "Point", "coordinates": [ 14.670509189939523, 61.152490678458392 ] } },
{ "type": "Feature", "properties": { "objektidentitet": "c9030bbe-0726-4bdf-aa05-d599ed68c9c5", "skapad": "2026-03-17T21:00:01", "objekttypnr": 2045, "objekttyp": "Byggnad, storleksklass 1", "hojd": null, "rotation": 2.87 }, "geometry": { "type": "Point", "coordinates": [ 14.664738213460954, 61.15390054605809 ] } },
{ "type": "Feature", "properties": { "objektidentitet": "b522be2e-b33d-439c-a399-67339e6774dc", "skapad": "2026-03-17T21:00:01", "objekttypnr": 2045, "objekttyp": "Byggnad, storleksklass 1", "hojd": null, "rotation": 329.51 }, "geometry": { "type": "Point", "coordinates": [ 14.657924064257278, 61.142722502739531 ] } },
{ "type": "Feature", "properties": { "objektidentitet": "cbb94249-6885-4d21-ace7-30f65268f9fe", "skapad": "2026-03-17T21:00:01", "objekttypnr": 2045, "objekttyp": "Byggnad, storleksklass 1", "hojd": null, "rotation": 298.7 }, "geometry": { "type": "Point", "coordinates": [ 14.664142841586754, 61.153236069874097 ] } },
{ "type": "Feature", "properties": { "objektidentitet": "45d548b7-6392-4dd1-b216-fd0db98c6098", "skapad": "2026-03-17T21:00:01", "objekttypnr": 2045, "objekttyp": "Byggnad, storleksklass 1", "hojd": null, "rotation": 339.62 }, "geometry": { "type": "Point", "coordinates": [ 14.652372717938819, 61.14459484462423 ] } },
{ "type": "Feature", "properties": { "objektidentitet": "2ef8d095-5999-4dbb-8110-6d382bfcb506", "skapad": "2026-03-17T21:00:01", "objekttypnr": 2045, "objekttyp": "Byggnad, storleksklass 1", "hojd": null, "rotation": 350.05 }, "geometry": { "type": "Point", "coordinates": [ 14.652082386906459, 61.145731244659402 ] } },
{ "type": "Feature", "properties": { "objektidentitet": "00354a54-3b6a-481e-88a6-6be66bcaf4e2", "skapad": "2026-03-17T21:00:01", "objekttypnr": 2045, "objekttyp": "Byggnad, storleksklass 1", "hojd": null, "rotation": 39.17 }, "geometry": { "type": "Point", "coordinates": [ 14.670959022017097, 61.15293755534011 ] } },
{ "type": "Feature", "properties": { "objektidentitet": "5016d2f6-2fa9-4c8a-90e4-f3ced873c74c", "skapad": "2026-03-17T21:00:01", "objekttypnr": 2045, "objekttyp": "Byggnad, storleksklass 1", "hojd": null, "rotation": 323.02 }, "geometry": { "type": "Point", "coordinates": [ 14.654865154833274, 61.147705404992749 ] } },
{ "type": "Feature", "properties": { "objektidentitet": "74f54761-e604-4a10-b866-aca998a540fb", "skapad": "2026-03-17T21:00:01", "objekttypnr": 2045, "objekttyp": "Byggnad, storleksklass 1", "hojd": null, "rotation": 152.1 }, "geometry": { "type": "Point", "coordinates": [ 14.660083986302991, 61.147326058178258 ] } },
{ "type": "Feature", "properties": { "objektidentitet": "6e748897-4bcd-4831-b8d8-fdda76acc0b7", "skapad": "2026-03-17T21:00:01", "objekttypnr": 2045, "objekttyp": "Byggnad, storleksklass 1", "hojd": null, "rotation": 277.34 }, "geometry": { "type": "Point", "coordinates": [ 14.666365825808795, 61.148430263946501 ] } },
{ "type": "Feature", "properties": { "objektidentitet": "a7064889-0d6f-4995-81a1-defab0b50f88", "skapad": "2026-03-17T21:00:01", "objekttypnr": 2045, "objekttyp": "Byggnad, storleksklass 1", "hojd": null, "rotation": 277.93 }, "geometry": { "type": "Point", "coordinates": [ 14.665960580460649, 61.154044626920914 ] } },
{ "type": "Feature", "properties": { "objektidentitet": "0f58bb9a-f3a9-4a3c-b1a0-73114532d9f9", "skapad": "2026-03-17T21:00:01", "objekttypnr": 2045, "objekttyp": "Byggnad, storleksklass 1", "hojd": null, "rotation": 73.32 }, "geometry": { "type": "Point", "coordinates": [ 14.654580311441633, 61.146388156265083 ] } },
{ "type": "Feature", "properties": { "objektidentitet": "49b5ed0d-7580-48c1-9877-f5cddeede83d", "skapad": "2025-12-17T01:00:01", "objekttypnr": 2045, "objekttyp": "Byggnad, storleksklass 1", "hojd": null, "rotation": 275.03 }, "geometry": { "type": "Point", "coordinates": [ 14.666223344778491, 61.154622034793547 ] } },
{ "type": "Feature", "properties": { "objektidentitet": "c586c7a3-d070-4f74-928e-416c15867512", "skapad": "2025-12-17T01:00:01", "objekttypnr": 2045, "objekttyp": "Byggnad, storleksklass 1", "hojd": null, "rotation": 292.98 }, "geometry": { "type": "Point", "coordinates": [ 14.670025986471909, 61.15419537842817 ] } },
{ "type": "Feature", "properties": { "objektidentitet": "29a4aea1-ba34-4ed9-9ced-f074f5c7367e", "skapad": "2026-03-17T21:00:01", "objekttypnr": 2045, "objekttyp": "Byggnad, storleksklass 1", "hojd": null, "rotation": 327.97 }, "geometry": { "type": "Point", "coordinates": [ 14.647709248848887, 61.141668670894227 ] } },
{ "type": "Feature", "properties": { "objektidentitet": "2cec5b77-0e52-4c13-bc33-a214556c52d1", "skapad": "2026-03-17T21:00:01", "objekttypnr": 2045, "objekttyp": "Byggnad, storleksklass 1", "hojd": null, "rotation": 62.8 }, "geometry": { "type": "Point", "coordinates": [ 14.64729617045735, 61.1414819876384 ] } },
{ "type": "Feature", "properties": { "objektidentitet": "8721830a-12bb-4829-be66-ff3282a6788b", "skapad": "2025-09-02T21:00:01", "objekttypnr": 2045, "objekttyp": "Byggnad, storleksklass 1", "hojd": null, "rotation": 354.62 }, "geometry": { "type": "Point", "coordinates": [ 14.626690980240152, 61.154057751120661 ] } },
{ "type": "Feature", "properties": { "objektidentitet": "5972361f-1d63-421d-9e1e-a68c6a43e035", "skapad": "2025-12-17T01:00:01", "objekttypnr": 2046, "objekttyp": "Byggnad, storleksklass 2", "hojd": null, "rotation": 62.01 }, "geometry": { "type": "Point", "coordinates": [ 14.627069976211752, 61.145771839378234 ] } },
{ "type": "Feature", "properties": { "objektidentitet": "e5ea29c5-46f7-45bb-9e08-28b04259ddf9", "skapad": "2025-12-17T01:00:01", "objekttypnr": 2045, "objekttyp": "Byggnad, storleksklass 1", "hojd": null, "rotation": 324.88 }, "geometry": { "type": "Point", "coordinates": [ 14.627382326001344, 61.1524323033725 ] } },
{ "type": "Feature", "properties": { "objektidentitet": "e7499397-3dcd-40ef-97de-dd229f50417d", "skapad": "2025-12-17T01:00:01", "objekttypnr": 2045, "objekttyp": "Byggnad, storleksklass 1", "hojd": null, "rotation": 86.68 }, "geometry": { "type": "Point", "coordinates": [ 14.627896106626833, 61.148727112634084 ] } },
{ "type": "Feature", "properties": { "objektidentitet": "cfb2533e-4fda-43d0-9dce-b5971936bfcd", "skapad": "2025-09-02T21:00:01", "objekttypnr": 2045, "objekttyp": "Byggnad, storleksklass 1", "hojd": null, "rotation": 348.5 }, "geometry": { "type": "Point", "coordinates": [ 14.628255869296749, 61.154120682681842 ] } },
{ "type": "Feature", "properties": { "objektidentitet": "de781b91-5fe5-43ff-9a56-953c395c6659", "skapad": "2025-12-17T01:00:01", "objekttypnr": 2045, "objekttyp": "Byggnad, storleksklass 1", "hojd": null, "rotation": 349.48 }, "geometry": { "type": "Point", "coordinates": [ 14.628419748773615, 61.152172859613543 ] } },
{ "type": "Feature", "properties": { "objektidentitet": "49c9d8d1-5717-4572-b7ed-80d1b9354830", "skapad": "2026-03-17T21:00:01", "objekttypnr": 2045, "objekttyp": "Byggnad, storleksklass 1", "hojd": null, "rotation": 304.98 }, "geometry": { "type": "Point", "coordinates": [ 14.629014525164093, 61.152599284846559 ] } },
{ "type": "Feature", "properties": { "objektidentitet": "11d162e1-858d-4daa-9507-511eba263e59", "skapad": "2026-03-17T21:00:01", "objekttypnr": 2045, "objekttyp": "Byggnad, storleksklass 1", "hojd": null, "rotation": 61.1 }, "geometry": { "type": "Point", "coordinates": [ 14.629895264410745, 61.152914563222502 ] } },
{ "type": "Feature", "properties": { "objektidentitet": "21025690-02ac-429a-89a0-e7cca55d4729", "skapad": "2025-12-17T01:00:01", "objekttypnr": 2045, "objekttyp": "Byggnad, storleksklass 1", "hojd": null, "rotation": 82.23 }, "geometry": { "type": "Point", "coordinates": [ 14.63027619231012, 61.154051107536525 ] } },
{ "type": "Feature", "properties": { "objektidentitet": "80ab6247-9040-4dbc-9d23-8ce3880d95ac", "skapad": "2026-03-17T21:00:01", "objekttypnr": 2045, "objekttyp": "Byggnad, storleksklass 1", "hojd": null, "rotation": 61.28 }, "geometry": { "type": "Point", "coordinates": [ 14.630388432661082, 61.147183761315084 ] } },
{ "type": "Feature", "properties": { "objektidentitet": "b6a7f516-90d1-445b-934f-47f7169d0cc0", "skapad": "2026-03-17T21:00:01", "objekttypnr": 2045, "objekttyp": "Byggnad, storleksklass 1", "hojd": null, "rotation": 327.86 }, "geometry": { "type": "Point", "coordinates": [ 14.631071866234619, 61.147248201285372 ] } },
{ "type": "Feature", "properties": { "objektidentitet": "d4f285a2-316c-4a8f-98ab-a3381e53b42e", "skapad": "2026-03-17T21:00:01", "objekttypnr": 2045, "objekttyp": "Byggnad, storleksklass 1", "hojd": null, "rotation": 75.03 }, "geometry": { "type": "Point", "coordinates": [ 14.631226181877228, 61.153996339646049 ] } },
{ "type": "Feature", "properties": { "objektidentitet": "3ccdc640-69e9-4397-a3d8-4611d0a35276", "skapad": "2025-12-17T01:00:01", "objekttypnr": 2045, "objekttyp": "Byggnad, storleksklass 1", "hojd": null, "rotation": 72.7 }, "geometry": { "type": "Point", "coordinates": [ 14.632580475026364, 61.154294574826018 ] } },
{ "type": "Feature", "properties": { "objektidentitet": "8f6ba69c-8eac-4427-b27e-e689de7f8dff", "skapad": "2026-03-17T21:00:01", "objekttypnr": 2045, "objekttyp": "Byggnad, storleksklass 1", "hojd": null, "rotation": 87.91 }, "geometry": { "type": "Point", "coordinates": [ 14.635518315192638, 61.148449816673292 ] } },
{ "type": "Feature", "properties": { "objektidentitet": "75eb8cb5-91b8-41bc-a66e-a912426a70be", "skapad": "2026-03-17T21:00:01", "objekttypnr": 2045, "objekttyp": "Byggnad, storleksklass 1", "hojd": null, "rotation": 334.08 }, "geometry": { "type": "Point", "coordinates": [ 14.635958785851539, 61.147130654235646 ] } },
{ "type": "Feature", "properties": { "objektidentitet": "e288c3a6-ca17-4b57-999b-78820a6dc1eb", "skapad": "2026-03-17T21:00:01", "objekttypnr": 2045, "objekttyp": "Byggnad, storleksklass 1", "hojd": null, "rotation": 85.43 }, "geometry": { "type": "Point", "coordinates": [ 14.636239549168375, 61.148541921028063 ] } },
{ "type": "Feature", "properties": { "objektidentitet": "dc618b71-17be-498c-a602-10004ffcbcf3", "skapad": "2026-03-17T21:00:01", "objekttypnr": 2047, "objekttyp": "Byggnad, storleksklass 3", "hojd": null, "rotation": 334.32 }, "geometry": { "type": "Point", "coordinates": [ 14.636256415211221, 61.147439285407316 ] } },
{ "type": "Feature", "properties": { "objektidentitet": "e0c619dc-2a4d-4b09-90b8-a15fda23573e", "skapad": "2026-03-17T21:00:01", "objekttypnr": 2045, "objekttyp": "Byggnad, storleksklass 1", "hojd": null, "rotation": 329.71 }, "geometry": { "type": "Point", "coordinates": [ 14.636987380186955, 61.153960406378097 ] } },
{ "type": "Feature", "properties": { "objektidentitet": "aba746ad-d5be-4356-a239-af874992bb34", "skapad": "2025-12-17T01:00:01", "objekttypnr": 2045, "objekttyp": "Byggnad, storleksklass 1", "hojd": null, "rotation": 74.36 }, "geometry": { "type": "Point", "coordinates": [ 14.627427177030297, 61.151309815194537 ] } },
{ "type": "Feature", "properties": { "objektidentitet": "79687b21-3a07-4e44-b228-d1957f9ad569", "skapad": "2025-12-17T01:00:01", "objekttypnr": 2045, "objekttyp": "Byggnad, storleksklass 1", "hojd": null, "rotation": 350.11 }, "geometry": { "type": "Point", "coordinates": [ 14.628437262085088, 61.151830395477546 ] } },
{ "type": "Feature", "properties": { "objektidentitet": "72af43c1-aa9f-4eff-b5b3-5ef968affe66", "skapad": "2025-12-17T01:00:01", "objekttypnr": 2045, "objekttyp": "Byggnad, storleksklass 1", "hojd": null, "rotation": 79.28 }, "geometry": { "type": "Point", "coordinates": [ 14.627926684865542, 61.153556735468264 ] } },
{ "type": "Feature", "properties": { "objektidentitet": "5d996199-76d9-4cc8-af40-390bef933c7c", "skapad": "2025-12-17T01:00:01", "objekttypnr": 2045, "objekttyp": "Byggnad, storleksklass 1", "hojd": null, "rotation": 83.32 }, "geometry": { "type": "Point", "coordinates": [ 14.627858828806081, 61.151680897063272 ] } },
{ "type": "Feature", "properties": { "objektidentitet": "3010aa35-f764-4211-a39b-78df5539ec24", "skapad": "2025-12-17T01:00:01", "objekttypnr": 2045, "objekttyp": "Byggnad, storleksklass 1", "hojd": null, "rotation": 355.56 }, "geometry": { "type": "Point", "coordinates": [ 14.62776372670749, 61.153203432799302 ] } },
{ "type": "Feature", "properties": { "objektidentitet": "969caf47-a46d-4d4c-9e71-392a268318dc", "skapad": "2026-03-17T21:00:01", "objekttypnr": 2045, "objekttyp": "Byggnad, storleksklass 1", "hojd": null, "rotation": 48.36 }, "geometry": { "type": "Point", "coordinates": [ 14.629786216362797, 61.153568917126833 ] } },
{ "type": "Feature", "properties": { "objektidentitet": "dd520665-e0af-4a85-ae81-bc309a16e358", "skapad": "2025-12-17T01:00:01", "objekttypnr": 2045, "objekttyp": "Byggnad, storleksklass 1", "hojd": null, "rotation": 69.92 }, "geometry": { "type": "Point", "coordinates": [ 14.62773693242193, 61.14590742704884 ] } },
{ "type": "Feature", "properties": { "objektidentitet": "3a5b8800-b3fe-40df-8481-caf4fd924ce4", "skapad": "2025-12-17T01:00:01", "objekttypnr": 2045, "objekttyp": "Byggnad, storleksklass 1", "hojd": null, "rotation": 346.69 }, "geometry": { "type": "Point", "coordinates": [ 14.627580299803137, 61.146319993313284 ] } },
{ "type": "Feature", "properties": { "objektidentitet": "7a071129-bc3b-4b60-8340-3d98f943e5e7", "skapad": "2025-12-17T01:00:01", "objekttypnr": 2045, "objekttyp": "Byggnad, storleksklass 1", "hojd": null, "rotation": 76.4 }, "geometry": { "type": "Point", "coordinates": [ 14.627943123561074, 61.150251853244299 ] } },
{ "type": "Feature", "properties": { "objektidentitet": "631b7104-433c-4ec1-96bc-fc4fa18b48ed", "skapad": "2025-12-17T01:00:01", "objekttypnr": 2045, "objekttyp": "Byggnad, storleksklass 1", "hojd": null, "rotation": 266.44 }, "geometry": { "type": "Point", "coordinates": [ 14.627065713966234, 61.150814941552937 ] } },
{ "type": "Feature", "properties": { "objektidentitet": "44660e4e-1e89-42f2-bb69-961688fb769d", "skapad": "2025-12-17T01:00:01", "objekttypnr": 2045, "objekttyp": "Byggnad, storleksklass 1", "hojd": null, "rotation": 271.11 }, "geometry": { "type": "Point", "coordinates": [ 14.62737365427825, 61.148993043490002 ] } },
{ "type": "Feature", "properties": { "objektidentitet": "d411acae-da3d-48cf-a9a3-564dc824d9fd", "skapad": "2025-12-17T01:00:01", "objekttypnr": 2046, "objekttyp": "Byggnad, storleksklass 2", "hojd": null, "rotation": 354.9 }, "geometry": { "type": "Point", "coordinates": [ 14.627484969874802, 61.149777669159278 ] } },
{ "type": "Feature", "properties": { "objektidentitet": "20b53f1a-c274-4104-b5df-70ae0cbec7dd", "skapad": "2026-03-17T21:00:01", "objekttypnr": 2045, "objekttyp": "Byggnad, storleksklass 1", "hojd": null, "rotation": 29.55 }, "geometry": { "type": "Point", "coordinates": [ 14.637748102123943, 61.147495949847432 ] } },
{ "type": "Feature", "properties": { "objektidentitet": "ef8dfb31-002b-481d-ae3e-084f974cc1b1", "skapad": "2026-03-17T21:00:01", "objekttypnr": 2045, "objekttyp": "Byggnad, storleksklass 1", "hojd": null, "rotation": 296.86 }, "geometry": { "type": "Point", "coordinates": [ 14.637822564289149, 61.148918655160379 ] } },
{ "type": "Feature", "properties": { "objektidentitet": "4b80371e-a451-4df1-aacf-5c9e874124ea", "skapad": "2026-03-17T21:00:01", "objekttypnr": 2045, "objekttyp": "Byggnad, storleksklass 1", "hojd": null, "rotation": 61.8 }, "geometry": { "type": "Point", "coordinates": [ 14.638445301699864, 61.151739843259044 ] } },
{ "type": "Feature", "properties": { "objektidentitet": "60f21c10-5dc9-42b4-9785-381d230d188d", "skapad": "2025-12-17T01:00:01", "objekttypnr": 2045, "objekttyp": "Byggnad, storleksklass 1", "hojd": null, "rotation": 318.82 }, "geometry": { "type": "Point", "coordinates": [ 14.638639302233814, 61.154228746536219 ] } },
{ "type": "Feature", "properties": { "objektidentitet": "676ab2e9-6874-4dfc-ba52-f44c52fdb14e", "skapad": "2026-03-17T21:00:01", "objekttypnr": 2045, "objekttyp": "Byggnad, storleksklass 1", "hojd": null, "rotation": 316.51 }, "geometry": { "type": "Point", "coordinates": [ 14.638874574864957, 61.153927837111553 ] } },
{ "type": "Feature", "properties": { "objektidentitet": "f2f4e4b3-0ce8-4888-85f4-781dfa5f2dcb", "skapad": "2026-03-17T21:00:01", "objekttypnr": 2045, "objekttyp": "Byggnad, storleksklass 1", "hojd": null, "rotation": 308.0 }, "geometry": { "type": "Point", "coordinates": [ 14.639413297878782, 61.147893920575193 ] } },
{ "type": "Feature", "properties": { "objektidentitet": "683d01f3-1f5b-4c75-86bf-e304c70048ca", "skapad": "2026-03-17T21:00:01", "objekttypnr": 2045, "objekttyp": "Byggnad, storleksklass 1", "hojd": null, "rotation": 77.36 }, "geometry": { "type": "Point", "coordinates": [ 14.639801033322311, 61.151712035406916 ] } },
{ "type": "Feature", "properties": { "objektidentitet": "63266cd6-1585-4122-bb3b-3ff948e92751", "skapad": "2026-03-17T21:00:01", "objekttypnr": 2045, "objekttyp": "Byggnad, storleksklass 1", "hojd": null, "rotation": 69.45 }, "geometry": { "type": "Point", "coordinates": [ 14.64005016851374, 61.150222069211488 ] } },
{ "type": "Feature", "properties": { "objektidentitet": "88c1f05e-558a-44cf-beb5-07cbf5819ca9", "skapad": "2026-03-17T21:00:01", "objekttypnr": 2045, "objekttyp": "Byggnad, storleksklass 1", "hojd": null, "rotation": 306.28 }, "geometry": { "type": "Point", "coordinates": [ 14.640364477719473, 61.148662329535895 ] } },
{ "type": "Feature", "properties": { "objektidentitet": "1362241f-5936-4cff-94b8-ab7a1a67ea6a", "skapad": "2026-03-17T21:00:01", "objekttypnr": 2045, "objekttyp": "Byggnad, storleksklass 1", "hojd": null, "rotation": 54.94 }, "geometry": { "type": "Point", "coordinates": [ 14.64040623527926, 61.151473129503799 ] } },
{ "type": "Feature", "properties": { "objektidentitet": "00b86f63-025e-4e96-881f-2ab8a445ad3d", "skapad": "2026-03-17T21:00:01", "objekttypnr": 2045, "objekttyp": "Byggnad, storleksklass 1", "hojd": null, "rotation": 58.95 }, "geometry": { "type": "Point", "coordinates": [ 14.640537779082054, 61.14992486221589 ] } },
{ "type": "Feature", "properties": { "objektidentitet": "ed93d786-2c2a-40da-a8e1-26561a4c65ba", "skapad": "2026-03-17T21:00:01", "objekttypnr": 2045, "objekttyp": "Byggnad, storleksklass 1", "hojd": null, "rotation": 326.31 }, "geometry": { "type": "Point", "coordinates": [ 14.640922346066647, 61.146421065650081 ] } },
{ "type": "Feature", "properties": { "objektidentitet": "f7a01abc-492a-49b6-91f6-a58142b1c403", "skapad": "2026-03-17T21:00:01", "objekttypnr": 2045, "objekttyp": "Byggnad, storleksklass 1", "hojd": null, "rotation": 334.07 }, "geometry": { "type": "Point", "coordinates": [ 14.640910071776789, 61.150968963133444 ] } },
{ "type": "Feature", "properties": { "objektidentitet": "da584c28-d6fb-4767-bcb7-be6a291e4bb7", "skapad": "2026-03-17T21:00:01", "objekttypnr": 2045, "objekttyp": "Byggnad, storleksklass 1", "hojd": null, "rotation": 59.5 }, "geometry": { "type": "Point", "coordinates": [ 14.641324072408224, 61.151224419788122 ] } },
{ "type": "Feature", "properties": { "objektidentitet": "014883bf-b8c2-4933-80db-55f97cf6a002", "skapad": "2026-03-17T21:00:01", "objekttypnr": 2045, "objekttyp": "Byggnad, storleksklass 1", "hojd": null, "rotation": 77.87 }, "geometry": { "type": "Point", "coordinates": [ 14.641332206892091, 61.15183046050241 ] } },
{ "type": "Feature", "properties": { "objektidentitet": "15892c31-8785-4d33-8dd7-9ef9c7086662", "skapad": "2025-12-17T01:00:01", "objekttypnr": 2045, "objekttyp": "Byggnad, storleksklass 1", "hojd": null, "rotation": 340.74 }, "geometry": { "type": "Point", "coordinates": [ 14.641792083374868, 61.154408045271978 ] } },
{ "type": "Feature", "properties": { "objektidentitet": "1c0616b5-b3c3-47d3-874a-b21fc5d5852c", "skapad": "2026-03-17T21:00:01", "objekttypnr": 2045, "objekttyp": "Byggnad, storleksklass 1", "hojd": null, "rotation": 322.16 }, "geometry": { "type": "Point", "coordinates": [ 14.642378515466476, 61.151435395865398 ] } },
{ "type": "Feature", "properties": { "objektidentitet": "9acca6c9-832f-42a6-9cd6-98a781e0c2c3", "skapad": "2026-03-17T21:00:01", "objekttypnr": 2045, "objekttyp": "Byggnad, storleksklass 1", "hojd": null, "rotation": 323.58 }, "geometry": { "type": "Point", "coordinates": [ 14.642765721901021, 61.150854441521631 ] } },
{ "type": "Feature", "properties": { "objektidentitet": "6da0ff3f-47f7-4b87-b0a9-89190a4e236e", "skapad": "2026-03-17T21:00:01", "objekttypnr": 2045, "objekttyp": "Byggnad, storleksklass 1", "hojd": null, "rotation": 48.7 }, "geometry": { "type": "Point", "coordinates": [ 14.642761267100056, 61.153842689201497 ] } },
{ "type": "Feature", "properties": { "objektidentitet": "cac412b1-5367-48f8-a642-1e15803ef1ea", "skapad": "2026-03-17T21:00:01", "objekttypnr": 2045, "objekttyp": "Byggnad, storleksklass 1", "hojd": null, "rotation": 46.18 }, "geometry": { "type": "Point", "coordinates": [ 14.642850260739088, 61.150018140265246 ] } },
{ "type": "Feature", "properties": { "objektidentitet": "6f51eb91-0d97-4ef0-844c-7ea35d697518", "skapad": "2026-03-17T21:00:01", "objekttypnr": 2045, "objekttyp": "Byggnad, storleksklass 1", "hojd": null, "rotation": 320.06 }, "geometry": { "type": "Point", "coordinates": [ 14.643003915485258, 61.151300862474052 ] } },
{ "type": "Feature", "properties": { "objektidentitet": "d77af038-ccd3-4ee9-bbe6-c596fd66e544", "skapad": "2026-03-17T21:00:01", "objekttypnr": 2045, "objekttyp": "Byggnad, storleksklass 1", "hojd": null, "rotation": 314.66 }, "geometry": { "type": "Point", "coordinates": [ 14.643226446022277, 61.150236960682435 ] } },
{ "type": "Feature", "properties": { "objektidentitet": "98c9b1b2-389a-4f0a-b645-10e48891aca9", "skapad": "2026-03-17T21:00:01", "objekttypnr": 2045, "objekttyp": "Byggnad, storleksklass 1", "hojd": null, "rotation": 319.71 }, "geometry": { "type": "Point", "coordinates": [ 14.643285536733721, 61.150561574183037 ] } },
{ "type": "Feature", "properties": { "objektidentitet": "d93fa6ba-90b6-4521-931d-b978c403d9bf", "skapad": "2026-03-17T21:00:01", "objekttypnr": 2045, "objekttyp": "Byggnad, storleksklass 1", "hojd": null, "rotation": 241.43 }, "geometry": { "type": "Point", "coordinates": [ 14.64398376336346, 61.15117866089961 ] } },
{ "type": "Feature", "properties": { "objektidentitet": "cb99ecbd-45d2-4bcd-93f0-8dcb2ff76064", "skapad": "2026-03-17T21:00:01", "objekttypnr": 2045, "objekttyp": "Byggnad, storleksklass 1", "hojd": null, "rotation": 64.21 }, "geometry": { "type": "Point", "coordinates": [ 14.644906606184108, 61.150284202847793 ] } },
{ "type": "Feature", "properties": { "objektidentitet": "ec4b1a79-844d-4215-ac94-adfa23b29436", "skapad": "2025-12-17T01:00:01", "objekttypnr": 2045, "objekttyp": "Byggnad, storleksklass 1", "hojd": null, "rotation": 334.46 }, "geometry": { "type": "Point", "coordinates": [ 14.645281703024569, 61.154485528436695 ] } },
{ "type": "Feature", "properties": { "objektidentitet": "0dd25e68-8ddd-4370-b8e1-f52960ef9cd8", "skapad": "2026-03-17T21:00:01", "objekttypnr": 2045, "objekttyp": "Byggnad, storleksklass 1", "hojd": null, "rotation": 50.13 }, "geometry": { "type": "Point", "coordinates": [ 14.645518663001052, 61.150695482138786 ] } },
{ "type": "Feature", "properties": { "objektidentitet": "19fa2721-5d9a-48b1-a72a-63ac7fe6badc", "skapad": "2026-03-17T21:00:01", "objekttypnr": 2045, "objekttyp": "Byggnad, storleksklass 1", "hojd": null, "rotation": 327.77 }, "geometry": { "type": "Point", "coordinates": [ 14.645772773137839, 61.151747474181541 ] } },
{ "type": "Feature", "properties": { "objektidentitet": "f14bcb27-86ff-4459-951b-3fa47f9bd6f2", "skapad": "2026-03-17T21:00:01", "objekttypnr": 2045, "objekttyp": "Byggnad, storleksklass 1", "hojd": null, "rotation": 324.92 }, "geometry": { "type": "Point", "coordinates": [ 14.638815869800514, 61.152556725869758 ] } },
{ "type": "Feature", "properties": { "objektidentitet": "bfe510dd-48c5-4f88-8ade-618342948e80", "skapad": "2026-03-17T21:00:01", "objekttypnr": 2045, "objekttyp": "Byggnad, storleksklass 1", "hojd": null, "rotation": 144.74 }, "geometry": { "type": "Point", "coordinates": [ 14.639430248792504, 61.152363922757871 ] } },
{ "type": "Feature", "properties": { "objektidentitet": "8b4b84a2-f785-49fa-86ab-8a777dcbeeac", "skapad": "2026-03-17T21:00:01", "objekttypnr": 2045, "objekttyp": "Byggnad, storleksklass 1", "hojd": null, "rotation": 71.36 }, "geometry": { "type": "Point", "coordinates": [ 14.641595575630465, 61.152303453014724 ] } },
{ "type": "Feature", "properties": { "objektidentitet": "a3db6303-bf76-46ae-9909-4e158268224c", "skapad": "2026-03-17T21:00:01", "objekttypnr": 2045, "objekttyp": "Byggnad, storleksklass 1", "hojd": null, "rotation": 70.21 }, "geometry": { "type": "Point", "coordinates": [ 14.641016803217518, 61.152279035103405 ] } },
{ "type": "Feature", "properties": { "objektidentitet": "babb966c-1010-497a-8eda-e2a2c28f272e", "skapad": "2026-03-17T21:00:01", "objekttypnr": 2045, "objekttyp": "Byggnad, storleksklass 1", "hojd": null, "rotation": 326.72 }, "geometry": { "type": "Point", "coordinates": [ 14.638498724435953, 61.152187250899118 ] } },
{ "type": "Feature", "properties": { "objektidentitet": "9ed9b350-4126-4ffa-9a20-97fc94c384fa", "skapad": "2026-03-17T21:00:01", "objekttypnr": 2045, "objekttyp": "Byggnad, storleksklass 1", "hojd": null, "rotation": 326.62 }, "geometry": { "type": "Point", "coordinates": [ 14.637849501173342, 61.151928274771151 ] } },
{ "type": "Feature", "properties": { "objektidentitet": "82b7ffd9-338c-47b8-9b4c-4d1a764dcfe6", "skapad": "2025-12-17T01:00:01", "objekttypnr": 2019, "objekttyp": "Mast", "hojd": null, "rotation": 0.0 }, "geometry": { "type": "Point", "coordinates": [ 14.628336888054028, 61.122278157948166 ] } },
{ "type": "Feature", "properties": { "objektidentitet": "8366e8d7-c207-465f-968d-e7a31bb6b463", "skapad": "2026-03-17T21:00:01", "objekttypnr": 2022, "objekttyp": "Skorsten", "hojd": null, "rotation": 0.0 }, "geometry": { "type": "Point", "coordinates": [ 14.637844137796254, 61.138938162505468 ] } },
{ "type": "Feature", "properties": { "objektidentitet": "f2311568-2d11-4d39-9905-dd03699f357b", "skapad": "2026-03-17T21:00:01", "objekttypnr": 2022, "objekttyp": "Skorsten", "hojd": null, "rotation": 0.0 }, "geometry": { "type": "Point", "coordinates": [ 14.638329215750138, 61.138866892343387 ] } },
{ "type": "Feature", "properties": { "objektidentitet": "dc9d4e50-6493-4609-b05f-d16967de904a", "skapad": "2026-03-17T21:00:01", "objekttypnr": 2022, "objekttyp": "Skorsten", "hojd": null, "rotation": 0.0 }, "geometry": { "type": "Point", "coordinates": [ 14.63911630010165, 61.135005272760445 ] } }
]
}
