{
  "type": "FeatureCollection",
  "features": [
    {
      "type": "Feature",
      "geometry": {
        "type": "Polygon",
        "coordinates": [
          [
            [
              14.666459526782743,
              61.13454722739105
            ],
            [
              14.6664595390264,
              61.134541351525364
            ],
            [
              14.666459451848745,
              61.134535475807894
            ],
            [
              14.666459265255675,
              61.13452960063191
            ],
            [
              14.66645897925973,
              61.13452372639061
            ],
            [
              14.666458593880106,
              61.13451785347722
            ],
            [
              14.66645810914266,
              61.13451198228483
            ],
            [
              14.666457525079887,
              61.134506113206356
            ],
            [
              14.666456841730932,
              61.13450024663466
            ],
            [
              14.666456059141591,
              61.13449438296243
            ],
            [
              14.6664551773643,
              61.134488522582096
            ],
            [
              14.666454196458135,
              61.13448266588589
            ],
            [
              14.6664531164888,
              61.134476813265834
            ],
            [
              14.666451937528636,
              61.1344709651137
            ],
            [
              14.666450659656613,
              61.13446512182084
            ],
            [
              14.666449282958308,
              61.13445928377838
            ],
            [
              14.666447807525923,
              61.134453451377105
            ],
            [
              14.666446233458267,
              61.13444762500732
            ],
            [
              14.66644456086075,
              61.134441805059055
            ],
            [
              14.666442789845375,
              61.13443599192182
            ],
            [
              14.666440920530729,
              61.13443018598468
            ],
            [
              14.66643895304199,
              61.13442438763627
            ],
            [
              14.666436887510892,
              61.134418597264684
            ],
            [
              14.666434724075737,
              61.13441281525744
            ],
            [
              14.666432462881387,
              61.13440704200156
            ],
            [
              14.66643010407924,
              61.13440127788345
            ],
            [
              14.66642764782722,
              61.13439552328895
            ],
            [
              14.666425094289782,
              61.13438977860316
            ],
            [
              14.666422443637895,
              61.134384044210584
            ],
            [
              14.666419696049019,
              61.13437832049509
            ],
            [
              14.666416851707108,
              61.13437260783974
            ],
            [
              14.666413910802587,
              61.13436690662686
            ],
            [
              14.66641087353235,
              61.13436121723806
            ],
            [
              14.666407740099732,
              61.13435554005414
            ],
            [
              14.66640451071451,
              61.134349875455094
            ],
            [
              14.666401185592884,
              61.13434422382002
            ],
            [
              14.666397764957456,
              61.134338585527246
            ],
            [
              14.666394249037221,
              61.13433296095408
            ],
            [
              14.66639063806756,
              61.13432735047702
            ],
            [
              14.666386932290203,
              61.13432175447159
            ],
            [
              14.666383131953232,
              61.1343161733123
            ],
            [
              14.666379237311059,
              61.134310607372726
            ],
            [
              14.666375248624403,
              61.1343050570254
            ],
            [
              14.66637116616028,
              61.134299522641776
            ],
            [
              14.666366990191976,
              61.13429400459231
            ],
            [
              14.666362720999048,
              61.13428850324635
            ],
            [
              14.666358358867278,
              61.134283018972035
            ],
            [
              14.666353904088677,
              61.13427755213651
            ],
            [
              14.666349356961454,
              61.134272103105594
            ],
            [
              14.666344717789995,
              61.13426667224403
            ],
            [
              14.666339986884852,
              61.13426125991534
            ],
            [
              14.66633516456271,
              61.13425586648174
            ],
            [
              14.66633025114638,
              61.13425049230422
            ],
            [
              14.666325246964764,
              61.13424513774244
            ],
            [
              14.666320152352835,
              61.134239803154856
            ],
            [
              14.666314967651628,
              61.13423448889844
            ],
            [
              14.666309693208198,
              61.13422919532891
            ],
            [
              14.66630432937561,
              61.134223922800594
            ],
            [
              14.666298876512913,
              61.134218671666346
            ],
            [
              14.666293334985108,
              61.13421344227761
            ],
            [
              14.666287705163139,
              61.13420823498444
            ],
            [
              14.66628198742385,
              61.13420305013533
            ],
            [
              14.666276182149973,
              61.13419788807728
            ],
            [
              14.6662702897301,
              61.13419274915584
            ],
            [
              14.66626431055865,
              61.1341876337149
            ],
            [
              14.666258245035856,
              61.134182542096895
            ],
            [
              14.666252093567715,
              61.13417747464256
            ],
            [
              14.666245856565995,
              61.1341724316911
            ],
            [
              14.666239534448172,
              61.134167413579995
            ],
            [
              14.666233127637428,
              61.13416242064513
            ],
            [
              14.666226636562605,
              61.13415745322067
            ],
            [
              14.66622006165819,
              61.134152511639094
            ],
            [
              14.666213403364283,
              61.13414759623116
            ],
            [
              14.666206662126559,
              61.1341427073258
            ],
            [
              14.66619983839624,
              61.13413784525031
            ],
            [
              14.66619293263008,
              61.13413301032999
            ],
            [
              14.66618594529031,
              61.13412820288854
            ],
            [
              14.666178876844631,
              61.13412342324769
            ],
            [
              14.666171727766168,
              61.13411867172731
            ],
            [
              14.666164498533439,
              61.13411394864548
            ],
            [
              14.66615718963033,
              61.13410925431823
            ],
            [
              14.666149801546055,
              61.13410458905983
            ],
            [
              14.666142334775131,
              61.13409995318246
            ],
            [
              14.666134789817338,
              61.13409534699644
            ],
            [
              14.66612716717769,
              61.134090770810026
            ],
            [
              14.666119467366398,
              61.13408622492954
            ],
            [
              14.666111690898838,
              61.134081709659185
            ],
            [
              14.666103838295516,
              61.13407722530121
            ],
            [
              14.666095910082031,
              61.13407277215571
            ],
            [
              14.666087906789048,
              61.13406835052077
            ],
            [
              14.666079828952249,
              61.13406396069229
            ],
            [
              14.666071677112312,
              61.13405960296408
            ],
            [
              14.666063451814855,
              61.13405527762782
            ],
            [
              14.666055153610426,
              61.13405098497303
            ],
            [
              14.666046783054444,
              61.13404672528693
            ],
            [
              14.666038340707171,
              61.134042498854676
            ],
            [
              14.666029827133672,
              61.13403830595913
            ],
            [
              14.666021242903785,
              61.134034146880914
            ],
            [
              14.666012588592064,
              61.13403002189838
            ],
            [
              14.666003864777768,
              61.134025931287646
            ],
            [
              14.665995072044792,
              61.13402187532244
            ],
            [
              14.665986210981655,
              61.13401785427426
            ],
            [
              14.665977282181444,
              61.134013868412204
            ],
            [
              14.665968286241778,
              61.134009918003066
            ],
            [
              14.665959223764764,
              61.13400600331125
            ],
            [
              14.665950095356974,
              61.13400212459872
            ],
            [
              14.665940901629382,
              61.13399828212509
            ],
            [
              14.665931643197334,
              61.13399447614756
            ],
            [
              14.665922320680512,
              61.13399070692085
            ],
            [
              14.665912934702883,
              61.133986974697216
            ],
            [
              14.665903485892658,
              61.13398327972643
            ],
            [
              14.665893974882252,
              61.133979622255815
            ],
            [
              14.66588440230825,
              61.13397600253017
            ],
            [
              14.665874768811351,
              61.13397242079173
            ],
            [
              14.665865075036331,
              61.13396887728025
            ],
            [
              14.665855321632002,
              61.13396537223288
            ],
            [
              14.66584550925116,
              61.1339619058842
            ],
            [
              14.665835638550556,
              61.13395847846618
            ],
            [
              14.665825710190838,
              61.13395509020828
            ],
            [
              14.665815724836511,
              61.13395174133722
            ],
            [
              14.665805683155908,
              61.13394843207715
            ],
            [
              14.665795585821108,
              61.133945162649546
            ],
            [
              14.665785433507933,
              61.13394193327323
            ],
            [
              14.665775226895875,
              61.133938744164354
            ],
            [
              14.665764966668064,
              61.13393559553632
            ],
            [
              14.665754653511215,
              61.1339324875999
            ],
            [
              14.665744288115585,
              61.13392942056309
            ],
            [
              14.665733871174927,
              61.13392639463117
            ],
            [
              14.665723403386442,
              61.13392341000663
            ],
            [
              14.665712885450741,
              61.133920466889236
            ],
            [
              14.665702318071778,
              61.133917565476004
            ],
            [
              14.665691701956828,
              61.13391470596109
            ],
            [
              14.665681037816416,
              61.13391188853587
            ],
            [
              14.665670326364285,
              61.133909113388924
            ],
            [
              14.665659568317354,
              61.13390638070596
            ],
            [
              14.665648764395645,
              61.133903690669904
            ],
            [
              14.665637915322256,
              61.13390104346079
            ],
            [
              14.665627021823305,
              61.133898439255795
            ],
            [
              14.665616084627887,
              61.13389587822918
            ],
            [
              14.665605104468014,
              61.1338933605524
            ],
            [
              14.665594082078583,
              61.13389088639387
            ],
            [
              14.665583018197301,
              61.133888455919305
            ],
            [
              14.665571913564671,
              61.13388606929129
            ],
            [
              14.66556076892391,
              61.13388372666957
            ],
            [
              14.665549585020912,
              61.13388142821093
            ],
            [
              14.665538362604206,
              61.133879174069236
            ],
            [
              14.665527102424889,
              61.13387696439529
            ],
            [
              14.665515805236593,
              61.13387479933704
            ],
            [
              14.665504471795424,
              61.133872679039364
            ],
            [
              14.665493102859909,
              61.13387060364416
            ],
            [
              14.665481699190954,
              61.13386857329034
            ],
            [
              14.665470261551793,
              61.133866588113804
            ],
            [
              14.665458790707925,
              61.13386464824739
            ],
            [
              14.66544728742708,
              61.13386275382094
            ],
            [
              14.665435752479146,
              61.13386090496126
            ],
            [
              14.665424186636148,
              61.133859101792055
            ],
            [
              14.66541259067216,
              61.13385734443405
            ],
            [
              14.66540096536328,
              61.13385563300485
            ],
            [
              14.665389311487578,
              61.13385396761895
            ],
            [
              14.665377629825015,
              61.133852348387876
            ],
            [
              14.665365921157427,
              61.133850775419965
            ],
            [
              14.665354186268457,
              61.133849248820475
            ],
            [
              14.665342425943495,
              61.133847768691616
            ],
            [
              14.665330640969636,
              61.13384633513247
            ],
            [
              14.665318832135625,
              61.1338449482389
            ],
            [
              14.665307000231808,
              61.13384360810378
            ],
            [
              14.665295146050065,
              61.133842314816825
            ],
            [
              14.665283270383778,
              61.13384106846453
            ],
            [
              14.665271374027753,
              61.13383986913036
            ],
            [
              14.665259457778197,
              61.13383871689458
            ],
            [
              14.66524752243263,
              61.13383761183428
            ],
            [
              14.665235568789866,
              61.13383655402343
            ],
            [
              14.665223597649934,
              61.133835543532825
            ],
            [
              14.665211609814035,
              61.13383458043012
            ],
            [
              14.665199606084492,
              61.133833664779736
            ],
            [
              14.665187587264683,
              61.13383279664297
            ],
            [
              14.665175554159005,
              61.13383197607794
            ],
            [
              14.665163507572803,
              61.13383120313954
            ],
            [
              14.665151448312331,
              61.13383047787953
            ],
            [
              14.665139377184687,
              61.1338298003464
            ],
            [
              14.665127294997761,
              61.13382917058556
            ],
            [
              14.66511520256019,
              61.133828588639105
            ],
            [
              14.665103100681286,
              61.133828054546015
            ],
            [
              14.66509099017101,
              61.133827568342014
            ],
            [
              14.665078871839881,
              61.13382713005966
            ],
            [
              14.665066746498955,
              61.133826739728285
            ],
            [
              14.665054614959748,
              61.13382639737399
            ],
            [
              14.665042478034202,
              61.13382610301972
            ],
            [
              14.665030336534606,
              61.133825856685164
            ],
            [
              14.665018191273568,
              61.13382565838679
            ],
            [
              14.665006043063933,
              61.13382550813788
            ],
            [
              14.66499389271876,
              61.13382540594852
            ],
            [
              14.664981741051237,
              61.133825351825514
            ],
            [
              14.664969588874648,
              61.13382534577247
            ],
            [
              14.66495743700231,
              61.133825387789855
            ],
            [
              14.664945286247516,
              61.133825477874794
            ],
            [
              14.66493313742349,
              61.13382561602128
            ],
            [
              14.664920991343322,
              61.13382580222007
            ],
            [
              14.664908848819922,
              61.13382603645873
            ],
            [
              14.664896710665959,
              61.13382631872152
            ],
            [
              14.66488457769381,
              61.13382664898962
            ],
            [
              14.664872450715505,
              61.13382702724085
            ],
            [
              14.664860330542679,
              61.13382745344997
            ],
            [
              14.664848217986501,
              61.13382792758837
            ],
            [
              14.664836113857637,
              61.1338284496244
            ],
            [
              14.66482401896619,
              61.1338290195231
            ],
            [
              14.664811934121643,
              61.13382963724631
            ],
            [
              14.664799860132804,
              61.13383030275268
            ],
            [
              14.664787797807762,
              61.13383101599768
            ],
            [
              14.664775747953813,
              61.133831776933555
            ],
            [
              14.664763711377436,
              61.133832585509445
            ],
            [
              14.664751688884202,
              61.13383344167115
            ],
            [
              14.664739681278755,
              61.133834345361414
            ],
            [
              14.664727689364737,
              61.13383529651977
            ],
            [
              14.664715713944743,
              61.1338362950825
            ],
            [
              14.664703755820252,
              61.133837340982836
            ],
            [
              14.664691815791606,
              61.133838434150725
            ],
            [
              14.664679894657919,
              61.13383957451305
            ],
            [
              14.66466799321705,
              61.13384076199347
            ],
            [
              14.664656112265535,
              61.1338419965125
            ],
            [
              14.664644252598542,
              61.13384327798752
            ],
            [
              14.664632415009814,
              61.13384460633279
            ],
            [
              14.664620600291618,
              61.13384598145936
            ],
            [
              14.664608809234688,
              61.13384740327521
            ],
            [
              14.664597042628177,
              61.13384887168523
            ],
            [
              14.6645853012596,
              61.133850386591064
            ],
            [
              14.664573585914784,
              61.1338519478914
            ],
            [
              14.664561897377816,
              61.13385355548169
            ],
            [
              14.664550236430987,
              61.13385520925437
            ],
            [
              14.664538603854743,
              61.13385690909872
            ],
            [
              14.66452700042763,
              61.13385865490102
            ],
            [
              14.664515426926247,
              61.13386044654439
            ],
            [
              14.664503884125187,
              61.13386228390894
            ],
            [
              14.664492372796992,
              61.133864166871696
            ],
            [
              14.664480893712094,
              61.13386609530664
            ],
            [
              14.66446944763877,
              61.13386806908468
            ],
            [
              14.664458035343085,
              61.133870088073756
            ],
            [
              14.66444665758885,
              61.1338721521387
            ],
            [
              14.66443531513756,
              61.13387426114139
            ],
            [
              14.664424008748352,
              61.13387641494068
            ],
            [
              14.66441273917794,
              61.133878613392405
            ],
            [
              14.664401507180584,
              61.133880856349435
            ],
            [
              14.664390313508026,
              61.13388314366165
            ],
            [
              14.664379158909444,
              61.13388547517599
            ],
            [
              14.6643680441314,
              61.13388785073636
            ],
            [
              14.664356969917797,
              61.13389027018382
            ],
            [
              14.664345937009818,
              61.133892733356404
            ],
            [
              14.664334946145884,
              61.133895240089295
            ],
            [
              14.664323998061597,
              61.13389779021467
            ],
            [
              14.664313093489705,
              61.13390038356188
            ],
            [
              14.664302233160043,
              61.13390301995737
            ],
            [
              14.66429141779948,
              61.13390569922471
            ],
            [
              14.664280648131879,
              61.133908421184515
            ],
            [
              14.664269924878049,
              61.13391118565465
            ],
            [
              14.664259248755682,
              61.13391399245011
            ],
            [
              14.664248620479334,
              61.13391684138301
            ],
            [
              14.66423804076034,
              61.13391973226269
            ],
            [
              14.664227510306803,
              61.133922664895685
            ],
            [
              14.664217029823513,
              61.13392563908566
            ],
            [
              14.66420660001193,
              61.13392865463362
            ],
            [
              14.664196221570116,
              61.133931711337716
            ],
            [
              14.664185895192697,
              61.133934808993395
            ],
            [
              14.664175621570816,
              61.13393794739327
            ],
            [
              14.664165401392083,
              61.13394112632736
            ],
            [
              14.664155235340534,
              61.133944345582876
            ],
            [
              14.664145124096583,
              61.13394760494436
            ],
            [
              14.664135068336977,
              61.133950904193654
            ],
            [
              14.66412506873475,
              61.13395424310996
            ],
            [
              14.664115125959176,
              61.13395762146986
            ],
            [
              14.664105240675724,
              61.133961039047136
            ],
            [
              14.664095413546029,
              61.13396449561314
            ],
            [
              14.66408564522781,
              61.133967990936476
            ],
            [
              14.664075936374882,
              61.13397152478327
            ],
            [
              14.664066287637054,
              61.133975096916956
            ],
            [
              14.664056699660126,
              61.13397870709846
            ],
            [
              14.664047173085825,
              61.13398235508618
            ],
            [
              14.664037708551774,
              61.13398604063594
            ],
            [
              14.664028306691447,
              61.133989763501084
            ],
            [
              14.664018968134114,
              61.133993523432444
            ],
            [
              14.66400969350482,
              61.13399732017838
            ],
            [
              14.664000483424319,
              61.134001153484775
            ],
            [
              14.663991338509062,
              61.13400502309505
            ],
            [
              14.663982259371126,
              61.134008928750234
            ],
            [
              14.663973246618191,
              61.13401287018895
            ],
            [
              14.663964300853497,
              61.13401684714734
            ],
            [
              14.663955422675794,
              61.1340208593593
            ],
            [
              14.663946612679318,
              61.134024906556284
            ],
            [
              14.663937871453735,
              61.13402898846738
            ],
            [
              14.663929199584118,
              61.134033104819395
            ],
            [
              14.663920597650884,
              61.134037255336864
            ],
            [
              14.663912066229786,
              61.13404143974195
            ],
            [
              14.663903605891848,
              61.134045657754655
            ],
            [
              14.663895217203343,
              61.13404990909261
            ],
            [
              14.663886900725743,
              61.1340541934713
            ],
            [
              14.663878657015696,
              61.134058510604
            ],
            [
              14.663870486624969,
              61.134062860201745
            ],
            [
              14.663862390100434,
              61.13406724197341
            ],
            [
              14.663854367984014,
              61.134071655625746
            ],
            [
              14.663846420812655,
              61.13407610086334
            ],
            [
              14.663838549118283,
              61.1340805773887
            ],
            [
              14.663830753427781,
              61.13408508490215
            ],
            [
              14.663823034262936,
              61.134089623102085
            ],
            [
              14.663815392140421,
              61.134094191684746
            ],
            [
              14.663807827571754,
              61.13409879034435
            ],
            [
              14.663800341063258,
              61.13410341877308
            ],
            [
              14.663792933116031,
              61.1341080766612
            ],
            [
              14.663785604225925,
              61.13411276369694
            ],
            [
              14.663778354883487,
              61.13411747956664
            ],
            [
              14.663771185573948,
              61.1341222239546
            ],
            [
              14.663764096777186,
              61.13412699654333
            ],
            [
              14.663757088967683,
              61.13413179701339
            ],
            [
              14.66375016261451,
              61.13413662504349
            ],
            [
              14.663743318181277,
              61.1341414803105
            ],
            [
              14.663736556126118,
              61.13414636248942
            ],
            [
              14.663729876901654,
              61.13415127125353
            ],
            [
              14.663723280954962,
              61.134156206274284
            ],
            [
              14.663716768727545,
              61.13416116722137
            ],
            [
              14.663710340655305,
              61.13416615376274
            ],
            [
              14.663703997168511,
              61.13417116556468
            ],
            [
              14.663697738691772,
              61.13417620229173
            ],
            [
              14.663691565644005,
              61.13418126360677
            ],
            [
              14.663685478438412,
              61.13418634917108
            ],
            [
              14.663679477482454,
              61.13419145864425
            ],
            [
              14.663673563177813,
              61.13419659168433
            ],
            [
              14.663667735920377,
              61.13420174794776
            ],
            [
              14.663661996100204,
              61.13420692708941
            ],
            [
              14.66365634410151,
              61.13421212876267
            ],
            [
              14.663650780302616,
              61.134217352619366
            ],
            [
              14.663645305075963,
              61.13422259830987
            ],
            [
              14.663639918788046,
              61.13422786548311
            ],
            [
              14.663634621799414,
              61.13423315378657
            ],
            [
              14.66362941446464,
              61.1342384628662
            ],
            [
              14.663624297132303,
              61.13424379236679
            ],
            [
              14.663619270144949,
              61.13424914193155
            ],
            [
              14.66361433383908,
              61.134254511202464
            ],
            [
              14.663609488545132,
              61.13425989982017
            ],
            [
              14.663604734587448,
              61.13426530742399
            ],
            [
              14.66360007228426,
              61.13427073365202
            ],
            [
              14.663595501947665,
              61.13427617814102
            ],
            [
              14.663591023883605,
              61.13428164052666
            ],
            [
              14.663586638391847,
              61.13428712044329
            ],
            [
              14.663582345765963,
              61.13429261752413
            ],
            [
              14.663578146293306,
              61.13429813140132
            ],
            [
              14.663574040255003,
              61.134303661705744
            ],
            [
              14.663570027925921,
              61.134309208067315
            ],
            [
              14.663566109574653,
              61.13431477011476
            ],
            [
              14.663562285463511,
              61.134320347475814
            ],
            [
              14.663558555848496,
              61.13432593977721
            ],
            [
              14.66355492097928,
              61.13433154664463
            ],
            [
              14.663551381099202,
              61.134337167702824
            ],
            [
              14.663547936445237,
              61.13434280257552
            ],
            [
              14.663544587247992,
              61.13434845088562
            ],
            [
              14.663541333731683,
              61.134354112255075
            ],
            [
              14.663538176114118,
              61.13435978630495
            ],
            [
              14.663535114606699,
              61.13436547265546
            ],
            [
              14.663532149414378,
              61.13437117092601
            ],
            [
              14.663529280735677,
              61.13437688073524
            ],
            [
              14.663526508762653,
              61.134382601700985
            ],
            [
              14.663523833680884,
              61.13438833344032
            ],
            [
              14.663521255669473,
              61.13439407556961
            ],
            [
              14.66351877490102,
              61.13439982770453
            ],
            [
              14.663516391541622,
              61.13440558946007
            ],
            [
              14.663514105750851,
              61.134411360450635
            ],
            [
              14.663511917681753,
              61.134417140289905
            ],
            [
              14.663509827480834,
              61.134422928591064
            ],
            [
              14.66350783528804,
              61.13442872496671
            ],
            [
              14.663505941236771,
              61.13443452902882
            ],
            [
              14.663504145453853,
              61.13444034038897
            ],
            [
              14.663502448059534,
              61.1344461586582
            ],
            [
              14.663500849167479,
              61.13445198344704
            ],
            [
              14.663499348884754,
              61.13445781436566
            ],
            [
              14.66349794731183,
              61.13446365102382
            ],
            [
              14.663496644542578,
              61.134469493030785
            ],
            [
              14.663495440664242,
              61.13447533999562
            ],
            [
              14.663494335757463,
              61.134481191526916
            ],
            [
              14.663493329896237,
              61.13448704723304
            ],
            [
              14.663492423147952,
              61.13449290672209
            ],
            [
              14.663491615573355,
              61.13449876960182
            ],
            [
              14.663490907226544,
              61.13450463547988
            ],
            [
              14.663490298154995,
              61.13451050396358
            ],
            [
              14.663489788399525,
              61.134516374660215
            ],
            [
              14.663489377994308,
              61.13452224717681
            ],
            [
              14.663489066966871,
              61.134528121120276
            ],
            [
              14.663488855338084,
              61.13453399609749
            ],
            [
              14.66348874312217,
              61.134539871715226
            ],
            [
              14.663488730326693,
              61.134545747580226
            ],
            [
              14.663488816952567,
              61.134551623299195
            ],
            [
              14.663489002994046,
              61.13455749847885
            ],
            [
              14.663489288438736,
              61.13456337272595
            ],
            [
              14.663489673267588,
              61.134569245647334
            ],
            [
              14.663490157454895,
              61.134575116849916
            ],
            [
              14.663490740968308,
              61.13458098594069
            ],
            [
              14.66349142376883,
              61.13458685252686
            ],
            [
              14.663492205810806,
              61.134592716215764
            ],
            [
              14.663493087041957,
              61.1345985766149
            ],
            [
              14.663494067403345,
              61.134604433332036
            ],
            [
              14.663495146829414,
              61.13461028597517
            ],
            [
              14.66349632524797,
              61.13461613415256
            ],
            [
              14.66349760258019,
              61.134621977472776
            ],
            [
              14.663498978740632,
              61.134627815544704
            ],
            [
              14.663500453637248,
              61.13463364797759
            ],
            [
              14.663502027171367,
              61.134639474381075
            ],
            [
              14.663503699237728,
              61.13464529436514
            ],
            [
              14.663505469724463,
              61.13465110754025
            ],
            [
              14.663507338513128,
              61.134656913517325
            ],
            [
              14.663509305478689,
              61.13466271190778
            ],
            [
              14.663511370489552,
              61.13466850232346
            ],
            [
              14.663513533407546,
              61.134674284376814
            ],
            [
              14.663515794087958,
              61.13468005768087
            ],
            [
              14.663518152379527,
              61.134685821849125
            ],
            [
              14.663520608124461,
              61.134691576495825
            ],
            [
              14.66352316115844,
              61.134697321235805
            ],
            [
              14.663525811310631,
              61.13470305568449
            ],
            [
              14.663528558403709,
              61.13470877945813
            ],
            [
              14.663531402253852,
              61.13471449217352
            ],
            [
              14.663534342670768,
              61.13472019344839
            ],
            [
              14.663537379457697,
              61.1347258829011
            ],
            [
              14.663540512411423,
              61.1347315601508
            ],
            [
              14.663543741322304,
              61.13473722481753
            ],
            [
              14.663547065974267,
              61.13474287652212
            ],
            [
              14.663550486144837,
              61.13474851488628
            ],
            [
              14.663554001605135,
              61.134754139532625
            ],
            [
              14.663557612119918,
              61.13475975008467
            ],
            [
              14.663561317447563,
              61.13476534616688
            ],
            [
              14.663565117340118,
              61.1347709274047
            ],
            [
              14.663569011543286,
              61.13477649342458
            ],
            [
              14.663572999796468,
              61.13478204385391
            ],
            [
              14.66357708183276,
              61.13478757832124
            ],
            [
              14.66358125737899,
              61.13479309645604
            ],
            [
              14.663585526155723,
              61.134798597889066
            ],
            [
              14.663589887877277,
              61.134804082252025
            ],
            [
              14.663594342251757,
              61.134809549177824
            ],
            [
              14.663598888981065,
              61.134814998300584
            ],
            [
              14.663603527760916,
              61.13482042925553
            ],
            [
              14.663608258280863,
              61.13482584167917
            ],
            [
              14.663613080224323,
              61.1348312352092
            ],
            [
              14.663617993268595,
              61.13483660948466
            ],
            [
              14.66362299708487,
              61.1348419641458
            ],
            [
              14.663628091338271,
              61.13484729883419
            ],
            [
              14.663633275687861,
              61.13485261319278
            ],
            [
              14.66363854978668,
              61.13485790686589
            ],
            [
              14.663643913281755,
              61.13486317949915
            ],
            [
              14.663649365814132,
              61.134868430739644
            ],
            [
              14.66365490701889,
              61.13487366023587
            ],
            [
              14.663660536525175,
              61.13487886763785
            ],
            [
              14.663666253956226,
              61.134884052597
            ],
            [
              14.663672058929395,
              61.13488921476625
            ],
            [
              14.663677951056174,
              61.134894353800085
            ],
            [
              14.663683929942218,
              61.13489946935453
            ],
            [
              14.663689995187374,
              61.13490456108721
            ],
            [
              14.663696146385714,
              61.13490962865727
            ],
            [
              14.663702383125544,
              61.1349146717255
            ],
            [
              14.66370870498946,
              61.134919689954394
            ],
            [
              14.663715111554355,
              61.134924683008045
            ],
            [
              14.663721602391433,
              61.13492965055223
            ],
            [
              14.663728177066288,
              61.13493459225445
            ],
            [
              14.663734835138875,
              61.13493950778397
            ],
            [
              14.663741576163584,
              61.134944396811726
            ],
            [
              14.663748399689242,
              61.13494925901047
            ],
            [
              14.663755305259157,
              61.13495409405478
            ],
            [
              14.663762292411139,
              61.13495890162103
            ],
            [
              14.66376936067755,
              61.1349636813874
            ],
            [
              14.663776509585311,
              61.13496843303396
            ],
            [
              14.663783738655942,
              61.13497315624266
            ],
            [
              14.663791047405608,
              61.13497785069739
            ],
            [
              14.663798435345132,
              61.13498251608388
            ],
            [
              14.663805901980037,
              61.13498715208988
            ],
            [
              14.663813446810579,
              61.13499175840505
            ],
            [
              14.663821069331782,
              61.1349963347211
            ],
            [
              14.663828769033458,
              61.135000880731674
            ],
            [
              14.663836545400267,
              61.135005396132534
            ],
            [
              14.663844397911731,
              61.135009880621396
            ],
            [
              14.66385232604227,
              61.13501433389816
            ],
            [
              14.663860329261245,
              61.13501875566465
            ],
            [
              14.663868407032997,
              61.135023145624956
            ],
            [
              14.663876558816858,
              61.13502750348523
            ],
            [
              14.663884784067228,
              61.13503182895378
            ],
            [
              14.663893082233574,
              61.13503612174104
            ],
            [
              14.663901452760486,
              61.135040381559705
            ],
            [
              14.66390989508771,
              61.13504460812462
            ],
            [
              14.663918408650181,
              61.135048801152934
            ],
            [
              14.663926992878071,
              61.135052960363936
            ],
            [
              14.663935647196821,
              61.135057085479225
            ],
            [
              14.663944371027178,
              61.13506117622269
            ],
            [
              14.663953163785235,
              61.135065232320564
            ],
            [
              14.663962024882471,
              61.135069253501285
            ],
            [
              14.663970953725789,
              61.13507323949571
            ],
            [
              14.663979949717556,
              61.13507719003706
            ],
            [
              14.663989012255652,
              61.13508110486088
            ],
            [
              14.663998140733487,
              61.135084983705134
            ],
            [
              14.664007334540075,
              61.13508882631019
            ],
            [
              14.664016593060039,
              61.13509263241883
            ],
            [
              14.664025915673681,
              61.1350964017763
            ],
            [
              14.66403530175701,
              61.13510013413034
            ],
            [
              14.664044750681779,
              61.135103829231035
            ],
            [
              14.664054261815542,
              61.135107486831096
            ],
            [
              14.66406383452169,
              61.13511110668572
            ],
            [
              14.664073468159481,
              61.13511468855258
            ],
            [
              14.664083162084108,
              61.13511823219193
            ],
            [
              14.66409291564671,
              61.135121737366575
            ],
            [
              14.664102728194457,
              61.13512520384187
            ],
            [
              14.664112599070547,
              61.135128631385825
            ],
            [
              14.664122527614285,
              61.135132019769
            ],
            [
              14.664132513161121,
              61.13513536876458
            ],
            [
              14.664142555042673,
              61.13513867814838
            ],
            [
              14.6641526525868,
              61.135141947698926
            ],
            [
              14.66416280511763,
              61.135145177197344
            ],
            [
              14.66417301195561,
              61.135148366427444
            ],
            [
              14.664183272417548,
              61.1351515151758
            ],
            [
              14.664193585816673,
              61.1351546232316
            ],
            [
              14.664203951462655,
              61.13515769038683
            ],
            [
              14.664214368661678,
              61.1351607164362
            ],
            [
              14.66422483671647,
              61.13516370117712
            ],
            [
              14.664235354926355,
              61.13516664440984
            ],
            [
              14.664245922587297,
              61.13516954593733
            ],
            [
              14.664256538991953,
              61.13517240556537
            ],
            [
              14.664267203429715,
              61.135175223102536
            ],
            [
              14.664277915186755,
              61.13517799836029
            ],
            [
              14.664288673546091,
              61.13518073115281
            ],
            [
              14.6642994777876,
              61.1351834212972
            ],
            [
              14.664310327188105,
              61.13518606861336
            ],
            [
              14.664321221021398,
              61.13518867292413
            ],
            [
              14.664332158558299,
              61.135191234055156
            ],
            [
              14.664343139066698,
              61.135193751835054
            ],
            [
              14.664354161811614,
              61.13519622609521
            ],
            [
              14.664365226055233,
              61.13519865667011
            ],
            [
              14.664376331056964,
              61.13520104339696
            ],
            [
              14.664387476073488,
              61.13520338611607
            ],
            [
              14.664398660358813,
              61.13520568467059
            ],
            [
              14.664409883164303,
              61.13520793890668
            ],
            [
              14.664421143738759,
              61.13521014867346
            ],
            [
              14.664432441328447,
              61.13521231382296
            ],
            [
              14.66444377517715,
              61.13521443421031
            ],
            [
              14.66445514452623,
              61.135216509693585
            ],
            [
              14.66446654861467,
              61.13521854013384
            ],
            [
              14.66447798667913,
              61.13522052539516
            ],
            [
              14.664489457953987,
              61.13522246534464
            ],
            [
              14.664500961671408,
              61.13522435985246
            ],
            [
              14.664512497061377,
              61.135226208791806
            ],
            [
              14.66452406335176,
              61.13522801203887
            ],
            [
              14.664535659768358,
              61.135229769473035
            ],
            [
              14.66454728553495,
              61.13523148097661
            ],
            [
              14.66455893987335,
              61.135233146435006
            ],
            [
              14.664570622003467,
              61.13523476573678
            ],
            [
              14.664582331143338,
              61.135236338773545
            ],
            [
              14.664594066509204,
              61.13523786544002
            ],
            [
              14.664605827315539,
              61.13523934563396
            ],
            [
              14.664617612775118,
              61.13524077925635
            ],
            [
              14.664629422099067,
              61.135242166211185
            ],
            [
              14.664641254496917,
              61.13524350640562
            ],
            [
              14.664653109176644,
              61.13524479974999
            ],
            [
              14.664664985344745,
              61.135246046157704
            ],
            [
              14.664676882206267,
              61.13524724554532
            ],
            [
              14.664688798964878,
              61.13524839783256
            ],
            [
              14.664700734822912,
              61.1352495029423
            ],
            [
              14.664712688981428,
              61.135250560800564
            ],
            [
              14.664724660640251,
              61.13525157133654
            ],
            [
              14.664736648998044,
              61.135252534482575
            ],
            [
              14.664748653252348,
              61.13525345017424
            ],
            [
              14.664760672599636,
              61.13525431835019
            ],
            [
              14.664772706235379,
              61.13525513895236
            ],
            [
              14.66478475335408,
              61.13525591192578
            ],
            [
              14.664796813149351,
              61.135256637218745
            ],
            [
              14.66480888481395,
              61.13525731478266
            ],
            [
              14.664820967539837,
              61.135257944572245
            ],
            [
              14.664833060518239,
              61.13525852654526
            ],
            [
              14.66484516293969,
              61.135259060662804
            ],
            [
              14.664857273994095,
              61.135259546889095
            ],
            [
              14.664869392870779,
              61.13525998519164
            ],
            [
              14.664881518758545,
              61.13526037554103
            ],
            [
              14.664893650845729,
              61.13526071791117
            ],
            [
              14.664905788320246,
              61.13526101227916
            ],
            [
              14.664917930369654,
              61.135261258625256
            ],
            [
              14.664930076181204,
              61.135261456932994
            ],
            [
              14.664942224941893,
              61.1352616071891
            ],
            [
              14.66495437583853,
              61.13526170938349
            ],
            [
              14.664966528057768,
              61.13526176350937
            ],
            [
              14.664978680786177,
              61.13526176956308
            ],
            [
              14.664990833210297,
              61.13526172754424
            ],
            [
              14.665002984516681,
              61.13526163745564
            ],
            [
              14.665015133891963,
              61.135261499303326
            ],
            [
              14.6650272805229,
              61.13526131309653
            ],
            [
              14.66503942359644,
              61.13526107884772
            ],
            [
              14.665051562299764,
              61.13526079657258
            ],
            [
              14.665063695820347,
              61.13526046629
            ],
            [
              14.665075823346012,
              61.135260088022115
            ],
            [
              14.665087944064982,
              61.1352596617942
            ],
            [
              14.665100057165937,
              61.13525918763484
            ],
            [
              14.665112161838064,
              61.135258665575726
            ],
            [
              14.665124257271119,
              61.135258095651814
            ],
            [
              14.665136342655476,
              61.135257477901256
            ],
            [
              14.665148417182172,
              61.135256812365405
            ],
            [
              14.665160480042985,
              61.1352560990888
            ],
            [
              14.665172530430468,
              61.1352553381192
            ],
            [
              14.66518456753801,
              61.135254529507534
            ],
            [
              14.665196590559882,
              61.13525367330795
            ],
            [
              14.665208598691306,
              61.135252769577704
            ],
            [
              14.6652205911285,
              61.13525181837734
            ],
            [
              14.665232567068736,
              61.135250819770526
            ],
            [
              14.66524452571038,
              61.13524977382407
            ],
            [
              14.665256466252966,
              61.13524868060801
            ],
            [
              14.665268387897235,
              61.13524754019553
            ],
            [
              14.665280289845192,
              61.13524635266291
            ],
            [
              14.665292171300166,
              61.135245118089735
            ],
            [
              14.66530403146685,
              61.13524383655857
            ],
            [
              14.665315869551376,
              61.13524250815519
            ],
            [
              14.665327684761339,
              61.135241132968545
            ],
            [
              14.665339476305874,
              61.13523971109071
            ],
            [
              14.665351243395696,
              61.13523824261681
            ],
            [
              14.665362985243164,
              61.13523672764516
            ],
            [
              14.66537470106232,
              61.135235166277184
            ],
            [
              14.665386390068951,
              61.13523355861735
            ],
            [
              14.66539805148064,
              61.13523190477329
            ],
            [
              14.665409684516819,
              61.135230204855745
            ],
            [
              14.66542128839881,
              61.13522845897847
            ],
            [
              14.665432862349904,
              61.135226667258316
            ],
            [
              14.66544440559538,
              61.13522482981521
            ],
            [
              14.66545591736258,
              61.135222946772174
            ],
            [
              14.665467396880958,
              61.13522101825525
            ],
            [
              14.665478843382111,
              61.13521904439347
            ],
            [
              14.665490256099867,
              61.135217025319044
            ],
            [
              14.665501634270296,
              61.13521496116708
            ],
            [
              14.665512977131803,
              61.135212852075725
            ],
            [
              14.665524283925132,
              61.13521069818617
            ],
            [
              14.665535553893461,
              61.135208499642594
            ],
            [
              14.665546786282425,
              61.135206256592156
            ],
            [
              14.66555798034018,
              61.135203969185014
            ],
            [
              14.665569135317439,
              61.135201637574255
            ],
            [
              14.665580250467544,
              61.13519926191593
            ],
            [
              14.665591325046487,
              61.135196842369105
            ],
            [
              14.665602358312995,
              61.135194379095715
            ],
            [
              14.665613349528545,
              61.13519187226065
            ],
            [
              14.665624297957441,
              61.13518932203167
            ],
            [
              14.665635202866845,
              61.13518672857955
            ],
            [
              14.665646063526832,
              61.1351840920778
            ],
            [
              14.66565687921044,
              61.13518141270298
            ],
            [
              14.665667649193725,
              61.13517869063435
            ],
            [
              14.665678372755796,
              61.13517592605421
            ],
            [
              14.665689049178864,
              61.13517311914753
            ],
            [
              14.665699677748309,
              61.13517027010223
            ],
            [
              14.665710257752707,
              61.13516737910903
            ],
            [
              14.665720788483885,
              61.13516444636141
            ],
            [
              14.665731269236975,
              61.135161472055664
            ],
            [
              14.665741699310448,
              61.13515845639093
            ],
            [
              14.665752078006166,
              61.13515539956906
            ],
            [
              14.665762404629444,
              61.135152301794605
            ],
            [
              14.665772678489063,
              61.13514916327499
            ],
            [
              14.665782898897357,
              61.13514598422023
            ],
            [
              14.665793065170224,
              61.13514276484318
            ],
            [
              14.665803176627188,
              61.13513950535929
            ],
            [
              14.665813232591457,
              61.13513620598675
            ],
            [
              14.665823232389933,
              61.1351328669464
            ],
            [
              14.665833175353292,
              61.135129488461764
            ],
            [
              14.66584306081601,
              61.13512607075895
            ],
            [
              14.665852888116412,
              61.13512261406674
            ],
            [
              14.665862656596723,
              61.13511911861654
            ],
            [
              14.665872365603098,
              61.13511558464227
            ],
            [
              14.665882014485677,
              61.13511201238051
            ],
            [
              14.665891602598624,
              61.135108402070365
            ],
            [
              14.665901129300176,
              61.135104753953506
            ],
            [
              14.665910593952672,
              61.135101068274096
            ],
            [
              14.665919995922614,
              61.13509734527886
            ],
            [
              14.6659293345807,
              61.135093585216985
            ],
            [
              14.665938609301854,
              61.13508978834018
            ],
            [
              14.665947819465297,
              61.13508595490254
            ],
            [
              14.665956964454562,
              61.1350820851607
            ],
            [
              14.665966043657548,
              61.135078179373686
            ],
            [
              14.665975056466557,
              61.1350742378029
            ],
            [
              14.665984002278337,
              61.13507026071222
            ],
            [
              14.665992880494123,
              61.13506624836781
            ],
            [
              14.666001690519673,
              61.13506220103826
            ],
            [
              14.666010431765304,
              61.1350581189945
            ],
            [
              14.666019103645947,
              61.135054002509726
            ],
            [
              14.666027705581177,
              61.13504985185948
            ],
            [
              14.666036236995245,
              61.135045667321606
            ],
            [
              14.66604469731712,
              61.1350414491762
            ],
            [
              14.666053085980547,
              61.13503719770558
            ],
            [
              14.666061402424049,
              61.13503291319432
            ],
            [
              14.666069646090993,
              61.13502859592924
            ],
            [
              14.666077816429615,
              61.1350242461993
            ],
            [
              14.666085912893069,
              61.135019864295636
            ],
            [
              14.666093934939443,
              61.13501545051156
            ],
            [
              14.666101882031805,
              61.13501100514253
            ],
            [
              14.666109753638258,
              61.13500652848605
            ],
            [
              14.666117549231942,
              61.13500202084185
            ],
            [
              14.66612526829109,
              61.134997482511544
            ],
            [
              14.66613291029906,
              61.13499291379897
            ],
            [
              14.666140474744367,
              61.134988315009885
            ],
            [
              14.66614796112072,
              61.13498368645218
            ],
            [
              14.66615536892705,
              61.13497902843563
            ],
            [
              14.666162697667556,
              61.13497434127203
            ],
            [
              14.666169946851719,
              61.13496962527508
            ],
            [
              14.666177115994353,
              61.1349648807605
            ],
            [
              14.66618420461563,
              61.1349601080458
            ],
            [
              14.666191212241108,
              61.1349553074505
            ],
            [
              14.666198138401775,
              61.13495047929588
            ],
            [
              14.666204982634062,
              61.13494562390515
            ],
            [
              14.666211744479892,
              61.13494074160327
            ],
            [
              14.6662184234867,
              61.13493583271706
            ],
            [
              14.666225019207472,
              61.13493089757509
            ],
            [
              14.666231531200758,
              61.13492593650769
            ],
            [
              14.666237959030726,
              61.13492094984691
            ],
            [
              14.666244302267165,
              61.134915937926564
            ],
            [
              14.666250560485542,
              61.134910901082094
            ],
            [
              14.666256733266998,
              61.13490583965063
            ],
            [
              14.66626282019841,
              61.134900753971024
            ],
            [
              14.666268820872391,
              61.134895644383604
            ],
            [
              14.666274734887327,
              61.1348905112304
            ],
            [
              14.666280561847413,
              61.134885354855
            ],
            [
              14.66628630136267,
              61.134880175602554
            ],
            [
              14.666291953048965,
              61.13487497381975
            ],
            [
              14.666297516528056,
              61.134869749854715
            ],
            [
              14.666302991427594,
              61.13486450405713
            ],
            [
              14.666308377381169,
              61.13485923677811
            ],
            [
              14.666313674028318,
              61.13485394837027
            ],
            [
              14.666318881014561,
              61.134848639187524
            ],
            [
              14.66632399799142,
              61.13484330958527
            ],
            [
              14.666329024616436,
              61.13483795992021
            ],
            [
              14.666333960553205,
              61.134832590550445
            ],
            [
              14.666338805471387,
              61.134827201835385
            ],
            [
              14.666343559046748,
              61.13482179413565
            ],
            [
              14.666348220961149,
              61.13481636781326
            ],
            [
              14.666352790902604,
              61.13481092323141
            ],
            [
              14.666357268565275,
              61.13480546075451
            ],
            [
              14.666361653649501,
              61.134799980748205
            ],
            [
              14.666365945861822,
              61.134794483579284
            ],
            [
              14.666370144914987,
              61.134788969615656
            ],
            [
              14.666374250527992,
              61.13478343922647
            ],
            [
              14.666378262426086,
              61.13477789278183
            ],
            [
              14.666382180340777,
              61.134772330653014
            ],
            [
              14.666386004009881,
              61.1347667532123
            ],
            [
              14.666389733177516,
              61.134761160833
            ],
            [
              14.666393367594122,
              61.13475555388945
            ],
            [
              14.666396907016484,
              61.13474993275695
            ],
            [
              14.666400351207752,
              61.13474429781169
            ],
            [
              14.666403699937444,
              61.13473864943089
            ],
            [
              14.666406952981466,
              61.13473298799259
            ],
            [
              14.666410110122138,
              61.13472731387575
            ],
            [
              14.666413171148188,
              61.13472162746014
            ],
            [
              14.666416135854787,
              61.134715929126365
            ],
            [
              14.666419004043545,
              61.13471021925584
            ],
            [
              14.666421775522542,
              61.13470449823076
            ],
            [
              14.666424450106321,
              61.13469876643404
            ],
            [
              14.666427027615924,
              61.13469302424932
            ],
            [
              14.666429507878878,
              61.13468727206096
            ],
            [
              14.666431890729221,
              61.13468151025394
            ],
            [
              14.666434176007522,
              61.13467573921396
            ],
            [
              14.666436363560871,
              61.134669959327276
            ],
            [
              14.666438453242899,
              61.13466417098073
            ],
            [
              14.666440444913798,
              61.13465837456176
            ],
            [
              14.666442338440307,
              61.13465257045837
            ],
            [
              14.666444133695743,
              61.13464675905902
            ],
            [
              14.66644583056,
              61.134640940752675
            ],
            [
              14.666447428919557,
              61.13463511592878
            ],
            [
              14.666448928667482,
              61.13462928497722
            ],
            [
              14.666450329703451,
              61.134623448288266
            ],
            [
              14.66645163193374,
              61.134617606252576
            ],
            [
              14.666452835271247,
              61.134611759261176
            ],
            [
              14.66645393963548,
              61.134605907705414
            ],
            [
              14.666454944952575,
              61.13460005197699
            ],
            [
              14.666455851155305,
              61.13459419246778
            ],
            [
              14.666456658183064,
              61.13458832957003
            ],
            [
              14.666457365981893,
              61.13458246367614
            ],
            [
              14.666457974504477,
              61.1345765951787
            ],
            [
              14.666458483710135,
              61.13457072447054
            ],
            [
              14.66645889356484,
              61.134564851944596
            ],
            [
              14.666459204041221,
              61.13455897799392
            ],
            [
              14.666459415118545,
              61.13455310301164
            ],
            [
              14.666459526782743,
              61.13454722739105
            ]
          ]
        ]
      },
      "properties": {
        "name": "4to1 gard detail zone",
        "role": "detail_4to1",
        "scale": 4.0,
        "radius_m": 80.0,
        "stroke": "#00aa00",
        "stroke-width": 2,
        "fill": "#00aa00",
        "fill-opacity": 0.12
      }
    },
    {
      "type": "Feature",
      "geometry": {
        "type": "Polygon",
        "coordinates": [
          [
            [
              14.667573592129052,
              61.13453968618854
            ],
            [
              14.667573439206055,
              61.13452940368395
            ],
            [
              14.667573112306199,
              61.134519122128346
            ],
            [
              14.667572611451535,
              61.134508842209925
            ],
            [
              14.667571936675756,
              61.13449856461676
            ],
            [
              14.667571088024197,
              61.13448829003673
            ],
            [
              14.667570065553829,
              61.13447801915751
            ],
            [
              14.667568869333254,
              61.13446775266658
            ],
            [
              14.667567499442706,
              61.134457491251105
            ],
            [
              14.66756595597405,
              61.134447235597825
            ],
            [
              14.667564239030753,
              61.13443698639325
            ],
            [
              14.667562348727907,
              61.13442674432335
            ],
            [
              14.667560285192202,
              61.134416510073656
            ],
            [
              14.667558048561915,
              61.13440628432909
            ],
            [
              14.66755563898692,
              61.13439606777416
            ],
            [
              14.66755305662866,
              61.134385861092625
            ],
            [
              14.667550301660139,
              61.13437566496766
            ],
            [
              14.667547374265919,
              61.13436548008168
            ],
            [
              14.667544274642102,
              61.13435530711638
            ],
            [
              14.667541002996312,
              61.13434514675266
            ],
            [
              14.667537559547693,
              61.13433499967053
            ],
            [
              14.667533944526879,
              61.13432486654914
            ],
            [
              14.667530158175992,
              61.13431474806675
            ],
            [
              14.66752620074862,
              61.13430464490059
            ],
            [
              14.667522072509804,
              61.13429455772685
            ],
            [
              14.667517773736007,
              61.13428448722068
            ],
            [
              14.667513304715117,
              61.1342744340561
            ],
            [
              14.6675086657464,
              61.134264398905984
            ],
            [
              14.66750385714052,
              61.13425438244198
            ],
            [
              14.667498879219469,
              61.134244385334505
            ],
            [
              14.667493732316588,
              61.13423440825265
            ],
            [
              14.667488416776512,
              61.1342244518642
            ],
            [
              14.66748293295518,
              61.13421451683554
            ],
            [
              14.667477281219778,
              61.1342046038316
            ],
            [
              14.66747146194873,
              61.13419471351589
            ],
            [
              14.667465475531685,
              61.13418484655033
            ],
            [
              14.667459322369469,
              61.134175003595374
            ],
            [
              14.667453002874062,
              61.13416518530975
            ],
            [
              14.667446517468587,
              61.134155392350614
            ],
            [
              14.667439866587266,
              61.1341456253734
            ],
            [
              14.667433050675386,
              61.134135885031846
            ],
            [
              14.66742607018929,
              61.134126171977826
            ],
            [
              14.667418925596328,
              61.13411648686145
            ],
            [
              14.66741161737484,
              61.134106830330936
            ],
            [
              14.667404146014105,
              61.13409720303258
            ],
            [
              14.66739651201433,
              61.13408760561076
            ],
            [
              14.667388715886597,
              61.13407803870779
            ],
            [
              14.667380758152845,
              61.13406850296398
            ],
            [
              14.667372639345825,
              61.13405899901756
            ],
            [
              14.667364360009062,
              61.134049527504644
            ],
            [
              14.667355920696835,
              61.13404008905913
            ],
            [
              14.667347321974118,
              61.1340306843127
            ],
            [
              14.667338564416555,
              61.13402131389484
            ],
            [
              14.667329648610423,
              61.134011978432696
            ],
            [
              14.667320575152585,
              61.13400267855105
            ],
            [
              14.667311344650459,
              61.13399341487238
            ],
            [
              14.667301957721964,
              61.13398418801666
            ],
            [
              14.667292414995494,
              61.13397499860142
            ],
            [
              14.667282717109865,
              61.13396584724173
            ],
            [
              14.667272864714276,
              61.13395673455007
            ],
            [
              14.667262858468266,
              61.13394766113629
            ],
            [
              14.66725269904167,
              61.13393862760773
            ],
            [
              14.667242387114577,
              61.13392963456896
            ],
            [
              14.667231923377267,
              61.13392068262185
            ],
            [
              14.667221308530198,
              61.13391177236558
            ],
            [
              14.667210543283925,
              61.13390290439642
            ],
            [
              14.667199628359075,
              61.13389407930798
            ],
            [
              14.667188564486283,
              61.13388529769085
            ],
            [
              14.667177352406163,
              61.1338765601328
            ],
            [
              14.667165992869235,
              61.13386786721858
            ],
            [
              14.66715448663589,
              61.13385921953001
            ],
            [
              14.667142834476337,
              61.13385061764588
            ],
            [
              14.667131037170549,
              61.13384206214186
            ],
            [
              14.66711909550821,
              61.13383355359055
            ],
            [
              14.667107010288664,
              61.13382509256143
            ],
            [
              14.667094782320861,
              61.133816679620786
            ],
            [
              14.667082412423303,
              61.13380831533166
            ],
            [
              14.667069901423993,
              61.133800000253835
            ],
            [
              14.667057250160363,
              61.13379173494384
            ],
            [
              14.66704445947925,
              61.133783519954854
            ],
            [
              14.667031530236802,
              61.13377535583667
            ],
            [
              14.667018463298442,
              61.13376724313571
            ],
            [
              14.667005259538824,
              61.13375918239493
            ],
            [
              14.66699191984173,
              61.13375117415379
            ],
            [
              14.666978445100057,
              61.13374321894828
            ],
            [
              14.666964836215731,
              61.13373531731084
            ],
            [
              14.666951094099657,
              61.13372746977025
            ],
            [
              14.666937219671654,
              61.13371967685177
            ],
            [
              14.666923213860384,
              61.1337119390769
            ],
            [
              14.666909077603322,
              61.13370425696358
            ],
            [
              14.666894811846648,
              61.13369663102594
            ],
            [
              14.66688041754522,
              61.13368906177429
            ],
            [
              14.666865895662498,
              61.13368154971528
            ],
            [
              14.666851247170472,
              61.13367409535163
            ],
            [
              14.666836473049603,
              61.13366669918224
            ],
            [
              14.666821574288768,
              61.13365936170217
            ],
            [
              14.666806551885168,
              61.13365208340242
            ],
            [
              14.666791406844297,
              61.13364486477013
            ],
            [
              14.666776140179831,
              61.13363770628843
            ],
            [
              14.666760752913605,
              61.133630608436384
            ],
            [
              14.666745246075507,
              61.13362357168902
            ],
            [
              14.66672962070344,
              61.13361659651733
            ],
            [
              14.666713877843227,
              61.133609683388094
            ],
            [
              14.666698018548553,
              61.13360283276402
            ],
            [
              14.666682043880906,
              61.133596045103545
            ],
            [
              14.66666595490947,
              61.13358932086098
            ],
            [
              14.666649752711098,
              61.13358266048634
            ],
            [
              14.666633438370214,
              61.13357606442538
            ],
            [
              14.666617012978739,
              61.133569533119555
            ],
            [
              14.666600477636022,
              61.133563067005944
            ],
            [
              14.666583833448783,
              61.13355666651735
            ],
            [
              14.66656708153101,
              61.13355033208207
            ],
            [
              14.666550223003908,
              61.13354406412412
            ],
            [
              14.666533258995809,
              61.13353786306292
            ],
            [
              14.666516190642106,
              61.133531729313525
            ],
            [
              14.666499019085173,
              61.133525663286406
            ],
            [
              14.666481745474284,
              61.13351966538758
            ],
            [
              14.666464370965548,
              61.13351373601841
            ],
            [
              14.666446896721824,
              61.13350787557575
            ],
            [
              14.66642932391264,
              61.13350208445185
            ],
            [
              14.666411653714118,
              61.13349636303419
            ],
            [
              14.666393887308903,
              61.133490711705775
            ],
            [
              14.66637602588607,
              61.133485130844775
            ],
            [
              14.66635807064105,
              61.1334796208247
            ],
            [
              14.666340022775557,
              61.13347418201431
            ],
            [
              14.666321883497499,
              61.1334688147776
            ],
            [
              14.666303654020904,
              61.133463519473764
            ],
            [
              14.666285335565822,
              61.133458296457206
            ],
            [
              14.666266929358276,
              61.133453146077485
            ],
            [
              14.66624843663014,
              61.133448068679265
            ],
            [
              14.666229858619092,
              61.13344306460239
            ],
            [
              14.666211196568504,
              61.13343813418173
            ],
            [
              14.666192451727378,
              61.133433277747294
            ],
            [
              14.666173625350256,
              61.133428495623996
            ],
            [
              14.666154718697129,
              61.133423788132
            ],
            [
              14.666135733033363,
              61.13341915558632
            ],
            [
              14.666116669629607,
              61.133414598296945
            ],
            [
              14.666097529761714,
              61.13341011656892
            ],
            [
              14.666078314710658,
              61.13340571070215
            ],
            [
              14.666059025762426,
              61.133401380991536
            ],
            [
              14.666039664207968,
              61.133397127726816
            ],
            [
              14.666020231343078,
              61.13339295119264
            ],
            [
              14.66600072846833,
              61.13338885166854
            ],
            [
              14.665981156888979,
              61.13338482942885
            ],
            [
              14.66596151791487,
              61.13338088474278
            ],
            [
              14.665941812860368,
              61.13337701787432
            ],
            [
              14.665922043044251,
              61.13337322908225
            ],
            [
              14.665902209789634,
              61.13336951862017
            ],
            [
              14.665882314423872,
              61.13336588673636
            ],
            [
              14.665862358278476,
              61.13336233367389
            ],
            [
              14.665842342689032,
              61.133358859670544
            ],
            [
              14.665822268995091,
              61.133355464958846
            ],
            [
              14.665802138540096,
              61.133352149766
            ],
            [
              14.66578195267129,
              61.13334891431379
            ],
            [
              14.665761712739622,
              61.133345758818834
            ],
            [
              14.665741420099652,
              61.133342683492266
            ],
            [
              14.665721076109474,
              61.13333968853992
            ],
            [
              14.665700682130616,
              61.133336774162224
            ],
            [
              14.665680239527944,
              61.13333394055423
            ],
            [
              14.66565974966959,
              61.13333118790555
            ],
            [
              14.665639213926832,
              61.13332851640044
            ],
            [
              14.665618633674029,
              61.13332592621768
            ],
            [
              14.66559801028851,
              61.1333234175306
            ],
            [
              14.665577345150501,
              61.133320990507094
            ],
            [
              14.665556639643007,
              61.133318645309565
            ],
            [
              14.665535895151741,
              61.13331638209503
            ],
            [
              14.665515113065029,
              61.13331420101491
            ],
            [
              14.665494294773701,
              61.1333121022152
            ],
            [
              14.665473441671018,
              61.13331008583632
            ],
            [
              14.665452555152566,
              61.13330815201323
            ],
            [
              14.665431636616164,
              61.13330630087537
            ],
            [
              14.665410687461783,
              61.1333045325466
            ],
            [
              14.665389709091432,
              61.13330284714527
            ],
            [
              14.665368702909078,
              61.13330124478421
            ],
            [
              14.665347670320548,
              61.13329972557061
            ],
            [
              14.665326612733441,
              61.133298289606145
            ],
            [
              14.66530553155702,
              61.13329693698694
            ],
            [
              14.66528442820213,
              61.13329566780351
            ],
            [
              14.665263304081103,
              61.133294482140776
            ],
            [
              14.665242160607656,
              61.13329338007812
            ],
            [
              14.665220999196798,
              61.1332923616893
            ],
            [
              14.665199821264745,
              61.1332914270424
            ],
            [
              14.665178628228814,
              61.13329057620005
            ],
            [
              14.665157421507336,
              61.13328980921917
            ],
            [
              14.665136202519552,
              61.133289126151084
            ],
            [
              14.665114972685528,
              61.13328852704147
            ],
            [
              14.665093733426055,
              61.13328801193049
            ],
            [
              14.665072486162552,
              61.13328758085259
            ],
            [
              14.665051232316978,
              61.13328723383659
            ],
            [
              14.665029973311725,
              61.13328697090574
            ],
            [
              14.665008710569541,
              61.13328679207765
            ],
            [
              14.664987445513415,
              61.13328669736425
            ],
            [
              14.66496617956649,
              61.13328668677191
            ],
            [
              14.664944914151977,
              61.13328676030133
            ],
            [
              14.66492365069305,
              61.13328691794758
            ],
            [
              14.664902390612738,
              61.133287159700124
            ],
            [
              14.664881135333863,
              61.13328748554277
            ],
            [
              14.664859886278915,
              61.133287895453705
            ],
            [
              14.664838644869967,
              61.13328838940555
            ],
            [
              14.66481741252859,
              61.13328896736516
            ],
            [
              14.664796190675741,
              61.13328962929392
            ],
            [
              14.66477498073167,
              61.133290375147524
            ],
            [
              14.664753784115845,
              61.13329120487603
            ],
            [
              14.664732602246826,
              61.13329211842391
            ],
            [
              14.664711436542202,
              61.13329311573006
            ],
            [
              14.664690288418464,
              61.133294196727725
            ],
            [
              14.664669159290943,
              61.13329536134451
            ],
            [
              14.66464805057369,
              61.13329660950254
            ],
            [
              14.664626963679394,
              61.13329794111825
            ],
            [
              14.664605900019277,
              61.133299356102526
            ],
            [
              14.664584861003018,
              61.13330085436067
            ],
            [
              14.664563848038638,
              61.13330243579241
            ],
            [
              14.664542862532423,
              61.13330410029192
            ],
            [
              14.664521905888808,
              61.1333058477478
            ],
            [
              14.664500979510317,
              61.133307678043124
            ],
            [
              14.664480084797432,
              61.13330959105532
            ],
            [
              14.66445922314853,
              61.133311586656454
            ],
            [
              14.66443839595976,
              61.13331366471294
            ],
            [
              14.664417604624983,
              61.133315825085695
            ],
            [
              14.664396850535653,
              61.13331806763015
            ],
            [
              14.664376135080726,
              61.13332039219622
            ],
            [
              14.664355459646583,
              61.133322798628335
            ],
            [
              14.664334825616928,
              61.13332528676542
            ],
            [
              14.664314234372688,
              61.13332785644098
            ],
            [
              14.66429368729193,
              61.13333050748307
            ],
            [
              14.664273185749769,
              61.13333323971421
            ],
            [
              14.664252731118273,
              61.133336052951606
            ],
            [
              14.66423232476637,
              61.13333894700695
            ],
            [
              14.664211968059755,
              61.13334192168656
            ],
            [
              14.664191662360809,
              61.13334497679135
            ],
            [
              14.664171409028498,
              61.13334811211689
            ],
            [
              14.664151209418275,
              61.133351327453305
            ],
            [
              14.664131064882014,
              61.13335462258543
            ],
            [
              14.664110976767896,
              61.13335799729277
            ],
            [
              14.664090946420329,
              61.13336145134942
            ],
            [
              14.664070975179856,
              61.13336498452427
            ],
            [
              14.664051064383063,
              61.133368596580816
            ],
            [
              14.664031215362497,
              61.13337228727737
            ],
            [
              14.664011429446571,
              61.13337605636686
            ],
            [
              14.663991707959475,
              61.13337990359713
            ],
            [
              14.663972052221082,
              61.13338382871064
            ],
            [
              14.663952463546883,
              61.13338783144472
            ],
            [
              14.663932943247865,
              61.13339191153151
            ],
            [
              14.66391349263045,
              61.13339606869791
            ],
            [
              14.66389411299639,
              61.13340030266577
            ],
            [
              14.663874805642704,
              61.133404613151654
            ],
            [
              14.663855571861555,
              61.13340899986712
            ],
            [
              14.6638364129402,
              61.13341346251859
            ],
            [
              14.66381733016088,
              61.13341800080737
            ],
            [
              14.663798324800737,
              61.13342261442976
            ],
            [
              14.663779398131748,
              61.13342730307702
            ],
            [
              14.66376055142061,
              61.1334320664353
            ],
            [
              14.663741785928684,
              61.13343690418584
            ],
            [
              14.663723102911884,
              61.1334418160049
            ],
            [
              14.663704503620613,
              61.133446801563736
            ],
            [
              14.66368598929967,
              61.133451860528666
            ],
            [
              14.66366756118818,
              61.13345699256116
            ],
            [
              14.663649220519483,
              61.13346219731773
            ],
            [
              14.663630968521078,
              61.13346747445003
            ],
            [
              14.66361280641453,
              61.13347282360489
            ],
            [
              14.663594735415392,
              61.13347824442437
            ],
            [
              14.663576756733116,
              61.1334837365456
            ],
            [
              14.663558871570988,
              61.13348929960106
            ],
            [
              14.663541081126022,
              61.133494933218444
            ],
            [
              14.66352338658891,
              61.13350063702069
            ],
            [
              14.663505789143912,
              61.13350641062612
            ],
            [
              14.663488289968805,
              61.133512253648306
            ],
            [
              14.663470890234791,
              61.13351816569617
            ],
            [
              14.663453591106405,
              61.13352414637408
            ],
            [
              14.663436393741467,
              61.13353019528176
            ],
            [
              14.663419299290977,
              61.13353631201437
            ],
            [
              14.663402308899053,
              61.133542496162576
            ],
            [
              14.663385423702858,
              61.133548747312474
            ],
            [
              14.663368644832504,
              61.13355506504571
            ],
            [
              14.663351973411,
              61.13356144893945
            ],
            [
              14.663335410554154,
              61.13356789856649
            ],
            [
              14.663318957370528,
              61.13357441349511
            ],
            [
              14.663302614961324,
              61.133580993289364
            ],
            [
              14.663286384420354,
              61.133587637508825
            ],
            [
              14.663270266833928,
              61.13359434570891
            ],
            [
              14.663254263280807,
              61.13360111744056
            ],
            [
              14.66323837483212,
              61.13360795225063
            ],
            [
              14.6632226025513,
              61.13361484968169
            ],
            [
              14.663206947494002,
              61.13362180927212
            ],
            [
              14.663191410708029,
              61.13362883055613
            ],
            [
              14.663175993233292,
              61.13363591306379
            ],
            [
              14.663160696101702,
              61.13364305632113
            ],
            [
              14.663145520337121,
              61.13365025985008
            ],
            [
              14.663130466955293,
              61.13365752316848
            ],
            [
              14.663115536963774,
              61.13366484579027
            ],
            [
              14.663100731361867,
              61.13367222722538
            ],
            [
              14.663086051140539,
              61.13367966697978
            ],
            [
              14.663071497282385,
              61.133687164555525
            ],
            [
              14.66305707076153,
              61.13369471945085
            ],
            [
              14.66304277254359,
              61.13370233116014
            ],
            [
              14.663028603585591,
              61.133709999173945
            ],
            [
              14.663014564835912,
              61.1337177229791
            ],
            [
              14.663000657234214,
              61.13372550205863
            ],
            [
              14.662986881711388,
              61.13373333589193
            ],
            [
              14.66297323918949,
              61.133741223954736
            ],
            [
              14.662959730581672,
              61.13374916571905
            ],
            [
              14.66294635679213,
              61.13375716065342
            ],
            [
              14.662933118716028,
              61.13376520822274
            ],
            [
              14.66292001723946,
              61.133773307888404
            ],
            [
              14.662907053239381,
              61.13378145910833
            ],
            [
              14.662894227583537,
              61.133789661336984
            ],
            [
              14.66288154113043,
              61.133797914025415
            ],
            [
              14.662868994729235,
              61.13380621662127
            ],
            [
              14.66285658921976,
              61.13381456856889
            ],
            [
              14.662844325432392,
              61.13382296930931
            ],
            [
              14.662832204188026,
              61.133831418280266
            ],
            [
              14.66282022629802,
              61.1338399149163
            ],
            [
              14.66280839256415,
              61.13384845864877
            ],
            [
              14.662796703778529,
              61.133857048905824
            ],
            [
              14.662785160723582,
              61.133865685112575
            ],
            [
              14.662773764171984,
              61.133874366690996
            ],
            [
              14.662762514886598,
              61.13388309306008
            ],
            [
              14.662751413620438,
              61.13389186363574
            ],
            [
              14.662740461116616,
              61.133900677831015
            ],
            [
              14.662729658108285,
              61.13390953505595
            ],
            [
              14.662719005318593,
              61.13391843471779
            ],
            [
              14.662708503460642,
              61.13392737622089
            ],
            [
              14.662698153237427,
              61.133936358966785
            ],
            [
              14.662687955341806,
              61.13394538235429
            ],
            [
              14.66267791045643,
              61.13395444577948
            ],
            [
              14.662668019253724,
              61.13396354863577
            ],
            [
              14.662658282395823,
              61.133972690313904
            ],
            [
              14.662648700534533,
              61.13398187020207
            ],
            [
              14.662639274311289,
              61.1339910876858
            ],
            [
              14.662630004357114,
              61.134000342148276
            ],
            [
              14.662620891292567,
              61.13400963297005
            ],
            [
              14.662611935727716,
              61.134018959529314
            ],
            [
              14.662603138262082,
              61.13402832120184
            ],
            [
              14.662594499484612,
              61.13403771736107
            ],
            [
              14.662586019973633,
              61.134047147378126
            ],
            [
              14.66257770029681,
              61.13405661062189
            ],
            [
              14.662569541011115,
              61.134066106458974
            ],
            [
              14.66256154266279,
              61.13407563425383
            ],
            [
              14.662553705787294,
              61.134085193368776
            ],
            [
              14.662546030909299,
              61.13409478316402
            ],
            [
              14.662538518542622,
              61.13410440299775
            ],
            [
              14.66253116919021,
              61.13411405222607
            ],
            [
              14.662523983344096,
              61.1341237302032
            ],
            [
              14.662516961485386,
              61.13413343628139
            ],
            [
              14.662510104084188,
              61.134143169811004
            ],
            [
              14.662503411599626,
              61.1341529301406
            ],
            [
              14.662496884479772,
              61.134162716616906
            ],
            [
              14.662490523161644,
              61.13417252858493
            ],
            [
              14.66248432807115,
              61.13418236538796
            ],
            [
              14.662478299623091,
              61.134192226367595
            ],
            [
              14.6624724382211,
              61.13420211086387
            ],
            [
              14.662466744257635,
              61.1342120182152
            ],
            [
              14.662461218113958,
              61.13422194775851
            ],
            [
              14.662455860160087,
              61.13423189882917
            ],
            [
              14.662450670754792,
              61.13424187076118
            ],
            [
              14.662445650245559,
              61.13425186288711
            ],
            [
              14.66244079896857,
              61.13426187453821
            ],
            [
              14.662436117248689,
              61.13427190504437
            ],
            [
              14.662431605399423,
              61.13428195373425
            ],
            [
              14.662427263722913,
              61.13429201993527
            ],
            [
              14.662423092509915,
              61.13430210297372
            ],
            [
              14.662419092039771,
              61.13431220217473
            ],
            [
              14.662415262580403,
              61.13432231686236
            ],
            [
              14.66241160438828,
              61.13433244635961
            ],
            [
              14.662408117708413,
              61.1343425899885
            ],
            [
              14.662404802774336,
              61.13435274707012
            ],
            [
              14.66240165980808,
              61.134362916924665
            ],
            [
              14.662398689020181,
              61.134373098871414
            ],
            [
              14.662395890609634,
              61.134383292228925
            ],
            [
              14.662393264763914,
              61.134393496314914
            ],
            [
              14.662390811658934,
              61.13440371044642
            ],
            [
              14.662388531459056,
              61.134413933939804
            ],
            [
              14.662386424317058,
              61.13442416611077
            ],
            [
              14.662384490374146,
              61.1344344062745
            ],
            [
              14.662382729759932,
              61.134444653745604
            ],
            [
              14.662381142592416,
              61.134454907838155
            ],
            [
              14.662379728978008,
              61.13446516786587
            ],
            [
              14.66237848901149,
              61.13447543314203
            ],
            [
              14.662377422776018,
              61.13448570297955
            ],
            [
              14.662376530343133,
              61.13449597669107
            ],
            [
              14.662375811772735,
              61.134506253588924
            ],
            [
              14.66237526711309,
              61.13451653298529
            ],
            [
              14.66237489640082,
              61.1345268141921
            ],
            [
              14.662374699660905,
              61.134537096521264
            ],
            [
              14.662374676906689,
              61.13454737928456
            ],
            [
              14.662374828139859,
              61.13455766179369
            ],
            [
              14.662375153350466,
              61.13456794336048
            ],
            [
              14.66237565251691,
              61.13457822329673
            ],
            [
              14.662376325605956,
              61.13458850091439
            ],
            [
              14.662377172572713,
              61.13459877552557
            ],
            [
              14.662378193360667,
              61.13460904644252
            ],
            [
              14.66237938790166,
              61.13461931297785
            ],
            [
              14.66238075611591,
              61.13462957444432
            ],
            [
              14.662382297912012,
              61.13463983015515
            ],
            [
              14.662384013186927,
              61.134650079423864
            ],
            [
              14.662385901826024,
              61.13466032156449
            ],
            [
              14.662387963703056,
              61.134670555891475
            ],
            [
              14.662390198680185,
              61.134680781719794
            ],
            [
              14.662392606607984,
              61.134690998365016
            ],
            [
              14.662395187325453,
              61.1347012051433
            ],
            [
              14.662397940660018,
              61.13471140137146
            ],
            [
              14.662400866427562,
              61.134721586367064
            ],
            [
              14.66240396443242,
              61.134731759448414
            ],
            [
              14.662407234467398,
              61.13474191993451
            ],
            [
              14.662410676313785,
              61.134752067145364
            ],
            [
              14.66241428974137,
              61.13476220040174
            ],
            [
              14.662418074508468,
              61.13477231902539
            ],
            [
              14.662422030361903,
              61.134782422339015
            ],
            [
              14.662426157037068,
              61.134792509666426
            ],
            [
              14.662430454257905,
              61.13480258033241
            ],
            [
              14.662434921736955,
              61.13481263366288
            ],
            [
              14.662439559175352,
              61.13482266898495
            ],
            [
              14.662444366262857,
              61.13483268562689
            ],
            [
              14.662449342677872,
              61.13484268291828
            ],
            [
              14.662454488087468,
              61.134852660189964
            ],
            [
              14.662459802147396,
              61.13486261677408
            ],
            [
              14.66246528450213,
              61.13487255200424
            ],
            [
              14.662470934784867,
              61.13488246521544
            ],
            [
              14.662476752617568,
              61.13489235574408
            ],
            [
              14.66248273761098,
              61.134902222928204
            ],
            [
              14.662488889364655,
              61.13491206610733
            ],
            [
              14.662495207466984,
              61.134921884622656
            ],
            [
              14.66250169149522,
              61.13493167781692
            ],
            [
              14.66250834101552,
              61.13494144503465
            ],
            [
              14.662515155582945,
              61.13495118562209
            ],
            [
              14.662522134741524,
              61.13496089892724
            ],
            [
              14.662529278024252,
              61.13497058429995
            ],
            [
              14.662536584953145,
              61.13498024109193
            ],
            [
              14.662544055039273,
              61.13498986865681
            ],
            [
              14.66255168778277,
              61.134999466350166
            ],
            [
              14.662559482672883,
              61.13500903352955
            ],
            [
              14.662567439188011,
              61.13501856955463
            ],
            [
              14.662575556795732,
              61.13502807378707
            ],
            [
              14.662583834952834,
              61.13503754559073
            ],
            [
              14.662592273105359,
              61.1350469843316
            ],
            [
              14.662600870688639,
              61.13505638937789
            ],
            [
              14.662609627127342,
              61.13506576010009
            ],
            [
              14.662618541835482,
              61.135075095870945
            ],
            [
              14.662627614216497,
              61.13508439606556
            ],
            [
              14.662636843663256,
              61.13509366006146
            ],
            [
              14.66264622955812,
              61.135102887238496
            ],
            [
              14.662655771272973,
              61.13511207697906
            ],
            [
              14.662665468169273,
              61.13512122866806
            ],
            [
              14.662675319598078,
              61.13513034169292
            ],
            [
              14.662685324900115,
              61.1351394154436
            ],
            [
              14.662695483405797,
              61.13514844931277
            ],
            [
              14.662705794435292,
              61.13515744269576
            ],
            [
              14.662716257298543,
              61.13516639499055
            ],
            [
              14.66272687129534,
              61.135175305597926
            ],
            [
              14.662737635715349,
              61.13518417392147
            ],
            [
              14.662748549838167,
              61.13519299936754
            ],
            [
              14.66275961293337,
              61.135201781345415
            ],
            [
              14.662770824260557,
              61.13521051926725
            ],
            [
              14.66278218306941,
              61.13521921254814
            ],
            [
              14.662793688599727,
              61.13522786060622
            ],
            [
              14.66280534008149,
              61.135236462862615
            ],
            [
              14.662817136734912,
              61.13524501874151
            ],
            [
              14.662829077770478,
              61.135253527670216
            ],
            [
              14.662841162389014,
              61.13526198907916
            ],
            [
              14.66285338978173,
              61.13527040240196
            ],
            [
              14.662865759130279,
              61.13527876707547
            ],
            [
              14.662878269606807,
              61.13528708253979
            ],
            [
              14.662890920374013,
              61.13529534823828
            ],
            [
              14.662903710585208,
              61.13530356361769
            ],
            [
              14.662916639384358,
              61.13531172812811
            ],
            [
              14.662929705906157,
              61.13531984122299
            ],
            [
              14.66294290927607,
              61.13532790235933
            ],
            [
              14.662956248610417,
              61.13533591099749
            ],
            [
              14.662969723016397,
              61.1353438666014
            ],
            [
              14.662983331592175,
              61.135351768638536
            ],
            [
              14.662997073426931,
              61.135359616579976
            ],
            [
              14.66301094760092,
              61.13536740990038
            ],
            [
              14.66302495318554,
              61.13537514807811
            ],
            [
              14.663039089243389,
              61.13538283059516
            ],
            [
              14.663053354828332,
              61.13539045693731
            ],
            [
              14.663067748985556,
              61.135398026594025
            ],
            [
              14.663082270751646,
              61.135405539058674
            ],
            [
              14.663096919154645,
              61.13541299382835
            ],
            [
              14.663111693214105,
              61.13542039040407
            ],
            [
              14.663126591941179,
              61.13542772829071
            ],
            [
              14.66314161433866,
              61.1354350069971
            ],
            [
              14.663156759401069,
              61.135442226036
            ],
            [
              14.663172026114713,
              61.13544938492419
            ],
            [
              14.663187413457756,
              61.13545648318249
            ],
            [
              14.663202920400277,
              61.13546352033573
            ],
            [
              14.663218545904355,
              61.13547049591288
            ],
            [
              14.663234288924125,
              61.135477409447006
            ],
            [
              14.663250148405863,
              61.135484260475295
            ],
            [
              14.663266123288034,
              61.135491048539194
            ],
            [
              14.663282212501384,
              61.1354977731843
            ],
            [
              14.663298414969006,
              61.135504433960485
            ],
            [
              14.663314729606405,
              61.1355110304219
            ],
            [
              14.663331155321577,
              61.13551756212697
            ],
            [
              14.663347691015083,
              61.13552402863848
            ],
            [
              14.663364335580116,
              61.13553042952358
            ],
            [
              14.663381087902579,
              61.13553676435377
            ],
            [
              14.663397946861167,
              61.13554303270508
            ],
            [
              14.663414911327429,
              61.135549234157864
            ],
            [
              14.663431980165848,
              61.135555368297005
            ],
            [
              14.66344915223392,
              61.13556143471188
            ],
            [
              14.663466426382236,
              61.13556743299647
            ],
            [
              14.663483801454541,
              61.1355733627492
            ],
            [
              14.663501276287825,
              61.13557922357316
            ],
            [
              14.663518849712409,
              61.13558501507606
            ],
            [
              14.663536520551997,
              61.135590736870164
            ],
            [
              14.66355428762378,
              61.135596388572516
            ],
            [
              14.663572149738497,
              61.13560196980478
            ],
            [
              14.66359010570054,
              61.13560748019337
            ],
            [
              14.66360815430799,
              61.135612919369386
            ],
            [
              14.663626294352756,
              61.135618286968764
            ],
            [
              14.663644524620597,
              61.13562358263222
            ],
            [
              14.663662843891249,
              61.135628806005215
            ],
            [
              14.663681250938476,
              61.13563395673815
            ],
            [
              14.663699744530177,
              61.1356390344862
            ],
            [
              14.663718323428444,
              61.13564403890955
            ],
            [
              14.663736986389662,
              61.13564896967308
            ],
            [
              14.663755732164589,
              61.13565382644683
            ],
            [
              14.663774559498439,
              61.13565860890565
            ],
            [
              14.663793467130953,
              61.13566331672942
            ],
            [
              14.663812453796512,
              61.13566794960299
            ],
            [
              14.663831518224196,
              61.13567250721626
            ],
            [
              14.663850659137871,
              61.1356769892641
            ],
            [
              14.6638698752563,
              61.135681395446525
            ],
            [
              14.663889165293192,
              61.13568572546858
            ],
            [
              14.663908527957318,
              61.13568997904042
            ],
            [
              14.663927961952577,
              61.13569415587732
            ],
            [
              14.663947465978103,
              61.13569825569965
            ],
            [
              14.663967038728327,
              61.135702278233005
            ],
            [
              14.663986678893089,
              61.13570622320809
            ],
            [
              14.664006385157705,
              61.13571009036085
            ],
            [
              14.664026156203079,
              61.13571387943244
            ],
            [
              14.664045990705764,
              61.135717590169186
            ],
            [
              14.664065887338069,
              61.13572122232266
            ],
            [
              14.66408584476814,
              61.13572477564985
            ],
            [
              14.66410586166006,
              61.13572824991275
            ],
            [
              14.664125936673916,
              61.13573164487889
            ],
            [
              14.66414606846592,
              61.135734960320995
            ],
            [
              14.664166255688466,
              61.135738196017094
            ],
            [
              14.664186496990247,
              61.13574135175065
            ],
            [
              14.664206791016332,
              61.135744427310364
            ],
            [
              14.664227136408256,
              61.13574742249038
            ],
            [
              14.66424753180412,
              61.1357503370902
            ],
            [
              14.664267975838673,
              61.135753170914725
            ],
            [
              14.664288467143406,
              61.13575592377424
            ],
            [
              14.664309004346649,
              61.13575859548451
            ],
            [
              14.664329586073656,
              61.13576118586666
            ],
            [
              14.664350210946692,
              61.13576369474731
            ],
            [
              14.664370877585151,
              61.13576612195846
            ],
            [
              14.664391584605612,
              61.1357684673377
            ],
            [
              14.664412330621964,
              61.13577073072802
            ],
            [
              14.66443311424547,
              61.1357729119779
            ],
            [
              14.664453934084888,
              61.13577501094129
            ],
            [
              14.664474788746546,
              61.13577702747772
            ],
            [
              14.664495676834438,
              61.13577896145222
            ],
            [
              14.664516596950321,
              61.1357808127353
            ],
            [
              14.664537547693808,
              61.135782581203024
            ],
            [
              14.664558527662463,
              61.135784266737076
            ],
            [
              14.664579535451889,
              61.13578586922454
            ],
            [
              14.664600569655825,
              61.13578738855821
            ],
            [
              14.66462162886625,
              61.13578882463636
            ],
            [
              14.664642711673457,
              61.13579017736285
            ],
            [
              14.66466381666617,
              61.135791446647126
            ],
            [
              14.664684942431615,
              61.13579263240425
            ],
            [
              14.664706087555638,
              61.135793734554824
            ],
            [
              14.664727250622784,
              61.13579475302503
            ],
            [
              14.664748430216395,
              61.1357956877468
            ],
            [
              14.664769624918714,
              61.13579653865746
            ],
            [
              14.664790833310956,
              61.1357973057001
            ],
            [
              14.664812053973439,
              61.13579798882339
            ],
            [
              14.664833285485646,
              61.135798587981526
            ],
            [
              14.664854526426334,
              61.13579910313449
            ],
            [
              14.664875775373638,
              61.13579953424774
            ],
            [
              14.664897030905149,
              61.135799881292435
            ],
            [
              14.664918291598019,
              61.13580014424534
            ],
            [
              14.664939556029053,
              61.13580032308883
            ],
            [
              14.664960822774807,
              61.13580041781102
            ],
            [
              14.664982090411684,
              61.13580042840546
            ],
            [
              14.665003357516024,
              61.13580035487149
            ],
            [
              14.665024622664207,
              61.13580019721405
            ],
            [
              14.665045884432734,
              61.13579995544366
            ],
            [
              14.665067141398344,
              61.135799629576546
            ],
            [
              14.665088392138095,
              61.13579921963446
            ],
            [
              14.665109635229454,
              61.13579872564489
            ],
            [
              14.665130869250412,
              61.13579814764088
            ],
            [
              14.665152092779557,
              61.135797485661115
            ],
            [
              14.66517330439619,
              61.13579673974996
            ],
            [
              14.665194502680393,
              61.13579590995728
            ],
            [
              14.665215686213159,
              61.1357949963387
            ],
            [
              14.66523685357646,
              61.13579399895527
            ],
            [
              14.665258003353351,
              61.135792917873864
            ],
            [
              14.665279134128069,
              61.135791753166785
            ],
            [
              14.665300244486115,
              61.135790504911995
            ],
            [
              14.665321333014369,
              61.13578917319309
            ],
            [
              14.665342398301156,
              61.13578775809918
            ],
            [
              14.665363438936378,
              61.13578625972503
            ],
            [
              14.66538445351157,
              61.13578467817088
            ],
            [
              14.665405440620022,
              61.13578301354267
            ],
            [
              14.66542639885686,
              61.135781265951785
            ],
            [
              14.665447326819146,
              61.13577943551521
            ],
            [
              14.665468223105963,
              61.135777522355504
            ],
            [
              14.665489086318521,
              61.135775526600725
            ],
            [
              14.665509915060245,
              61.13577344838443
            ],
            [
              14.665530707936865,
              61.13577128784578
            ],
            [
              14.665551463556513,
              61.135769045129365
            ],
            [
              14.665572180529818,
              61.13576672038537
            ],
            [
              14.665592857469992,
              61.13576431376935
            ],
            [
              14.66561349299294,
              61.13576182544243
            ],
            [
              14.66563408571732,
              61.135759255571166
            ],
            [
              14.66565463426468,
              61.13575660432762
            ],
            [
              14.665675137259507,
              61.13575387188921
            ],
            [
              14.665695593329344,
              61.135751058438885
            ],
            [
              14.665716001104881,
              61.13574816416497
            ],
            [
              14.66573635922004,
              61.135745189261215
            ],
            [
              14.665756666312062,
              61.13574213392674
            ],
            [
              14.665776921021612,
              61.13573899836606
            ],
            [
              14.66579712199286,
              61.135735782789105
            ],
            [
              14.665817267873573,
              61.13573248741108
            ],
            [
              14.66583735731521,
              61.135729112452644
            ],
            [
              14.665857388973011,
              61.13572565813964
            ],
            [
              14.665877361506077,
              61.13572212470335
            ],
            [
              14.665897273577476,
              61.13571851238025
            ],
            [
              14.665917123854321,
              61.135714821412215
            ],
            [
              14.665936911007863,
              61.135711052046254
            ],
            [
              14.665956633713586,
              61.13570720453474
            ],
            [
              14.665976290651276,
              61.13570327913517
            ],
            [
              14.66599588050514,
              61.13569927611036
            ],
            [
              14.66601540196386,
              61.13569519572822
            ],
            [
              14.666034853720713,
              61.13569103826192
            ],
            [
              14.666054234473632,
              61.13568680398978
            ],
            [
              14.666073542925309,
              61.13568249319518
            ],
            [
              14.66609277778328,
              61.13567810616672
            ],
            [
              14.666111937760004,
              61.13567364319807
            ],
            [
              14.666131021572955,
              61.13566910458795
            ],
            [
              14.666150027944713,
              61.13566449064018
            ],
            [
              14.666168955603034,
              61.13565980166364
            ],
            [
              14.666187803280954,
              61.13565503797219
            ],
            [
              14.666206569716852,
              61.13565019988472
            ],
            [
              14.666225253654567,
              61.13564528772503
            ],
            [
              14.666243853843442,
              61.13564030182202
            ],
            [
              14.666262369038437,
              61.13563524250939
            ],
            [
              14.666280798000201,
              61.13563011012582
            ],
            [
              14.666299139495163,
              61.13562490501485
            ],
            [
              14.666317392295602,
              61.13561962752492
            ],
            [
              14.666335555179733,
              61.13561427800931
            ],
            [
              14.666353626931805,
              61.13560885682606
            ],
            [
              14.666371606342155,
              61.135603364338145
            ],
            [
              14.666389492207312,
              61.13559780091315
            ],
            [
              14.666407283330065,
              61.13559216692354
            ],
            [
              14.666424978519547,
              61.13558646274638
            ],
            [
              14.666442576591317,
              61.135580688763575
            ],
            [
              14.66646007636743,
              61.13557484536158
            ],
            [
              14.666477476676535,
              61.13556893293154
            ],
            [
              14.666494776353929,
              61.135562951869275
            ],
            [
              14.666511974241654,
              61.1355569025751
            ],
            [
              14.666529069188561,
              61.13555078545397
            ],
            [
              14.66654606005041,
              61.13554460091534
            ],
            [
              14.666562945689906,
              61.13553834937321
            ],
            [
              14.666579724976815,
              61.13553203124603
            ],
            [
              14.666596396788023,
              61.13552564695676
            ],
            [
              14.666612960007615,
              61.13551919693271
            ],
            [
              14.666629413526936,
              61.135512681605654
            ],
            [
              14.666645756244685,
              61.13550610141175
            ],
            [
              14.666661987066979,
              61.13549945679141
            ],
            [
              14.666678104907419,
              61.13549274818942
            ],
            [
              14.666694108687187,
              61.13548597605489
            ],
            [
              14.666709997335087,
              61.13547914084109
            ],
            [
              14.666725769787638,
              61.13547224300553
            ],
            [
              14.66674142498914,
              61.13546528301003
            ],
            [
              14.66675696189174,
              61.135458261320395
            ],
            [
              14.66677237945551,
              61.135451178406676
            ],
            [
              14.666787676648507,
              61.13544403474301
            ],
            [
              14.666802852446853,
              61.13543683080753
            ],
            [
              14.666817905834794,
              61.13542956708245
            ],
            [
              14.666832835804778,
              61.13542224405404
            ],
            [
              14.666847641357506,
              61.13541486221247
            ],
            [
              14.66686232150202,
              61.13540742205183
            ],
            [
              14.666876875255747,
              61.13539992407018
            ],
            [
              14.666891301644592,
              61.13539236876939
            ],
            [
              14.666905599702972,
              61.13538475665522
            ],
            [
              14.66691976847391,
              61.135377088237206
            ],
            [
              14.666933807009071,
              61.13536936402863
            ],
            [
              14.666947714368849,
              61.135361584546544
            ],
            [
              14.666961489622421,
              61.135353750311715
            ],
            [
              14.666975131847806,
              61.13534586184848
            ],
            [
              14.66698864013193,
              61.135337919684915
            ],
            [
              14.667002013570682,
              61.135329924352625
            ],
            [
              14.667015251268992,
              61.13532187638682
            ],
            [
              14.667028352340866,
              61.1353137763262
            ],
            [
              14.66704131590946,
              61.135305624712935
            ],
            [
              14.667054141107142,
              61.13529742209271
            ],
            [
              14.667066827075535,
              61.13528916901455
            ],
            [
              14.66707937296559,
              61.13528086603091
            ],
            [
              14.667091777937639,
              61.135272513697565
            ],
            [
              14.667104041161437,
              61.13526411257356
            ],
            [
              14.66711616181624,
              61.13525566322128
            ],
            [
              14.667128139090845,
              61.135247166206284
            ],
            [
              14.667139972183653,
              61.13523862209734
            ],
            [
              14.66715166030271,
              61.13523003146633
            ],
            [
              14.667163202665769,
              61.135221394888326
            ],
            [
              14.667174598500349,
              61.13521271294141
            ],
            [
              14.667185847043772,
              61.135203986206704
            ],
            [
              14.667196947543225,
              61.13519521526836
            ],
            [
              14.667207899255803,
              61.13518640071348
            ],
            [
              14.667218701448562,
              61.135177543132066
            ],
            [
              14.667229353398572,
              61.135168643117055
            ],
            [
              14.66723985439296,
              61.13515970126409
            ],
            [
              14.667250203728955,
              61.135150718171765
            ],
            [
              14.667260400713946,
              61.13514169444135
            ],
            [
              14.667270444665517,
              61.13513263067687
            ],
            [
              14.667280334911501,
              61.135123527485035
            ],
            [
              14.667290070790013,
              61.13511438547513
            ],
            [
              14.667299651649508,
              61.135105205259116
            ],
            [
              14.667309076848825,
              61.135095987451436
            ],
            [
              14.667318345757215,
              61.13508673266918
            ],
            [
              14.667327457754393,
              61.13507744153174
            ],
            [
              14.667336412230583,
              61.135068114661024
            ],
            [
              14.66734520858655,
              61.13505875268138
            ],
            [
              14.667353846233647,
              61.13504935621943
            ],
            [
              14.667362324593851,
              61.13503992590415
            ],
            [
              14.667370643099803,
              61.135030462366714
            ],
            [
              14.667378801194845,
              61.13502096624061
            ],
            [
              14.667386798333055,
              61.13501143816145
            ],
            [
              14.667394633979292,
              61.135001878767
            ],
            [
              14.667402307609224,
              61.13499228869711
            ],
            [
              14.667409818709357,
              61.134982668593665
            ],
            [
              14.667417166777089,
              61.13497301910068
            ],
            [
              14.66742435132073,
              61.13496334086395
            ],
            [
              14.667431371859527,
              61.134953634531314
            ],
            [
              14.667438227923714,
              61.13494390075249
            ],
            [
              14.667444919054535,
              61.13493414017896
            ],
            [
              14.667451444804279,
              61.134924353464065
            ],
            [
              14.667457804736292,
              61.134914541262894
            ],
            [
              14.667463998425038,
              61.1349047042322
            ],
            [
              14.667470025456094,
              61.134894843030445
            ],
            [
              14.667475885426203,
              61.13488495831761
            ],
            [
              14.667481577943287,
              61.13487505075543
            ],
            [
              14.667487102626481,
              61.134865121007
            ],
            [
              14.667492459106148,
              61.13485516973695
            ],
            [
              14.66749764702392,
              61.1348451976114
            ],
            [
              14.667502666032709,
              61.13483520529778
            ],
            [
              14.667507515796725,
              61.13482519346497
            ],
            [
              14.667512195991524,
              61.13481516278302
            ],
            [
              14.667516706303998,
              61.13480511392342
            ],
            [
              14.667521046432416,
              61.13479504755871
            ],
            [
              14.66752521608644,
              61.1347849643627
            ],
            [
              14.667529214987143,
              61.13477486501028
            ],
            [
              14.66753304286703,
              61.134764750177446
            ],
            [
              14.667536699470046,
              61.13475462054122
            ],
            [
              14.667540184551608,
              61.134744476779616
            ],
            [
              14.667543497878619,
              61.13473431957158
            ],
            [
              14.667546639229462,
              61.134724149596984
            ],
            [
              14.667549608394047,
              61.13471396753654
            ],
            [
              14.667552405173806,
              61.134703774071745
            ],
            [
              14.667555029381704,
              61.13469356988492
            ],
            [
              14.667557480842264,
              61.13468335565902
            ],
            [
              14.667559759391569,
              61.134673132077715
            ],
            [
              14.667561864877278,
              61.13466289982533
            ],
            [
              14.66756379715863,
              61.13465265958675
            ],
            [
              14.667565556106458,
              61.134642412047334
            ],
            [
              14.667567141603207,
              61.13463215789304
            ],
            [
              14.66756855354292,
              61.13462189781012
            ],
            [
              14.667569791831255,
              61.134611632485424
            ],
            [
              14.66757085638551,
              61.13460136260592
            ],
            [
              14.667571747134591,
              61.134591088859096
            ],
            [
              14.667572464019054,
              61.134580811932516
            ],
            [
              14.667573006991084,
              61.13457053251412
            ],
            [
              14.667573376014506,
              61.13456025129188
            ],
            [
              14.66757357106479,
              61.13454996895395
            ],
            [
              14.667573592129052,
              61.13453968618854
            ]
          ],
          [
            [
              14.666459415118545,
              61.13455310301164
            ],
            [
              14.666459204041221,
              61.13455897799392
            ],
            [
              14.66645889356484,
              61.134564851944596
            ],
            [
              14.666458483710135,
              61.13457072447054
            ],
            [
              14.666457974504477,
              61.1345765951787
            ],
            [
              14.666457365981893,
              61.13458246367614
            ],
            [
              14.666456658183064,
              61.13458832957003
            ],
            [
              14.666455851155305,
              61.13459419246778
            ],
            [
              14.666454944952575,
              61.13460005197699
            ],
            [
              14.66645393963548,
              61.134605907705414
            ],
            [
              14.666452835271247,
              61.134611759261176
            ],
            [
              14.66645163193374,
              61.134617606252576
            ],
            [
              14.666450329703451,
              61.134623448288266
            ],
            [
              14.666448928667482,
              61.13462928497722
            ],
            [
              14.666447428919557,
              61.13463511592878
            ],
            [
              14.66644583056,
              61.134640940752675
            ],
            [
              14.666444133695743,
              61.13464675905902
            ],
            [
              14.666442338440307,
              61.13465257045837
            ],
            [
              14.666440444913798,
              61.13465837456176
            ],
            [
              14.666438453242899,
              61.13466417098073
            ],
            [
              14.666436363560871,
              61.134669959327276
            ],
            [
              14.666434176007522,
              61.13467573921396
            ],
            [
              14.666431890729221,
              61.13468151025394
            ],
            [
              14.666429507878878,
              61.13468727206096
            ],
            [
              14.666427027615924,
              61.13469302424932
            ],
            [
              14.666424450106321,
              61.13469876643404
            ],
            [
              14.666421775522542,
              61.13470449823076
            ],
            [
              14.666419004043545,
              61.13471021925584
            ],
            [
              14.666416135854787,
              61.134715929126365
            ],
            [
              14.666413171148188,
              61.13472162746014
            ],
            [
              14.666410110122138,
              61.13472731387575
            ],
            [
              14.666406952981466,
              61.13473298799259
            ],
            [
              14.666403699937444,
              61.13473864943089
            ],
            [
              14.666400351207752,
              61.13474429781169
            ],
            [
              14.666396907016484,
              61.13474993275695
            ],
            [
              14.666393367594122,
              61.13475555388945
            ],
            [
              14.666389733177516,
              61.134761160833
            ],
            [
              14.666386004009881,
              61.1347667532123
            ],
            [
              14.666382180340777,
              61.134772330653014
            ],
            [
              14.666378262426086,
              61.13477789278183
            ],
            [
              14.666374250527992,
              61.13478343922647
            ],
            [
              14.666370144914987,
              61.134788969615656
            ],
            [
              14.666365945861822,
              61.134794483579284
            ],
            [
              14.666361653649501,
              61.134799980748205
            ],
            [
              14.666357268565275,
              61.13480546075451
            ],
            [
              14.666352790902604,
              61.13481092323141
            ],
            [
              14.666348220961149,
              61.13481636781326
            ],
            [
              14.666343559046748,
              61.13482179413565
            ],
            [
              14.666338805471387,
              61.134827201835385
            ],
            [
              14.666333960553205,
              61.134832590550445
            ],
            [
              14.666329024616436,
              61.13483795992021
            ],
            [
              14.66632399799142,
              61.13484330958527
            ],
            [
              14.666318881014561,
              61.134848639187524
            ],
            [
              14.666313674028318,
              61.13485394837027
            ],
            [
              14.666308377381169,
              61.13485923677811
            ],
            [
              14.666302991427594,
              61.13486450405713
            ],
            [
              14.666297516528056,
              61.134869749854715
            ],
            [
              14.666291953048965,
              61.13487497381975
            ],
            [
              14.66628630136267,
              61.134880175602554
            ],
            [
              14.666280561847413,
              61.134885354855
            ],
            [
              14.666274734887327,
              61.1348905112304
            ],
            [
              14.666268820872391,
              61.134895644383604
            ],
            [
              14.66626282019841,
              61.134900753971024
            ],
            [
              14.666256733266998,
              61.13490583965063
            ],
            [
              14.666250560485542,
              61.134910901082094
            ],
            [
              14.666244302267165,
              61.134915937926564
            ],
            [
              14.666237959030726,
              61.13492094984691
            ],
            [
              14.666231531200758,
              61.13492593650769
            ],
            [
              14.666225019207472,
              61.13493089757509
            ],
            [
              14.6662184234867,
              61.13493583271706
            ],
            [
              14.666211744479892,
              61.13494074160327
            ],
            [
              14.666204982634062,
              61.13494562390515
            ],
            [
              14.666198138401775,
              61.13495047929588
            ],
            [
              14.666191212241108,
              61.1349553074505
            ],
            [
              14.66618420461563,
              61.1349601080458
            ],
            [
              14.666177115994353,
              61.1349648807605
            ],
            [
              14.666169946851719,
              61.13496962527508
            ],
            [
              14.666162697667556,
              61.13497434127203
            ],
            [
              14.66615536892705,
              61.13497902843563
            ],
            [
              14.66614796112072,
              61.13498368645218
            ],
            [
              14.666140474744367,
              61.134988315009885
            ],
            [
              14.66613291029906,
              61.13499291379897
            ],
            [
              14.66612526829109,
              61.134997482511544
            ],
            [
              14.666117549231942,
              61.13500202084185
            ],
            [
              14.666109753638258,
              61.13500652848605
            ],
            [
              14.666101882031805,
              61.13501100514253
            ],
            [
              14.666093934939443,
              61.13501545051156
            ],
            [
              14.666085912893069,
              61.135019864295636
            ],
            [
              14.666077816429615,
              61.1350242461993
            ],
            [
              14.666069646090993,
              61.13502859592924
            ],
            [
              14.666061402424049,
              61.13503291319432
            ],
            [
              14.666053085980547,
              61.13503719770558
            ],
            [
              14.66604469731712,
              61.1350414491762
            ],
            [
              14.666036236995245,
              61.135045667321606
            ],
            [
              14.666027705581177,
              61.13504985185948
            ],
            [
              14.666019103645947,
              61.135054002509726
            ],
            [
              14.666010431765304,
              61.1350581189945
            ],
            [
              14.666001690519673,
              61.13506220103826
            ],
            [
              14.665992880494123,
              61.13506624836781
            ],
            [
              14.665984002278337,
              61.13507026071222
            ],
            [
              14.665975056466557,
              61.1350742378029
            ],
            [
              14.665966043657548,
              61.135078179373686
            ],
            [
              14.665956964454562,
              61.1350820851607
            ],
            [
              14.665947819465297,
              61.13508595490254
            ],
            [
              14.665938609301854,
              61.13508978834018
            ],
            [
              14.6659293345807,
              61.135093585216985
            ],
            [
              14.665919995922614,
              61.13509734527886
            ],
            [
              14.665910593952672,
              61.135101068274096
            ],
            [
              14.665901129300176,
              61.135104753953506
            ],
            [
              14.665891602598624,
              61.135108402070365
            ],
            [
              14.665882014485677,
              61.13511201238051
            ],
            [
              14.665872365603098,
              61.13511558464227
            ],
            [
              14.665862656596723,
              61.13511911861654
            ],
            [
              14.665852888116412,
              61.13512261406674
            ],
            [
              14.66584306081601,
              61.13512607075895
            ],
            [
              14.665833175353292,
              61.135129488461764
            ],
            [
              14.665823232389933,
              61.1351328669464
            ],
            [
              14.665813232591457,
              61.13513620598675
            ],
            [
              14.665803176627188,
              61.13513950535929
            ],
            [
              14.665793065170224,
              61.13514276484318
            ],
            [
              14.665782898897357,
              61.13514598422023
            ],
            [
              14.665772678489063,
              61.13514916327499
            ],
            [
              14.665762404629444,
              61.135152301794605
            ],
            [
              14.665752078006166,
              61.13515539956906
            ],
            [
              14.665741699310448,
              61.13515845639093
            ],
            [
              14.665731269236975,
              61.135161472055664
            ],
            [
              14.665720788483885,
              61.13516444636141
            ],
            [
              14.665710257752707,
              61.13516737910903
            ],
            [
              14.665699677748309,
              61.13517027010223
            ],
            [
              14.665689049178864,
              61.13517311914753
            ],
            [
              14.665678372755796,
              61.13517592605421
            ],
            [
              14.665667649193725,
              61.13517869063435
            ],
            [
              14.66565687921044,
              61.13518141270298
            ],
            [
              14.665646063526832,
              61.1351840920778
            ],
            [
              14.665635202866845,
              61.13518672857955
            ],
            [
              14.665624297957441,
              61.13518932203167
            ],
            [
              14.665613349528545,
              61.13519187226065
            ],
            [
              14.665602358312995,
              61.135194379095715
            ],
            [
              14.665591325046487,
              61.135196842369105
            ],
            [
              14.665580250467544,
              61.13519926191593
            ],
            [
              14.665569135317439,
              61.135201637574255
            ],
            [
              14.66555798034018,
              61.135203969185014
            ],
            [
              14.665546786282425,
              61.135206256592156
            ],
            [
              14.665535553893461,
              61.135208499642594
            ],
            [
              14.665524283925132,
              61.13521069818617
            ],
            [
              14.665512977131803,
              61.135212852075725
            ],
            [
              14.665501634270296,
              61.13521496116708
            ],
            [
              14.665490256099867,
              61.135217025319044
            ],
            [
              14.665478843382111,
              61.13521904439347
            ],
            [
              14.665467396880958,
              61.13522101825525
            ],
            [
              14.66545591736258,
              61.135222946772174
            ],
            [
              14.66544440559538,
              61.13522482981521
            ],
            [
              14.665432862349904,
              61.135226667258316
            ],
            [
              14.66542128839881,
              61.13522845897847
            ],
            [
              14.665409684516819,
              61.135230204855745
            ],
            [
              14.66539805148064,
              61.13523190477329
            ],
            [
              14.665386390068951,
              61.13523355861735
            ],
            [
              14.66537470106232,
              61.135235166277184
            ],
            [
              14.665362985243164,
              61.13523672764516
            ],
            [
              14.665351243395696,
              61.13523824261681
            ],
            [
              14.665339476305874,
              61.13523971109071
            ],
            [
              14.665327684761339,
              61.135241132968545
            ],
            [
              14.665315869551376,
              61.13524250815519
            ],
            [
              14.66530403146685,
              61.13524383655857
            ],
            [
              14.665292171300166,
              61.135245118089735
            ],
            [
              14.665280289845192,
              61.13524635266291
            ],
            [
              14.665268387897235,
              61.13524754019553
            ],
            [
              14.665256466252966,
              61.13524868060801
            ],
            [
              14.66524452571038,
              61.13524977382407
            ],
            [
              14.665232567068736,
              61.135250819770526
            ],
            [
              14.6652205911285,
              61.13525181837734
            ],
            [
              14.665208598691306,
              61.135252769577704
            ],
            [
              14.665196590559882,
              61.13525367330795
            ],
            [
              14.66518456753801,
              61.135254529507534
            ],
            [
              14.665172530430468,
              61.1352553381192
            ],
            [
              14.665160480042985,
              61.1352560990888
            ],
            [
              14.665148417182172,
              61.135256812365405
            ],
            [
              14.665136342655476,
              61.135257477901256
            ],
            [
              14.665124257271119,
              61.135258095651814
            ],
            [
              14.665112161838064,
              61.135258665575726
            ],
            [
              14.665100057165937,
              61.13525918763484
            ],
            [
              14.665087944064982,
              61.1352596617942
            ],
            [
              14.665075823346012,
              61.135260088022115
            ],
            [
              14.665063695820347,
              61.13526046629
            ],
            [
              14.665051562299764,
              61.13526079657258
            ],
            [
              14.66503942359644,
              61.13526107884772
            ],
            [
              14.6650272805229,
              61.13526131309653
            ],
            [
              14.665015133891963,
              61.135261499303326
            ],
            [
              14.665002984516681,
              61.13526163745564
            ],
            [
              14.664990833210297,
              61.13526172754424
            ],
            [
              14.664978680786177,
              61.13526176956308
            ],
            [
              14.664966528057768,
              61.13526176350937
            ],
            [
              14.66495437583853,
              61.13526170938349
            ],
            [
              14.664942224941893,
              61.1352616071891
            ],
            [
              14.664930076181204,
              61.135261456932994
            ],
            [
              14.664917930369654,
              61.135261258625256
            ],
            [
              14.664905788320246,
              61.13526101227916
            ],
            [
              14.664893650845729,
              61.13526071791117
            ],
            [
              14.664881518758545,
              61.13526037554103
            ],
            [
              14.664869392870779,
              61.13525998519164
            ],
            [
              14.664857273994095,
              61.135259546889095
            ],
            [
              14.66484516293969,
              61.135259060662804
            ],
            [
              14.664833060518239,
              61.13525852654526
            ],
            [
              14.664820967539837,
              61.135257944572245
            ],
            [
              14.66480888481395,
              61.13525731478266
            ],
            [
              14.664796813149351,
              61.135256637218745
            ],
            [
              14.66478475335408,
              61.13525591192578
            ],
            [
              14.664772706235379,
              61.13525513895236
            ],
            [
              14.664760672599636,
              61.13525431835019
            ],
            [
              14.664748653252348,
              61.13525345017424
            ],
            [
              14.664736648998044,
              61.135252534482575
            ],
            [
              14.664724660640251,
              61.13525157133654
            ],
            [
              14.664712688981428,
              61.135250560800564
            ],
            [
              14.664700734822912,
              61.1352495029423
            ],
            [
              14.664688798964878,
              61.13524839783256
            ],
            [
              14.664676882206267,
              61.13524724554532
            ],
            [
              14.664664985344745,
              61.135246046157704
            ],
            [
              14.664653109176644,
              61.13524479974999
            ],
            [
              14.664641254496917,
              61.13524350640562
            ],
            [
              14.664629422099067,
              61.135242166211185
            ],
            [
              14.664617612775118,
              61.13524077925635
            ],
            [
              14.664605827315539,
              61.13523934563396
            ],
            [
              14.664594066509204,
              61.13523786544002
            ],
            [
              14.664582331143338,
              61.135236338773545
            ],
            [
              14.664570622003467,
              61.13523476573678
            ],
            [
              14.66455893987335,
              61.135233146435006
            ],
            [
              14.66454728553495,
              61.13523148097661
            ],
            [
              14.664535659768358,
              61.135229769473035
            ],
            [
              14.66452406335176,
              61.13522801203887
            ],
            [
              14.664512497061377,
              61.135226208791806
            ],
            [
              14.664500961671408,
              61.13522435985246
            ],
            [
              14.664489457953987,
              61.13522246534464
            ],
            [
              14.66447798667913,
              61.13522052539516
            ],
            [
              14.66446654861467,
              61.13521854013384
            ],
            [
              14.66445514452623,
              61.135216509693585
            ],
            [
              14.66444377517715,
              61.13521443421031
            ],
            [
              14.664432441328447,
              61.13521231382296
            ],
            [
              14.664421143738759,
              61.13521014867346
            ],
            [
              14.664409883164303,
              61.13520793890668
            ],
            [
              14.664398660358813,
              61.13520568467059
            ],
            [
              14.664387476073488,
              61.13520338611607
            ],
            [
              14.664376331056964,
              61.13520104339696
            ],
            [
              14.664365226055233,
              61.13519865667011
            ],
            [
              14.664354161811614,
              61.13519622609521
            ],
            [
              14.664343139066698,
              61.135193751835054
            ],
            [
              14.664332158558299,
              61.135191234055156
            ],
            [
              14.664321221021398,
              61.13518867292413
            ],
            [
              14.664310327188105,
              61.13518606861336
            ],
            [
              14.6642994777876,
              61.1351834212972
            ],
            [
              14.664288673546091,
              61.13518073115281
            ],
            [
              14.664277915186755,
              61.13517799836029
            ],
            [
              14.664267203429715,
              61.135175223102536
            ],
            [
              14.664256538991953,
              61.13517240556537
            ],
            [
              14.664245922587297,
              61.13516954593733
            ],
            [
              14.664235354926355,
              61.13516664440984
            ],
            [
              14.66422483671647,
              61.13516370117712
            ],
            [
              14.664214368661678,
              61.1351607164362
            ],
            [
              14.664203951462655,
              61.13515769038683
            ],
            [
              14.664193585816673,
              61.1351546232316
            ],
            [
              14.664183272417548,
              61.1351515151758
            ],
            [
              14.66417301195561,
              61.135148366427444
            ],
            [
              14.66416280511763,
              61.135145177197344
            ],
            [
              14.6641526525868,
              61.135141947698926
            ],
            [
              14.664142555042673,
              61.13513867814838
            ],
            [
              14.664132513161121,
              61.13513536876458
            ],
            [
              14.664122527614285,
              61.135132019769
            ],
            [
              14.664112599070547,
              61.135128631385825
            ],
            [
              14.664102728194457,
              61.13512520384187
            ],
            [
              14.66409291564671,
              61.135121737366575
            ],
            [
              14.664083162084108,
              61.13511823219193
            ],
            [
              14.664073468159481,
              61.13511468855258
            ],
            [
              14.66406383452169,
              61.13511110668572
            ],
            [
              14.664054261815542,
              61.135107486831096
            ],
            [
              14.664044750681779,
              61.135103829231035
            ],
            [
              14.66403530175701,
              61.13510013413034
            ],
            [
              14.664025915673681,
              61.1350964017763
            ],
            [
              14.664016593060039,
              61.13509263241883
            ],
            [
              14.664007334540075,
              61.13508882631019
            ],
            [
              14.663998140733487,
              61.135084983705134
            ],
            [
              14.663989012255652,
              61.13508110486088
            ],
            [
              14.663979949717556,
              61.13507719003706
            ],
            [
              14.663970953725789,
              61.13507323949571
            ],
            [
              14.663962024882471,
              61.135069253501285
            ],
            [
              14.663953163785235,
              61.135065232320564
            ],
            [
              14.663944371027178,
              61.13506117622269
            ],
            [
              14.663935647196821,
              61.135057085479225
            ],
            [
              14.663926992878071,
              61.135052960363936
            ],
            [
              14.663918408650181,
              61.135048801152934
            ],
            [
              14.66390989508771,
              61.13504460812462
            ],
            [
              14.663901452760486,
              61.135040381559705
            ],
            [
              14.663893082233574,
              61.13503612174104
            ],
            [
              14.663884784067228,
              61.13503182895378
            ],
            [
              14.663876558816858,
              61.13502750348523
            ],
            [
              14.663868407032997,
              61.135023145624956
            ],
            [
              14.663860329261245,
              61.13501875566465
            ],
            [
              14.66385232604227,
              61.13501433389816
            ],
            [
              14.663844397911731,
              61.135009880621396
            ],
            [
              14.663836545400267,
              61.135005396132534
            ],
            [
              14.663828769033458,
              61.135000880731674
            ],
            [
              14.663821069331782,
              61.1349963347211
            ],
            [
              14.663813446810579,
              61.13499175840505
            ],
            [
              14.663805901980037,
              61.13498715208988
            ],
            [
              14.663798435345132,
              61.13498251608388
            ],
            [
              14.663791047405608,
              61.13497785069739
            ],
            [
              14.663783738655942,
              61.13497315624266
            ],
            [
              14.663776509585311,
              61.13496843303396
            ],
            [
              14.66376936067755,
              61.1349636813874
            ],
            [
              14.663762292411139,
              61.13495890162103
            ],
            [
              14.663755305259157,
              61.13495409405478
            ],
            [
              14.663748399689242,
              61.13494925901047
            ],
            [
              14.663741576163584,
              61.134944396811726
            ],
            [
              14.663734835138875,
              61.13493950778397
            ],
            [
              14.663728177066288,
              61.13493459225445
            ],
            [
              14.663721602391433,
              61.13492965055223
            ],
            [
              14.663715111554355,
              61.134924683008045
            ],
            [
              14.66370870498946,
              61.134919689954394
            ],
            [
              14.663702383125544,
              61.1349146717255
            ],
            [
              14.663696146385714,
              61.13490962865727
            ],
            [
              14.663689995187374,
              61.13490456108721
            ],
            [
              14.663683929942218,
              61.13489946935453
            ],
            [
              14.663677951056174,
              61.134894353800085
            ],
            [
              14.663672058929395,
              61.13488921476625
            ],
            [
              14.663666253956226,
              61.134884052597
            ],
            [
              14.663660536525175,
              61.13487886763785
            ],
            [
              14.66365490701889,
              61.13487366023587
            ],
            [
              14.663649365814132,
              61.134868430739644
            ],
            [
              14.663643913281755,
              61.13486317949915
            ],
            [
              14.66363854978668,
              61.13485790686589
            ],
            [
              14.663633275687861,
              61.13485261319278
            ],
            [
              14.663628091338271,
              61.13484729883419
            ],
            [
              14.66362299708487,
              61.1348419641458
            ],
            [
              14.663617993268595,
              61.13483660948466
            ],
            [
              14.663613080224323,
              61.1348312352092
            ],
            [
              14.663608258280863,
              61.13482584167917
            ],
            [
              14.663603527760916,
              61.13482042925553
            ],
            [
              14.663598888981065,
              61.134814998300584
            ],
            [
              14.663594342251757,
              61.134809549177824
            ],
            [
              14.663589887877277,
              61.134804082252025
            ],
            [
              14.663585526155723,
              61.134798597889066
            ],
            [
              14.66358125737899,
              61.13479309645604
            ],
            [
              14.66357708183276,
              61.13478757832124
            ],
            [
              14.663572999796468,
              61.13478204385391
            ],
            [
              14.663569011543286,
              61.13477649342458
            ],
            [
              14.663565117340118,
              61.1347709274047
            ],
            [
              14.663561317447563,
              61.13476534616688
            ],
            [
              14.663557612119918,
              61.13475975008467
            ],
            [
              14.663554001605135,
              61.134754139532625
            ],
            [
              14.663550486144837,
              61.13474851488628
            ],
            [
              14.663547065974267,
              61.13474287652212
            ],
            [
              14.663543741322304,
              61.13473722481753
            ],
            [
              14.663540512411423,
              61.1347315601508
            ],
            [
              14.663537379457697,
              61.1347258829011
            ],
            [
              14.663534342670768,
              61.13472019344839
            ],
            [
              14.663531402253852,
              61.13471449217352
            ],
            [
              14.663528558403709,
              61.13470877945813
            ],
            [
              14.663525811310631,
              61.13470305568449
            ],
            [
              14.66352316115844,
              61.134697321235805
            ],
            [
              14.663520608124461,
              61.134691576495825
            ],
            [
              14.663518152379527,
              61.134685821849125
            ],
            [
              14.663515794087958,
              61.13468005768087
            ],
            [
              14.663513533407546,
              61.134674284376814
            ],
            [
              14.663511370489552,
              61.13466850232346
            ],
            [
              14.663509305478689,
              61.13466271190778
            ],
            [
              14.663507338513128,
              61.134656913517325
            ],
            [
              14.663505469724463,
              61.13465110754025
            ],
            [
              14.663503699237728,
              61.13464529436514
            ],
            [
              14.663502027171367,
              61.134639474381075
            ],
            [
              14.663500453637248,
              61.13463364797759
            ],
            [
              14.663498978740632,
              61.134627815544704
            ],
            [
              14.66349760258019,
              61.134621977472776
            ],
            [
              14.66349632524797,
              61.13461613415256
            ],
            [
              14.663495146829414,
              61.13461028597517
            ],
            [
              14.663494067403345,
              61.134604433332036
            ],
            [
              14.663493087041957,
              61.1345985766149
            ],
            [
              14.663492205810806,
              61.134592716215764
            ],
            [
              14.66349142376883,
              61.13458685252686
            ],
            [
              14.663490740968308,
              61.13458098594069
            ],
            [
              14.663490157454895,
              61.134575116849916
            ],
            [
              14.663489673267588,
              61.134569245647334
            ],
            [
              14.663489288438736,
              61.13456337272595
            ],
            [
              14.663489002994046,
              61.13455749847885
            ],
            [
              14.663488816952567,
              61.134551623299195
            ],
            [
              14.663488730326693,
              61.134545747580226
            ],
            [
              14.66348874312217,
              61.134539871715226
            ],
            [
              14.663488855338084,
              61.13453399609749
            ],
            [
              14.663489066966871,
              61.134528121120276
            ],
            [
              14.663489377994308,
              61.13452224717681
            ],
            [
              14.663489788399525,
              61.134516374660215
            ],
            [
              14.663490298154995,
              61.13451050396358
            ],
            [
              14.663490907226544,
              61.13450463547988
            ],
            [
              14.663491615573355,
              61.13449876960182
            ],
            [
              14.663492423147952,
              61.13449290672209
            ],
            [
              14.663493329896237,
              61.13448704723304
            ],
            [
              14.663494335757463,
              61.134481191526916
            ],
            [
              14.663495440664242,
              61.13447533999562
            ],
            [
              14.663496644542578,
              61.134469493030785
            ],
            [
              14.66349794731183,
              61.13446365102382
            ],
            [
              14.663499348884754,
              61.13445781436566
            ],
            [
              14.663500849167479,
              61.13445198344704
            ],
            [
              14.663502448059534,
              61.1344461586582
            ],
            [
              14.663504145453853,
              61.13444034038897
            ],
            [
              14.663505941236771,
              61.13443452902882
            ],
            [
              14.66350783528804,
              61.13442872496671
            ],
            [
              14.663509827480834,
              61.134422928591064
            ],
            [
              14.663511917681753,
              61.134417140289905
            ],
            [
              14.663514105750851,
              61.134411360450635
            ],
            [
              14.663516391541622,
              61.13440558946007
            ],
            [
              14.66351877490102,
              61.13439982770453
            ],
            [
              14.663521255669473,
              61.13439407556961
            ],
            [
              14.663523833680884,
              61.13438833344032
            ],
            [
              14.663526508762653,
              61.134382601700985
            ],
            [
              14.663529280735677,
              61.13437688073524
            ],
            [
              14.663532149414378,
              61.13437117092601
            ],
            [
              14.663535114606699,
              61.13436547265546
            ],
            [
              14.663538176114118,
              61.13435978630495
            ],
            [
              14.663541333731683,
              61.134354112255075
            ],
            [
              14.663544587247992,
              61.13434845088562
            ],
            [
              14.663547936445237,
              61.13434280257552
            ],
            [
              14.663551381099202,
              61.134337167702824
            ],
            [
              14.66355492097928,
              61.13433154664463
            ],
            [
              14.663558555848496,
              61.13432593977721
            ],
            [
              14.663562285463511,
              61.134320347475814
            ],
            [
              14.663566109574653,
              61.13431477011476
            ],
            [
              14.663570027925921,
              61.134309208067315
            ],
            [
              14.663574040255003,
              61.134303661705744
            ],
            [
              14.663578146293306,
              61.13429813140132
            ],
            [
              14.663582345765963,
              61.13429261752413
            ],
            [
              14.663586638391847,
              61.13428712044329
            ],
            [
              14.663591023883605,
              61.13428164052666
            ],
            [
              14.663595501947665,
              61.13427617814102
            ],
            [
              14.66360007228426,
              61.13427073365202
            ],
            [
              14.663604734587448,
              61.13426530742399
            ],
            [
              14.663609488545132,
              61.13425989982017
            ],
            [
              14.66361433383908,
              61.134254511202464
            ],
            [
              14.663619270144949,
              61.13424914193155
            ],
            [
              14.663624297132303,
              61.13424379236679
            ],
            [
              14.66362941446464,
              61.1342384628662
            ],
            [
              14.663634621799414,
              61.13423315378657
            ],
            [
              14.663639918788046,
              61.13422786548311
            ],
            [
              14.663645305075963,
              61.13422259830987
            ],
            [
              14.663650780302616,
              61.134217352619366
            ],
            [
              14.66365634410151,
              61.13421212876267
            ],
            [
              14.663661996100204,
              61.13420692708941
            ],
            [
              14.663667735920377,
              61.13420174794776
            ],
            [
              14.663673563177813,
              61.13419659168433
            ],
            [
              14.663679477482454,
              61.13419145864425
            ],
            [
              14.663685478438412,
              61.13418634917108
            ],
            [
              14.663691565644005,
              61.13418126360677
            ],
            [
              14.663697738691772,
              61.13417620229173
            ],
            [
              14.663703997168511,
              61.13417116556468
            ],
            [
              14.663710340655305,
              61.13416615376274
            ],
            [
              14.663716768727545,
              61.13416116722137
            ],
            [
              14.663723280954962,
              61.134156206274284
            ],
            [
              14.663729876901654,
              61.13415127125353
            ],
            [
              14.663736556126118,
              61.13414636248942
            ],
            [
              14.663743318181277,
              61.1341414803105
            ],
            [
              14.66375016261451,
              61.13413662504349
            ],
            [
              14.663757088967683,
              61.13413179701339
            ],
            [
              14.663764096777186,
              61.13412699654333
            ],
            [
              14.663771185573948,
              61.1341222239546
            ],
            [
              14.663778354883487,
              61.13411747956664
            ],
            [
              14.663785604225925,
              61.13411276369694
            ],
            [
              14.663792933116031,
              61.1341080766612
            ],
            [
              14.663800341063258,
              61.13410341877308
            ],
            [
              14.663807827571754,
              61.13409879034435
            ],
            [
              14.663815392140421,
              61.134094191684746
            ],
            [
              14.663823034262936,
              61.134089623102085
            ],
            [
              14.663830753427781,
              61.13408508490215
            ],
            [
              14.663838549118283,
              61.1340805773887
            ],
            [
              14.663846420812655,
              61.13407610086334
            ],
            [
              14.663854367984014,
              61.134071655625746
            ],
            [
              14.663862390100434,
              61.13406724197341
            ],
            [
              14.663870486624969,
              61.134062860201745
            ],
            [
              14.663878657015696,
              61.134058510604
            ],
            [
              14.663886900725743,
              61.1340541934713
            ],
            [
              14.663895217203343,
              61.13404990909261
            ],
            [
              14.663903605891848,
              61.134045657754655
            ],
            [
              14.663912066229786,
              61.13404143974195
            ],
            [
              14.663920597650884,
              61.134037255336864
            ],
            [
              14.663929199584118,
              61.134033104819395
            ],
            [
              14.663937871453735,
              61.13402898846738
            ],
            [
              14.663946612679318,
              61.134024906556284
            ],
            [
              14.663955422675794,
              61.1340208593593
            ],
            [
              14.663964300853497,
              61.13401684714734
            ],
            [
              14.663973246618191,
              61.13401287018895
            ],
            [
              14.663982259371126,
              61.134008928750234
            ],
            [
              14.663991338509062,
              61.13400502309505
            ],
            [
              14.664000483424319,
              61.134001153484775
            ],
            [
              14.66400969350482,
              61.13399732017838
            ],
            [
              14.664018968134114,
              61.133993523432444
            ],
            [
              14.664028306691447,
              61.133989763501084
            ],
            [
              14.664037708551774,
              61.13398604063594
            ],
            [
              14.664047173085825,
              61.13398235508618
            ],
            [
              14.664056699660126,
              61.13397870709846
            ],
            [
              14.664066287637054,
              61.133975096916956
            ],
            [
              14.664075936374882,
              61.13397152478327
            ],
            [
              14.66408564522781,
              61.133967990936476
            ],
            [
              14.664095413546029,
              61.13396449561314
            ],
            [
              14.664105240675724,
              61.133961039047136
            ],
            [
              14.664115125959176,
              61.13395762146986
            ],
            [
              14.66412506873475,
              61.13395424310996
            ],
            [
              14.664135068336977,
              61.133950904193654
            ],
            [
              14.664145124096583,
              61.13394760494436
            ],
            [
              14.664155235340534,
              61.133944345582876
            ],
            [
              14.664165401392083,
              61.13394112632736
            ],
            [
              14.664175621570816,
              61.13393794739327
            ],
            [
              14.664185895192697,
              61.133934808993395
            ],
            [
              14.664196221570116,
              61.133931711337716
            ],
            [
              14.66420660001193,
              61.13392865463362
            ],
            [
              14.664217029823513,
              61.13392563908566
            ],
            [
              14.664227510306803,
              61.133922664895685
            ],
            [
              14.66423804076034,
              61.13391973226269
            ],
            [
              14.664248620479334,
              61.13391684138301
            ],
            [
              14.664259248755682,
              61.13391399245011
            ],
            [
              14.664269924878049,
              61.13391118565465
            ],
            [
              14.664280648131879,
              61.133908421184515
            ],
            [
              14.66429141779948,
              61.13390569922471
            ],
            [
              14.664302233160043,
              61.13390301995737
            ],
            [
              14.664313093489705,
              61.13390038356188
            ],
            [
              14.664323998061597,
              61.13389779021467
            ],
            [
              14.664334946145884,
              61.133895240089295
            ],
            [
              14.664345937009818,
              61.133892733356404
            ],
            [
              14.664356969917797,
              61.13389027018382
            ],
            [
              14.6643680441314,
              61.13388785073636
            ],
            [
              14.664379158909444,
              61.13388547517599
            ],
            [
              14.664390313508026,
              61.13388314366165
            ],
            [
              14.664401507180584,
              61.133880856349435
            ],
            [
              14.66441273917794,
              61.133878613392405
            ],
            [
              14.664424008748352,
              61.13387641494068
            ],
            [
              14.66443531513756,
              61.13387426114139
            ],
            [
              14.66444665758885,
              61.1338721521387
            ],
            [
              14.664458035343085,
              61.133870088073756
            ],
            [
              14.66446944763877,
              61.13386806908468
            ],
            [
              14.664480893712094,
              61.13386609530664
            ],
            [
              14.664492372796992,
              61.133864166871696
            ],
            [
              14.664503884125187,
              61.13386228390894
            ],
            [
              14.664515426926247,
              61.13386044654439
            ],
            [
              14.66452700042763,
              61.13385865490102
            ],
            [
              14.664538603854743,
              61.13385690909872
            ],
            [
              14.664550236430987,
              61.13385520925437
            ],
            [
              14.664561897377816,
              61.13385355548169
            ],
            [
              14.664573585914784,
              61.1338519478914
            ],
            [
              14.6645853012596,
              61.133850386591064
            ],
            [
              14.664597042628177,
              61.13384887168523
            ],
            [
              14.664608809234688,
              61.13384740327521
            ],
            [
              14.664620600291618,
              61.13384598145936
            ],
            [
              14.664632415009814,
              61.13384460633279
            ],
            [
              14.664644252598542,
              61.13384327798752
            ],
            [
              14.664656112265535,
              61.1338419965125
            ],
            [
              14.66466799321705,
              61.13384076199347
            ],
            [
              14.664679894657919,
              61.13383957451305
            ],
            [
              14.664691815791606,
              61.133838434150725
            ],
            [
              14.664703755820252,
              61.133837340982836
            ],
            [
              14.664715713944743,
              61.1338362950825
            ],
            [
              14.664727689364737,
              61.13383529651977
            ],
            [
              14.664739681278755,
              61.133834345361414
            ],
            [
              14.664751688884202,
              61.13383344167115
            ],
            [
              14.664763711377436,
              61.133832585509445
            ],
            [
              14.664775747953813,
              61.133831776933555
            ],
            [
              14.664787797807762,
              61.13383101599768
            ],
            [
              14.664799860132804,
              61.13383030275268
            ],
            [
              14.664811934121643,
              61.13382963724631
            ],
            [
              14.66482401896619,
              61.1338290195231
            ],
            [
              14.664836113857637,
              61.1338284496244
            ],
            [
              14.664848217986501,
              61.13382792758837
            ],
            [
              14.664860330542679,
              61.13382745344997
            ],
            [
              14.664872450715505,
              61.13382702724085
            ],
            [
              14.66488457769381,
              61.13382664898962
            ],
            [
              14.664896710665959,
              61.13382631872152
            ],
            [
              14.664908848819922,
              61.13382603645873
            ],
            [
              14.664920991343322,
              61.13382580222007
            ],
            [
              14.66493313742349,
              61.13382561602128
            ],
            [
              14.664945286247516,
              61.133825477874794
            ],
            [
              14.66495743700231,
              61.133825387789855
            ],
            [
              14.664969588874648,
              61.13382534577247
            ],
            [
              14.664981741051237,
              61.133825351825514
            ],
            [
              14.66499389271876,
              61.13382540594852
            ],
            [
              14.665006043063933,
              61.13382550813788
            ],
            [
              14.665018191273568,
              61.13382565838679
            ],
            [
              14.665030336534606,
              61.133825856685164
            ],
            [
              14.665042478034202,
              61.13382610301972
            ],
            [
              14.665054614959748,
              61.13382639737399
            ],
            [
              14.665066746498955,
              61.133826739728285
            ],
            [
              14.665078871839881,
              61.13382713005966
            ],
            [
              14.66509099017101,
              61.133827568342014
            ],
            [
              14.665103100681286,
              61.133828054546015
            ],
            [
              14.66511520256019,
              61.133828588639105
            ],
            [
              14.665127294997761,
              61.13382917058556
            ],
            [
              14.665139377184687,
              61.1338298003464
            ],
            [
              14.665151448312331,
              61.13383047787953
            ],
            [
              14.665163507572803,
              61.13383120313954
            ],
            [
              14.665175554159005,
              61.13383197607794
            ],
            [
              14.665187587264683,
              61.13383279664297
            ],
            [
              14.665199606084492,
              61.133833664779736
            ],
            [
              14.665211609814035,
              61.13383458043012
            ],
            [
              14.665223597649934,
              61.133835543532825
            ],
            [
              14.665235568789866,
              61.13383655402343
            ],
            [
              14.66524752243263,
              61.13383761183428
            ],
            [
              14.665259457778197,
              61.13383871689458
            ],
            [
              14.665271374027753,
              61.13383986913036
            ],
            [
              14.665283270383778,
              61.13384106846453
            ],
            [
              14.665295146050065,
              61.133842314816825
            ],
            [
              14.665307000231808,
              61.13384360810378
            ],
            [
              14.665318832135625,
              61.1338449482389
            ],
            [
              14.665330640969636,
              61.13384633513247
            ],
            [
              14.665342425943495,
              61.133847768691616
            ],
            [
              14.665354186268457,
              61.133849248820475
            ],
            [
              14.665365921157427,
              61.133850775419965
            ],
            [
              14.665377629825015,
              61.133852348387876
            ],
            [
              14.665389311487578,
              61.13385396761895
            ],
            [
              14.66540096536328,
              61.13385563300485
            ],
            [
              14.66541259067216,
              61.13385734443405
            ],
            [
              14.665424186636148,
              61.133859101792055
            ],
            [
              14.665435752479146,
              61.13386090496126
            ],
            [
              14.66544728742708,
              61.13386275382094
            ],
            [
              14.665458790707925,
              61.13386464824739
            ],
            [
              14.665470261551793,
              61.133866588113804
            ],
            [
              14.665481699190954,
              61.13386857329034
            ],
            [
              14.665493102859909,
              61.13387060364416
            ],
            [
              14.665504471795424,
              61.133872679039364
            ],
            [
              14.665515805236593,
              61.13387479933704
            ],
            [
              14.665527102424889,
              61.13387696439529
            ],
            [
              14.665538362604206,
              61.133879174069236
            ],
            [
              14.665549585020912,
              61.13388142821093
            ],
            [
              14.66556076892391,
              61.13388372666957
            ],
            [
              14.665571913564671,
              61.13388606929129
            ],
            [
              14.665583018197301,
              61.133888455919305
            ],
            [
              14.665594082078583,
              61.13389088639387
            ],
            [
              14.665605104468014,
              61.1338933605524
            ],
            [
              14.665616084627887,
              61.13389587822918
            ],
            [
              14.665627021823305,
              61.133898439255795
            ],
            [
              14.665637915322256,
              61.13390104346079
            ],
            [
              14.665648764395645,
              61.133903690669904
            ],
            [
              14.665659568317354,
              61.13390638070596
            ],
            [
              14.665670326364285,
              61.133909113388924
            ],
            [
              14.665681037816416,
              61.13391188853587
            ],
            [
              14.665691701956828,
              61.13391470596109
            ],
            [
              14.665702318071778,
              61.133917565476004
            ],
            [
              14.665712885450741,
              61.133920466889236
            ],
            [
              14.665723403386442,
              61.13392341000663
            ],
            [
              14.665733871174927,
              61.13392639463117
            ],
            [
              14.665744288115585,
              61.13392942056309
            ],
            [
              14.665754653511215,
              61.1339324875999
            ],
            [
              14.665764966668064,
              61.13393559553632
            ],
            [
              14.665775226895875,
              61.133938744164354
            ],
            [
              14.665785433507933,
              61.13394193327323
            ],
            [
              14.665795585821108,
              61.133945162649546
            ],
            [
              14.665805683155908,
              61.13394843207715
            ],
            [
              14.665815724836511,
              61.13395174133722
            ],
            [
              14.665825710190838,
              61.13395509020828
            ],
            [
              14.665835638550556,
              61.13395847846618
            ],
            [
              14.66584550925116,
              61.1339619058842
            ],
            [
              14.665855321632002,
              61.13396537223288
            ],
            [
              14.665865075036331,
              61.13396887728025
            ],
            [
              14.665874768811351,
              61.13397242079173
            ],
            [
              14.66588440230825,
              61.13397600253017
            ],
            [
              14.665893974882252,
              61.133979622255815
            ],
            [
              14.665903485892658,
              61.13398327972643
            ],
            [
              14.665912934702883,
              61.133986974697216
            ],
            [
              14.665922320680512,
              61.13399070692085
            ],
            [
              14.665931643197334,
              61.13399447614756
            ],
            [
              14.665940901629382,
              61.13399828212509
            ],
            [
              14.665950095356974,
              61.13400212459872
            ],
            [
              14.665959223764764,
              61.13400600331125
            ],
            [
              14.665968286241778,
              61.134009918003066
            ],
            [
              14.665977282181444,
              61.134013868412204
            ],
            [
              14.665986210981655,
              61.13401785427426
            ],
            [
              14.665995072044792,
              61.13402187532244
            ],
            [
              14.666003864777768,
              61.134025931287646
            ],
            [
              14.666012588592064,
              61.13403002189838
            ],
            [
              14.666021242903785,
              61.134034146880914
            ],
            [
              14.666029827133672,
              61.13403830595913
            ],
            [
              14.666038340707171,
              61.134042498854676
            ],
            [
              14.666046783054444,
              61.13404672528693
            ],
            [
              14.666055153610426,
              61.13405098497303
            ],
            [
              14.666063451814855,
              61.13405527762782
            ],
            [
              14.666071677112312,
              61.13405960296408
            ],
            [
              14.666079828952249,
              61.13406396069229
            ],
            [
              14.666087906789048,
              61.13406835052077
            ],
            [
              14.666095910082031,
              61.13407277215571
            ],
            [
              14.666103838295516,
              61.13407722530121
            ],
            [
              14.666111690898838,
              61.134081709659185
            ],
            [
              14.666119467366398,
              61.13408622492954
            ],
            [
              14.66612716717769,
              61.134090770810026
            ],
            [
              14.666134789817338,
              61.13409534699644
            ],
            [
              14.666142334775131,
              61.13409995318246
            ],
            [
              14.666149801546055,
              61.13410458905983
            ],
            [
              14.66615718963033,
              61.13410925431823
            ],
            [
              14.666164498533439,
              61.13411394864548
            ],
            [
              14.666171727766168,
              61.13411867172731
            ],
            [
              14.666178876844631,
              61.13412342324769
            ],
            [
              14.66618594529031,
              61.13412820288854
            ],
            [
              14.66619293263008,
              61.13413301032999
            ],
            [
              14.66619983839624,
              61.13413784525031
            ],
            [
              14.666206662126559,
              61.1341427073258
            ],
            [
              14.666213403364283,
              61.13414759623116
            ],
            [
              14.66622006165819,
              61.134152511639094
            ],
            [
              14.666226636562605,
              61.13415745322067
            ],
            [
              14.666233127637428,
              61.13416242064513
            ],
            [
              14.666239534448172,
              61.134167413579995
            ],
            [
              14.666245856565995,
              61.1341724316911
            ],
            [
              14.666252093567715,
              61.13417747464256
            ],
            [
              14.666258245035856,
              61.134182542096895
            ],
            [
              14.66626431055865,
              61.1341876337149
            ],
            [
              14.6662702897301,
              61.13419274915584
            ],
            [
              14.666276182149973,
              61.13419788807728
            ],
            [
              14.66628198742385,
              61.13420305013533
            ],
            [
              14.666287705163139,
              61.13420823498444
            ],
            [
              14.666293334985108,
              61.13421344227761
            ],
            [
              14.666298876512913,
              61.134218671666346
            ],
            [
              14.66630432937561,
              61.134223922800594
            ],
            [
              14.666309693208198,
              61.13422919532891
            ],
            [
              14.666314967651628,
              61.13423448889844
            ],
            [
              14.666320152352835,
              61.134239803154856
            ],
            [
              14.666325246964764,
              61.13424513774244
            ],
            [
              14.66633025114638,
              61.13425049230422
            ],
            [
              14.66633516456271,
              61.13425586648174
            ],
            [
              14.666339986884852,
              61.13426125991534
            ],
            [
              14.666344717789995,
              61.13426667224403
            ],
            [
              14.666349356961454,
              61.134272103105594
            ],
            [
              14.666353904088677,
              61.13427755213651
            ],
            [
              14.666358358867278,
              61.134283018972035
            ],
            [
              14.666362720999048,
              61.13428850324635
            ],
            [
              14.666366990191976,
              61.13429400459231
            ],
            [
              14.66637116616028,
              61.134299522641776
            ],
            [
              14.666375248624403,
              61.1343050570254
            ],
            [
              14.666379237311059,
              61.134310607372726
            ],
            [
              14.666383131953232,
              61.1343161733123
            ],
            [
              14.666386932290203,
              61.13432175447159
            ],
            [
              14.66639063806756,
              61.13432735047702
            ],
            [
              14.666394249037221,
              61.13433296095408
            ],
            [
              14.666397764957456,
              61.134338585527246
            ],
            [
              14.666401185592884,
              61.13434422382002
            ],
            [
              14.66640451071451,
              61.134349875455094
            ],
            [
              14.666407740099732,
              61.13435554005414
            ],
            [
              14.66641087353235,
              61.13436121723806
            ],
            [
              14.666413910802587,
              61.13436690662686
            ],
            [
              14.666416851707108,
              61.13437260783974
            ],
            [
              14.666419696049019,
              61.13437832049509
            ],
            [
              14.666422443637895,
              61.134384044210584
            ],
            [
              14.666425094289782,
              61.13438977860316
            ],
            [
              14.66642764782722,
              61.13439552328895
            ],
            [
              14.66643010407924,
              61.13440127788345
            ],
            [
              14.666432462881387,
              61.13440704200156
            ],
            [
              14.666434724075737,
              61.13441281525744
            ],
            [
              14.666436887510892,
              61.134418597264684
            ],
            [
              14.66643895304199,
              61.13442438763627
            ],
            [
              14.666440920530729,
              61.13443018598468
            ],
            [
              14.666442789845375,
              61.13443599192182
            ],
            [
              14.66644456086075,
              61.134441805059055
            ],
            [
              14.666446233458267,
              61.13444762500732
            ],
            [
              14.666447807525923,
              61.134453451377105
            ],
            [
              14.666449282958308,
              61.13445928377838
            ],
            [
              14.666450659656613,
              61.13446512182084
            ],
            [
              14.666451937528636,
              61.1344709651137
            ],
            [
              14.6664531164888,
              61.134476813265834
            ],
            [
              14.666454196458135,
              61.13448266588589
            ],
            [
              14.6664551773643,
              61.134488522582096
            ],
            [
              14.666456059141591,
              61.13449438296243
            ],
            [
              14.666456841730932,
              61.13450024663466
            ],
            [
              14.666457525079887,
              61.134506113206356
            ],
            [
              14.66645810914266,
              61.13451198228483
            ],
            [
              14.666458593880106,
              61.13451785347722
            ],
            [
              14.66645897925973,
              61.13452372639061
            ],
            [
              14.666459265255675,
              61.13452960063191
            ],
            [
              14.666459451848745,
              61.134535475807894
            ],
            [
              14.6664595390264,
              61.134541351525364
            ],
            [
              14.666459526782743,
              61.13454722739105
            ],
            [
              14.666459415118545,
              61.13455310301164
            ]
          ]
        ]
      },
      "properties": {
        "name": "soft transition zone",
        "role": "transition_4to1_to_1to1",
        "inner_radius_m": 80.0,
        "outer_radius_m": 140.0,
        "scale_from": 4.0,
        "scale_to": 1.0,
        "scale_function": "smoothstep",
        "stroke": "#ffaa00",
        "stroke-width": 2,
        "fill": "#ffaa00",
        "fill-opacity": 0.1
      }
    },
    {
      "type": "Feature",
      "geometry": {
        "type": "Polygon",
        "coordinates": [
          [
            [
              14.669723508329133,
              61.13453644646582
            ],
            [
              14.66972322765234,
              61.13451765967947
            ],
            [
              14.669722629109215,
              61.13449887463203
            ],
            [
              14.669721712740373,
              61.13448009258089
            ],
            [
              14.669720478607715,
              61.13446131478308
            ],
            [
              14.669718926794415,
              61.13444254249549
            ],
            [
              14.6697170574049,
              61.13442377697457
            ],
            [
              14.669714870564862,
              61.13440501947632
            ],
            [
              14.669712366421225,
              61.134386271256176
            ],
            [
              14.669709545142165,
              61.13436753356903
            ],
            [
              14.669706406917074,
              61.13434880766901
            ],
            [
              14.66970295195656,
              61.13433009480941
            ],
            [
              14.66969918049243,
              61.13431139624274
            ],
            [
              14.669695092777667,
              61.134292713220496
            ],
            [
              14.669690689086432,
              61.13427404699316
            ],
            [
              14.669685969714019,
              61.13425539881005
            ],
            [
              14.669680934976862,
              61.134236769919326
            ],
            [
              14.669675585212488,
              61.13421816156777
            ],
            [
              14.66966992077952,
              61.134199575000956
            ],
            [
              14.669663942057626,
              61.134181011462736
            ],
            [
              14.669657649447519,
              61.134162472195676
            ],
            [
              14.669651043370916,
              61.13414395844056
            ],
            [
              14.669644124270503,
              61.134125471436526
            ],
            [
              14.669636892609928,
              61.13410701242088
            ],
            [
              14.669629348873745,
              61.13408858262909
            ],
            [
              14.6696214935674,
              61.13407018329468
            ],
            [
              14.66961332721718,
              61.13405181564904
            ],
            [
              14.6696048503702,
              61.13403348092152
            ],
            [
              14.669596063594344,
              61.134015180339304
            ],
            [
              14.669586967478235,
              61.13399691512714
            ],
            [
              14.669577562631206,
              61.1339786865076
            ],
            [
              14.669567849683242,
              61.13396049570058
            ],
            [
              14.669557829284948,
              61.133942343923664
            ],
            [
              14.6695475021075,
              61.133924232391664
            ],
            [
              14.66953686884261,
              61.133906162316784
            ],
            [
              14.66952593020246,
              61.13388813490844
            ],
            [
              14.669514686919683,
              61.13387015137312
            ],
            [
              14.66950313974728,
              61.13385221291444
            ],
            [
              14.6694912894586,
              61.13383432073302
            ],
            [
              14.669479136847265,
              61.13381647602632
            ],
            [
              14.66946668272714,
              61.133798679988615
            ],
            [
              14.66945392793225,
              61.133780933810996
            ],
            [
              14.669440873316745,
              61.13376323868115
            ],
            [
              14.669427519754842,
              61.13374559578336
            ],
            [
              14.669413868140756,
              61.133728006298426
            ],
            [
              14.669399919388646,
              61.13371047140356
            ],
            [
              14.66938567443255,
              61.13369299227231
            ],
            [
              14.669371134226331,
              61.13367557007451
            ],
            [
              14.669356299743608,
              61.13365820597615
            ],
            [
              14.66934117197768,
              61.13364090113937
            ],
            [
              14.66932575194148,
              61.13362365672232
            ],
            [
              14.669310040667492,
              61.13360647387912
            ],
            [
              14.669294039207692,
              61.133589353759746
            ],
            [
              14.66927774863346,
              61.13357229750993
            ],
            [
              14.66926117003553,
              61.13355530627128
            ],
            [
              14.669244304523907,
              61.13353838118086
            ],
            [
              14.669227153227787,
              61.13352152337147
            ],
            [
              14.669209717295491,
              61.13350473397127
            ],
            [
              14.66919199789438,
              61.13348801410397
            ],
            [
              14.669173996210784,
              61.133471364888486
            ],
            [
              14.669155713449923,
              61.1334547874391
            ],
            [
              14.669137150835812,
              61.13343828286527
            ],
            [
              14.6691183096112,
              61.13342185227157
            ],
            [
              14.66909919103747,
              61.13340549675763
            ],
            [
              14.669079796394561,
              61.13338921741801
            ],
            [
              14.669060126980883,
              61.13337301534224
            ],
            [
              14.669040184113232,
              61.133356891614625
            ],
            [
              14.669019969126696,
              61.13334084731424
            ],
            [
              14.668999483374565,
              61.13332488351484
            ],
            [
              14.668978728228248,
              61.1333090012848
            ],
            [
              14.66895770507718,
              61.13329320168702
            ],
            [
              14.668936415328718,
              61.1332774857789
            ],
            [
              14.668914860408055,
              61.1332618546122
            ],
            [
              14.668893041758132,
              61.133246309233044
            ],
            [
              14.668870960839527,
              61.133230850681755
            ],
            [
              14.668848619130362,
              61.13321547999289
            ],
            [
              14.668826018126213,
              61.13320019819511
            ],
            [
              14.668803159339994,
              61.13318500631115
            ],
            [
              14.668780044301874,
              61.133169905357704
            ],
            [
              14.668756674559154,
              61.133154896345374
            ],
            [
              14.66873305167618,
              61.1331399802786
            ],
            [
              14.668709177234229,
              61.13312515815566
            ],
            [
              14.668685052831412,
              61.133110430968465
            ],
            [
              14.668660680082557,
              61.13309579970259
            ],
            [
              14.668636060619106,
              61.13308126533721
            ],
            [
              14.668611196089005,
              61.13306682884503
            ],
            [
              14.668586088156596,
              61.13305249119219
            ],
            [
              14.668560738502498,
              61.133038253338185
            ],
            [
              14.668535148823507,
              61.13302411623585
            ],
            [
              14.668509320832467,
              61.133010080831276
            ],
            [
              14.668483256258172,
              61.13299614806377
            ],
            [
              14.668456956845239,
              61.132982318865736
            ],
            [
              14.668430424353986,
              61.13296859416262
            ],
            [
              14.668403660560337,
              61.13295497487295
            ],
            [
              14.668376667255675,
              61.13294146190817
            ],
            [
              14.668349446246744,
              61.13292805617255
            ],
            [
              14.668321999355515,
              61.13291475856325
            ],
            [
              14.668294328419067,
              61.1329015699702
            ],
            [
              14.668266435289475,
              61.13288849127596
            ],
            [
              14.668238321833666,
              61.132875523355814
            ],
            [
              14.668209989933308,
              61.132862667077575
            ],
            [
              14.66818144148468,
              61.132849923301606
            ],
            [
              14.668152678398554,
              61.13283729288075
            ],
            [
              14.668123702600044,
              61.13282477666027
            ],
            [
              14.668094516028502,
              61.13281237547771
            ],
            [
              14.668065120637381,
              61.132800090163045
            ],
            [
              14.668035518394092,
              61.13278792153837
            ],
            [
              14.668005711279893,
              61.13277587041803
            ],
            [
              14.66797570128973,
              61.13276393760852
            ],
            [
              14.667945490432137,
              61.13275212390838
            ],
            [
              14.667915080729072,
              61.132740430108214
            ],
            [
              14.667884474215791,
              61.132728856990546
            ],
            [
              14.667853672940723,
              61.132717405329885
            ],
            [
              14.66782267896532,
              61.13270607589258
            ],
            [
              14.667791494363918,
              61.13269486943676
            ],
            [
              14.667760121223615,
              61.13268378671243
            ],
            [
              14.667728561644102,
              61.132672828461246
            ],
            [
              14.667696817737557,
              61.132661995416484
            ],
            [
              14.667664891628478,
              61.13265128830315
            ],
            [
              14.667632785453549,
              61.13264070783771
            ],
            [
              14.667600501361497,
              61.13263025472829
            ],
            [
              14.667568041512961,
              61.13261992967434
            ],
            [
              14.667535408080317,
              61.13260973336686
            ],
            [
              14.667502603247565,
              61.13259966648815
            ],
            [
              14.667469629210155,
              61.13258972971191
            ],
            [
              14.66743648817487,
              61.132579923703084
            ],
            [
              14.667403182359653,
              61.13257024911793
            ],
            [
              14.667369713993466,
              61.13256070660382
            ],
            [
              14.667336085316148,
              61.13255129679936
            ],
            [
              14.667302298578253,
              61.13254202033427
            ],
            [
              14.667268356040925,
              61.13253287782928
            ],
            [
              14.667234259975698,
              61.132523869896225
            ],
            [
              14.667200012664397,
              61.13251499713793
            ],
            [
              14.667165616398957,
              61.13250626014811
            ],
            [
              14.667131073481272,
              61.13249765951147
            ],
            [
              14.667096386223047,
              61.132489195803565
            ],
            [
              14.66706155694564,
              61.13248086959077
            ],
            [
              14.667026587979905,
              61.132472681430244
            ],
            [
              14.66699148166604,
              61.13246463186996
            ],
            [
              14.666956240353432,
              61.1324567214486
            ],
            [
              14.66692086640049,
              61.13244895069546
            ],
            [
              14.666885362174503,
              61.132441320130624
            ],
            [
              14.666849730051458,
              61.13243383026466
            ],
            [
              14.666813972415913,
              61.13242648159881
            ],
            [
              14.666778091660804,
              61.13241927462485
            ],
            [
              14.666742090187318,
              61.13241220982504
            ],
            [
              14.666705970404697,
              61.13240528767217
            ],
            [
              14.666669734730108,
              61.132398508629436
            ],
            [
              14.66663338558847,
              61.13239187315048
            ],
            [
              14.666596925412277,
              61.13238538167936
            ],
            [
              14.66656035664146,
              61.132379034650455
            ],
            [
              14.66652368172321,
              61.132372832488514
            ],
            [
              14.666486903111815,
              61.13236677560858
            ],
            [
              14.666450023268501,
              61.13236086441594
            ],
            [
              14.666413044661265,
              61.1323550993062
            ],
            [
              14.666375969764703,
              61.132349480665134
            ],
            [
              14.666338801059851,
              61.13234400886872
            ],
            [
              14.666301541034022,
              61.13233868428312
            ],
            [
              14.66626419218064,
              61.13233350726466
            ],
            [
              14.666226756999059,
              61.13232847815979
            ],
            [
              14.66618923799442,
              61.132323597305025
            ],
            [
              14.666151637677451,
              61.132318865027
            ],
            [
              14.666113958564338,
              61.132314281642344
            ],
            [
              14.666076203176523,
              61.13230984745784
            ],
            [
              14.666038374040554,
              61.13230556277018
            ],
            [
              14.66600047368791,
              61.13230142786604
            ],
            [
              14.66596250465483,
              61.13229744302218
            ],
            [
              14.665924469482153,
              61.13229360850527
            ],
            [
              14.665886370715135,
              61.13228992457186
            ],
            [
              14.665848210903288,
              61.132286391468476
            ],
            [
              14.665809992600202,
              61.13228300943159
            ],
            [
              14.66577171836338,
              61.13227977868745
            ],
            [
              14.665733390754072,
              61.13227669945231
            ],
            [
              14.665695012337093,
              61.132273771932205
            ],
            [
              14.66565658568065,
              61.13227099632305
            ],
            [
              14.665618113356185,
              61.132268372810564
            ],
            [
              14.665579597938185,
              61.132265901570285
            ],
            [
              14.66554104200403,
              61.13226358276762
            ],
            [
              14.6655024481338,
              61.13226141655774
            ],
            [
              14.665463818910116,
              61.13225940308559
            ],
            [
              14.665425156917966,
              61.13225754248591
            ],
            [
              14.665386464744516,
              61.13225583488319
            ],
            [
              14.665347744978975,
              61.132254280391706
            ],
            [
              14.665309000212368,
              61.13225287911552
            ],
            [
              14.665270233037415,
              61.13225163114833
            ],
            [
              14.66523144604832,
              61.1322505365737
            ],
            [
              14.665192641840626,
              61.13224959546487
            ],
            [
              14.66515382301101,
              61.13224880788478
            ],
            [
              14.665114992157143,
              61.132248173886175
            ],
            [
              14.66507615187749,
              61.13224769351148
            ],
            [
              14.66503730477115,
              61.132247366792804
            ],
            [
              14.66499845343768,
              61.13224719375203
            ],
            [
              14.664959600476916,
              61.132247174400746
            ],
            [
              14.664920748488804,
              61.132247308740254
            ],
            [
              14.664881900073222,
              61.132247596761516
            ],
            [
              14.664843057829822,
              61.13224803844531
            ],
            [
              14.66480422435783,
              61.13224863376205
            ],
            [
              14.664765402255886,
              61.13224938267191
            ],
            [
              14.664726594121872,
              61.13225028512478
            ],
            [
              14.664687802552741,
              61.132251341060254
            ],
            [
              14.664649030144332,
              61.132252550407685
            ],
            [
              14.664610279491205,
              61.132253913086124
            ],
            [
              14.664571553186464,
              61.13225542900441
            ],
            [
              14.664532853821587,
              61.1322570980611
            ],
            [
              14.664494183986246,
              61.132258920144466
            ],
            [
              14.664455546268147,
              61.1322608951326
            ],
            [
              14.664416943252833,
              61.13226302289338
            ],
            [
              14.664378377523546,
              61.132265303284385
            ],
            [
              14.664339851661016,
              61.13226773615299
            ],
            [
              14.664301368243315,
              61.132270321336435
            ],
            [
              14.664262929845679,
              61.1322730586617
            ],
            [
              14.664224539040333,
              61.13227594794561
            ],
            [
              14.664186198396314,
              61.13227898899484
            ],
            [
              14.664147910479306,
              61.13228218160587
            ],
            [
              14.664109677851473,
              61.132285525565074
            ],
            [
              14.664071503071273,
              61.13228902064868
            ],
            [
              14.664033388693301,
              61.13229266662277
            ],
            [
              14.66399533726811,
              61.1322964632434
            ],
            [
              14.663957351342045,
              61.132300410256505
            ],
            [
              14.663919433457067,
              61.1323045073979
            ],
            [
              14.663881586150593,
              61.132308754393506
            ],
            [
              14.663843811955315,
              61.132313150959064
            ],
            [
              14.663806113399039,
              61.13231769680038
            ],
            [
              14.663768493004504,
              61.132322391613236
            ],
            [
              14.663730953289233,
              61.13232723508348
            ],
            [
              14.663693496765353,
              61.132332226887016
            ],
            [
              14.663656125939417,
              61.132337366689754
            ],
            [
              14.663618843312259,
              61.13234265414777
            ],
            [
              14.663581651378802,
              61.132348088907236
            ],
            [
              14.663544552627915,
              61.13235367060449
            ],
            [
              14.66350754954223,
              61.132359398866
            ],
            [
              14.663470644597982,
              61.13236527330841
            ],
            [
              14.663433840264846,
              61.13237129353863
            ],
            [
              14.663397139005761,
              61.13237745915383
            ],
            [
              14.66336054327678,
              61.13238376974135
            ],
            [
              14.663324055526893,
              61.132390224878954
            ],
            [
              14.66328767819787,
              61.13239682413464
            ],
            [
              14.663251413724097,
              61.13240356706682
            ],
            [
              14.663215264532417,
              61.132410453224225
            ],
            [
              14.663179233041959,
              61.132417482146074
            ],
            [
              14.663143321663975,
              61.132424653362
            ],
            [
              14.66310753280169,
              61.13243196639211
            ],
            [
              14.663071868850144,
              61.13243942074702
            ],
            [
              14.663036332196002,
              61.132447015927895
            ],
            [
              14.663000925217434,
              61.13245475142646
            ],
            [
              14.662965650283928,
              61.1324626267251
            ],
            [
              14.66293050975615,
              61.13247064129676
            ],
            [
              14.662895505985759,
              61.132478794605156
            ],
            [
              14.662860641315289,
              61.13248708610465
            ],
            [
              14.662825918077958,
              61.132495515240386
            ],
            [
              14.662791338597529,
              61.132504081448296
            ],
            [
              14.66275690518815,
              61.13251278415513
            ],
            [
              14.662722620154202,
              61.13252162277853
            ],
            [
              14.662688485790136,
              61.132530596727
            ],
            [
              14.662654504380331,
              61.1325397054
            ],
            [
              14.662620678198937,
              61.132548948187996
            ],
            [
              14.662587009509723,
              61.13255832447247
            ],
            [
              14.662553500565918,
              61.13256783362593
            ],
            [
              14.662520153610073,
              61.13257747501209
            ],
            [
              14.662486970873902,
              61.13258724798569
            ],
            [
              14.66245395457814,
              61.132597151892774
            ],
            [
              14.662421106932383,
              61.13260718607052
            ],
            [
              14.662388430134955,
              61.132617349847486
            ],
            [
              14.662355926372745,
              61.132627642543476
            ],
            [
              14.662323597821073,
              61.13263806346976
            ],
            [
              14.662291446643543,
              61.132648611928914
            ],
            [
              14.662259474991894,
              61.13265928721506
            ],
            [
              14.662227685005854,
              61.132670088613764
            ],
            [
              14.662196078813,
              61.13268101540228
            ],
            [
              14.662164658528626,
              61.1326920668493
            ],
            [
              14.662133426255581,
              61.13270324221526
            ],
            [
              14.662102384084141,
              61.13271454075235
            ],
            [
              14.662071534091869,
              61.13272596170443
            ],
            [
              14.66204087834347,
              61.13273750430724
            ],
            [
              14.662010418890667,
              61.132749167788276
            ],
            [
              14.66198015777204,
              61.13276095136705
            ],
            [
              14.661950097012914,
              61.132772854255
            ],
            [
              14.661920238625205,
              61.13278487565556
            ],
            [
              14.661890584607297,
              61.13279701476426
            ],
            [
              14.661861136943905,
              61.13280927076869
            ],
            [
              14.661831897605937,
              61.13282164284871
            ],
            [
              14.661802868550375,
              61.132834130176384
            ],
            [
              14.661774051720121,
              61.13284673191598
            ],
            [
              14.661745449043895,
              61.13285944722423
            ],
            [
              14.661717062436084,
              61.132872275250186
            ],
            [
              14.661688893796637,
              61.13288521513534
            ],
            [
              14.661660945010897,
              61.13289826601379
            ],
            [
              14.661633217949527,
              61.132911427012125
            ],
            [
              14.661605714468342,
              61.132924697249564
            ],
            [
              14.661578436408211,
              61.13293807583808
            ],
            [
              14.661551385594917,
              61.132951561882344
            ],
            [
              14.661524563839052,
              61.13296515447979
            ],
            [
              14.661497972935873,
              61.13297885272082
            ],
            [
              14.661471614665203,
              61.13299265568874
            ],
            [
              14.661445490791307,
              61.133006562459755
            ],
            [
              14.661419603062761,
              61.13302057210328
            ],
            [
              14.661393953212352,
              61.133034683681664
            ],
            [
              14.661368542956952,
              61.13304889625056
            ],
            [
              14.6613433739974,
              61.13306320885882
            ],
            [
              14.66131844801841,
              61.13307762054864
            ],
            [
              14.661293766688416,
              61.13309213035551
            ],
            [
              14.661269331659518,
              61.13310673730838
            ],
            [
              14.661245144567307,
              61.133121440429754
            ],
            [
              14.661221207030817,
              61.13313623873564
            ],
            [
              14.661197520652365,
              61.13315113123562
            ],
            [
              14.661174087017482,
              61.13316611693315
            ],
            [
              14.661150907694783,
              61.133181194825255
            ],
            [
              14.661127984235872,
              61.13319636390292
            ],
            [
              14.661105318175238,
              61.13321162315093
            ],
            [
              14.661082911030151,
              61.1332269715481
            ],
            [
              14.661060764300556,
              61.13324240806723
            ],
            [
              14.66103887946898,
              61.133257931675324
            ],
            [
              14.661017258000427,
              61.133273541333416
            ],
            [
              14.660995901342288,
              61.133289235996855
            ],
            [
              14.660974810924229,
              61.13330501461532
            ],
            [
              14.66095398815811,
              61.133320876132764
            ],
            [
              14.660933434437881,
              61.13333681948777
            ],
            [
              14.660913151139502,
              61.133352843613245
            ],
            [
              14.66089313962083,
              61.13336894743681
            ],
            [
              14.660873401221549,
              61.13338512988075
            ],
            [
              14.660853937263063,
              61.133401389862016
            ],
            [
              14.660834749048416,
              61.13341772629245
            ],
            [
              14.660815837862211,
              61.13343413807873
            ],
            [
              14.660797204970507,
              61.13345062412245
            ],
            [
              14.66077885162075,
              61.13346718332032
            ],
            [
              14.660760779041686,
              61.13348381456411
            ],
            [
              14.66074298844327,
              61.133500516740746
            ],
            [
              14.66072548101659,
              61.13351728873246
            ],
            [
              14.660708257933798,
              61.133534129416766
            ],
            [
              14.66069132034801,
              61.13355103766654
            ],
            [
              14.660674669393243,
              61.13356801235026
            ],
            [
              14.66065830618435,
              61.13358505233182
            ],
            [
              14.660642231816915,
              61.13360215647083
            ],
            [
              14.660626447367198,
              61.13361932362257
            ],
            [
              14.660610953892068,
              61.13363655263812
            ],
            [
              14.660595752428925,
              61.13365384236438
            ],
            [
              14.660580843995623,
              61.1336711916442
            ],
            [
              14.660566229590422,
              61.13368859931649
            ],
            [
              14.660551910191893,
              61.1337060642162
            ],
            [
              14.660537886758883,
              61.13372358517446
            ],
            [
              14.660524160230425,
              61.13374116101862
            ],
            [
              14.660510731525688,
              61.133758790572415
            ],
            [
              14.660497601543918,
              61.133776472655946
            ],
            [
              14.660484771164372,
              61.13379420608579
            ],
            [
              14.66047224124625,
              61.13381198967509
            ],
            [
              14.66046001262866,
              61.13382982223363
            ],
            [
              14.660448086130545,
              61.13384770256795
            ],
            [
              14.660436462550622,
              61.13386562948134
            ],
            [
              14.660425142667357,
              61.13388360177396
            ],
            [
              14.660414127238875,
              61.133901618243044
            ],
            [
              14.660403417002945,
              61.133919677682705
            ],
            [
              14.660393012676902,
              61.13393777888429
            ],
            [
              14.660382914957614,
              61.13395592063634
            ],
            [
              14.660373124521435,
              61.133974101724625
            ],
            [
              14.660363642024151,
              61.133992320932315
            ],
            [
              14.660354468100952,
              61.134010577040016
            ],
            [
              14.66034560336636,
              61.134028868825915
            ],
            [
              14.660337048414222,
              61.13404719506572
            ],
            [
              14.660328803817658,
              61.13406555453287
            ],
            [
              14.660320870129004,
              61.134083945998604
            ],
            [
              14.660313247879797,
              61.13410236823203
            ],
            [
              14.66030593758074,
              61.13412082000009
            ],
            [
              14.660298939721644,
              61.13413930006784
            ],
            [
              14.660292254771429,
              61.134157807198456
            ],
            [
              14.660285883178057,
              61.13417634015326
            ],
            [
              14.660279825368535,
              61.134194897691756
            ],
            [
              14.660274081748861,
              61.134213478572
            ],
            [
              14.660268652704008,
              61.134232081550316
            ],
            [
              14.660263538597905,
              61.13425070538164
            ],
            [
              14.660258739773385,
              61.13426934881942
            ],
            [
              14.660254256552202,
              61.13428801061589
            ],
            [
              14.660250089234975,
              61.134306689522
            ],
            [
              14.660246238101184,
              61.13432538428756
            ],
            [
              14.660242703409148,
              61.134344093661284
            ],
            [
              14.660239485396012,
              61.134362816391
            ],
            [
              14.660236584277722,
              61.134381551223534
            ],
            [
              14.660234000249016,
              61.13440029690493
            ],
            [
              14.660231733483407,
              61.134419052180554
            ],
            [
              14.66022978413318,
              61.13443781579507
            ],
            [
              14.660228152329374,
              61.13445658649262
            ],
            [
              14.660226838181769,
              61.13447536301682
            ],
            [
              14.66022584177889,
              61.13449414411098
            ],
            [
              14.660225163187999,
              61.13451292851797
            ],
            [
              14.66022480245507,
              61.134531714980604
            ],
            [
              14.660224759604828,
              61.13455050224142
            ],
            [
              14.6602250346407,
              61.13456928904294
            ],
            [
              14.660225627544843,
              61.13458807412774
            ],
            [
              14.66022653827814,
              61.134606856238456
            ],
            [
              14.660227766780201,
              61.13462563411798
            ],
            [
              14.66022931296936,
              61.13464440650947
            ],
            [
              14.6602311767427,
              61.13466317215644
            ],
            [
              14.66023335797603,
              61.13468192980283
            ],
            [
              14.660235856523927,
              61.134700678193155
            ],
            [
              14.66023867221971,
              61.134719416072514
            ],
            [
              14.660241804875486,
              61.13473814218672
            ],
            [
              14.660245254282136,
              61.134756855282376
            ],
            [
              14.660249020209342,
              61.13477555410692
            ],
            [
              14.6602531024056,
              61.134794237408855
            ],
            [
              14.66025750059823,
              61.134812903937565
            ],
            [
              14.660262214493406,
              61.134831552443664
            ],
            [
              14.660267243776165,
              61.134850181678914
            ],
            [
              14.660272588110436,
              61.134868790396375
            ],
            [
              14.660278247139058,
              61.13488737735054
            ],
            [
              14.660284220483796,
              61.13490594129726
            ],
            [
              14.660290507745383,
              61.13492448099398
            ],
            [
              14.660297108503544,
              61.13494299519976
            ],
            [
              14.660304022317002,
              61.134961482675344
            ],
            [
              14.660311248723533,
              61.13497994218329
            ],
            [
              14.660318787239984,
              61.134998372488006
            ],
            [
              14.660326637362312,
              61.1350167723559
            ],
            [
              14.660334798565614,
              61.135035140555324
            ],
            [
              14.660343270304155,
              61.13505347585683
            ],
            [
              14.660352052011419,
              61.1350717770331
            ],
            [
              14.660361143100136,
              61.1350900428592
            ],
            [
              14.660370542962324,
              61.135108272112426
            ],
            [
              14.660380250969334,
              61.13512646357264
            ],
            [
              14.660390266471877,
              61.13514461602216
            ],
            [
              14.660400588800092,
              61.13516272824596
            ],
            [
              14.660411217263563,
              61.13518079903163
            ],
            [
              14.660422151151396,
              61.135198827169674
            ],
            [
              14.660433389732232,
              61.135216811453255
            ],
            [
              14.66044493225432,
              61.13523475067862
            ],
            [
              14.660456777945566,
              61.13525264364499
            ],
            [
              14.660468926013573,
              61.13527048915466
            ],
            [
              14.660481375645693,
              61.13528828601308
            ],
            [
              14.660494126009109,
              61.13530603302902
            ],
            [
              14.660507176250846,
              61.135323729014566
            ],
            [
              14.660520525497866,
              61.13534137278517
            ],
            [
              14.660534172857108,
              61.135358963159796
            ],
            [
              14.660548117415553,
              61.135376498961044
            ],
            [
              14.660562358240282,
              61.13539397901505
            ],
            [
              14.66057689437854,
              61.1354114021518
            ],
            [
              14.6605917248578,
              61.13542876720499
            ],
            [
              14.660606848685829,
              61.13544607301229
            ],
            [
              14.660622264850753,
              61.135463318415255
            ],
            [
              14.660637972321123,
              61.13548050225948
            ],
            [
              14.66065397004598,
              61.13549762339479
            ],
            [
              14.660670256954946,
              61.13551468067506
            ],
            [
              14.660686831958266,
              61.13553167295854
            ],
            [
              14.6607036939469,
              61.135548599107835
            ],
            [
              14.660720841792596,
              61.135565457989834
            ],
            [
              14.66073827434795,
              61.13558224847611
            ],
            [
              14.660755990446514,
              61.13559896944267
            ],
            [
              14.660773988902834,
              61.13561561977032
            ],
            [
              14.660792268512562,
              61.13563219834443
            ],
            [
              14.66081082805252,
              61.135648704055264
            ],
            [
              14.660829666280787,
              61.135665135797936
            ],
            [
              14.660848781936778,
              61.13568149247258
            ],
            [
              14.660868173741337,
              61.135697772984194
            ],
            [
              14.660887840396812,
              61.13571397624304
            ],
            [
              14.660907780587149,
              61.13573010116449
            ],
            [
              14.660927992977978,
              61.13574614666908
            ],
            [
              14.660948476216698,
              61.13576211168279
            ],
            [
              14.660969228932576,
              61.13577799513688
            ],
            [
              14.660990249736829,
              61.135793795968155
            ],
            [
              14.661011537222727,
              61.13580951311891
            ],
            [
              14.66103308996568,
              61.13582514553701
            ],
            [
              14.661054906523335,
              61.13584069217599
            ],
            [
              14.661076985435672,
              61.13585615199523
            ],
            [
              14.661099325225102,
              61.13587152395978
            ],
            [
              14.661121924396571,
              61.13588680704064
            ],
            [
              14.66114478143765,
              61.13590200021477
            ],
            [
              14.661167894818641,
              61.13591710246512
            ],
            [
              14.66119126299268,
              61.13593211278077
            ],
            [
              14.66121488439585,
              61.135947030156856
            ],
            [
              14.661238757447263,
              61.13596185359486
            ],
            [
              14.661262880549184,
              61.1359765821024
            ],
            [
              14.661287252087133,
              61.13599121469359
            ],
            [
              14.661311870429989,
              61.13600575038891
            ],
            [
              14.661336733930108,
              61.136020188215305
            ],
            [
              14.661361840923426,
              61.136034527206284
            ],
            [
              14.661387189729576,
              61.13604876640196
            ],
            [
              14.661412778651984,
              61.13606290484918
            ],
            [
              14.661438605978008,
              61.13607694160145
            ],
            [
              14.661464669979038,
              61.136090875719155
            ],
            [
              14.661490968910613,
              61.136104706269485
            ],
            [
              14.66151750101253,
              61.13611843232665
            ],
            [
              14.661544264508978,
              61.136132052971746
            ],
            [
              14.661571257608658,
              61.136145567292985
            ],
            [
              14.661598478504875,
              61.136158974385715
            ],
            [
              14.661625925375688,
              61.13617227335242
            ],
            [
              14.661653596384022,
              61.1361854633028
            ],
            [
              14.661681489677791,
              61.13619854335394
            ],
            [
              14.661709603390019,
              61.13621151263023
            ],
            [
              14.661737935638966,
              61.13622437026343
            ],
            [
              14.661766484528263,
              61.13623711539286
            ],
            [
              14.661795248147023,
              61.13624974716527
            ],
            [
              14.66182422456998,
              61.13626226473509
            ],
            [
              14.66185341185762,
              61.13627466726433
            ],
            [
              14.661882808056305,
              61.136286953922784
            ],
            [
              14.661912411198397,
              61.13629912388788
            ],
            [
              14.661942219302409,
              61.13631117634493
            ],
            [
              14.661972230373115,
              61.136323110487155
            ],
            [
              14.662002442401706,
              61.136334925515605
            ],
            [
              14.662032853365908,
              61.13634662063932
            ],
            [
              14.662063461230115,
              61.136358195075445
            ],
            [
              14.662094263945548,
              61.13636964804909
            ],
            [
              14.66212525945037,
              61.13638097879357
            ],
            [
              14.662156445669826,
              61.13639218655038
            ],
            [
              14.6621878205164,
              61.136403270569204
            ],
            [
              14.662219381889928,
              61.13641423010804
            ],
            [
              14.662251127677763,
              61.136425064433226
            ],
            [
              14.662283055754896,
              61.136435772819446
            ],
            [
              14.66231516398412,
              61.13644635454987
            ],
            [
              14.662347450216156,
              61.13645680891609
            ],
            [
              14.662379912289795,
              61.13646713521827
            ],
            [
              14.662412548032064,
              61.136477332765075
            ],
            [
              14.662445355258345,
              61.13648740087388
            ],
            [
              14.662478331772546,
              61.13649733887066
            ],
            [
              14.66251147536722,
              61.136507146090146
            ],
            [
              14.662544783823742,
              61.136516821875766
            ],
            [
              14.662578254912438,
              61.13652636557979
            ],
            [
              14.662611886392748,
              61.136535776563306
            ],
            [
              14.662645676013357,
              61.13654505419634
            ],
            [
              14.66267962151236,
              61.136554197857755
            ],
            [
              14.662713720617422,
              61.13656320693546
            ],
            [
              14.662747971045908,
              61.136572080826326
            ],
            [
              14.662782370505047,
              61.136580818936295
            ],
            [
              14.662816916692092,
              61.13658942068039
            ],
            [
              14.66285160729446,
              61.13659788548279
            ],
            [
              14.6628864399899,
              61.1366062127768
            ],
            [
              14.662921412446643,
              61.13661440200492
            ],
            [
              14.662956522323553,
              61.13662245261898
            ],
            [
              14.662991767270293,
              61.13663036407997
            ],
            [
              14.663027144927478,
              61.136638135858284
            ],
            [
              14.663062652926834,
              61.13664576743365
            ],
            [
              14.663098288891351,
              61.136653258295134
            ],
            [
              14.663134050435453,
              61.13666060794131
            ],
            [
              14.663169935165154,
              61.136667815880074
            ],
            [
              14.663205940678209,
              61.13667488162896
            ],
            [
              14.663242064564283,
              61.13668180471488
            ],
            [
              14.663278304405118,
              61.136688584674445
            ],
            [
              14.66331465777468,
              61.13669522105369
            ],
            [
              14.663351122239341,
              61.136701713408364
            ],
            [
              14.663387695358018,
              61.13670806130386
            ],
            [
              14.663424374682362,
              61.136714264315145
            ],
            [
              14.663461157756903,
              61.136720322027024
            ],
            [
              14.66349804211922,
              61.13672623403391
            ],
            [
              14.66353502530011,
              61.13673199994005
            ],
            [
              14.663572104823752,
              61.13673761935944
            ],
            [
              14.66360927820786,
              61.136743091915854
            ],
            [
              14.663646542963878,
              61.13674841724291
            ],
            [
              14.66368389659712,
              61.13675359498415
            ],
            [
              14.663721336606942,
              61.13675862479294
            ],
            [
              14.663758860486917,
              61.136763506332514
            ],
            [
              14.663796465725007,
              61.13676823927609
            ],
            [
              14.663834149803714,
              61.13677282330682
            ],
            [
              14.663871910200264,
              61.13677725811782
            ],
            [
              14.663909744386766,
              61.13678154341218
            ],
            [
              14.663947649830392,
              61.13678567890303
            ],
            [
              14.663985623993536,
              61.13678966431351
            ],
            [
              14.66402366433399,
              61.13679349937681
            ],
            [
              14.664061768305116,
              61.136797183836194
            ],
            [
              14.664099933356004,
              61.13680071744499
            ],
            [
              14.664138156931658,
              61.13680409996664
            ],
            [
              14.66417643647317,
              61.136807331174694
            ],
            [
              14.664214769417868,
              61.13681041085284
            ],
            [
              14.664253153199512,
              61.13681333879488
            ],
            [
              14.664291585248456,
              61.13681611480485
            ],
            [
              14.664330062991812,
              61.13681873869683
            ],
            [
              14.664368583853639,
              61.13682121029521
            ],
            [
              14.664407145255112,
              61.136823529434544
            ],
            [
              14.664445744614673,
              61.136825695959516
            ],
            [
              14.664484379348242,
              61.13682770972514
            ],
            [
              14.664523046869354,
              61.136829570596554
            ],
            [
              14.664561744589356,
              61.13683127844921
            ],
            [
              14.664600469917564,
              61.13683283316873
            ],
            [
              14.664639220261453,
              61.1368342346511
            ],
            [
              14.664677993026817,
              61.13683548280244
            ],
            [
              14.664716785617953,
              61.1368365775392
            ],
            [
              14.664755595437823,
              61.13683751878811
            ],
            [
              14.664794419888242,
              61.13683830648614
            ],
            [
              14.664833256370034,
              61.13683894058055
            ],
            [
              14.66487210228323,
              61.136839421028895
            ],
            [
              14.664910955027219,
              61.13683974779905
            ],
            [
              14.66494981200094,
              61.13683992086904
            ],
            [
              14.664988670603044,
              61.136839940227404
            ],
            [
              14.665027528232073,
              61.13683980587275
            ],
            [
              14.665066382286637,
              61.136839517814096
            ],
            [
              14.665105230165585,
              61.13683907607072
            ],
            [
              14.665144069268175,
              61.136838480672246
            ],
            [
              14.665182896994256,
              61.136837731658474
            ],
            [
              14.665221710744445,
              61.136836829079584
            ],
            [
              14.665260507920284,
              61.13683577299597
            ],
            [
              14.665299285924435,
              61.13683456347835
            ],
            [
              14.665338042160837,
              61.1368332006077
            ],
            [
              14.665376774034893,
              61.13683168447527
            ],
            [
              14.665415478953634,
              61.13683001518252
            ],
            [
              14.6654541543259,
              61.13682819284122
            ],
            [
              14.665492797562504,
              61.13682621757341
            ],
            [
              14.665531406076424,
              61.13682408951125
            ],
            [
              14.665569977282948,
              61.13682180879729
            ],
            [
              14.66560850859988,
              61.13681937558415
            ],
            [
              14.665646997447679,
              61.13681679003478
            ],
            [
              14.665685441249666,
              61.136814052322194
            ],
            [
              14.665723837432166,
              61.13681116262975
            ],
            [
              14.665762183424702,
              61.13680812115089
            ],
            [
              14.665800476660152,
              61.13680492808918
            ],
            [
              14.665838714574944,
              61.13680158365843
            ],
            [
              14.665876894609186,
              61.13679808808251
            ],
            [
              14.665915014206892,
              61.13679444159547
            ],
            [
              14.6659530708161,
              61.13679064444141
            ],
            [
              14.665991061889082,
              61.13678669687453
            ],
            [
              14.666028984882498,
              61.13678259915911
            ],
            [
              14.666066837257565,
              61.136778351569454
            ],
            [
              14.666104616480231,
              61.13677395438996
            ],
            [
              14.666142320021349,
              61.136769407915004
            ],
            [
              14.66617994535684,
              61.13676471244891
            ],
            [
              14.666217489967858,
              61.13675986830606
            ],
            [
              14.666254951340974,
              61.13675487581073
            ],
            [
              14.666292326968328,
              61.13674973529718
            ],
            [
              14.666329614347807,
              61.13674444710951
            ],
            [
              14.666366810983206,
              61.13673901160174
            ],
            [
              14.666403914384405,
              61.136733429137784
            ],
            [
              14.666440922067526,
              61.13672770009138
            ],
            [
              14.6664778315551,
              61.136721824846006
            ],
            [
              14.666514640376239,
              61.136715803795035
            ],
            [
              14.666551346066802,
              61.13670963734153
            ],
            [
              14.66658794616955,
              61.1367033258983
            ],
            [
              14.66662443823432,
              61.136696869887906
            ],
            [
              14.666660819818187,
              61.1366902697425
            ],
            [
              14.666697088485623,
              61.13668352590399
            ],
            [
              14.666733241808668,
              61.13667663882381
            ],
            [
              14.666769277367091,
              61.13666960896302
            ],
            [
              14.666805192748539,
              61.13666243679222
            ],
            [
              14.666840985548717,
              61.136655122791616
            ],
            [
              14.666876653371544,
              61.13664766745081
            ],
            [
              14.666912193829303,
              61.136640071268886
            ],
            [
              14.666947604542814,
              61.1366323347544
            ],
            [
              14.666982883141586,
              61.13662445842527
            ],
            [
              14.667018027263975,
              61.13661644280877
            ],
            [
              14.667053034557355,
              61.136608288441515
            ],
            [
              14.667087902678249,
              61.13659999586943
            ],
            [
              14.667122629292521,
              61.136591565647585
            ],
            [
              14.667157212075498,
              61.13658299834042
            ],
            [
              14.667191648712148,
              61.13657429452145
            ],
            [
              14.667225936897234,
              61.136565454773326
            ],
            [
              14.667260074335452,
              61.136556479687854
            ],
            [
              14.667294058741604,
              61.13654736986585
            ],
            [
              14.667327887840733,
              61.13653812591719
            ],
            [
              14.6673615593683,
              61.1365287484607
            ],
            [
              14.667395071070304,
              61.13651923812415
            ],
            [
              14.667428420703464,
              61.1365095955442
            ],
            [
              14.667461606035342,
              61.136499821366364
            ],
            [
              14.667494624844517,
              61.13648991624498
            ],
            [
              14.667527474920714,
              61.13647988084317
            ],
            [
              14.667560154064958,
              61.13646971583268
            ],
            [
              14.667592660089731,
              61.136459421894074
            ],
            [
              14.66762499081911,
              61.1364489997164
            ],
            [
              14.667657144088908,
              61.13643844999745
            ],
            [
              14.667689117746828,
              61.13642777344338
            ],
            [
              14.6677209096526,
              61.136416970768956
            ],
            [
              14.667752517678133,
              61.13640604269738
            ],
            [
              14.667783939707647,
              61.13639498996015
            ],
            [
              14.667815173637825,
              61.13638381329727
            ],
            [
              14.667846217377942,
              61.13637251345687
            ],
            [
              14.66787706885002,
              61.13636109119545
            ],
            [
              14.667907725988956,
              61.13634954727765
            ],
            [
              14.667938186742656,
              61.136337882476255
            ],
            [
              14.667968449072191,
              61.13632609757213
            ],
            [
              14.667998510951909,
              61.136314193354245
            ],
            [
              14.6680283703696,
              61.13630217061948
            ],
            [
              14.668058025326598,
              61.13629003017266
            ],
            [
              14.66808747383794,
              61.13627777282652
            ],
            [
              14.668116713932491,
              61.136265399401616
            ],
            [
              14.668145743653069,
              61.13625291072625
            ],
            [
              14.668174561056585,
              61.13624030763646
            ],
            [
              14.668203164214177,
              61.136227590975906
            ],
            [
              14.668231551211319,
              61.13621476159594
            ],
            [
              14.668259720147967,
              61.13620182035533
            ],
            [
              14.668287669138689,
              61.13618876812046
            ],
            [
              14.668315396312773,
              61.13617560576501
            ],
            [
              14.668342899814373,
              61.13616233417013
            ],
            [
              14.668370177802618,
              61.13614895422429
            ],
            [
              14.668397228451735,
              61.1361354668231
            ],
            [
              14.668424049951183,
              61.13612187286951
            ],
            [
              14.668450640505773,
              61.136108173273506
            ],
            [
              14.668476998335771,
              61.13609436895218
            ],
            [
              14.668503121677036,
              61.136080460829575
            ],
            [
              14.668529008781134,
              61.13606644983675
            ],
            [
              14.66855465791544,
              61.13605233691165
            ],
            [
              14.66858006736328,
              61.13603812299899
            ],
            [
              14.668605235424025,
              61.13602380905029
            ],
            [
              14.668630160413208,
              61.13600939602374
            ],
            [
              14.668654840662652,
              61.13599488488419
            ],
            [
              14.668679274520557,
              61.13598027660299
            ],
            [
              14.668703460351633,
              61.13596557215807
            ],
            [
              14.668727396537196,
              61.135950772533775
            ],
            [
              14.668751081475278,
              61.13593587872076
            ],
            [
              14.668774513580745,
              61.13592089171609
            ],
            [
              14.668797691285388,
              61.13590581252298
            ],
            [
              14.668820613038033,
              61.13589064215084
            ],
            [
              14.66884327730465,
              61.13587538161519
            ],
            [
              14.668865682568446,
              61.13586003193758
            ],
            [
              14.668887827329987,
              61.13584459414552
            ],
            [
              14.668909710107268,
              61.13582906927244
            ],
            [
              14.668931329435834,
              61.13581345835755
            ],
            [
              14.668952683868874,
              61.1357977624459
            ],
            [
              14.668973771977306,
              61.13578198258814
            ],
            [
              14.668994592349899,
              61.135766119840554
            ],
            [
              14.669015143593334,
              61.13575017526505
            ],
            [
              14.669035424332323,
              61.13573414992889
            ],
            [
              14.66905543320969,
              61.13571804490489
            ],
            [
              14.669075168886462,
              61.13570186127103
            ],
            [
              14.66909463004196,
              61.13568560011068
            ],
            [
              14.669113815373889,
              61.13566926251234
            ],
            [
              14.669132723598421,
              61.135652849569624
            ],
            [
              14.669151353450289,
              61.135636362381256
            ],
            [
              14.669169703682861,
              61.13561980205081
            ],
            [
              14.669187773068227,
              61.13560316968686
            ],
            [
              14.669205560397284,
              61.13558646640275
            ],
            [
              14.669223064479818,
              61.13556969331658
            ],
            [
              14.66924028414458,
              61.13555285155107
            ],
            [
              14.669257218239359,
              61.135535942233645
            ],
            [
              14.669273865631077,
              61.13551896649619
            ],
            [
              14.669290225205838,
              61.135501925475
            ],
            [
              14.669306295869033,
              61.13548482031079
            ],
            [
              14.669322076545383,
              61.13546765214854
            ],
            [
              14.669337566179037,
              61.13545042213747
            ],
            [
              14.669352763733624,
              61.135433131430894
            ],
            [
              14.66936766819233,
              61.135415781186225
            ],
            [
              14.669382278557968,
              61.13539837256488
            ],
            [
              14.66939659385304,
              61.13538090673211
            ],
            [
              14.669410613119808,
              61.135363384857065
            ],
            [
              14.669424335420343,
              61.13534580811259
            ],
            [
              14.669437759836613,
              61.13532817767524
            ],
            [
              14.669450885470518,
              61.13531049472512
            ],
            [
              14.669463711443973,
              61.13529276044593
            ],
            [
              14.669476236898946,
              61.1352749760247
            ],
            [
              14.66948846099753,
              61.135257142651874
            ],
            [
              14.669500382921996,
              61.13523926152118
            ],
            [
              14.669512001874843,
              61.13522133382949
            ],
            [
              14.669523317078847,
              61.13520336077685
            ],
            [
              14.669534327777136,
              61.1351853435663
            ],
            [
              14.66954503323321,
              61.13516728340383
            ],
            [
              14.669555432731013,
              61.135149181498335
            ],
            [
              14.669565525574964,
              61.13513103906151
            ],
            [
              14.669575311090021,
              61.135112857307675
            ],
            [
              14.66958478862171,
              61.13509463745388
            ],
            [
              14.669593957536181,
              61.13507638071971
            ],
            [
              14.669602817220236,
              61.135058088327135
            ],
            [
              14.669611367081393,
              61.13503976150059
            ],
            [
              14.669619606547892,
              61.13502140146678
            ],
            [
              14.669627535068768,
              61.13500300945467
            ],
            [
              14.669635152113868,
              61.13498458669531
            ],
            [
              14.669642457173888,
              61.13496613442182
            ],
            [
              14.669649449760412,
              61.134947653869304
            ],
            [
              14.669656129405938,
              61.134929146274764
            ],
            [
              14.669662495663916,
              61.134910612876986
            ],
            [
              14.669668548108774,
              61.13489205491649
            ],
            [
              14.669674286335951,
              61.1348734736355
            ],
            [
              14.669679709961912,
              61.13485487027767
            ],
            [
              14.669684818624185,
              61.134836246088234
            ],
            [
              14.66968961198139,
              61.13481760231378
            ],
            [
              14.66969408971324,
              61.134798940202195
            ],
            [
              14.669698251520584,
              61.134780261002646
            ],
            [
              14.669702097125414,
              61.13476156596536
            ],
            [
              14.669705626270895,
              61.1347428563417
            ],
            [
              14.669708838721366,
              61.13472413338393
            ],
            [
              14.669711734262373,
              61.134705398345254
            ],
            [
              14.66971431270067,
              61.134686652479665
            ],
            [
              14.669716573864234,
              61.13466789704191
            ],
            [
              14.669718517602288,
              61.134649133287326
            ],
            [
              14.669720143785291,
              61.13463036247185
            ],
            [
              14.669721452304971,
              61.1346115858518
            ],
            [
              14.669722443074308,
              61.13459280468404
            ],
            [
              14.66972311602755,
              61.13457402022555
            ],
            [
              14.669723471120227,
              61.13455523373367
            ],
            [
              14.669723508329133,
              61.13453644646582
            ]
          ],
          [
            [
              14.667573376014506,
              61.13456025129188
            ],
            [
              14.667573006991084,
              61.13457053251412
            ],
            [
              14.667572464019054,
              61.134580811932516
            ],
            [
              14.667571747134591,
              61.134591088859096
            ],
            [
              14.66757085638551,
              61.13460136260592
            ],
            [
              14.667569791831255,
              61.134611632485424
            ],
            [
              14.66756855354292,
              61.13462189781012
            ],
            [
              14.667567141603207,
              61.13463215789304
            ],
            [
              14.667565556106458,
              61.134642412047334
            ],
            [
              14.66756379715863,
              61.13465265958675
            ],
            [
              14.667561864877278,
              61.13466289982533
            ],
            [
              14.667559759391569,
              61.134673132077715
            ],
            [
              14.667557480842264,
              61.13468335565902
            ],
            [
              14.667555029381704,
              61.13469356988492
            ],
            [
              14.667552405173806,
              61.134703774071745
            ],
            [
              14.667549608394047,
              61.13471396753654
            ],
            [
              14.667546639229462,
              61.134724149596984
            ],
            [
              14.667543497878619,
              61.13473431957158
            ],
            [
              14.667540184551608,
              61.134744476779616
            ],
            [
              14.667536699470046,
              61.13475462054122
            ],
            [
              14.66753304286703,
              61.134764750177446
            ],
            [
              14.667529214987143,
              61.13477486501028
            ],
            [
              14.66752521608644,
              61.1347849643627
            ],
            [
              14.667521046432416,
              61.13479504755871
            ],
            [
              14.667516706303998,
              61.13480511392342
            ],
            [
              14.667512195991524,
              61.13481516278302
            ],
            [
              14.667507515796725,
              61.13482519346497
            ],
            [
              14.667502666032709,
              61.13483520529778
            ],
            [
              14.66749764702392,
              61.1348451976114
            ],
            [
              14.667492459106148,
              61.13485516973695
            ],
            [
              14.667487102626481,
              61.134865121007
            ],
            [
              14.667481577943287,
              61.13487505075543
            ],
            [
              14.667475885426203,
              61.13488495831761
            ],
            [
              14.667470025456094,
              61.134894843030445
            ],
            [
              14.667463998425038,
              61.1349047042322
            ],
            [
              14.667457804736292,
              61.134914541262894
            ],
            [
              14.667451444804279,
              61.134924353464065
            ],
            [
              14.667444919054535,
              61.13493414017896
            ],
            [
              14.667438227923714,
              61.13494390075249
            ],
            [
              14.667431371859527,
              61.134953634531314
            ],
            [
              14.66742435132073,
              61.13496334086395
            ],
            [
              14.667417166777089,
              61.13497301910068
            ],
            [
              14.667409818709357,
              61.134982668593665
            ],
            [
              14.667402307609224,
              61.13499228869711
            ],
            [
              14.667394633979292,
              61.135001878767
            ],
            [
              14.667386798333055,
              61.13501143816145
            ],
            [
              14.667378801194845,
              61.13502096624061
            ],
            [
              14.667370643099803,
              61.135030462366714
            ],
            [
              14.667362324593851,
              61.13503992590415
            ],
            [
              14.667353846233647,
              61.13504935621943
            ],
            [
              14.66734520858655,
              61.13505875268138
            ],
            [
              14.667336412230583,
              61.135068114661024
            ],
            [
              14.667327457754393,
              61.13507744153174
            ],
            [
              14.667318345757215,
              61.13508673266918
            ],
            [
              14.667309076848825,
              61.135095987451436
            ],
            [
              14.667299651649508,
              61.135105205259116
            ],
            [
              14.667290070790013,
              61.13511438547513
            ],
            [
              14.667280334911501,
              61.135123527485035
            ],
            [
              14.667270444665517,
              61.13513263067687
            ],
            [
              14.667260400713946,
              61.13514169444135
            ],
            [
              14.667250203728955,
              61.135150718171765
            ],
            [
              14.66723985439296,
              61.13515970126409
            ],
            [
              14.667229353398572,
              61.135168643117055
            ],
            [
              14.667218701448562,
              61.135177543132066
            ],
            [
              14.667207899255803,
              61.13518640071348
            ],
            [
              14.667196947543225,
              61.13519521526836
            ],
            [
              14.667185847043772,
              61.135203986206704
            ],
            [
              14.667174598500349,
              61.13521271294141
            ],
            [
              14.667163202665769,
              61.135221394888326
            ],
            [
              14.66715166030271,
              61.13523003146633
            ],
            [
              14.667139972183653,
              61.13523862209734
            ],
            [
              14.667128139090845,
              61.135247166206284
            ],
            [
              14.66711616181624,
              61.13525566322128
            ],
            [
              14.667104041161437,
              61.13526411257356
            ],
            [
              14.667091777937639,
              61.135272513697565
            ],
            [
              14.66707937296559,
              61.13528086603091
            ],
            [
              14.667066827075535,
              61.13528916901455
            ],
            [
              14.667054141107142,
              61.13529742209271
            ],
            [
              14.66704131590946,
              61.135305624712935
            ],
            [
              14.667028352340866,
              61.1353137763262
            ],
            [
              14.667015251268992,
              61.13532187638682
            ],
            [
              14.667002013570682,
              61.135329924352625
            ],
            [
              14.66698864013193,
              61.135337919684915
            ],
            [
              14.666975131847806,
              61.13534586184848
            ],
            [
              14.666961489622421,
              61.135353750311715
            ],
            [
              14.666947714368849,
              61.135361584546544
            ],
            [
              14.666933807009071,
              61.13536936402863
            ],
            [
              14.66691976847391,
              61.135377088237206
            ],
            [
              14.666905599702972,
              61.13538475665522
            ],
            [
              14.666891301644592,
              61.13539236876939
            ],
            [
              14.666876875255747,
              61.13539992407018
            ],
            [
              14.66686232150202,
              61.13540742205183
            ],
            [
              14.666847641357506,
              61.13541486221247
            ],
            [
              14.666832835804778,
              61.13542224405404
            ],
            [
              14.666817905834794,
              61.13542956708245
            ],
            [
              14.666802852446853,
              61.13543683080753
            ],
            [
              14.666787676648507,
              61.13544403474301
            ],
            [
              14.66677237945551,
              61.135451178406676
            ],
            [
              14.66675696189174,
              61.135458261320395
            ],
            [
              14.66674142498914,
              61.13546528301003
            ],
            [
              14.666725769787638,
              61.13547224300553
            ],
            [
              14.666709997335087,
              61.13547914084109
            ],
            [
              14.666694108687187,
              61.13548597605489
            ],
            [
              14.666678104907419,
              61.13549274818942
            ],
            [
              14.666661987066979,
              61.13549945679141
            ],
            [
              14.666645756244685,
              61.13550610141175
            ],
            [
              14.666629413526936,
              61.135512681605654
            ],
            [
              14.666612960007615,
              61.13551919693271
            ],
            [
              14.666596396788023,
              61.13552564695676
            ],
            [
              14.666579724976815,
              61.13553203124603
            ],
            [
              14.666562945689906,
              61.13553834937321
            ],
            [
              14.66654606005041,
              61.13554460091534
            ],
            [
              14.666529069188561,
              61.13555078545397
            ],
            [
              14.666511974241654,
              61.1355569025751
            ],
            [
              14.666494776353929,
              61.135562951869275
            ],
            [
              14.666477476676535,
              61.13556893293154
            ],
            [
              14.66646007636743,
              61.13557484536158
            ],
            [
              14.666442576591317,
              61.135580688763575
            ],
            [
              14.666424978519547,
              61.13558646274638
            ],
            [
              14.666407283330065,
              61.13559216692354
            ],
            [
              14.666389492207312,
              61.13559780091315
            ],
            [
              14.666371606342155,
              61.135603364338145
            ],
            [
              14.666353626931805,
              61.13560885682606
            ],
            [
              14.666335555179733,
              61.13561427800931
            ],
            [
              14.666317392295602,
              61.13561962752492
            ],
            [
              14.666299139495163,
              61.13562490501485
            ],
            [
              14.666280798000201,
              61.13563011012582
            ],
            [
              14.666262369038437,
              61.13563524250939
            ],
            [
              14.666243853843442,
              61.13564030182202
            ],
            [
              14.666225253654567,
              61.13564528772503
            ],
            [
              14.666206569716852,
              61.13565019988472
            ],
            [
              14.666187803280954,
              61.13565503797219
            ],
            [
              14.666168955603034,
              61.13565980166364
            ],
            [
              14.666150027944713,
              61.13566449064018
            ],
            [
              14.666131021572955,
              61.13566910458795
            ],
            [
              14.666111937760004,
              61.13567364319807
            ],
            [
              14.66609277778328,
              61.13567810616672
            ],
            [
              14.666073542925309,
              61.13568249319518
            ],
            [
              14.666054234473632,
              61.13568680398978
            ],
            [
              14.666034853720713,
              61.13569103826192
            ],
            [
              14.66601540196386,
              61.13569519572822
            ],
            [
              14.66599588050514,
              61.13569927611036
            ],
            [
              14.665976290651276,
              61.13570327913517
            ],
            [
              14.665956633713586,
              61.13570720453474
            ],
            [
              14.665936911007863,
              61.135711052046254
            ],
            [
              14.665917123854321,
              61.135714821412215
            ],
            [
              14.665897273577476,
              61.13571851238025
            ],
            [
              14.665877361506077,
              61.13572212470335
            ],
            [
              14.665857388973011,
              61.13572565813964
            ],
            [
              14.66583735731521,
              61.135729112452644
            ],
            [
              14.665817267873573,
              61.13573248741108
            ],
            [
              14.66579712199286,
              61.135735782789105
            ],
            [
              14.665776921021612,
              61.13573899836606
            ],
            [
              14.665756666312062,
              61.13574213392674
            ],
            [
              14.66573635922004,
              61.135745189261215
            ],
            [
              14.665716001104881,
              61.13574816416497
            ],
            [
              14.665695593329344,
              61.135751058438885
            ],
            [
              14.665675137259507,
              61.13575387188921
            ],
            [
              14.66565463426468,
              61.13575660432762
            ],
            [
              14.66563408571732,
              61.135759255571166
            ],
            [
              14.66561349299294,
              61.13576182544243
            ],
            [
              14.665592857469992,
              61.13576431376935
            ],
            [
              14.665572180529818,
              61.13576672038537
            ],
            [
              14.665551463556513,
              61.135769045129365
            ],
            [
              14.665530707936865,
              61.13577128784578
            ],
            [
              14.665509915060245,
              61.13577344838443
            ],
            [
              14.665489086318521,
              61.135775526600725
            ],
            [
              14.665468223105963,
              61.135777522355504
            ],
            [
              14.665447326819146,
              61.13577943551521
            ],
            [
              14.66542639885686,
              61.135781265951785
            ],
            [
              14.665405440620022,
              61.13578301354267
            ],
            [
              14.66538445351157,
              61.13578467817088
            ],
            [
              14.665363438936378,
              61.13578625972503
            ],
            [
              14.665342398301156,
              61.13578775809918
            ],
            [
              14.665321333014369,
              61.13578917319309
            ],
            [
              14.665300244486115,
              61.135790504911995
            ],
            [
              14.665279134128069,
              61.135791753166785
            ],
            [
              14.665258003353351,
              61.135792917873864
            ],
            [
              14.66523685357646,
              61.13579399895527
            ],
            [
              14.665215686213159,
              61.1357949963387
            ],
            [
              14.665194502680393,
              61.13579590995728
            ],
            [
              14.66517330439619,
              61.13579673974996
            ],
            [
              14.665152092779557,
              61.135797485661115
            ],
            [
              14.665130869250412,
              61.13579814764088
            ],
            [
              14.665109635229454,
              61.13579872564489
            ],
            [
              14.665088392138095,
              61.13579921963446
            ],
            [
              14.665067141398344,
              61.135799629576546
            ],
            [
              14.665045884432734,
              61.13579995544366
            ],
            [
              14.665024622664207,
              61.13580019721405
            ],
            [
              14.665003357516024,
              61.13580035487149
            ],
            [
              14.664982090411684,
              61.13580042840546
            ],
            [
              14.664960822774807,
              61.13580041781102
            ],
            [
              14.664939556029053,
              61.13580032308883
            ],
            [
              14.664918291598019,
              61.13580014424534
            ],
            [
              14.664897030905149,
              61.135799881292435
            ],
            [
              14.664875775373638,
              61.13579953424774
            ],
            [
              14.664854526426334,
              61.13579910313449
            ],
            [
              14.664833285485646,
              61.135798587981526
            ],
            [
              14.664812053973439,
              61.13579798882339
            ],
            [
              14.664790833310956,
              61.1357973057001
            ],
            [
              14.664769624918714,
              61.13579653865746
            ],
            [
              14.664748430216395,
              61.1357956877468
            ],
            [
              14.664727250622784,
              61.13579475302503
            ],
            [
              14.664706087555638,
              61.135793734554824
            ],
            [
              14.664684942431615,
              61.13579263240425
            ],
            [
              14.66466381666617,
              61.135791446647126
            ],
            [
              14.664642711673457,
              61.13579017736285
            ],
            [
              14.66462162886625,
              61.13578882463636
            ],
            [
              14.664600569655825,
              61.13578738855821
            ],
            [
              14.664579535451889,
              61.13578586922454
            ],
            [
              14.664558527662463,
              61.135784266737076
            ],
            [
              14.664537547693808,
              61.135782581203024
            ],
            [
              14.664516596950321,
              61.1357808127353
            ],
            [
              14.664495676834438,
              61.13577896145222
            ],
            [
              14.664474788746546,
              61.13577702747772
            ],
            [
              14.664453934084888,
              61.13577501094129
            ],
            [
              14.66443311424547,
              61.1357729119779
            ],
            [
              14.664412330621964,
              61.13577073072802
            ],
            [
              14.664391584605612,
              61.1357684673377
            ],
            [
              14.664370877585151,
              61.13576612195846
            ],
            [
              14.664350210946692,
              61.13576369474731
            ],
            [
              14.664329586073656,
              61.13576118586666
            ],
            [
              14.664309004346649,
              61.13575859548451
            ],
            [
              14.664288467143406,
              61.13575592377424
            ],
            [
              14.664267975838673,
              61.135753170914725
            ],
            [
              14.66424753180412,
              61.1357503370902
            ],
            [
              14.664227136408256,
              61.13574742249038
            ],
            [
              14.664206791016332,
              61.135744427310364
            ],
            [
              14.664186496990247,
              61.13574135175065
            ],
            [
              14.664166255688466,
              61.135738196017094
            ],
            [
              14.66414606846592,
              61.135734960320995
            ],
            [
              14.664125936673916,
              61.13573164487889
            ],
            [
              14.66410586166006,
              61.13572824991275
            ],
            [
              14.66408584476814,
              61.13572477564985
            ],
            [
              14.664065887338069,
              61.13572122232266
            ],
            [
              14.664045990705764,
              61.135717590169186
            ],
            [
              14.664026156203079,
              61.13571387943244
            ],
            [
              14.664006385157705,
              61.13571009036085
            ],
            [
              14.663986678893089,
              61.13570622320809
            ],
            [
              14.663967038728327,
              61.135702278233005
            ],
            [
              14.663947465978103,
              61.13569825569965
            ],
            [
              14.663927961952577,
              61.13569415587732
            ],
            [
              14.663908527957318,
              61.13568997904042
            ],
            [
              14.663889165293192,
              61.13568572546858
            ],
            [
              14.6638698752563,
              61.135681395446525
            ],
            [
              14.663850659137871,
              61.1356769892641
            ],
            [
              14.663831518224196,
              61.13567250721626
            ],
            [
              14.663812453796512,
              61.13566794960299
            ],
            [
              14.663793467130953,
              61.13566331672942
            ],
            [
              14.663774559498439,
              61.13565860890565
            ],
            [
              14.663755732164589,
              61.13565382644683
            ],
            [
              14.663736986389662,
              61.13564896967308
            ],
            [
              14.663718323428444,
              61.13564403890955
            ],
            [
              14.663699744530177,
              61.1356390344862
            ],
            [
              14.663681250938476,
              61.13563395673815
            ],
            [
              14.663662843891249,
              61.135628806005215
            ],
            [
              14.663644524620597,
              61.13562358263222
            ],
            [
              14.663626294352756,
              61.135618286968764
            ],
            [
              14.66360815430799,
              61.135612919369386
            ],
            [
              14.66359010570054,
              61.13560748019337
            ],
            [
              14.663572149738497,
              61.13560196980478
            ],
            [
              14.66355428762378,
              61.135596388572516
            ],
            [
              14.663536520551997,
              61.135590736870164
            ],
            [
              14.663518849712409,
              61.13558501507606
            ],
            [
              14.663501276287825,
              61.13557922357316
            ],
            [
              14.663483801454541,
              61.1355733627492
            ],
            [
              14.663466426382236,
              61.13556743299647
            ],
            [
              14.66344915223392,
              61.13556143471188
            ],
            [
              14.663431980165848,
              61.135555368297005
            ],
            [
              14.663414911327429,
              61.135549234157864
            ],
            [
              14.663397946861167,
              61.13554303270508
            ],
            [
              14.663381087902579,
              61.13553676435377
            ],
            [
              14.663364335580116,
              61.13553042952358
            ],
            [
              14.663347691015083,
              61.13552402863848
            ],
            [
              14.663331155321577,
              61.13551756212697
            ],
            [
              14.663314729606405,
              61.1355110304219
            ],
            [
              14.663298414969006,
              61.135504433960485
            ],
            [
              14.663282212501384,
              61.1354977731843
            ],
            [
              14.663266123288034,
              61.135491048539194
            ],
            [
              14.663250148405863,
              61.135484260475295
            ],
            [
              14.663234288924125,
              61.135477409447006
            ],
            [
              14.663218545904355,
              61.13547049591288
            ],
            [
              14.663202920400277,
              61.13546352033573
            ],
            [
              14.663187413457756,
              61.13545648318249
            ],
            [
              14.663172026114713,
              61.13544938492419
            ],
            [
              14.663156759401069,
              61.135442226036
            ],
            [
              14.66314161433866,
              61.1354350069971
            ],
            [
              14.663126591941179,
              61.13542772829071
            ],
            [
              14.663111693214105,
              61.13542039040407
            ],
            [
              14.663096919154645,
              61.13541299382835
            ],
            [
              14.663082270751646,
              61.135405539058674
            ],
            [
              14.663067748985556,
              61.135398026594025
            ],
            [
              14.663053354828332,
              61.13539045693731
            ],
            [
              14.663039089243389,
              61.13538283059516
            ],
            [
              14.66302495318554,
              61.13537514807811
            ],
            [
              14.66301094760092,
              61.13536740990038
            ],
            [
              14.662997073426931,
              61.135359616579976
            ],
            [
              14.662983331592175,
              61.135351768638536
            ],
            [
              14.662969723016397,
              61.1353438666014
            ],
            [
              14.662956248610417,
              61.13533591099749
            ],
            [
              14.66294290927607,
              61.13532790235933
            ],
            [
              14.662929705906157,
              61.13531984122299
            ],
            [
              14.662916639384358,
              61.13531172812811
            ],
            [
              14.662903710585208,
              61.13530356361769
            ],
            [
              14.662890920374013,
              61.13529534823828
            ],
            [
              14.662878269606807,
              61.13528708253979
            ],
            [
              14.662865759130279,
              61.13527876707547
            ],
            [
              14.66285338978173,
              61.13527040240196
            ],
            [
              14.662841162389014,
              61.13526198907916
            ],
            [
              14.662829077770478,
              61.135253527670216
            ],
            [
              14.662817136734912,
              61.13524501874151
            ],
            [
              14.66280534008149,
              61.135236462862615
            ],
            [
              14.662793688599727,
              61.13522786060622
            ],
            [
              14.66278218306941,
              61.13521921254814
            ],
            [
              14.662770824260557,
              61.13521051926725
            ],
            [
              14.66275961293337,
              61.135201781345415
            ],
            [
              14.662748549838167,
              61.13519299936754
            ],
            [
              14.662737635715349,
              61.13518417392147
            ],
            [
              14.66272687129534,
              61.135175305597926
            ],
            [
              14.662716257298543,
              61.13516639499055
            ],
            [
              14.662705794435292,
              61.13515744269576
            ],
            [
              14.662695483405797,
              61.13514844931277
            ],
            [
              14.662685324900115,
              61.1351394154436
            ],
            [
              14.662675319598078,
              61.13513034169292
            ],
            [
              14.662665468169273,
              61.13512122866806
            ],
            [
              14.662655771272973,
              61.13511207697906
            ],
            [
              14.66264622955812,
              61.135102887238496
            ],
            [
              14.662636843663256,
              61.13509366006146
            ],
            [
              14.662627614216497,
              61.13508439606556
            ],
            [
              14.662618541835482,
              61.135075095870945
            ],
            [
              14.662609627127342,
              61.13506576010009
            ],
            [
              14.662600870688639,
              61.13505638937789
            ],
            [
              14.662592273105359,
              61.1350469843316
            ],
            [
              14.662583834952834,
              61.13503754559073
            ],
            [
              14.662575556795732,
              61.13502807378707
            ],
            [
              14.662567439188011,
              61.13501856955463
            ],
            [
              14.662559482672883,
              61.13500903352955
            ],
            [
              14.66255168778277,
              61.134999466350166
            ],
            [
              14.662544055039273,
              61.13498986865681
            ],
            [
              14.662536584953145,
              61.13498024109193
            ],
            [
              14.662529278024252,
              61.13497058429995
            ],
            [
              14.662522134741524,
              61.13496089892724
            ],
            [
              14.662515155582945,
              61.13495118562209
            ],
            [
              14.66250834101552,
              61.13494144503465
            ],
            [
              14.66250169149522,
              61.13493167781692
            ],
            [
              14.662495207466984,
              61.134921884622656
            ],
            [
              14.662488889364655,
              61.13491206610733
            ],
            [
              14.66248273761098,
              61.134902222928204
            ],
            [
              14.662476752617568,
              61.13489235574408
            ],
            [
              14.662470934784867,
              61.13488246521544
            ],
            [
              14.66246528450213,
              61.13487255200424
            ],
            [
              14.662459802147396,
              61.13486261677408
            ],
            [
              14.662454488087468,
              61.134852660189964
            ],
            [
              14.662449342677872,
              61.13484268291828
            ],
            [
              14.662444366262857,
              61.13483268562689
            ],
            [
              14.662439559175352,
              61.13482266898495
            ],
            [
              14.662434921736955,
              61.13481263366288
            ],
            [
              14.662430454257905,
              61.13480258033241
            ],
            [
              14.662426157037068,
              61.134792509666426
            ],
            [
              14.662422030361903,
              61.134782422339015
            ],
            [
              14.662418074508468,
              61.13477231902539
            ],
            [
              14.66241428974137,
              61.13476220040174
            ],
            [
              14.662410676313785,
              61.134752067145364
            ],
            [
              14.662407234467398,
              61.13474191993451
            ],
            [
              14.66240396443242,
              61.134731759448414
            ],
            [
              14.662400866427562,
              61.134721586367064
            ],
            [
              14.662397940660018,
              61.13471140137146
            ],
            [
              14.662395187325453,
              61.1347012051433
            ],
            [
              14.662392606607984,
              61.134690998365016
            ],
            [
              14.662390198680185,
              61.134680781719794
            ],
            [
              14.662387963703056,
              61.134670555891475
            ],
            [
              14.662385901826024,
              61.13466032156449
            ],
            [
              14.662384013186927,
              61.134650079423864
            ],
            [
              14.662382297912012,
              61.13463983015515
            ],
            [
              14.66238075611591,
              61.13462957444432
            ],
            [
              14.66237938790166,
              61.13461931297785
            ],
            [
              14.662378193360667,
              61.13460904644252
            ],
            [
              14.662377172572713,
              61.13459877552557
            ],
            [
              14.662376325605956,
              61.13458850091439
            ],
            [
              14.66237565251691,
              61.13457822329673
            ],
            [
              14.662375153350466,
              61.13456794336048
            ],
            [
              14.662374828139859,
              61.13455766179369
            ],
            [
              14.662374676906689,
              61.13454737928456
            ],
            [
              14.662374699660905,
              61.134537096521264
            ],
            [
              14.66237489640082,
              61.1345268141921
            ],
            [
              14.66237526711309,
              61.13451653298529
            ],
            [
              14.662375811772735,
              61.134506253588924
            ],
            [
              14.662376530343133,
              61.13449597669107
            ],
            [
              14.662377422776018,
              61.13448570297955
            ],
            [
              14.66237848901149,
              61.13447543314203
            ],
            [
              14.662379728978008,
              61.13446516786587
            ],
            [
              14.662381142592416,
              61.134454907838155
            ],
            [
              14.662382729759932,
              61.134444653745604
            ],
            [
              14.662384490374146,
              61.1344344062745
            ],
            [
              14.662386424317058,
              61.13442416611077
            ],
            [
              14.662388531459056,
              61.134413933939804
            ],
            [
              14.662390811658934,
              61.13440371044642
            ],
            [
              14.662393264763914,
              61.134393496314914
            ],
            [
              14.662395890609634,
              61.134383292228925
            ],
            [
              14.662398689020181,
              61.134373098871414
            ],
            [
              14.66240165980808,
              61.134362916924665
            ],
            [
              14.662404802774336,
              61.13435274707012
            ],
            [
              14.662408117708413,
              61.1343425899885
            ],
            [
              14.66241160438828,
              61.13433244635961
            ],
            [
              14.662415262580403,
              61.13432231686236
            ],
            [
              14.662419092039771,
              61.13431220217473
            ],
            [
              14.662423092509915,
              61.13430210297372
            ],
            [
              14.662427263722913,
              61.13429201993527
            ],
            [
              14.662431605399423,
              61.13428195373425
            ],
            [
              14.662436117248689,
              61.13427190504437
            ],
            [
              14.66244079896857,
              61.13426187453821
            ],
            [
              14.662445650245559,
              61.13425186288711
            ],
            [
              14.662450670754792,
              61.13424187076118
            ],
            [
              14.662455860160087,
              61.13423189882917
            ],
            [
              14.662461218113958,
              61.13422194775851
            ],
            [
              14.662466744257635,
              61.1342120182152
            ],
            [
              14.6624724382211,
              61.13420211086387
            ],
            [
              14.662478299623091,
              61.134192226367595
            ],
            [
              14.66248432807115,
              61.13418236538796
            ],
            [
              14.662490523161644,
              61.13417252858493
            ],
            [
              14.662496884479772,
              61.134162716616906
            ],
            [
              14.662503411599626,
              61.1341529301406
            ],
            [
              14.662510104084188,
              61.134143169811004
            ],
            [
              14.662516961485386,
              61.13413343628139
            ],
            [
              14.662523983344096,
              61.1341237302032
            ],
            [
              14.66253116919021,
              61.13411405222607
            ],
            [
              14.662538518542622,
              61.13410440299775
            ],
            [
              14.662546030909299,
              61.13409478316402
            ],
            [
              14.662553705787294,
              61.134085193368776
            ],
            [
              14.66256154266279,
              61.13407563425383
            ],
            [
              14.662569541011115,
              61.134066106458974
            ],
            [
              14.66257770029681,
              61.13405661062189
            ],
            [
              14.662586019973633,
              61.134047147378126
            ],
            [
              14.662594499484612,
              61.13403771736107
            ],
            [
              14.662603138262082,
              61.13402832120184
            ],
            [
              14.662611935727716,
              61.134018959529314
            ],
            [
              14.662620891292567,
              61.13400963297005
            ],
            [
              14.662630004357114,
              61.134000342148276
            ],
            [
              14.662639274311289,
              61.1339910876858
            ],
            [
              14.662648700534533,
              61.13398187020207
            ],
            [
              14.662658282395823,
              61.133972690313904
            ],
            [
              14.662668019253724,
              61.13396354863577
            ],
            [
              14.66267791045643,
              61.13395444577948
            ],
            [
              14.662687955341806,
              61.13394538235429
            ],
            [
              14.662698153237427,
              61.133936358966785
            ],
            [
              14.662708503460642,
              61.13392737622089
            ],
            [
              14.662719005318593,
              61.13391843471779
            ],
            [
              14.662729658108285,
              61.13390953505595
            ],
            [
              14.662740461116616,
              61.133900677831015
            ],
            [
              14.662751413620438,
              61.13389186363574
            ],
            [
              14.662762514886598,
              61.13388309306008
            ],
            [
              14.662773764171984,
              61.133874366690996
            ],
            [
              14.662785160723582,
              61.133865685112575
            ],
            [
              14.662796703778529,
              61.133857048905824
            ],
            [
              14.66280839256415,
              61.13384845864877
            ],
            [
              14.66282022629802,
              61.1338399149163
            ],
            [
              14.662832204188026,
              61.133831418280266
            ],
            [
              14.662844325432392,
              61.13382296930931
            ],
            [
              14.66285658921976,
              61.13381456856889
            ],
            [
              14.662868994729235,
              61.13380621662127
            ],
            [
              14.66288154113043,
              61.133797914025415
            ],
            [
              14.662894227583537,
              61.133789661336984
            ],
            [
              14.662907053239381,
              61.13378145910833
            ],
            [
              14.66292001723946,
              61.133773307888404
            ],
            [
              14.662933118716028,
              61.13376520822274
            ],
            [
              14.66294635679213,
              61.13375716065342
            ],
            [
              14.662959730581672,
              61.13374916571905
            ],
            [
              14.66297323918949,
              61.133741223954736
            ],
            [
              14.662986881711388,
              61.13373333589193
            ],
            [
              14.663000657234214,
              61.13372550205863
            ],
            [
              14.663014564835912,
              61.1337177229791
            ],
            [
              14.663028603585591,
              61.133709999173945
            ],
            [
              14.66304277254359,
              61.13370233116014
            ],
            [
              14.66305707076153,
              61.13369471945085
            ],
            [
              14.663071497282385,
              61.133687164555525
            ],
            [
              14.663086051140539,
              61.13367966697978
            ],
            [
              14.663100731361867,
              61.13367222722538
            ],
            [
              14.663115536963774,
              61.13366484579027
            ],
            [
              14.663130466955293,
              61.13365752316848
            ],
            [
              14.663145520337121,
              61.13365025985008
            ],
            [
              14.663160696101702,
              61.13364305632113
            ],
            [
              14.663175993233292,
              61.13363591306379
            ],
            [
              14.663191410708029,
              61.13362883055613
            ],
            [
              14.663206947494002,
              61.13362180927212
            ],
            [
              14.6632226025513,
              61.13361484968169
            ],
            [
              14.66323837483212,
              61.13360795225063
            ],
            [
              14.663254263280807,
              61.13360111744056
            ],
            [
              14.663270266833928,
              61.13359434570891
            ],
            [
              14.663286384420354,
              61.133587637508825
            ],
            [
              14.663302614961324,
              61.133580993289364
            ],
            [
              14.663318957370528,
              61.13357441349511
            ],
            [
              14.663335410554154,
              61.13356789856649
            ],
            [
              14.663351973411,
              61.13356144893945
            ],
            [
              14.663368644832504,
              61.13355506504571
            ],
            [
              14.663385423702858,
              61.133548747312474
            ],
            [
              14.663402308899053,
              61.133542496162576
            ],
            [
              14.663419299290977,
              61.13353631201437
            ],
            [
              14.663436393741467,
              61.13353019528176
            ],
            [
              14.663453591106405,
              61.13352414637408
            ],
            [
              14.663470890234791,
              61.13351816569617
            ],
            [
              14.663488289968805,
              61.133512253648306
            ],
            [
              14.663505789143912,
              61.13350641062612
            ],
            [
              14.66352338658891,
              61.13350063702069
            ],
            [
              14.663541081126022,
              61.133494933218444
            ],
            [
              14.663558871570988,
              61.13348929960106
            ],
            [
              14.663576756733116,
              61.1334837365456
            ],
            [
              14.663594735415392,
              61.13347824442437
            ],
            [
              14.66361280641453,
              61.13347282360489
            ],
            [
              14.663630968521078,
              61.13346747445003
            ],
            [
              14.663649220519483,
              61.13346219731773
            ],
            [
              14.66366756118818,
              61.13345699256116
            ],
            [
              14.66368598929967,
              61.133451860528666
            ],
            [
              14.663704503620613,
              61.133446801563736
            ],
            [
              14.663723102911884,
              61.1334418160049
            ],
            [
              14.663741785928684,
              61.13343690418584
            ],
            [
              14.66376055142061,
              61.1334320664353
            ],
            [
              14.663779398131748,
              61.13342730307702
            ],
            [
              14.663798324800737,
              61.13342261442976
            ],
            [
              14.66381733016088,
              61.13341800080737
            ],
            [
              14.6638364129402,
              61.13341346251859
            ],
            [
              14.663855571861555,
              61.13340899986712
            ],
            [
              14.663874805642704,
              61.133404613151654
            ],
            [
              14.66389411299639,
              61.13340030266577
            ],
            [
              14.66391349263045,
              61.13339606869791
            ],
            [
              14.663932943247865,
              61.13339191153151
            ],
            [
              14.663952463546883,
              61.13338783144472
            ],
            [
              14.663972052221082,
              61.13338382871064
            ],
            [
              14.663991707959475,
              61.13337990359713
            ],
            [
              14.664011429446571,
              61.13337605636686
            ],
            [
              14.664031215362497,
              61.13337228727737
            ],
            [
              14.664051064383063,
              61.133368596580816
            ],
            [
              14.664070975179856,
              61.13336498452427
            ],
            [
              14.664090946420329,
              61.13336145134942
            ],
            [
              14.664110976767896,
              61.13335799729277
            ],
            [
              14.664131064882014,
              61.13335462258543
            ],
            [
              14.664151209418275,
              61.133351327453305
            ],
            [
              14.664171409028498,
              61.13334811211689
            ],
            [
              14.664191662360809,
              61.13334497679135
            ],
            [
              14.664211968059755,
              61.13334192168656
            ],
            [
              14.66423232476637,
              61.13333894700695
            ],
            [
              14.664252731118273,
              61.133336052951606
            ],
            [
              14.664273185749769,
              61.13333323971421
            ],
            [
              14.66429368729193,
              61.13333050748307
            ],
            [
              14.664314234372688,
              61.13332785644098
            ],
            [
              14.664334825616928,
              61.13332528676542
            ],
            [
              14.664355459646583,
              61.133322798628335
            ],
            [
              14.664376135080726,
              61.13332039219622
            ],
            [
              14.664396850535653,
              61.13331806763015
            ],
            [
              14.664417604624983,
              61.133315825085695
            ],
            [
              14.66443839595976,
              61.13331366471294
            ],
            [
              14.66445922314853,
              61.133311586656454
            ],
            [
              14.664480084797432,
              61.13330959105532
            ],
            [
              14.664500979510317,
              61.133307678043124
            ],
            [
              14.664521905888808,
              61.1333058477478
            ],
            [
              14.664542862532423,
              61.13330410029192
            ],
            [
              14.664563848038638,
              61.13330243579241
            ],
            [
              14.664584861003018,
              61.13330085436067
            ],
            [
              14.664605900019277,
              61.133299356102526
            ],
            [
              14.664626963679394,
              61.13329794111825
            ],
            [
              14.66464805057369,
              61.13329660950254
            ],
            [
              14.664669159290943,
              61.13329536134451
            ],
            [
              14.664690288418464,
              61.133294196727725
            ],
            [
              14.664711436542202,
              61.13329311573006
            ],
            [
              14.664732602246826,
              61.13329211842391
            ],
            [
              14.664753784115845,
              61.13329120487603
            ],
            [
              14.66477498073167,
              61.133290375147524
            ],
            [
              14.664796190675741,
              61.13328962929392
            ],
            [
              14.66481741252859,
              61.13328896736516
            ],
            [
              14.664838644869967,
              61.13328838940555
            ],
            [
              14.664859886278915,
              61.133287895453705
            ],
            [
              14.664881135333863,
              61.13328748554277
            ],
            [
              14.664902390612738,
              61.133287159700124
            ],
            [
              14.66492365069305,
              61.13328691794758
            ],
            [
              14.664944914151977,
              61.13328676030133
            ],
            [
              14.66496617956649,
              61.13328668677191
            ],
            [
              14.664987445513415,
              61.13328669736425
            ],
            [
              14.665008710569541,
              61.13328679207765
            ],
            [
              14.665029973311725,
              61.13328697090574
            ],
            [
              14.665051232316978,
              61.13328723383659
            ],
            [
              14.665072486162552,
              61.13328758085259
            ],
            [
              14.665093733426055,
              61.13328801193049
            ],
            [
              14.665114972685528,
              61.13328852704147
            ],
            [
              14.665136202519552,
              61.133289126151084
            ],
            [
              14.665157421507336,
              61.13328980921917
            ],
            [
              14.665178628228814,
              61.13329057620005
            ],
            [
              14.665199821264745,
              61.1332914270424
            ],
            [
              14.665220999196798,
              61.1332923616893
            ],
            [
              14.665242160607656,
              61.13329338007812
            ],
            [
              14.665263304081103,
              61.133294482140776
            ],
            [
              14.66528442820213,
              61.13329566780351
            ],
            [
              14.66530553155702,
              61.13329693698694
            ],
            [
              14.665326612733441,
              61.133298289606145
            ],
            [
              14.665347670320548,
              61.13329972557061
            ],
            [
              14.665368702909078,
              61.13330124478421
            ],
            [
              14.665389709091432,
              61.13330284714527
            ],
            [
              14.665410687461783,
              61.1333045325466
            ],
            [
              14.665431636616164,
              61.13330630087537
            ],
            [
              14.665452555152566,
              61.13330815201323
            ],
            [
              14.665473441671018,
              61.13331008583632
            ],
            [
              14.665494294773701,
              61.1333121022152
            ],
            [
              14.665515113065029,
              61.13331420101491
            ],
            [
              14.665535895151741,
              61.13331638209503
            ],
            [
              14.665556639643007,
              61.133318645309565
            ],
            [
              14.665577345150501,
              61.133320990507094
            ],
            [
              14.66559801028851,
              61.1333234175306
            ],
            [
              14.665618633674029,
              61.13332592621768
            ],
            [
              14.665639213926832,
              61.13332851640044
            ],
            [
              14.66565974966959,
              61.13333118790555
            ],
            [
              14.665680239527944,
              61.13333394055423
            ],
            [
              14.665700682130616,
              61.133336774162224
            ],
            [
              14.665721076109474,
              61.13333968853992
            ],
            [
              14.665741420099652,
              61.133342683492266
            ],
            [
              14.665761712739622,
              61.133345758818834
            ],
            [
              14.66578195267129,
              61.13334891431379
            ],
            [
              14.665802138540096,
              61.133352149766
            ],
            [
              14.665822268995091,
              61.133355464958846
            ],
            [
              14.665842342689032,
              61.133358859670544
            ],
            [
              14.665862358278476,
              61.13336233367389
            ],
            [
              14.665882314423872,
              61.13336588673636
            ],
            [
              14.665902209789634,
              61.13336951862017
            ],
            [
              14.665922043044251,
              61.13337322908225
            ],
            [
              14.665941812860368,
              61.13337701787432
            ],
            [
              14.66596151791487,
              61.13338088474278
            ],
            [
              14.665981156888979,
              61.13338482942885
            ],
            [
              14.66600072846833,
              61.13338885166854
            ],
            [
              14.666020231343078,
              61.13339295119264
            ],
            [
              14.666039664207968,
              61.133397127726816
            ],
            [
              14.666059025762426,
              61.133401380991536
            ],
            [
              14.666078314710658,
              61.13340571070215
            ],
            [
              14.666097529761714,
              61.13341011656892
            ],
            [
              14.666116669629607,
              61.133414598296945
            ],
            [
              14.666135733033363,
              61.13341915558632
            ],
            [
              14.666154718697129,
              61.133423788132
            ],
            [
              14.666173625350256,
              61.133428495623996
            ],
            [
              14.666192451727378,
              61.133433277747294
            ],
            [
              14.666211196568504,
              61.13343813418173
            ],
            [
              14.666229858619092,
              61.13344306460239
            ],
            [
              14.66624843663014,
              61.133448068679265
            ],
            [
              14.666266929358276,
              61.133453146077485
            ],
            [
              14.666285335565822,
              61.133458296457206
            ],
            [
              14.666303654020904,
              61.133463519473764
            ],
            [
              14.666321883497499,
              61.1334688147776
            ],
            [
              14.666340022775557,
              61.13347418201431
            ],
            [
              14.66635807064105,
              61.1334796208247
            ],
            [
              14.66637602588607,
              61.133485130844775
            ],
            [
              14.666393887308903,
              61.133490711705775
            ],
            [
              14.666411653714118,
              61.13349636303419
            ],
            [
              14.66642932391264,
              61.13350208445185
            ],
            [
              14.666446896721824,
              61.13350787557575
            ],
            [
              14.666464370965548,
              61.13351373601841
            ],
            [
              14.666481745474284,
              61.13351966538758
            ],
            [
              14.666499019085173,
              61.133525663286406
            ],
            [
              14.666516190642106,
              61.133531729313525
            ],
            [
              14.666533258995809,
              61.13353786306292
            ],
            [
              14.666550223003908,
              61.13354406412412
            ],
            [
              14.66656708153101,
              61.13355033208207
            ],
            [
              14.666583833448783,
              61.13355666651735
            ],
            [
              14.666600477636022,
              61.133563067005944
            ],
            [
              14.666617012978739,
              61.133569533119555
            ],
            [
              14.666633438370214,
              61.13357606442538
            ],
            [
              14.666649752711098,
              61.13358266048634
            ],
            [
              14.66666595490947,
              61.13358932086098
            ],
            [
              14.666682043880906,
              61.133596045103545
            ],
            [
              14.666698018548553,
              61.13360283276402
            ],
            [
              14.666713877843227,
              61.133609683388094
            ],
            [
              14.66672962070344,
              61.13361659651733
            ],
            [
              14.666745246075507,
              61.13362357168902
            ],
            [
              14.666760752913605,
              61.133630608436384
            ],
            [
              14.666776140179831,
              61.13363770628843
            ],
            [
              14.666791406844297,
              61.13364486477013
            ],
            [
              14.666806551885168,
              61.13365208340242
            ],
            [
              14.666821574288768,
              61.13365936170217
            ],
            [
              14.666836473049603,
              61.13366669918224
            ],
            [
              14.666851247170472,
              61.13367409535163
            ],
            [
              14.666865895662498,
              61.13368154971528
            ],
            [
              14.66688041754522,
              61.13368906177429
            ],
            [
              14.666894811846648,
              61.13369663102594
            ],
            [
              14.666909077603322,
              61.13370425696358
            ],
            [
              14.666923213860384,
              61.1337119390769
            ],
            [
              14.666937219671654,
              61.13371967685177
            ],
            [
              14.666951094099657,
              61.13372746977025
            ],
            [
              14.666964836215731,
              61.13373531731084
            ],
            [
              14.666978445100057,
              61.13374321894828
            ],
            [
              14.66699191984173,
              61.13375117415379
            ],
            [
              14.667005259538824,
              61.13375918239493
            ],
            [
              14.667018463298442,
              61.13376724313571
            ],
            [
              14.667031530236802,
              61.13377535583667
            ],
            [
              14.66704445947925,
              61.133783519954854
            ],
            [
              14.667057250160363,
              61.13379173494384
            ],
            [
              14.667069901423993,
              61.133800000253835
            ],
            [
              14.667082412423303,
              61.13380831533166
            ],
            [
              14.667094782320861,
              61.133816679620786
            ],
            [
              14.667107010288664,
              61.13382509256143
            ],
            [
              14.66711909550821,
              61.13383355359055
            ],
            [
              14.667131037170549,
              61.13384206214186
            ],
            [
              14.667142834476337,
              61.13385061764588
            ],
            [
              14.66715448663589,
              61.13385921953001
            ],
            [
              14.667165992869235,
              61.13386786721858
            ],
            [
              14.667177352406163,
              61.1338765601328
            ],
            [
              14.667188564486283,
              61.13388529769085
            ],
            [
              14.667199628359075,
              61.13389407930798
            ],
            [
              14.667210543283925,
              61.13390290439642
            ],
            [
              14.667221308530198,
              61.13391177236558
            ],
            [
              14.667231923377267,
              61.13392068262185
            ],
            [
              14.667242387114577,
              61.13392963456896
            ],
            [
              14.66725269904167,
              61.13393862760773
            ],
            [
              14.667262858468266,
              61.13394766113629
            ],
            [
              14.667272864714276,
              61.13395673455007
            ],
            [
              14.667282717109865,
              61.13396584724173
            ],
            [
              14.667292414995494,
              61.13397499860142
            ],
            [
              14.667301957721964,
              61.13398418801666
            ],
            [
              14.667311344650459,
              61.13399341487238
            ],
            [
              14.667320575152585,
              61.13400267855105
            ],
            [
              14.667329648610423,
              61.134011978432696
            ],
            [
              14.667338564416555,
              61.13402131389484
            ],
            [
              14.667347321974118,
              61.1340306843127
            ],
            [
              14.667355920696835,
              61.13404008905913
            ],
            [
              14.667364360009062,
              61.134049527504644
            ],
            [
              14.667372639345825,
              61.13405899901756
            ],
            [
              14.667380758152845,
              61.13406850296398
            ],
            [
              14.667388715886597,
              61.13407803870779
            ],
            [
              14.66739651201433,
              61.13408760561076
            ],
            [
              14.667404146014105,
              61.13409720303258
            ],
            [
              14.66741161737484,
              61.134106830330936
            ],
            [
              14.667418925596328,
              61.13411648686145
            ],
            [
              14.66742607018929,
              61.134126171977826
            ],
            [
              14.667433050675386,
              61.134135885031846
            ],
            [
              14.667439866587266,
              61.1341456253734
            ],
            [
              14.667446517468587,
              61.134155392350614
            ],
            [
              14.667453002874062,
              61.13416518530975
            ],
            [
              14.667459322369469,
              61.134175003595374
            ],
            [
              14.667465475531685,
              61.13418484655033
            ],
            [
              14.66747146194873,
              61.13419471351589
            ],
            [
              14.667477281219778,
              61.1342046038316
            ],
            [
              14.66748293295518,
              61.13421451683554
            ],
            [
              14.667488416776512,
              61.1342244518642
            ],
            [
              14.667493732316588,
              61.13423440825265
            ],
            [
              14.667498879219469,
              61.134244385334505
            ],
            [
              14.66750385714052,
              61.13425438244198
            ],
            [
              14.6675086657464,
              61.134264398905984
            ],
            [
              14.667513304715117,
              61.1342744340561
            ],
            [
              14.667517773736007,
              61.13428448722068
            ],
            [
              14.667522072509804,
              61.13429455772685
            ],
            [
              14.66752620074862,
              61.13430464490059
            ],
            [
              14.667530158175992,
              61.13431474806675
            ],
            [
              14.667533944526879,
              61.13432486654914
            ],
            [
              14.667537559547693,
              61.13433499967053
            ],
            [
              14.667541002996312,
              61.13434514675266
            ],
            [
              14.667544274642102,
              61.13435530711638
            ],
            [
              14.667547374265919,
              61.13436548008168
            ],
            [
              14.667550301660139,
              61.13437566496766
            ],
            [
              14.66755305662866,
              61.134385861092625
            ],
            [
              14.66755563898692,
              61.13439606777416
            ],
            [
              14.667558048561915,
              61.13440628432909
            ],
            [
              14.667560285192202,
              61.134416510073656
            ],
            [
              14.667562348727907,
              61.13442674432335
            ],
            [
              14.667564239030753,
              61.13443698639325
            ],
            [
              14.66756595597405,
              61.134447235597825
            ],
            [
              14.667567499442706,
              61.134457491251105
            ],
            [
              14.667568869333254,
              61.13446775266658
            ],
            [
              14.667570065553829,
              61.13447801915751
            ],
            [
              14.667571088024197,
              61.13448829003673
            ],
            [
              14.667571936675756,
              61.13449856461676
            ],
            [
              14.667572611451535,
              61.134508842209925
            ],
            [
              14.667573112306199,
              61.134519122128346
            ],
            [
              14.667573439206055,
              61.13452940368395
            ],
            [
              14.667573592129052,
              61.13453968618854
            ],
            [
              14.66757357106479,
              61.13454996895395
            ],
            [
              14.667573376014506,
              61.13456025129188
            ]
          ]
        ]
      },
      "properties": {
        "name": "1to1 context zone",
        "role": "context_1to1",
        "scale": 1.0,
        "inner_radius_m": 140.0,
        "outer_radius_m": 255.79,
        "stroke": "#0066ff",
        "stroke-width": 2,
        "fill": "#0066ff",
        "fill-opacity": 0.06
      }
    },
    {
      "type": "Feature",
      "geometry": {
        "type": "MultiPolygon",
        "coordinates": [
          [
            [
              [
                14.664872233,
                61.133579762
              ],
              [
                14.66390908,
                61.134531463
              ],
              [
                14.665611989,
                61.13450751
              ],
              [
                14.665682403,
                61.134477132
              ],
              [
                14.665288153,
                61.134024331
              ],
              [
                14.665649732,
                61.133719199
              ],
              [
                14.664872233,
                61.133579762
              ]
            ]
          ],
          [
            [
              [
                14.664136665,
                61.135266072
              ],
              [
                14.664259572,
                61.135148579
              ],
              [
                14.664338691,
                61.135094316
              ],
              [
                14.664543441,
                61.134968362
              ],
              [
                14.665535363,
                61.134540547
              ],
              [
                14.663876279,
                61.134563881
              ],
              [
                14.663559524,
                61.13487685
              ],
              [
                14.664064922,
                61.135389697
              ],
              [
                14.664136665,
                61.135266072
              ]
            ]
          ],
          [
            [
              [
                14.666859266,
                61.136182487
              ],
              [
                14.666120137,
                61.135453822
              ],
              [
                14.665302072,
                61.134737491
              ],
              [
                14.665276871,
                61.134748337
              ],
              [
                14.664886612,
                61.134914537
              ],
              [
                14.66465251,
                61.135017454
              ],
              [
                14.664457797,
                61.13513722
              ],
              [
                14.664387169,
                61.135185659
              ],
              [
                14.664275705,
                61.135292219
              ],
              [
                14.664236515,
                61.13535976
              ],
              [
                14.664209089,
                61.135407032
              ],
              [
                14.664166844,
                61.135576895
              ],
              [
                14.664189033,
                61.135748265
              ],
              [
                14.664279415,
                61.135985413
              ],
              [
                14.664384098,
                61.136224106
              ],
              [
                14.664461767,
                61.136443348
              ],
              [
                14.664461696,
                61.136553371
              ],
              [
                14.664544963,
                61.136740396
              ],
              [
                14.666678187,
                61.136227882
              ],
              [
                14.666859266,
                61.136182487
              ]
            ]
          ]
        ]
      },
      "properties": {
        "name": "fastighetsgrans",
        "role": "property_boundary",
        "stroke": "#ff0000",
        "stroke-width": 3,
        "fill": "#ff0000",
        "fill-opacity": 0.0
      }
    }
  ]
}